{
  "fio version" : "fio-3.29-112-gc3773",
  "timestamp" : 1649366001,
  "timestamp_ms" : 1649366001008,
  "time" : "Thu Apr  7 21:13:21 2022",
  "global options" : {
    "size" : "50M",
    "runtime" : "60",
    "directory" : "/mnt/gfs"
  },
  "jobs" : [
    {
      "jobname" : "iotest",
      "groupid" : 0,
      "error" : 0,
      "eta" : 0,
      "elapsed" : 38,
      "job options" : {
        "rw" : "read",
        "bs" : "4k",
        "ioengine" : "libaio",
        "iodepth" : "2",
        "numjobs" : "8",
        "direct" : "1",
        "group_reporting" : "1",
        "invalidate" : "1",
        "loops" : "1",
        "write_bw_log" : "./fio-bench-07-04-2022--20-28-07-seq-gfs/seqread/gfs/4k/read-iodepth-2-numjobs-8",
        "write_lat_log" : "./fio-bench-07-04-2022--20-28-07-seq-gfs/seqread/gfs/4k/read-iodepth-2-numjobs-8",
        "write_iops_log" : "./fio-bench-07-04-2022--20-28-07-seq-gfs/seqread/gfs/4k/read-iodepth-2-numjobs-8",
        "log_avg_msec" : "500"
      },
      "read" : {
        "io_bytes" : 419430400,
        "io_kbytes" : 409600,
        "bw_bytes" : 11181530,
        "bw" : 10919,
        "iops" : 2729.865906,
        "runtime" : 37511,
        "total_ios" : 102400,
        "short_ios" : 0,
        "drop_ios" : 0,
        "slat_ns" : {
          "min" : 2864,
          "max" : 121594,
          "mean" : 7816.941240,
          "stddev" : 1280.812437,
          "N" : 102400
        },
        "clat_ns" : {
          "min" : 1296257,
          "max" : 44505255,
          "mean" : 5837195.111240,
          "stddev" : 424557.425282,
          "N" : 102400,
          "percentile" : {
            "1.000000" : 5210112,
            "5.000000" : 5472256,
            "10.000000" : 5734400,
            "20.000000" : 5734400,
            "30.000000" : 5734400,
            "40.000000" : 5734400,
            "50.000000" : 5734400,
            "60.000000" : 5931008,
            "70.000000" : 5996544,
            "80.000000" : 5996544,
            "90.000000" : 5996544,
            "95.000000" : 5996544,
            "99.000000" : 6258688,
            "99.500000" : 6717440,
            "99.900000" : 10944512,
            "99.950000" : 12386304,
            "99.990000" : 20316160
          }
        },
        "lat_ns" : {
          "min" : 1305965,
          "max" : 44516220,
          "mean" : 5847740.810332,
          "stddev" : 424522.186185,
          "N" : 102400
        },
        "bw_min" : 10576,
        "bw_max" : 11240,
        "bw_agg" : 100.000000,
        "bw_mean" : 10926.511351,
        "bw_dev" : 13.324617,
        "bw_samples" : 593,
        "iops_min" : 2644,
        "iops_max" : 2810,
        "iops_mean" : 2731.014054,
        "iops_stddev" : 3.337527,
        "iops_samples" : 593
      },
      "write" : {
        "io_bytes" : 0,
        "io_kbytes" : 0,
        "bw_bytes" : 0,
        "bw" : 0,
        "iops" : 0.000000,
        "runtime" : 0,
        "total_ios" : 0,
        "short_ios" : 0,
        "drop_ios" : 0,
        "slat_ns" : {
          "min" : 0,
          "max" : 0,
          "mean" : 0.000000,
          "stddev" : 0.000000,
          "N" : 0
        },
        "clat_ns" : {
          "min" : 0,
          "max" : 0,
          "mean" : 0.000000,
          "stddev" : 0.000000,
          "N" : 0
        },
        "lat_ns" : {
          "min" : 0,
          "max" : 0,
          "mean" : 0.000000,
          "stddev" : 0.000000,
          "N" : 0
        },
        "bw_min" : 0,
        "bw_max" : 0,
        "bw_agg" : 0.000000,
        "bw_mean" : 0.000000,
        "bw_dev" : 0.000000,
        "bw_samples" : 0,
        "iops_min" : 0,
        "iops_max" : 0,
        "iops_mean" : 0.000000,
        "iops_stddev" : 0.000000,
        "iops_samples" : 0
      },
      "trim" : {
        "io_bytes" : 0,
        "io_kbytes" : 0,
        "bw_bytes" : 0,
        "bw" : 0,
        "iops" : 0.000000,
        "runtime" : 0,
        "total_ios" : 0,
        "short_ios" : 0,
        "drop_ios" : 0,
        "slat_ns" : {
          "min" : 0,
          "max" : 0,
          "mean" : 0.000000,
          "stddev" : 0.000000,
          "N" : 0
        },
        "clat_ns" : {
          "min" : 0,
          "max" : 0,
          "mean" : 0.000000,
          "stddev" : 0.000000,
          "N" : 0
        },
        "lat_ns" : {
          "min" : 0,
          "max" : 0,
          "mean" : 0.000000,
          "stddev" : 0.000000,
          "N" : 0
        },
        "bw_min" : 0,
        "bw_max" : 0,
        "bw_agg" : 0.000000,
        "bw_mean" : 0.000000,
        "bw_dev" : 0.000000,
        "bw_samples" : 0,
        "iops_min" : 0,
        "iops_max" : 0,
        "iops_mean" : 0.000000,
        "iops_stddev" : 0.000000,
        "iops_samples" : 0
      },
      "sync" : {
        "total_ios" : 0,
        "lat_ns" : {
          "min" : 0,
          "max" : 0,
          "mean" : 0.000000,
          "stddev" : 0.000000,
          "N" : 0
        }
      },
      "job_runtime" : 299816,
      "usr_cpu" : 0.283507,
      "sys_cpu" : 0.705766,
      "ctx" : 102471,
      "majf" : 0,
      "minf" : 337,
      "iodepth_level" : {
        "1" : 0.100000,
        "2" : 99.992188,
        "4" : 0.000000,
        "8" : 0.000000,
        "16" : 0.000000,
        "32" : 0.000000,
        ">=64" : 0.000000
      },
      "iodepth_submit" : {
        "0" : 0.000000,
        "4" : 100.000000,
        "8" : 0.000000,
        "16" : 0.000000,
        "32" : 0.000000,
        "64" : 0.000000,
        ">=64" : 0.000000
      },
      "iodepth_complete" : {
        "0" : 0.000000,
        "4" : 100.000000,
        "8" : 0.000000,
        "16" : 0.000000,
        "32" : 0.000000,
        "64" : 0.000000,
        ">=64" : 0.000000
      },
      "latency_ns" : {
        "2" : 0.000000,
        "4" : 0.000000,
        "10" : 0.000000,
        "20" : 0.000000,
        "50" : 0.000000,
        "100" : 0.000000,
        "250" : 0.000000,
        "500" : 0.000000,
        "750" : 0.000000,
        "1000" : 0.000000
      },
      "latency_us" : {
        "2" : 0.000000,
        "4" : 0.000000,
        "10" : 0.000000,
        "20" : 0.000000,
        "50" : 0.000000,
        "100" : 0.000000,
        "250" : 0.000000,
        "500" : 0.000000,
        "750" : 0.000000,
        "1000" : 0.000000
      },
      "latency_ms" : {
        "2" : 0.036133,
        "4" : 0.091797,
        "10" : 99.695312,
        "20" : 0.166016,
        "50" : 0.010742,
        "100" : 0.000000,
        "250" : 0.000000,
        "500" : 0.000000,
        "750" : 0.000000,
        "1000" : 0.000000,
        "2000" : 0.000000,
        ">=2000" : 0.000000
      },
      "latency_depth" : 2,
      "latency_target" : 0,
      "latency_percentile" : 100.000000,
      "latency_window" : 0
    }
  ]
}
