{
  "fio version" : "fio-3.29-112-gc3773",
  "timestamp" : 1649366061,
  "timestamp_ms" : 1649366061305,
  "time" : "Thu Apr  7 21:14:21 2022",
  "global options" : {
    "size" : "50M",
    "runtime" : "60",
    "directory" : "/mnt/gfs"
  },
  "jobs" : [
    {
      "jobname" : "iotest",
      "groupid" : 0,
      "error" : 0,
      "eta" : 0,
      "elapsed" : 61,
      "job options" : {
        "rw" : "read",
        "bs" : "4k",
        "ioengine" : "libaio",
        "iodepth" : "2",
        "numjobs" : "16",
        "direct" : "1",
        "group_reporting" : "1",
        "invalidate" : "1",
        "loops" : "1",
        "write_bw_log" : "./fio-bench-07-04-2022--20-28-07-seq-gfs/seqread/gfs/4k/read-iodepth-2-numjobs-16",
        "write_lat_log" : "./fio-bench-07-04-2022--20-28-07-seq-gfs/seqread/gfs/4k/read-iodepth-2-numjobs-16",
        "write_iops_log" : "./fio-bench-07-04-2022--20-28-07-seq-gfs/seqread/gfs/4k/read-iodepth-2-numjobs-16",
        "log_avg_msec" : "500"
      },
      "read" : {
        "io_bytes" : 672358400,
        "io_kbytes" : 656600,
        "bw_bytes" : 11204105,
        "bw" : 10941,
        "iops" : 2735.377437,
        "runtime" : 60010,
        "total_ios" : 164150,
        "short_ios" : 0,
        "drop_ios" : 0,
        "slat_ns" : {
          "min" : 2934,
          "max" : 1634289,
          "mean" : 7897.806129,
          "stddev" : 4298.861108,
          "N" : 164150
        },
        "clat_ns" : {
          "min" : 1871750,
          "max" : 1497940994,
          "mean" : 11094222.382589,
          "stddev" : 10529063.845068,
          "N" : 164150,
          "percentile" : {
            "1.000000" : 4227072,
            "5.000000" : 5472256,
            "10.000000" : 5734400,
            "20.000000" : 7700480,
            "30.000000" : 8224768,
            "40.000000" : 8978432,
            "50.000000" : 10289152,
            "60.000000" : 11206656,
            "70.000000" : 12255232,
            "80.000000" : 12779520,
            "90.000000" : 19791872,
            "95.000000" : 20578304,
            "99.000000" : 20840448,
            "99.500000" : 21102592,
            "99.900000" : 31326208,
            "99.950000" : 51642368,
            "99.990000" : 204472320
          }
        },
        "lat_ns" : {
          "min" : 1933140,
          "max" : 1497951819,
          "mean" : 11104845.918873,
          "stddev" : 10529041.450176,
          "N" : 164150
        },
        "bw_min" : 10210,
        "bw_max" : 22175,
        "bw_agg" : 100.000000,
        "bw_mean" : 11912.057872,
        "bw_dev" : 149.506292,
        "bw_samples" : 1817,
        "iops_min" : 2552,
        "iops_max" : 5540,
        "iops_mean" : 2977.288594,
        "iops_stddev" : 37.358578,
        "iops_samples" : 1817
      },
      "write" : {
        "io_bytes" : 0,
        "io_kbytes" : 0,
        "bw_bytes" : 0,
        "bw" : 0,
        "iops" : 0.000000,
        "runtime" : 0,
        "total_ios" : 0,
        "short_ios" : 0,
        "drop_ios" : 0,
        "slat_ns" : {
          "min" : 0,
          "max" : 0,
          "mean" : 0.000000,
          "stddev" : 0.000000,
          "N" : 0
        },
        "clat_ns" : {
          "min" : 0,
          "max" : 0,
          "mean" : 0.000000,
          "stddev" : 0.000000,
          "N" : 0
        },
        "lat_ns" : {
          "min" : 0,
          "max" : 0,
          "mean" : 0.000000,
          "stddev" : 0.000000,
          "N" : 0
        },
        "bw_min" : 0,
        "bw_max" : 0,
        "bw_agg" : 0.000000,
        "bw_mean" : 0.000000,
        "bw_dev" : 0.000000,
        "bw_samples" : 0,
        "iops_min" : 0,
        "iops_max" : 0,
        "iops_mean" : 0.000000,
        "iops_stddev" : 0.000000,
        "iops_samples" : 0
      },
      "trim" : {
        "io_bytes" : 0,
        "io_kbytes" : 0,
        "bw_bytes" : 0,
        "bw" : 0,
        "iops" : 0.000000,
        "runtime" : 0,
        "total_ios" : 0,
        "short_ios" : 0,
        "drop_ios" : 0,
        "slat_ns" : {
          "min" : 0,
          "max" : 0,
          "mean" : 0.000000,
          "stddev" : 0.000000,
          "N" : 0
        },
        "clat_ns" : {
          "min" : 0,
          "max" : 0,
          "mean" : 0.000000,
          "stddev" : 0.000000,
          "N" : 0
        },
        "lat_ns" : {
          "min" : 0,
          "max" : 0,
          "mean" : 0.000000,
          "stddev" : 0.000000,
          "N" : 0
        },
        "bw_min" : 0,
        "bw_max" : 0,
        "bw_agg" : 0.000000,
        "bw_mean" : 0.000000,
        "bw_dev" : 0.000000,
        "bw_samples" : 0,
        "iops_min" : 0,
        "iops_max" : 0,
        "iops_mean" : 0.000000,
        "iops_stddev" : 0.000000,
        "iops_samples" : 0
      },
      "sync" : {
        "total_ios" : 0,
        "lat_ns" : {
          "min" : 0,
          "max" : 0,
          "mean" : 0.000000,
          "stddev" : 0.000000,
          "N" : 0
        }
      },
      "job_runtime" : 912132,
      "usr_cpu" : 0.184294,
      "sys_cpu" : 0.333724,
      "ctx" : 164372,
      "majf" : 0,
      "minf" : 638,
      "iodepth_level" : {
        "1" : 0.100000,
        "2" : 99.990253,
        "4" : 0.000000,
        "8" : 0.000000,
        "16" : 0.000000,
        "32" : 0.000000,
        ">=64" : 0.000000
      },
      "iodepth_submit" : {
        "0" : 0.000000,
        "4" : 100.000000,
        "8" : 0.000000,
        "16" : 0.000000,
        "32" : 0.000000,
        "64" : 0.000000,
        ">=64" : 0.000000
      },
      "iodepth_complete" : {
        "0" : 0.000000,
        "4" : 100.000000,
        "8" : 0.000000,
        "16" : 0.000000,
        "32" : 0.000000,
        "64" : 0.000000,
        ">=64" : 0.000000
      },
      "latency_ns" : {
        "2" : 0.000000,
        "4" : 0.000000,
        "10" : 0.000000,
        "20" : 0.000000,
        "50" : 0.000000,
        "100" : 0.000000,
        "250" : 0.000000,
        "500" : 0.000000,
        "750" : 0.000000,
        "1000" : 0.000000
      },
      "latency_us" : {
        "2" : 0.000000,
        "4" : 0.000000,
        "10" : 0.000000,
        "20" : 0.000000,
        "50" : 0.000000,
        "100" : 0.000000,
        "250" : 0.000000,
        "500" : 0.000000,
        "750" : 0.000000,
        "1000" : 0.000000
      },
      "latency_ms" : {
        "2" : 0.010000,
        "4" : 0.073104,
        "10" : 48.495279,
        "20" : 43.157478,
        "50" : 8.217484,
        "100" : 0.020713,
        "250" : 0.024368,
        "500" : 0.010000,
        "750" : 0.000000,
        "1000" : 0.000000,
        "2000" : 0.010000,
        ">=2000" : 0.000000
      },
      "latency_depth" : 2,
      "latency_target" : 0,
      "latency_percentile" : 100.000000,
      "latency_window" : 0
    }
  ]
}
