{
  "fio version" : "fio-3.29-112-gc3773",
  "timestamp" : 1649367385,
  "timestamp_ms" : 1649367385880,
  "time" : "Thu Apr  7 21:36:25 2022",
  "global options" : {
    "size" : "50M",
    "runtime" : "60",
    "directory" : "/mnt/gfs"
  },
  "jobs" : [
    {
      "jobname" : "iotest",
      "groupid" : 0,
      "error" : 0,
      "eta" : 0,
      "elapsed" : 61,
      "job options" : {
        "rw" : "read",
        "bs" : "4k",
        "ioengine" : "libaio",
        "iodepth" : "64",
        "numjobs" : "32",
        "direct" : "1",
        "group_reporting" : "1",
        "invalidate" : "1",
        "loops" : "1",
        "write_bw_log" : "./fio-bench-07-04-2022--20-28-07-seq-gfs/seqread/gfs/4k/read-iodepth-64-numjobs-32",
        "write_lat_log" : "./fio-bench-07-04-2022--20-28-07-seq-gfs/seqread/gfs/4k/read-iodepth-64-numjobs-32",
        "write_iops_log" : "./fio-bench-07-04-2022--20-28-07-seq-gfs/seqread/gfs/4k/read-iodepth-64-numjobs-32",
        "log_avg_msec" : "500"
      },
      "read" : {
        "io_bytes" : 671956992,
        "io_kbytes" : 656208,
        "bw_bytes" : 11192381,
        "bw" : 10930,
        "iops" : 2732.514949,
        "runtime" : 60037,
        "total_ios" : 164052,
        "short_ios" : 0,
        "drop_ios" : 0,
        "slat_ns" : {
          "min" : 3632,
          "max" : 82289872,
          "mean" : 11689689.745014,
          "stddev" : 4324447.389699,
          "N" : 164052
        },
        "clat_ns" : {
          "min" : 5487369,
          "max" : 915014714,
          "mean" : 733085452.056263,
          "stddev" : 57236820.108971,
          "N" : 164052,
          "percentile" : {
            "1.000000" : 591396864,
            "5.000000" : 675282944,
            "10.000000" : 692060160,
            "20.000000" : 717225984,
            "30.000000" : 717225984,
            "40.000000" : 725614592,
            "50.000000" : 734003200,
            "60.000000" : 750780416,
            "70.000000" : 750780416,
            "80.000000" : 759169024,
            "90.000000" : 784334848,
            "95.000000" : 792723456,
            "99.000000" : 817889280,
            "99.500000" : 834666496,
            "99.900000" : 868220928,
            "99.950000" : 876609536,
            "99.990000" : 901775360
          }
        },
        "lat_ns" : {
          "min" : 5545827,
          "max" : 926510890,
          "mean" : 744778376.530692,
          "stddev" : 57438927.564198,
          "N" : 164052
        },
        "bw_min" : 5632,
        "bw_max" : 12544,
        "bw_agg" : 99.615194,
        "bw_mean" : 10888.292437,
        "bw_dev" : 24.223656,
        "bw_samples" : 3809,
        "iops_min" : 1408,
        "iops_max" : 3136,
        "iops_mean" : 2722.073109,
        "iops_stddev" : 6.055914,
        "iops_samples" : 3809
      },
      "write" : {
        "io_bytes" : 0,
        "io_kbytes" : 0,
        "bw_bytes" : 0,
        "bw" : 0,
        "iops" : 0.000000,
        "runtime" : 0,
        "total_ios" : 0,
        "short_ios" : 0,
        "drop_ios" : 0,
        "slat_ns" : {
          "min" : 0,
          "max" : 0,
          "mean" : 0.000000,
          "stddev" : 0.000000,
          "N" : 0
        },
        "clat_ns" : {
          "min" : 0,
          "max" : 0,
          "mean" : 0.000000,
          "stddev" : 0.000000,
          "N" : 0
        },
        "lat_ns" : {
          "min" : 0,
          "max" : 0,
          "mean" : 0.000000,
          "stddev" : 0.000000,
          "N" : 0
        },
        "bw_min" : 0,
        "bw_max" : 0,
        "bw_agg" : 0.000000,
        "bw_mean" : 0.000000,
        "bw_dev" : 0.000000,
        "bw_samples" : 0,
        "iops_min" : 0,
        "iops_max" : 0,
        "iops_mean" : 0.000000,
        "iops_stddev" : 0.000000,
        "iops_samples" : 0
      },
      "trim" : {
        "io_bytes" : 0,
        "io_kbytes" : 0,
        "bw_bytes" : 0,
        "bw" : 0,
        "iops" : 0.000000,
        "runtime" : 0,
        "total_ios" : 0,
        "short_ios" : 0,
        "drop_ios" : 0,
        "slat_ns" : {
          "min" : 0,
          "max" : 0,
          "mean" : 0.000000,
          "stddev" : 0.000000,
          "N" : 0
        },
        "clat_ns" : {
          "min" : 0,
          "max" : 0,
          "mean" : 0.000000,
          "stddev" : 0.000000,
          "N" : 0
        },
        "lat_ns" : {
          "min" : 0,
          "max" : 0,
          "mean" : 0.000000,
          "stddev" : 0.000000,
          "N" : 0
        },
        "bw_min" : 0,
        "bw_max" : 0,
        "bw_agg" : 0.000000,
        "bw_mean" : 0.000000,
        "bw_dev" : 0.000000,
        "bw_samples" : 0,
        "iops_min" : 0,
        "iops_max" : 0,
        "iops_mean" : 0.000000,
        "iops_stddev" : 0.000000,
        "iops_samples" : 0
      },
      "sync" : {
        "total_ios" : 0,
        "lat_ns" : {
          "min" : 0,
          "max" : 0,
          "mean" : 0.000000,
          "stddev" : 0.000000,
          "N" : 0
        }
      },
      "job_runtime" : 1920715,
      "usr_cpu" : 0.115322,
      "sys_cpu" : 0.147081,
      "ctx" : 164416,
      "majf" : 0,
      "minf" : 3365,
      "iodepth_level" : {
        "1" : 0.100000,
        "2" : 0.100000,
        "4" : 0.100000,
        "8" : 0.156048,
        "16" : 0.312096,
        "32" : 0.624192,
        ">=64" : 98.771121
      },
      "iodepth_submit" : {
        "0" : 0.000000,
        "4" : 100.000000,
        "8" : 0.000000,
        "16" : 0.000000,
        "32" : 0.000000,
        "64" : 0.000000,
        ">=64" : 0.000000
      },
      "iodepth_complete" : {
        "0" : 0.000000,
        "4" : 99.980255,
        "8" : 0.000000,
        "16" : 0.000000,
        "32" : 0.000000,
        "64" : 0.100000,
        ">=64" : 0.000000
      },
      "latency_ns" : {
        "2" : 0.000000,
        "4" : 0.000000,
        "10" : 0.000000,
        "20" : 0.000000,
        "50" : 0.000000,
        "100" : 0.000000,
        "250" : 0.000000,
        "500" : 0.000000,
        "750" : 0.000000,
        "1000" : 0.000000
      },
      "latency_us" : {
        "2" : 0.000000,
        "4" : 0.000000,
        "10" : 0.000000,
        "20" : 0.000000,
        "50" : 0.000000,
        "100" : 0.000000,
        "250" : 0.000000,
        "500" : 0.000000,
        "750" : 0.000000,
        "1000" : 0.000000
      },
      "latency_ms" : {
        "2" : 0.000000,
        "4" : 0.000000,
        "10" : 0.010000,
        "20" : 0.010000,
        "50" : 0.047546,
        "100" : 0.087167,
        "250" : 0.257236,
        "500" : 0.431570,
        "750" : 68.442933,
        "1000" : 30.714651,
        "2000" : 0.000000,
        ">=2000" : 0.000000
      },
      "latency_depth" : 64,
      "latency_target" : 0,
      "latency_percentile" : 100.000000,
      "latency_window" : 0
    }
  ]
}
