{
  "fio version" : "fio-3.29-112-gc3773",
  "timestamp" : 1649366254,
  "timestamp_ms" : 1649366254123,
  "time" : "Thu Apr  7 21:17:34 2022",
  "global options" : {
    "size" : "50M",
    "runtime" : "60",
    "directory" : "/mnt/gfs"
  },
  "jobs" : [
    {
      "jobname" : "iotest",
      "groupid" : 0,
      "error" : 0,
      "eta" : 0,
      "elapsed" : 38,
      "job options" : {
        "rw" : "read",
        "bs" : "4k",
        "ioengine" : "libaio",
        "iodepth" : "4",
        "numjobs" : "8",
        "direct" : "1",
        "group_reporting" : "1",
        "invalidate" : "1",
        "loops" : "1",
        "write_bw_log" : "./fio-bench-07-04-2022--20-28-07-seq-gfs/seqread/gfs/4k/read-iodepth-4-numjobs-8",
        "write_lat_log" : "./fio-bench-07-04-2022--20-28-07-seq-gfs/seqread/gfs/4k/read-iodepth-4-numjobs-8",
        "write_iops_log" : "./fio-bench-07-04-2022--20-28-07-seq-gfs/seqread/gfs/4k/read-iodepth-4-numjobs-8",
        "log_avg_msec" : "500"
      },
      "read" : {
        "io_bytes" : 419430400,
        "io_kbytes" : 409600,
        "bw_bytes" : 11209621,
        "bw" : 10946,
        "iops" : 2736.723949,
        "runtime" : 37417,
        "total_ios" : 102400,
        "short_ios" : 0,
        "drop_ios" : 0,
        "slat_ns" : {
          "min" : 2724,
          "max" : 255969,
          "mean" : 7782.546758,
          "stddev" : 1706.760408,
          "N" : 102400
        },
        "clat_ns" : {
          "min" : 2712780,
          "max" : 34689532,
          "mean" : 10696931.140791,
          "stddev" : 2891987.165268,
          "N" : 102400,
          "percentile" : {
            "1.000000" : 5734400,
            "5.000000" : 7503872,
            "10.000000" : 7700480,
            "20.000000" : 8224768,
            "30.000000" : 8716288,
            "40.000000" : 8716288,
            "50.000000" : 8716288,
            "60.000000" : 13434880,
            "70.000000" : 13697024,
            "80.000000" : 13959168,
            "90.000000" : 13959168,
            "95.000000" : 14221312,
            "99.000000" : 16056320,
            "99.500000" : 16187392,
            "99.900000" : 17956864,
            "99.950000" : 20578304,
            "99.990000" : 28966912
          }
        },
        "lat_ns" : {
          "min" : 2720184,
          "max" : 34699170,
          "mean" : 10707411.046670,
          "stddev" : 2891986.021032,
          "N" : 102400
        },
        "bw_min" : 10197,
        "bw_max" : 15651,
        "bw_agg" : 100.000000,
        "bw_mean" : 12279.354539,
        "bw_dev" : 288.901224,
        "bw_samples" : 543,
        "iops_min" : 2548,
        "iops_max" : 3912,
        "iops_mean" : 3069.289851,
        "iops_stddev" : 72.203581,
        "iops_samples" : 543
      },
      "write" : {
        "io_bytes" : 0,
        "io_kbytes" : 0,
        "bw_bytes" : 0,
        "bw" : 0,
        "iops" : 0.000000,
        "runtime" : 0,
        "total_ios" : 0,
        "short_ios" : 0,
        "drop_ios" : 0,
        "slat_ns" : {
          "min" : 0,
          "max" : 0,
          "mean" : 0.000000,
          "stddev" : 0.000000,
          "N" : 0
        },
        "clat_ns" : {
          "min" : 0,
          "max" : 0,
          "mean" : 0.000000,
          "stddev" : 0.000000,
          "N" : 0
        },
        "lat_ns" : {
          "min" : 0,
          "max" : 0,
          "mean" : 0.000000,
          "stddev" : 0.000000,
          "N" : 0
        },
        "bw_min" : 0,
        "bw_max" : 0,
        "bw_agg" : 0.000000,
        "bw_mean" : 0.000000,
        "bw_dev" : 0.000000,
        "bw_samples" : 0,
        "iops_min" : 0,
        "iops_max" : 0,
        "iops_mean" : 0.000000,
        "iops_stddev" : 0.000000,
        "iops_samples" : 0
      },
      "trim" : {
        "io_bytes" : 0,
        "io_kbytes" : 0,
        "bw_bytes" : 0,
        "bw" : 0,
        "iops" : 0.000000,
        "runtime" : 0,
        "total_ios" : 0,
        "short_ios" : 0,
        "drop_ios" : 0,
        "slat_ns" : {
          "min" : 0,
          "max" : 0,
          "mean" : 0.000000,
          "stddev" : 0.000000,
          "N" : 0
        },
        "clat_ns" : {
          "min" : 0,
          "max" : 0,
          "mean" : 0.000000,
          "stddev" : 0.000000,
          "N" : 0
        },
        "lat_ns" : {
          "min" : 0,
          "max" : 0,
          "mean" : 0.000000,
          "stddev" : 0.000000,
          "N" : 0
        },
        "bw_min" : 0,
        "bw_max" : 0,
        "bw_agg" : 0.000000,
        "bw_mean" : 0.000000,
        "bw_dev" : 0.000000,
        "bw_samples" : 0,
        "iops_min" : 0,
        "iops_max" : 0,
        "iops_mean" : 0.000000,
        "iops_stddev" : 0.000000,
        "iops_samples" : 0
      },
      "sync" : {
        "total_ios" : 0,
        "lat_ns" : {
          "min" : 0,
          "max" : 0,
          "mean" : 0.000000,
          "stddev" : 0.000000,
          "N" : 0
        }
      },
      "job_runtime" : 274327,
      "usr_cpu" : 0.370361,
      "sys_cpu" : 0.691146,
      "ctx" : 102485,
      "majf" : 0,
      "minf" : 330,
      "iodepth_level" : {
        "1" : 0.100000,
        "2" : 0.100000,
        "4" : 99.976562,
        "8" : 0.000000,
        "16" : 0.000000,
        "32" : 0.000000,
        ">=64" : 0.000000
      },
      "iodepth_submit" : {
        "0" : 0.000000,
        "4" : 100.000000,
        "8" : 0.000000,
        "16" : 0.000000,
        "32" : 0.000000,
        "64" : 0.000000,
        ">=64" : 0.000000
      },
      "iodepth_complete" : {
        "0" : 0.000000,
        "4" : 100.000000,
        "8" : 0.000000,
        "16" : 0.000000,
        "32" : 0.000000,
        "64" : 0.000000,
        ">=64" : 0.000000
      },
      "latency_ns" : {
        "2" : 0.000000,
        "4" : 0.000000,
        "10" : 0.000000,
        "20" : 0.000000,
        "50" : 0.000000,
        "100" : 0.000000,
        "250" : 0.000000,
        "500" : 0.000000,
        "750" : 0.000000,
        "1000" : 0.000000
      },
      "latency_us" : {
        "2" : 0.000000,
        "4" : 0.000000,
        "10" : 0.000000,
        "20" : 0.000000,
        "50" : 0.000000,
        "100" : 0.000000,
        "250" : 0.000000,
        "500" : 0.000000,
        "750" : 0.000000,
        "1000" : 0.000000
      },
      "latency_ms" : {
        "2" : 0.000000,
        "4" : 0.102539,
        "10" : 57.431641,
        "20" : 42.410156,
        "50" : 0.055664,
        "100" : 0.000000,
        "250" : 0.000000,
        "500" : 0.000000,
        "750" : 0.000000,
        "1000" : 0.000000,
        "2000" : 0.000000,
        ">=2000" : 0.000000
      },
      "latency_depth" : 4,
      "latency_target" : 0,
      "latency_percentile" : 100.000000,
      "latency_window" : 0
    }
  ]
}
