{
  "fio version" : "fio-3.29-112-gc3773",
  "timestamp" : 1649366182,
  "timestamp_ms" : 1649366182084,
  "time" : "Thu Apr  7 21:16:22 2022",
  "global options" : {
    "size" : "50M",
    "runtime" : "60",
    "directory" : "/mnt/gfs"
  },
  "jobs" : [
    {
      "jobname" : "iotest",
      "groupid" : 0,
      "error" : 0,
      "eta" : 0,
      "elapsed" : 61,
      "job options" : {
        "rw" : "read",
        "bs" : "4k",
        "ioengine" : "libaio",
        "iodepth" : "2",
        "numjobs" : "64",
        "direct" : "1",
        "group_reporting" : "1",
        "invalidate" : "1",
        "loops" : "1",
        "write_bw_log" : "./fio-bench-07-04-2022--20-28-07-seq-gfs/seqread/gfs/4k/read-iodepth-2-numjobs-64",
        "write_lat_log" : "./fio-bench-07-04-2022--20-28-07-seq-gfs/seqread/gfs/4k/read-iodepth-2-numjobs-64",
        "write_iops_log" : "./fio-bench-07-04-2022--20-28-07-seq-gfs/seqread/gfs/4k/read-iodepth-2-numjobs-64",
        "log_avg_msec" : "500"
      },
      "read" : {
        "io_bytes" : 672284672,
        "io_kbytes" : 656528,
        "bw_bytes" : 11196720,
        "bw" : 10934,
        "iops" : 2733.574272,
        "runtime" : 60043,
        "total_ios" : 164132,
        "short_ios" : 0,
        "drop_ios" : 0,
        "slat_ns" : {
          "min" : 4120,
          "max" : 95275282,
          "mean" : 19264653.724350,
          "stddev" : 6322982.584794,
          "N" : 164132
        },
        "clat_ns" : {
          "min" : 3987945,
          "max" : 119548875,
          "mean" : 27521821.196799,
          "stddev" : 8542004.132862,
          "N" : 164132,
          "percentile" : {
            "1.000000" : 9502720,
            "5.000000" : 18481152,
            "10.000000" : 19005440,
            "20.000000" : 19791872,
            "30.000000" : 21364736,
            "40.000000" : 23461888,
            "50.000000" : 25296896,
            "60.000000" : 28704768,
            "70.000000" : 32636928,
            "80.000000" : 35389440,
            "90.000000" : 38010880,
            "95.000000" : 40632320,
            "99.000000" : 53739520,
            "99.500000" : 57409536,
            "99.900000" : 70778880,
            "99.950000" : 74973184,
            "99.990000" : 81264640
          }
        },
        "lat_ns" : {
          "min" : 4233507,
          "max" : 137054765,
          "mean" : 46790246.233666,
          "stddev" : 9563260.166663,
          "N" : 164132
        },
        "bw_min" : 9430,
        "bw_max" : 11968,
        "bw_agg" : 99.988139,
        "bw_mean" : 10933.883333,
        "bw_dev" : 7.920608,
        "bw_samples" : 7680,
        "iops_min" : 2356,
        "iops_max" : 2992,
        "iops_mean" : 2733.383333,
        "iops_stddev" : 1.981169,
        "iops_samples" : 7680
      },
      "write" : {
        "io_bytes" : 0,
        "io_kbytes" : 0,
        "bw_bytes" : 0,
        "bw" : 0,
        "iops" : 0.000000,
        "runtime" : 0,
        "total_ios" : 0,
        "short_ios" : 0,
        "drop_ios" : 0,
        "slat_ns" : {
          "min" : 0,
          "max" : 0,
          "mean" : 0.000000,
          "stddev" : 0.000000,
          "N" : 0
        },
        "clat_ns" : {
          "min" : 0,
          "max" : 0,
          "mean" : 0.000000,
          "stddev" : 0.000000,
          "N" : 0
        },
        "lat_ns" : {
          "min" : 0,
          "max" : 0,
          "mean" : 0.000000,
          "stddev" : 0.000000,
          "N" : 0
        },
        "bw_min" : 0,
        "bw_max" : 0,
        "bw_agg" : 0.000000,
        "bw_mean" : 0.000000,
        "bw_dev" : 0.000000,
        "bw_samples" : 0,
        "iops_min" : 0,
        "iops_max" : 0,
        "iops_mean" : 0.000000,
        "iops_stddev" : 0.000000,
        "iops_samples" : 0
      },
      "trim" : {
        "io_bytes" : 0,
        "io_kbytes" : 0,
        "bw_bytes" : 0,
        "bw" : 0,
        "iops" : 0.000000,
        "runtime" : 0,
        "total_ios" : 0,
        "short_ios" : 0,
        "drop_ios" : 0,
        "slat_ns" : {
          "min" : 0,
          "max" : 0,
          "mean" : 0.000000,
          "stddev" : 0.000000,
          "N" : 0
        },
        "clat_ns" : {
          "min" : 0,
          "max" : 0,
          "mean" : 0.000000,
          "stddev" : 0.000000,
          "N" : 0
        },
        "lat_ns" : {
          "min" : 0,
          "max" : 0,
          "mean" : 0.000000,
          "stddev" : 0.000000,
          "N" : 0
        },
        "bw_min" : 0,
        "bw_max" : 0,
        "bw_agg" : 0.000000,
        "bw_mean" : 0.000000,
        "bw_dev" : 0.000000,
        "bw_samples" : 0,
        "iops_min" : 0,
        "iops_max" : 0,
        "iops_mean" : 0.000000,
        "iops_stddev" : 0.000000,
        "iops_samples" : 0
      },
      "sync" : {
        "total_ios" : 0,
        "lat_ns" : {
          "min" : 0,
          "max" : 0,
          "mean" : 0.000000,
          "stddev" : 0.000000,
          "N" : 0
        }
      },
      "job_runtime" : 3841804,
      "usr_cpu" : 0.070227,
      "sys_cpu" : 0.087381,
      "ctx" : 255181,
      "majf" : 0,
      "minf" : 2664,
      "iodepth_level" : {
        "1" : 0.100000,
        "2" : 99.961007,
        "4" : 0.000000,
        "8" : 0.000000,
        "16" : 0.000000,
        "32" : 0.000000,
        ">=64" : 0.000000
      },
      "iodepth_submit" : {
        "0" : 0.000000,
        "4" : 100.000000,
        "8" : 0.000000,
        "16" : 0.000000,
        "32" : 0.000000,
        "64" : 0.000000,
        ">=64" : 0.000000
      },
      "iodepth_complete" : {
        "0" : 0.000000,
        "4" : 100.000000,
        "8" : 0.000000,
        "16" : 0.000000,
        "32" : 0.000000,
        "64" : 0.000000,
        ">=64" : 0.000000
      },
      "latency_ns" : {
        "2" : 0.000000,
        "4" : 0.000000,
        "10" : 0.000000,
        "20" : 0.000000,
        "50" : 0.000000,
        "100" : 0.000000,
        "250" : 0.000000,
        "500" : 0.000000,
        "750" : 0.000000,
        "1000" : 0.000000
      },
      "latency_us" : {
        "2" : 0.000000,
        "4" : 0.000000,
        "10" : 0.000000,
        "20" : 0.000000,
        "50" : 0.000000,
        "100" : 0.000000,
        "250" : 0.000000,
        "500" : 0.000000,
        "750" : 0.000000,
        "1000" : 0.000000
      },
      "latency_ms" : {
        "2" : 0.000000,
        "4" : 0.010000,
        "10" : 1.126532,
        "20" : 19.959545,
        "50" : 77.257939,
        "100" : 1.653547,
        "250" : 0.010000,
        "500" : 0.000000,
        "750" : 0.000000,
        "1000" : 0.000000,
        "2000" : 0.000000,
        ">=2000" : 0.000000
      },
      "latency_depth" : 2,
      "latency_target" : 0,
      "latency_percentile" : 100.000000,
      "latency_window" : 0
    }
  ]
}
