{
  "fio version" : "fio-3.29-112-gc3773",
  "timestamp" : 1649367446,
  "timestamp_ms" : 1649367446322,
  "time" : "Thu Apr  7 21:37:26 2022",
  "global options" : {
    "size" : "50M",
    "runtime" : "60",
    "directory" : "/mnt/gfs"
  },
  "jobs" : [
    {
      "jobname" : "iotest",
      "groupid" : 0,
      "error" : 0,
      "eta" : 0,
      "elapsed" : 61,
      "job options" : {
        "rw" : "read",
        "bs" : "4k",
        "ioengine" : "libaio",
        "iodepth" : "64",
        "numjobs" : "64",
        "direct" : "1",
        "group_reporting" : "1",
        "invalidate" : "1",
        "loops" : "1",
        "write_bw_log" : "./fio-bench-07-04-2022--20-28-07-seq-gfs/seqread/gfs/4k/read-iodepth-64-numjobs-64",
        "write_lat_log" : "./fio-bench-07-04-2022--20-28-07-seq-gfs/seqread/gfs/4k/read-iodepth-64-numjobs-64",
        "write_iops_log" : "./fio-bench-07-04-2022--20-28-07-seq-gfs/seqread/gfs/4k/read-iodepth-64-numjobs-64",
        "log_avg_msec" : "500"
      },
      "read" : {
        "io_bytes" : 671748096,
        "io_kbytes" : 656004,
        "bw_bytes" : 11186479,
        "bw" : 10924,
        "iops" : 2731.074105,
        "runtime" : 60050,
        "total_ios" : 164001,
        "short_ios" : 0,
        "drop_ios" : 0,
        "slat_ns" : {
          "min" : 3632,
          "max" : 163360870,
          "mean" : 23401203.081634,
          "stddev" : 8725218.366021,
          "N" : 164001
        },
        "clat_ns" : {
          "min" : 5253261,
          "max" : 1779780699,
          "mean" : 1457463762.627776,
          "stddev" : 147849315.242019,
          "N" : 164001,
          "percentile" : {
            "1.000000" : 599785472,
            "5.000000" : 1350565888,
            "10.000000" : 1384120320,
            "20.000000" : 1400897536,
            "30.000000" : 1434451968,
            "40.000000" : 1451229184,
            "50.000000" : 1468006400,
            "60.000000" : 1501560832,
            "70.000000" : 1501560832,
            "80.000000" : 1518338048,
            "90.000000" : 1568669696,
            "95.000000" : 1585446912,
            "99.000000" : 1635778560,
            "99.500000" : 1669332992,
            "99.900000" : 1702887424,
            "99.950000" : 1702887424,
            "99.990000" : 1753219072
          }
        },
        "lat_ns" : {
          "min" : 29232959,
          "max" : 1803281216,
          "mean" : 1480868799.190889,
          "stddev" : 148134356.962966,
          "N" : 164001
        },
        "bw_min" : 5112,
        "bw_max" : 13280,
        "bw_agg" : 99.649443,
        "bw_mean" : 10886.514145,
        "bw_dev" : 16.698829,
        "bw_samples" : 7520,
        "iops_min" : 1278,
        "iops_max" : 3320,
        "iops_mean" : 2721.622071,
        "iops_stddev" : 4.174737,
        "iops_samples" : 7520
      },
      "write" : {
        "io_bytes" : 0,
        "io_kbytes" : 0,
        "bw_bytes" : 0,
        "bw" : 0,
        "iops" : 0.000000,
        "runtime" : 0,
        "total_ios" : 0,
        "short_ios" : 0,
        "drop_ios" : 0,
        "slat_ns" : {
          "min" : 0,
          "max" : 0,
          "mean" : 0.000000,
          "stddev" : 0.000000,
          "N" : 0
        },
        "clat_ns" : {
          "min" : 0,
          "max" : 0,
          "mean" : 0.000000,
          "stddev" : 0.000000,
          "N" : 0
        },
        "lat_ns" : {
          "min" : 0,
          "max" : 0,
          "mean" : 0.000000,
          "stddev" : 0.000000,
          "N" : 0
        },
        "bw_min" : 0,
        "bw_max" : 0,
        "bw_agg" : 0.000000,
        "bw_mean" : 0.000000,
        "bw_dev" : 0.000000,
        "bw_samples" : 0,
        "iops_min" : 0,
        "iops_max" : 0,
        "iops_mean" : 0.000000,
        "iops_stddev" : 0.000000,
        "iops_samples" : 0
      },
      "trim" : {
        "io_bytes" : 0,
        "io_kbytes" : 0,
        "bw_bytes" : 0,
        "bw" : 0,
        "iops" : 0.000000,
        "runtime" : 0,
        "total_ios" : 0,
        "short_ios" : 0,
        "drop_ios" : 0,
        "slat_ns" : {
          "min" : 0,
          "max" : 0,
          "mean" : 0.000000,
          "stddev" : 0.000000,
          "N" : 0
        },
        "clat_ns" : {
          "min" : 0,
          "max" : 0,
          "mean" : 0.000000,
          "stddev" : 0.000000,
          "N" : 0
        },
        "lat_ns" : {
          "min" : 0,
          "max" : 0,
          "mean" : 0.000000,
          "stddev" : 0.000000,
          "N" : 0
        },
        "bw_min" : 0,
        "bw_max" : 0,
        "bw_agg" : 0.000000,
        "bw_mean" : 0.000000,
        "bw_dev" : 0.000000,
        "bw_samples" : 0,
        "iops_min" : 0,
        "iops_max" : 0,
        "iops_mean" : 0.000000,
        "iops_stddev" : 0.000000,
        "iops_samples" : 0
      },
      "sync" : {
        "total_ios" : 0,
        "lat_ns" : {
          "min" : 0,
          "max" : 0,
          "mean" : 0.000000,
          "stddev" : 0.000000,
          "N" : 0
        }
      },
      "job_runtime" : 3841808,
      "usr_cpu" : 0.072362,
      "sys_cpu" : 0.071945,
      "ctx" : 164449,
      "majf" : 0,
      "minf" : 6765,
      "iodepth_level" : {
        "1" : 0.100000,
        "2" : 0.100000,
        "4" : 0.156097,
        "8" : 0.312193,
        "16" : 0.624386,
        "32" : 1.248773,
        ">=64" : 97.541478
      },
      "iodepth_submit" : {
        "0" : 0.000000,
        "4" : 100.000000,
        "8" : 0.000000,
        "16" : 0.000000,
        "32" : 0.000000,
        "64" : 0.000000,
        ">=64" : 0.000000
      },
      "iodepth_complete" : {
        "0" : 0.000000,
        "4" : 99.960008,
        "8" : 0.000000,
        "16" : 0.000000,
        "32" : 0.000000,
        "64" : 0.100000,
        ">=64" : 0.000000
      },
      "latency_ns" : {
        "2" : 0.000000,
        "4" : 0.000000,
        "10" : 0.000000,
        "20" : 0.000000,
        "50" : 0.000000,
        "100" : 0.000000,
        "250" : 0.000000,
        "500" : 0.000000,
        "750" : 0.000000,
        "1000" : 0.000000
      },
      "latency_us" : {
        "2" : 0.000000,
        "4" : 0.000000,
        "10" : 0.000000,
        "20" : 0.000000,
        "50" : 0.000000,
        "100" : 0.000000,
        "250" : 0.000000,
        "500" : 0.000000,
        "750" : 0.000000,
        "1000" : 0.000000
      },
      "latency_ms" : {
        "2" : 0.000000,
        "4" : 0.000000,
        "10" : 0.017073,
        "20" : 0.013415,
        "50" : 0.039024,
        "100" : 0.081097,
        "250" : 0.267072,
        "500" : 0.402437,
        "750" : 0.419510,
        "1000" : 0.439022,
        "2000" : 98.321352,
        ">=2000" : 0.000000
      },
      "latency_depth" : 64,
      "latency_target" : 0,
      "latency_percentile" : 100.000000,
      "latency_window" : 0
    }
  ]
}
