{
  "fio version" : "fio-3.29-112-gc3773",
  "timestamp" : 1649367072,
  "timestamp_ms" : 1649367072879,
  "time" : "Thu Apr  7 21:31:12 2022",
  "global options" : {
    "size" : "50M",
    "runtime" : "60",
    "directory" : "/mnt/gfs"
  },
  "jobs" : [
    {
      "jobname" : "iotest",
      "groupid" : 0,
      "error" : 0,
      "eta" : 0,
      "elapsed" : 61,
      "job options" : {
        "rw" : "read",
        "bs" : "4k",
        "ioengine" : "libaio",
        "iodepth" : "32",
        "numjobs" : "16",
        "direct" : "1",
        "group_reporting" : "1",
        "invalidate" : "1",
        "loops" : "1",
        "write_bw_log" : "./fio-bench-07-04-2022--20-28-07-seq-gfs/seqread/gfs/4k/read-iodepth-32-numjobs-16",
        "write_lat_log" : "./fio-bench-07-04-2022--20-28-07-seq-gfs/seqread/gfs/4k/read-iodepth-32-numjobs-16",
        "write_iops_log" : "./fio-bench-07-04-2022--20-28-07-seq-gfs/seqread/gfs/4k/read-iodepth-32-numjobs-16",
        "log_avg_msec" : "500"
      },
      "read" : {
        "io_bytes" : 671846400,
        "io_kbytes" : 656100,
        "bw_bytes" : 11191844,
        "bw" : 10929,
        "iops" : 2732.383808,
        "runtime" : 60030,
        "total_ios" : 164025,
        "short_ios" : 0,
        "drop_ios" : 0,
        "slat_ns" : {
          "min" : 3143,
          "max" : 29760472,
          "mean" : 5838898.930236,
          "stddev" : 2061310.003046,
          "N" : 164025
        },
        "clat_ns" : {
          "min" : 5019502,
          "max" : 235191714,
          "mean" : 181211982.380509,
          "stddev" : 12437343.072591,
          "N" : 164025,
          "percentile" : {
            "1.000000" : 152043520,
            "5.000000" : 164626432,
            "10.000000" : 168820736,
            "20.000000" : 170917888,
            "30.000000" : 175112192,
            "40.000000" : 177209344,
            "50.000000" : 181403648,
            "60.000000" : 181403648,
            "70.000000" : 187695104,
            "80.000000" : 187695104,
            "90.000000" : 193986560,
            "95.000000" : 200278016,
            "99.000000" : 210763776,
            "99.500000" : 214958080,
            "99.900000" : 223346688,
            "99.950000" : 223346688,
            "99.990000" : 229638144
          }
        },
        "lat_ns" : {
          "min" : 10509247,
          "max" : 246693476,
          "mean" : 187053859.157531,
          "stddev" : 12626766.258390,
          "N" : 164025
        },
        "bw_min" : 7081,
        "bw_max" : 12083,
        "bw_agg" : 99.766366,
        "bw_mean" : 10904.533333,
        "bw_dev" : 34.248343,
        "bw_samples" : 1920,
        "iops_min" : 1770,
        "iops_max" : 3020,
        "iops_mean" : 2725.266667,
        "iops_stddev" : 8.559867,
        "iops_samples" : 1920
      },
      "write" : {
        "io_bytes" : 0,
        "io_kbytes" : 0,
        "bw_bytes" : 0,
        "bw" : 0,
        "iops" : 0.000000,
        "runtime" : 0,
        "total_ios" : 0,
        "short_ios" : 0,
        "drop_ios" : 0,
        "slat_ns" : {
          "min" : 0,
          "max" : 0,
          "mean" : 0.000000,
          "stddev" : 0.000000,
          "N" : 0
        },
        "clat_ns" : {
          "min" : 0,
          "max" : 0,
          "mean" : 0.000000,
          "stddev" : 0.000000,
          "N" : 0
        },
        "lat_ns" : {
          "min" : 0,
          "max" : 0,
          "mean" : 0.000000,
          "stddev" : 0.000000,
          "N" : 0
        },
        "bw_min" : 0,
        "bw_max" : 0,
        "bw_agg" : 0.000000,
        "bw_mean" : 0.000000,
        "bw_dev" : 0.000000,
        "bw_samples" : 0,
        "iops_min" : 0,
        "iops_max" : 0,
        "iops_mean" : 0.000000,
        "iops_stddev" : 0.000000,
        "iops_samples" : 0
      },
      "trim" : {
        "io_bytes" : 0,
        "io_kbytes" : 0,
        "bw_bytes" : 0,
        "bw" : 0,
        "iops" : 0.000000,
        "runtime" : 0,
        "total_ios" : 0,
        "short_ios" : 0,
        "drop_ios" : 0,
        "slat_ns" : {
          "min" : 0,
          "max" : 0,
          "mean" : 0.000000,
          "stddev" : 0.000000,
          "N" : 0
        },
        "clat_ns" : {
          "min" : 0,
          "max" : 0,
          "mean" : 0.000000,
          "stddev" : 0.000000,
          "N" : 0
        },
        "lat_ns" : {
          "min" : 0,
          "max" : 0,
          "mean" : 0.000000,
          "stddev" : 0.000000,
          "N" : 0
        },
        "bw_min" : 0,
        "bw_max" : 0,
        "bw_agg" : 0.000000,
        "bw_mean" : 0.000000,
        "bw_dev" : 0.000000,
        "bw_samples" : 0,
        "iops_min" : 0,
        "iops_max" : 0,
        "iops_mean" : 0.000000,
        "iops_stddev" : 0.000000,
        "iops_samples" : 0
      },
      "sync" : {
        "total_ios" : 0,
        "lat_ns" : {
          "min" : 0,
          "max" : 0,
          "mean" : 0.000000,
          "stddev" : 0.000000,
          "N" : 0
        }
      },
      "job_runtime" : 960233,
      "usr_cpu" : 0.197973,
      "sys_cpu" : 0.303885,
      "ctx" : 164308,
      "majf" : 0,
      "minf" : 1113,
      "iodepth_level" : {
        "1" : 0.100000,
        "2" : 0.100000,
        "4" : 0.100000,
        "8" : 0.100000,
        "16" : 0.156074,
        "32" : 99.697607,
        ">=64" : 0.000000
      },
      "iodepth_submit" : {
        "0" : 0.000000,
        "4" : 100.000000,
        "8" : 0.000000,
        "16" : 0.000000,
        "32" : 0.000000,
        "64" : 0.000000,
        ">=64" : 0.000000
      },
      "iodepth_complete" : {
        "0" : 0.000000,
        "4" : 99.990217,
        "8" : 0.000000,
        "16" : 0.000000,
        "32" : 0.100000,
        "64" : 0.000000,
        ">=64" : 0.000000
      },
      "latency_ns" : {
        "2" : 0.000000,
        "4" : 0.000000,
        "10" : 0.000000,
        "20" : 0.000000,
        "50" : 0.000000,
        "100" : 0.000000,
        "250" : 0.000000,
        "500" : 0.000000,
        "750" : 0.000000,
        "1000" : 0.000000
      },
      "latency_us" : {
        "2" : 0.000000,
        "4" : 0.000000,
        "10" : 0.000000,
        "20" : 0.000000,
        "50" : 0.000000,
        "100" : 0.000000,
        "250" : 0.000000,
        "500" : 0.000000,
        "750" : 0.000000,
        "1000" : 0.000000
      },
      "latency_ms" : {
        "2" : 0.000000,
        "4" : 0.000000,
        "10" : 0.010000,
        "20" : 0.014632,
        "50" : 0.051212,
        "100" : 0.091449,
        "250" : 99.836001,
        "500" : 0.000000,
        "750" : 0.000000,
        "1000" : 0.000000,
        "2000" : 0.000000,
        ">=2000" : 0.000000
      },
      "latency_depth" : 32,
      "latency_target" : 0,
      "latency_percentile" : 100.000000,
      "latency_window" : 0
    }
  ]
}
