{
  "fio version" : "fio-3.29-112-gc3773",
  "timestamp" : 1649366974,
  "timestamp_ms" : 1649366974827,
  "time" : "Thu Apr  7 21:29:34 2022",
  "global options" : {
    "size" : "50M",
    "runtime" : "60",
    "directory" : "/mnt/gfs"
  },
  "jobs" : [
    {
      "jobname" : "iotest",
      "groupid" : 0,
      "error" : 0,
      "eta" : 0,
      "elapsed" : 19,
      "job options" : {
        "rw" : "read",
        "bs" : "4k",
        "ioengine" : "libaio",
        "iodepth" : "32",
        "numjobs" : "4",
        "direct" : "1",
        "group_reporting" : "1",
        "invalidate" : "1",
        "loops" : "1",
        "write_bw_log" : "./fio-bench-07-04-2022--20-28-07-seq-gfs/seqread/gfs/4k/read-iodepth-32-numjobs-4",
        "write_lat_log" : "./fio-bench-07-04-2022--20-28-07-seq-gfs/seqread/gfs/4k/read-iodepth-32-numjobs-4",
        "write_iops_log" : "./fio-bench-07-04-2022--20-28-07-seq-gfs/seqread/gfs/4k/read-iodepth-32-numjobs-4",
        "log_avg_msec" : "500"
      },
      "read" : {
        "io_bytes" : 209715200,
        "io_kbytes" : 204800,
        "bw_bytes" : 11189584,
        "bw" : 10927,
        "iops" : 2731.832248,
        "runtime" : 18742,
        "total_ios" : 51200,
        "short_ios" : 0,
        "drop_ios" : 0,
        "slat_ns" : {
          "min" : 3771,
          "max" : 12985403,
          "mean" : 1437868.637480,
          "stddev" : 562757.274052,
          "N" : 51200
        },
        "clat_ns" : {
          "min" : 3518330,
          "max" : 241671600,
          "mean" : 45195759.852090,
          "stddev" : 4118523.733951,
          "N" : 51200,
          "percentile" : {
            "1.000000" : 33816576,
            "5.000000" : 40632320,
            "10.000000" : 41680896,
            "20.000000" : 43253760,
            "30.000000" : 43778048,
            "40.000000" : 44302336,
            "50.000000" : 45350912,
            "60.000000" : 45350912,
            "70.000000" : 46923776,
            "80.000000" : 47448064,
            "90.000000" : 49020928,
            "95.000000" : 50069504,
            "99.000000" : 52690944,
            "99.500000" : 54263808,
            "99.900000" : 71827456,
            "99.950000" : 84410368,
            "99.990000" : 99090432
          }
        },
        "lat_ns" : {
          "min" : 3560026,
          "max" : 243164461,
          "mean" : 46636541.453437,
          "stddev" : 4185800.116829,
          "N" : 51200
        },
        "bw_min" : 9936,
        "bw_max" : 11440,
        "bw_agg" : 99.905484,
        "bw_mean" : 10917.729730,
        "bw_dev" : 69.305551,
        "bw_samples" : 148,
        "iops_min" : 2484,
        "iops_max" : 2860,
        "iops_mean" : 2729.297297,
        "iops_stddev" : 17.325242,
        "iops_samples" : 148
      },
      "write" : {
        "io_bytes" : 0,
        "io_kbytes" : 0,
        "bw_bytes" : 0,
        "bw" : 0,
        "iops" : 0.000000,
        "runtime" : 0,
        "total_ios" : 0,
        "short_ios" : 0,
        "drop_ios" : 0,
        "slat_ns" : {
          "min" : 0,
          "max" : 0,
          "mean" : 0.000000,
          "stddev" : 0.000000,
          "N" : 0
        },
        "clat_ns" : {
          "min" : 0,
          "max" : 0,
          "mean" : 0.000000,
          "stddev" : 0.000000,
          "N" : 0
        },
        "lat_ns" : {
          "min" : 0,
          "max" : 0,
          "mean" : 0.000000,
          "stddev" : 0.000000,
          "N" : 0
        },
        "bw_min" : 0,
        "bw_max" : 0,
        "bw_agg" : 0.000000,
        "bw_mean" : 0.000000,
        "bw_dev" : 0.000000,
        "bw_samples" : 0,
        "iops_min" : 0,
        "iops_max" : 0,
        "iops_mean" : 0.000000,
        "iops_stddev" : 0.000000,
        "iops_samples" : 0
      },
      "trim" : {
        "io_bytes" : 0,
        "io_kbytes" : 0,
        "bw_bytes" : 0,
        "bw" : 0,
        "iops" : 0.000000,
        "runtime" : 0,
        "total_ios" : 0,
        "short_ios" : 0,
        "drop_ios" : 0,
        "slat_ns" : {
          "min" : 0,
          "max" : 0,
          "mean" : 0.000000,
          "stddev" : 0.000000,
          "N" : 0
        },
        "clat_ns" : {
          "min" : 0,
          "max" : 0,
          "mean" : 0.000000,
          "stddev" : 0.000000,
          "N" : 0
        },
        "lat_ns" : {
          "min" : 0,
          "max" : 0,
          "mean" : 0.000000,
          "stddev" : 0.000000,
          "N" : 0
        },
        "bw_min" : 0,
        "bw_max" : 0,
        "bw_agg" : 0.000000,
        "bw_mean" : 0.000000,
        "bw_dev" : 0.000000,
        "bw_samples" : 0,
        "iops_min" : 0,
        "iops_max" : 0,
        "iops_mean" : 0.000000,
        "iops_stddev" : 0.000000,
        "iops_samples" : 0
      },
      "sync" : {
        "total_ios" : 0,
        "lat_ns" : {
          "min" : 0,
          "max" : 0,
          "mean" : 0.000000,
          "stddev" : 0.000000,
          "N" : 0
        }
      },
      "job_runtime" : 74696,
      "usr_cpu" : 0.788530,
      "sys_cpu" : 1.215594,
      "ctx" : 51532,
      "majf" : 0,
      "minf" : 280,
      "iodepth_level" : {
        "1" : 0.100000,
        "2" : 0.100000,
        "4" : 0.100000,
        "8" : 0.100000,
        "16" : 0.125000,
        "32" : 99.757812,
        ">=64" : 0.000000
      },
      "iodepth_submit" : {
        "0" : 0.000000,
        "4" : 100.000000,
        "8" : 0.000000,
        "16" : 0.000000,
        "32" : 0.000000,
        "64" : 0.000000,
        ">=64" : 0.000000
      },
      "iodepth_complete" : {
        "0" : 0.000000,
        "4" : 99.992169,
        "8" : 0.000000,
        "16" : 0.000000,
        "32" : 0.100000,
        "64" : 0.000000,
        ">=64" : 0.000000
      },
      "latency_ns" : {
        "2" : 0.000000,
        "4" : 0.000000,
        "10" : 0.000000,
        "20" : 0.000000,
        "50" : 0.000000,
        "100" : 0.000000,
        "250" : 0.000000,
        "500" : 0.000000,
        "750" : 0.000000,
        "1000" : 0.000000
      },
      "latency_us" : {
        "2" : 0.000000,
        "4" : 0.000000,
        "10" : 0.000000,
        "20" : 0.000000,
        "50" : 0.000000,
        "100" : 0.000000,
        "250" : 0.000000,
        "500" : 0.000000,
        "750" : 0.000000,
        "1000" : 0.000000
      },
      "latency_ms" : {
        "2" : 0.000000,
        "4" : 0.010000,
        "10" : 0.029297,
        "20" : 0.070312,
        "50" : 94.529297,
        "100" : 5.359375,
        "250" : 0.010000,
        "500" : 0.000000,
        "750" : 0.000000,
        "1000" : 0.000000,
        "2000" : 0.000000,
        ">=2000" : 0.000000
      },
      "latency_depth" : 32,
      "latency_target" : 0,
      "latency_percentile" : 100.000000,
      "latency_window" : 0
    }
  ]
}
