{
  "fio version" : "fio-3.29-112-gc3773",
  "timestamp" : 1649366627,
  "timestamp_ms" : 1649366627503,
  "time" : "Thu Apr  7 21:23:47 2022",
  "global options" : {
    "size" : "50M",
    "runtime" : "60",
    "directory" : "/mnt/gfs"
  },
  "jobs" : [
    {
      "jobname" : "iotest",
      "groupid" : 0,
      "error" : 0,
      "eta" : 0,
      "elapsed" : 61,
      "job options" : {
        "rw" : "read",
        "bs" : "4k",
        "ioengine" : "libaio",
        "iodepth" : "8",
        "numjobs" : "32",
        "direct" : "1",
        "group_reporting" : "1",
        "invalidate" : "1",
        "loops" : "1",
        "write_bw_log" : "./fio-bench-07-04-2022--20-28-07-seq-gfs/seqread/gfs/4k/read-iodepth-8-numjobs-32",
        "write_lat_log" : "./fio-bench-07-04-2022--20-28-07-seq-gfs/seqread/gfs/4k/read-iodepth-8-numjobs-32",
        "write_iops_log" : "./fio-bench-07-04-2022--20-28-07-seq-gfs/seqread/gfs/4k/read-iodepth-8-numjobs-32",
        "log_avg_msec" : "500"
      },
      "read" : {
        "io_bytes" : 671969280,
        "io_kbytes" : 656220,
        "bw_bytes" : 11192585,
        "bw" : 10930,
        "iops" : 2732.564918,
        "runtime" : 60037,
        "total_ios" : 164055,
        "short_ios" : 0,
        "drop_ios" : 0,
        "slat_ns" : {
          "min" : 3004,
          "max" : 69782395,
          "mean" : 11679502.016373,
          "stddev" : 4399997.545949,
          "N" : 164055
        },
        "clat_ns" : {
          "min" : 4157380,
          "max" : 340297664,
          "mean" : 81920993.832038,
          "stddev" : 11353279.847830,
          "N" : 164055,
          "percentile" : {
            "1.000000" : 57933824,
            "5.000000" : 69730304,
            "10.000000" : 69730304,
            "20.000000" : 70778880,
            "30.000000" : 81264640,
            "40.000000" : 82313216,
            "50.000000" : 82313216,
            "60.000000" : 82313216,
            "70.000000" : 82313216,
            "80.000000" : 93847552,
            "90.000000" : 93847552,
            "95.000000" : 105381888,
            "99.000000" : 116916224,
            "99.500000" : 116916224,
            "99.900000" : 129499136,
            "99.950000" : 139460608,
            "99.990000" : 141557760
          }
        },
        "lat_ns" : {
          "min" : 4187691,
          "max" : 352038284,
          "mean" : 93603711.037908,
          "stddev" : 12194314.278881,
          "N" : 164055
        },
        "bw_min" : 8997,
        "bw_max" : 12464,
        "bw_agg" : 99.896994,
        "bw_mean" : 10919.891667,
        "bw_dev" : 19.099476,
        "bw_samples" : 3840,
        "iops_min" : 2247,
        "iops_max" : 3116,
        "iops_mean" : 2729.791667,
        "iops_stddev" : 4.778113,
        "iops_samples" : 3840
      },
      "write" : {
        "io_bytes" : 0,
        "io_kbytes" : 0,
        "bw_bytes" : 0,
        "bw" : 0,
        "iops" : 0.000000,
        "runtime" : 0,
        "total_ios" : 0,
        "short_ios" : 0,
        "drop_ios" : 0,
        "slat_ns" : {
          "min" : 0,
          "max" : 0,
          "mean" : 0.000000,
          "stddev" : 0.000000,
          "N" : 0
        },
        "clat_ns" : {
          "min" : 0,
          "max" : 0,
          "mean" : 0.000000,
          "stddev" : 0.000000,
          "N" : 0
        },
        "lat_ns" : {
          "min" : 0,
          "max" : 0,
          "mean" : 0.000000,
          "stddev" : 0.000000,
          "N" : 0
        },
        "bw_min" : 0,
        "bw_max" : 0,
        "bw_agg" : 0.000000,
        "bw_mean" : 0.000000,
        "bw_dev" : 0.000000,
        "bw_samples" : 0,
        "iops_min" : 0,
        "iops_max" : 0,
        "iops_mean" : 0.000000,
        "iops_stddev" : 0.000000,
        "iops_samples" : 0
      },
      "trim" : {
        "io_bytes" : 0,
        "io_kbytes" : 0,
        "bw_bytes" : 0,
        "bw" : 0,
        "iops" : 0.000000,
        "runtime" : 0,
        "total_ios" : 0,
        "short_ios" : 0,
        "drop_ios" : 0,
        "slat_ns" : {
          "min" : 0,
          "max" : 0,
          "mean" : 0.000000,
          "stddev" : 0.000000,
          "N" : 0
        },
        "clat_ns" : {
          "min" : 0,
          "max" : 0,
          "mean" : 0.000000,
          "stddev" : 0.000000,
          "N" : 0
        },
        "lat_ns" : {
          "min" : 0,
          "max" : 0,
          "mean" : 0.000000,
          "stddev" : 0.000000,
          "N" : 0
        },
        "bw_min" : 0,
        "bw_max" : 0,
        "bw_agg" : 0.000000,
        "bw_mean" : 0.000000,
        "bw_dev" : 0.000000,
        "bw_samples" : 0,
        "iops_min" : 0,
        "iops_max" : 0,
        "iops_mean" : 0.000000,
        "iops_stddev" : 0.000000,
        "iops_samples" : 0
      },
      "sync" : {
        "total_ios" : 0,
        "lat_ns" : {
          "min" : 0,
          "max" : 0,
          "mean" : 0.000000,
          "stddev" : 0.000000,
          "N" : 0
        }
      },
      "job_runtime" : 1920734,
      "usr_cpu" : 0.116362,
      "sys_cpu" : 0.145309,
      "ctx" : 164916,
      "majf" : 0,
      "minf" : 1511,
      "iodepth_level" : {
        "1" : 0.100000,
        "2" : 0.100000,
        "4" : 0.100000,
        "8" : 99.863460,
        "16" : 0.000000,
        "32" : 0.000000,
        ">=64" : 0.000000
      },
      "iodepth_submit" : {
        "0" : 0.000000,
        "4" : 100.000000,
        "8" : 0.000000,
        "16" : 0.000000,
        "32" : 0.000000,
        "64" : 0.000000,
        ">=64" : 0.000000
      },
      "iodepth_complete" : {
        "0" : 0.000000,
        "4" : 99.980471,
        "8" : 0.100000,
        "16" : 0.000000,
        "32" : 0.000000,
        "64" : 0.000000,
        ">=64" : 0.000000
      },
      "latency_ns" : {
        "2" : 0.000000,
        "4" : 0.000000,
        "10" : 0.000000,
        "20" : 0.000000,
        "50" : 0.000000,
        "100" : 0.000000,
        "250" : 0.000000,
        "500" : 0.000000,
        "750" : 0.000000,
        "1000" : 0.000000
      },
      "latency_us" : {
        "2" : 0.000000,
        "4" : 0.000000,
        "10" : 0.000000,
        "20" : 0.000000,
        "50" : 0.000000,
        "100" : 0.000000,
        "250" : 0.000000,
        "500" : 0.000000,
        "750" : 0.000000,
        "1000" : 0.000000
      },
      "latency_ms" : {
        "2" : 0.000000,
        "4" : 0.000000,
        "10" : 0.012191,
        "20" : 0.010362,
        "50" : 0.384627,
        "100" : 93.599098,
        "250" : 5.993112,
        "500" : 0.010000,
        "750" : 0.000000,
        "1000" : 0.000000,
        "2000" : 0.000000,
        ">=2000" : 0.000000
      },
      "latency_depth" : 8,
      "latency_target" : 0,
      "latency_percentile" : 100.000000,
      "latency_window" : 0
    }
  ]
}
