{
  "fio version" : "fio-3.29-112-gc3773",
  "timestamp" : 1649364691,
  "timestamp_ms" : 1649364691041,
  "time" : "Thu Apr  7 20:51:31 2022",
  "global options" : {
    "size" : "50M",
    "runtime" : "60",
    "directory" : "/mnt/gfs"
  },
  "jobs" : [
    {
      "jobname" : "iotest",
      "groupid" : 0,
      "error" : 0,
      "eta" : 0,
      "elapsed" : 61,
      "job options" : {
        "rw" : "read",
        "bs" : "4k",
        "ioengine" : "libaio",
        "iodepth" : "1",
        "numjobs" : "32",
        "direct" : "1",
        "group_reporting" : "1",
        "invalidate" : "1",
        "loops" : "1",
        "write_bw_log" : "./fio-bench-07-04-2022--20-28-07-seq-gfs/seqread/gfs/4k/read-iodepth-1-numjobs-32",
        "write_lat_log" : "./fio-bench-07-04-2022--20-28-07-seq-gfs/seqread/gfs/4k/read-iodepth-1-numjobs-32",
        "write_iops_log" : "./fio-bench-07-04-2022--20-28-07-seq-gfs/seqread/gfs/4k/read-iodepth-1-numjobs-32",
        "log_avg_msec" : "500"
      },
      "read" : {
        "io_bytes" : 672735232,
        "io_kbytes" : 656968,
        "bw_bytes" : 11210011,
        "bw" : 10947,
        "iops" : 2736.819303,
        "runtime" : 60012,
        "total_ios" : 164242,
        "short_ios" : 0,
        "drop_ios" : 0,
        "slat_ns" : {
          "min" : 3631,
          "max" : 83669,
          "mean" : 7958.240694,
          "stddev" : 1562.969993,
          "N" : 164242
        },
        "clat_ns" : {
          "min" : 2580011,
          "max" : 49240278,
          "mean" : 11671705.881285,
          "stddev" : 3670517.342525,
          "N" : 164242,
          "percentile" : {
            "1.000000" : 5996544,
            "5.000000" : 6979584,
            "10.000000" : 7241728,
            "20.000000" : 8978432,
            "30.000000" : 9502720,
            "40.000000" : 9502720,
            "50.000000" : 10027008,
            "60.000000" : 10289152,
            "70.000000" : 16187392,
            "80.000000" : 16187392,
            "90.000000" : 16449536,
            "95.000000" : 16449536,
            "99.000000" : 17432576,
            "99.500000" : 17694720,
            "99.900000" : 20054016,
            "99.950000" : 22413312,
            "99.990000" : 35389440
          }
        },
        "lat_ns" : {
          "min" : 2588043,
          "max" : 49257948,
          "mean" : 11682416.652202,
          "stddev" : 3670689.188327,
          "N" : 164242
        },
        "bw_min" : 10074,
        "bw_max" : 12010,
        "bw_agg" : 100.000000,
        "bw_mean" : 10948.543207,
        "bw_dev" : 9.793176,
        "bw_samples" : 3836,
        "iops_min" : 2518,
        "iops_max" : 3002,
        "iops_mean" : 2736.901821,
        "iops_stddev" : 2.448133,
        "iops_samples" : 3836
      },
      "write" : {
        "io_bytes" : 0,
        "io_kbytes" : 0,
        "bw_bytes" : 0,
        "bw" : 0,
        "iops" : 0.000000,
        "runtime" : 0,
        "total_ios" : 0,
        "short_ios" : 0,
        "drop_ios" : 0,
        "slat_ns" : {
          "min" : 0,
          "max" : 0,
          "mean" : 0.000000,
          "stddev" : 0.000000,
          "N" : 0
        },
        "clat_ns" : {
          "min" : 0,
          "max" : 0,
          "mean" : 0.000000,
          "stddev" : 0.000000,
          "N" : 0
        },
        "lat_ns" : {
          "min" : 0,
          "max" : 0,
          "mean" : 0.000000,
          "stddev" : 0.000000,
          "N" : 0
        },
        "bw_min" : 0,
        "bw_max" : 0,
        "bw_agg" : 0.000000,
        "bw_mean" : 0.000000,
        "bw_dev" : 0.000000,
        "bw_samples" : 0,
        "iops_min" : 0,
        "iops_max" : 0,
        "iops_mean" : 0.000000,
        "iops_stddev" : 0.000000,
        "iops_samples" : 0
      },
      "trim" : {
        "io_bytes" : 0,
        "io_kbytes" : 0,
        "bw_bytes" : 0,
        "bw" : 0,
        "iops" : 0.000000,
        "runtime" : 0,
        "total_ios" : 0,
        "short_ios" : 0,
        "drop_ios" : 0,
        "slat_ns" : {
          "min" : 0,
          "max" : 0,
          "mean" : 0.000000,
          "stddev" : 0.000000,
          "N" : 0
        },
        "clat_ns" : {
          "min" : 0,
          "max" : 0,
          "mean" : 0.000000,
          "stddev" : 0.000000,
          "N" : 0
        },
        "lat_ns" : {
          "min" : 0,
          "max" : 0,
          "mean" : 0.000000,
          "stddev" : 0.000000,
          "N" : 0
        },
        "bw_min" : 0,
        "bw_max" : 0,
        "bw_agg" : 0.000000,
        "bw_mean" : 0.000000,
        "bw_dev" : 0.000000,
        "bw_samples" : 0,
        "iops_min" : 0,
        "iops_max" : 0,
        "iops_mean" : 0.000000,
        "iops_stddev" : 0.000000,
        "iops_samples" : 0
      },
      "sync" : {
        "total_ios" : 0,
        "lat_ns" : {
          "min" : 0,
          "max" : 0,
          "mean" : 0.000000,
          "stddev" : 0.000000,
          "N" : 0
        }
      },
      "job_runtime" : 1920199,
      "usr_cpu" : 0.105979,
      "sys_cpu" : 0.143735,
      "ctx" : 164537,
      "majf" : 0,
      "minf" : 1272,
      "iodepth_level" : {
        "1" : 100.000000,
        "2" : 0.000000,
        "4" : 0.000000,
        "8" : 0.000000,
        "16" : 0.000000,
        "32" : 0.000000,
        ">=64" : 0.000000
      },
      "iodepth_submit" : {
        "0" : 0.000000,
        "4" : 100.000000,
        "8" : 0.000000,
        "16" : 0.000000,
        "32" : 0.000000,
        "64" : 0.000000,
        ">=64" : 0.000000
      },
      "iodepth_complete" : {
        "0" : 0.000000,
        "4" : 100.000000,
        "8" : 0.000000,
        "16" : 0.000000,
        "32" : 0.000000,
        "64" : 0.000000,
        ">=64" : 0.000000
      },
      "latency_ns" : {
        "2" : 0.000000,
        "4" : 0.000000,
        "10" : 0.000000,
        "20" : 0.000000,
        "50" : 0.000000,
        "100" : 0.000000,
        "250" : 0.000000,
        "500" : 0.000000,
        "750" : 0.000000,
        "1000" : 0.000000
      },
      "latency_us" : {
        "2" : 0.000000,
        "4" : 0.000000,
        "10" : 0.000000,
        "20" : 0.000000,
        "50" : 0.000000,
        "100" : 0.000000,
        "250" : 0.000000,
        "500" : 0.000000,
        "750" : 0.000000,
        "1000" : 0.000000
      },
      "latency_ms" : {
        "2" : 0.000000,
        "4" : 0.010000,
        "10" : 51.002180,
        "20" : 48.892488,
        "50" : 0.100462,
        "100" : 0.000000,
        "250" : 0.000000,
        "500" : 0.000000,
        "750" : 0.000000,
        "1000" : 0.000000,
        "2000" : 0.000000,
        ">=2000" : 0.000000
      },
      "latency_depth" : 1,
      "latency_target" : 0,
      "latency_percentile" : 100.000000,
      "latency_window" : 0
    }
  ]
}
