{
  "fio version" : "fio-3.29-112-gc3773",
  "timestamp" : 1649366940,
  "timestamp_ms" : 1649366940814,
  "time" : "Thu Apr  7 21:29:00 2022",
  "global options" : {
    "size" : "50M",
    "runtime" : "60",
    "directory" : "/mnt/gfs"
  },
  "jobs" : [
    {
      "jobname" : "iotest",
      "groupid" : 0,
      "error" : 0,
      "eta" : 0,
      "elapsed" : 61,
      "job options" : {
        "rw" : "read",
        "bs" : "4k",
        "ioengine" : "libaio",
        "iodepth" : "16",
        "numjobs" : "64",
        "direct" : "1",
        "group_reporting" : "1",
        "invalidate" : "1",
        "loops" : "1",
        "write_bw_log" : "./fio-bench-07-04-2022--20-28-07-seq-gfs/seqread/gfs/4k/read-iodepth-16-numjobs-64",
        "write_lat_log" : "./fio-bench-07-04-2022--20-28-07-seq-gfs/seqread/gfs/4k/read-iodepth-16-numjobs-64",
        "write_iops_log" : "./fio-bench-07-04-2022--20-28-07-seq-gfs/seqread/gfs/4k/read-iodepth-16-numjobs-64",
        "log_avg_msec" : "500"
      },
      "read" : {
        "io_bytes" : 671961088,
        "io_kbytes" : 656212,
        "bw_bytes" : 11189281,
        "bw" : 10927,
        "iops" : 2731.758084,
        "runtime" : 60054,
        "total_ios" : 164053,
        "short_ios" : 0,
        "drop_ios" : 0,
        "slat_ns" : {
          "min" : 2933,
          "max" : 117348584,
          "mean" : 23393837.512072,
          "stddev" : 8784388.065100,
          "N" : 164053
        },
        "clat_ns" : {
          "min" : 4032224,
          "max" : 538697407,
          "mean" : 350240209.853541,
          "stddev" : 36816021.056368,
          "N" : 164053,
          "percentile" : {
            "1.000000" : 258998272,
            "5.000000" : 304087040,
            "10.000000" : 304087040,
            "20.000000" : 329252864,
            "30.000000" : 329252864,
            "40.000000" : 350224384,
            "50.000000" : 350224384,
            "60.000000" : 350224384,
            "70.000000" : 375390208,
            "80.000000" : 375390208,
            "90.000000" : 396361728,
            "95.000000" : 400556032,
            "99.000000" : 446693376,
            "99.500000" : 446693376,
            "99.900000" : 467664896,
            "99.950000" : 492830720,
            "99.990000" : 513802240
          }
        },
        "lat_ns" : {
          "min" : 9284089,
          "max" : 562749182,
          "mean" : 373637829.750446,
          "stddev" : 37924052.690846,
          "N" : 164053
        },
        "bw_min" : 3435,
        "bw_max" : 13480,
        "bw_agg" : 99.459760,
        "bw_mean" : 10868.958333,
        "bw_dev" : 17.652764,
        "bw_samples" : 7680,
        "iops_min" : 849,
        "iops_max" : 3370,
        "iops_mean" : 2717.091667,
        "iops_stddev" : 4.422017,
        "iops_samples" : 7680
      },
      "write" : {
        "io_bytes" : 0,
        "io_kbytes" : 0,
        "bw_bytes" : 0,
        "bw" : 0,
        "iops" : 0.000000,
        "runtime" : 0,
        "total_ios" : 0,
        "short_ios" : 0,
        "drop_ios" : 0,
        "slat_ns" : {
          "min" : 0,
          "max" : 0,
          "mean" : 0.000000,
          "stddev" : 0.000000,
          "N" : 0
        },
        "clat_ns" : {
          "min" : 0,
          "max" : 0,
          "mean" : 0.000000,
          "stddev" : 0.000000,
          "N" : 0
        },
        "lat_ns" : {
          "min" : 0,
          "max" : 0,
          "mean" : 0.000000,
          "stddev" : 0.000000,
          "N" : 0
        },
        "bw_min" : 0,
        "bw_max" : 0,
        "bw_agg" : 0.000000,
        "bw_mean" : 0.000000,
        "bw_dev" : 0.000000,
        "bw_samples" : 0,
        "iops_min" : 0,
        "iops_max" : 0,
        "iops_mean" : 0.000000,
        "iops_stddev" : 0.000000,
        "iops_samples" : 0
      },
      "trim" : {
        "io_bytes" : 0,
        "io_kbytes" : 0,
        "bw_bytes" : 0,
        "bw" : 0,
        "iops" : 0.000000,
        "runtime" : 0,
        "total_ios" : 0,
        "short_ios" : 0,
        "drop_ios" : 0,
        "slat_ns" : {
          "min" : 0,
          "max" : 0,
          "mean" : 0.000000,
          "stddev" : 0.000000,
          "N" : 0
        },
        "clat_ns" : {
          "min" : 0,
          "max" : 0,
          "mean" : 0.000000,
          "stddev" : 0.000000,
          "N" : 0
        },
        "lat_ns" : {
          "min" : 0,
          "max" : 0,
          "mean" : 0.000000,
          "stddev" : 0.000000,
          "N" : 0
        },
        "bw_min" : 0,
        "bw_max" : 0,
        "bw_agg" : 0.000000,
        "bw_mean" : 0.000000,
        "bw_dev" : 0.000000,
        "bw_samples" : 0,
        "iops_min" : 0,
        "iops_max" : 0,
        "iops_mean" : 0.000000,
        "iops_stddev" : 0.000000,
        "iops_samples" : 0
      },
      "sync" : {
        "total_ios" : 0,
        "lat_ns" : {
          "min" : 0,
          "max" : 0,
          "mean" : 0.000000,
          "stddev" : 0.000000,
          "N" : 0
        }
      },
      "job_runtime" : 3841827,
      "usr_cpu" : 0.067676,
      "sys_cpu" : 0.075615,
      "ctx" : 164559,
      "majf" : 0,
      "minf" : 3561,
      "iodepth_level" : {
        "1" : 0.100000,
        "2" : 0.100000,
        "4" : 0.156047,
        "8" : 0.312094,
        "16" : 99.414823,
        "32" : 0.000000,
        ">=64" : 0.000000
      },
      "iodepth_submit" : {
        "0" : 0.000000,
        "4" : 100.000000,
        "8" : 0.000000,
        "16" : 0.000000,
        "32" : 0.000000,
        "64" : 0.000000,
        ">=64" : 0.000000
      },
      "iodepth_complete" : {
        "0" : 0.000000,
        "4" : 99.960774,
        "8" : 0.000000,
        "16" : 0.100000,
        "32" : 0.000000,
        "64" : 0.000000,
        ">=64" : 0.000000
      },
      "latency_ns" : {
        "2" : 0.000000,
        "4" : 0.000000,
        "10" : 0.000000,
        "20" : 0.000000,
        "50" : 0.000000,
        "100" : 0.000000,
        "250" : 0.000000,
        "500" : 0.000000,
        "750" : 0.000000,
        "1000" : 0.000000
      },
      "latency_us" : {
        "2" : 0.000000,
        "4" : 0.000000,
        "10" : 0.000000,
        "20" : 0.000000,
        "50" : 0.000000,
        "100" : 0.000000,
        "250" : 0.000000,
        "500" : 0.000000,
        "750" : 0.000000,
        "1000" : 0.000000
      },
      "latency_ms" : {
        "2" : 0.000000,
        "4" : 0.000000,
        "10" : 0.017677,
        "20" : 0.014020,
        "50" : 0.042060,
        "100" : 0.087777,
        "250" : 0.348668,
        "500" : 99.472122,
        "750" : 0.017677,
        "1000" : 0.000000,
        "2000" : 0.000000,
        ">=2000" : 0.000000
      },
      "latency_depth" : 16,
      "latency_target" : 0,
      "latency_percentile" : 100.000000,
      "latency_window" : 0
    }
  ]
}
