{
  "fio version" : "fio-3.29-112-gc3773",
  "timestamp" : 1649366880,
  "timestamp_ms" : 1649366880385,
  "time" : "Thu Apr  7 21:28:00 2022",
  "global options" : {
    "size" : "50M",
    "runtime" : "60",
    "directory" : "/mnt/gfs"
  },
  "jobs" : [
    {
      "jobname" : "iotest",
      "groupid" : 0,
      "error" : 0,
      "eta" : 0,
      "elapsed" : 61,
      "job options" : {
        "rw" : "read",
        "bs" : "4k",
        "ioengine" : "libaio",
        "iodepth" : "16",
        "numjobs" : "32",
        "direct" : "1",
        "group_reporting" : "1",
        "invalidate" : "1",
        "loops" : "1",
        "write_bw_log" : "./fio-bench-07-04-2022--20-28-07-seq-gfs/seqread/gfs/4k/read-iodepth-16-numjobs-32",
        "write_lat_log" : "./fio-bench-07-04-2022--20-28-07-seq-gfs/seqread/gfs/4k/read-iodepth-16-numjobs-32",
        "write_iops_log" : "./fio-bench-07-04-2022--20-28-07-seq-gfs/seqread/gfs/4k/read-iodepth-16-numjobs-32",
        "log_avg_msec" : "500"
      },
      "read" : {
        "io_bytes" : 672014336,
        "io_kbytes" : 656264,
        "bw_bytes" : 11193149,
        "bw" : 10930,
        "iops" : 2732.702622,
        "runtime" : 60038,
        "total_ios" : 164066,
        "short_ios" : 0,
        "drop_ios" : 0,
        "slat_ns" : {
          "min" : 3143,
          "max" : 70031728,
          "mean" : 11688696.289109,
          "stddev" : 4308766.748933,
          "N" : 164066
        },
        "clat_ns" : {
          "min" : 3728903,
          "max" : 281475618,
          "mean" : 175372296.231224,
          "stddev" : 17063692.569270,
          "N" : 164066,
          "percentile" : {
            "1.000000" : 139460608,
            "5.000000" : 152043520,
            "10.000000" : 152043520,
            "20.000000" : 164626432,
            "30.000000" : 164626432,
            "40.000000" : 175112192,
            "50.000000" : 175112192,
            "60.000000" : 175112192,
            "70.000000" : 187695104,
            "80.000000" : 187695104,
            "90.000000" : 198180864,
            "95.000000" : 200278016,
            "99.000000" : 221249536,
            "99.500000" : 223346688,
            "99.900000" : 233832448,
            "99.950000" : 246415360,
            "99.990000" : 258998272
          }
        },
        "lat_ns" : {
          "min" : 3753348,
          "max" : 293419337,
          "mean" : 187064256.291615,
          "stddev" : 17640426.259847,
          "N" : 164066
        },
        "bw_min" : 7306,
        "bw_max" : 12568,
        "bw_agg" : 99.745585,
        "bw_mean" : 10903.816667,
        "bw_dev" : 21.803858,
        "bw_samples" : 3840,
        "iops_min" : 1824,
        "iops_max" : 3142,
        "iops_mean" : 2725.916667,
        "iops_stddev" : 5.455191,
        "iops_samples" : 3840
      },
      "write" : {
        "io_bytes" : 0,
        "io_kbytes" : 0,
        "bw_bytes" : 0,
        "bw" : 0,
        "iops" : 0.000000,
        "runtime" : 0,
        "total_ios" : 0,
        "short_ios" : 0,
        "drop_ios" : 0,
        "slat_ns" : {
          "min" : 0,
          "max" : 0,
          "mean" : 0.000000,
          "stddev" : 0.000000,
          "N" : 0
        },
        "clat_ns" : {
          "min" : 0,
          "max" : 0,
          "mean" : 0.000000,
          "stddev" : 0.000000,
          "N" : 0
        },
        "lat_ns" : {
          "min" : 0,
          "max" : 0,
          "mean" : 0.000000,
          "stddev" : 0.000000,
          "N" : 0
        },
        "bw_min" : 0,
        "bw_max" : 0,
        "bw_agg" : 0.000000,
        "bw_mean" : 0.000000,
        "bw_dev" : 0.000000,
        "bw_samples" : 0,
        "iops_min" : 0,
        "iops_max" : 0,
        "iops_mean" : 0.000000,
        "iops_stddev" : 0.000000,
        "iops_samples" : 0
      },
      "trim" : {
        "io_bytes" : 0,
        "io_kbytes" : 0,
        "bw_bytes" : 0,
        "bw" : 0,
        "iops" : 0.000000,
        "runtime" : 0,
        "total_ios" : 0,
        "short_ios" : 0,
        "drop_ios" : 0,
        "slat_ns" : {
          "min" : 0,
          "max" : 0,
          "mean" : 0.000000,
          "stddev" : 0.000000,
          "N" : 0
        },
        "clat_ns" : {
          "min" : 0,
          "max" : 0,
          "mean" : 0.000000,
          "stddev" : 0.000000,
          "N" : 0
        },
        "lat_ns" : {
          "min" : 0,
          "max" : 0,
          "mean" : 0.000000,
          "stddev" : 0.000000,
          "N" : 0
        },
        "bw_min" : 0,
        "bw_max" : 0,
        "bw_agg" : 0.000000,
        "bw_mean" : 0.000000,
        "bw_dev" : 0.000000,
        "bw_samples" : 0,
        "iops_min" : 0,
        "iops_max" : 0,
        "iops_mean" : 0.000000,
        "iops_stddev" : 0.000000,
        "iops_samples" : 0
      },
      "sync" : {
        "total_ios" : 0,
        "lat_ns" : {
          "min" : 0,
          "max" : 0,
          "mean" : 0.000000,
          "stddev" : 0.000000,
          "N" : 0
        }
      },
      "job_runtime" : 1920668,
      "usr_cpu" : 0.102985,
      "sys_cpu" : 0.157549,
      "ctx" : 164425,
      "majf" : 0,
      "minf" : 1768,
      "iodepth_level" : {
        "1" : 0.100000,
        "2" : 0.100000,
        "4" : 0.100000,
        "8" : 0.156035,
        "16" : 99.707435,
        "32" : 0.000000,
        ">=64" : 0.000000
      },
      "iodepth_submit" : {
        "0" : 0.000000,
        "4" : 100.000000,
        "8" : 0.000000,
        "16" : 0.000000,
        "32" : 0.000000,
        "64" : 0.000000,
        ">=64" : 0.000000
      },
      "iodepth_complete" : {
        "0" : 0.000000,
        "4" : 99.980442,
        "8" : 0.000000,
        "16" : 0.100000,
        "32" : 0.000000,
        "64" : 0.000000,
        ">=64" : 0.000000
      },
      "latency_ns" : {
        "2" : 0.000000,
        "4" : 0.000000,
        "10" : 0.000000,
        "20" : 0.000000,
        "50" : 0.000000,
        "100" : 0.000000,
        "250" : 0.000000,
        "500" : 0.000000,
        "750" : 0.000000,
        "1000" : 0.000000
      },
      "latency_us" : {
        "2" : 0.000000,
        "4" : 0.000000,
        "10" : 0.000000,
        "20" : 0.000000,
        "50" : 0.000000,
        "100" : 0.000000,
        "250" : 0.000000,
        "500" : 0.000000,
        "750" : 0.000000,
        "1000" : 0.000000
      },
      "latency_ms" : {
        "2" : 0.000000,
        "4" : 0.010000,
        "10" : 0.010362,
        "20" : 0.014628,
        "50" : 0.046932,
        "100" : 0.100569,
        "250" : 99.810442,
        "500" : 0.016457,
        "750" : 0.000000,
        "1000" : 0.000000,
        "2000" : 0.000000,
        ">=2000" : 0.000000
      },
      "latency_depth" : 16,
      "latency_target" : 0,
      "latency_percentile" : 100.000000,
      "latency_window" : 0
    }
  ]
}
