{
  "fio version" : "fio-3.29-112-gc3773",
  "timestamp" : 1649844663,
  "timestamp_ms" : 1649844663947,
  "time" : "Wed Apr 13 10:11:03 2022",
  "global options" : {
    "size" : "50M",
    "runtime" : "60",
    "directory" : "/mnt/mfs"
  },
  "jobs" : [
    {
      "jobname" : "iotest",
      "groupid" : 0,
      "error" : 0,
      "eta" : 0,
      "elapsed" : 5,
      "job options" : {
        "rw" : "read",
        "bs" : "4k",
        "ioengine" : "libaio",
        "iodepth" : "16",
        "numjobs" : "1",
        "direct" : "1",
        "group_reporting" : "1",
        "invalidate" : "1",
        "loops" : "1",
        "write_bw_log" : "./fio-bench-13-04-2022--09-45-32-seq-mfs/seqread/mfs/4k/read-iodepth-16-numjobs-1",
        "write_lat_log" : "./fio-bench-13-04-2022--09-45-32-seq-mfs/seqread/mfs/4k/read-iodepth-16-numjobs-1",
        "write_iops_log" : "./fio-bench-13-04-2022--09-45-32-seq-mfs/seqread/mfs/4k/read-iodepth-16-numjobs-1",
        "log_avg_msec" : "500"
      },
      "read" : {
        "io_bytes" : 52428800,
        "io_kbytes" : 51200,
        "bw_bytes" : 11233940,
        "bw" : 10970,
        "iops" : 2742.661238,
        "runtime" : 4667,
        "total_ios" : 12800,
        "short_ios" : 0,
        "drop_ios" : 0,
        "slat_ns" : {
          "min" : 21511,
          "max" : 1968657163,
          "mean" : 353625.334141,
          "stddev" : 19242177.772429,
          "N" : 12800
        },
        "clat_ns" : {
          "min" : 6216,
          "max" : 1969428772,
          "mean" : 5371260.002812,
          "stddev" : 74333505.432372,
          "N" : 12800,
          "percentile" : {
            "1.000000" : 485376,
            "5.000000" : 489472,
            "10.000000" : 497664,
            "20.000000" : 509952,
            "30.000000" : 518144,
            "40.000000" : 528384,
            "50.000000" : 536576,
            "60.000000" : 544768,
            "70.000000" : 577536,
            "80.000000" : 733184,
            "90.000000" : 757760,
            "95.000000" : 790528,
            "99.000000" : 77070336,
            "99.500000" : 88604672,
            "99.900000" : 1971322880,
            "99.950000" : 1971322880,
            "99.990000" : 1971322880
          }
        },
        "lat_ns" : {
          "min" : 32616,
          "max" : 1969466485,
          "mean" : 5727275.185781,
          "stddev" : 76764351.229879,
          "N" : 12800
        },
        "bw_min" : 2048,
        "bw_max" : 16384,
        "bw_agg" : 96.402722,
        "bw_mean" : 10576.000000,
        "bw_dev" : 5592.241483,
        "bw_samples" : 6,
        "iops_min" : 512,
        "iops_max" : 4096,
        "iops_mean" : 2644.000000,
        "iops_stddev" : 1398.060371,
        "iops_samples" : 6
      },
      "write" : {
        "io_bytes" : 0,
        "io_kbytes" : 0,
        "bw_bytes" : 0,
        "bw" : 0,
        "iops" : 0.000000,
        "runtime" : 0,
        "total_ios" : 0,
        "short_ios" : 0,
        "drop_ios" : 0,
        "slat_ns" : {
          "min" : 0,
          "max" : 0,
          "mean" : 0.000000,
          "stddev" : 0.000000,
          "N" : 0
        },
        "clat_ns" : {
          "min" : 0,
          "max" : 0,
          "mean" : 0.000000,
          "stddev" : 0.000000,
          "N" : 0
        },
        "lat_ns" : {
          "min" : 0,
          "max" : 0,
          "mean" : 0.000000,
          "stddev" : 0.000000,
          "N" : 0
        },
        "bw_min" : 0,
        "bw_max" : 0,
        "bw_agg" : 0.000000,
        "bw_mean" : 0.000000,
        "bw_dev" : 0.000000,
        "bw_samples" : 0,
        "iops_min" : 0,
        "iops_max" : 0,
        "iops_mean" : 0.000000,
        "iops_stddev" : 0.000000,
        "iops_samples" : 0
      },
      "trim" : {
        "io_bytes" : 0,
        "io_kbytes" : 0,
        "bw_bytes" : 0,
        "bw" : 0,
        "iops" : 0.000000,
        "runtime" : 0,
        "total_ios" : 0,
        "short_ios" : 0,
        "drop_ios" : 0,
        "slat_ns" : {
          "min" : 0,
          "max" : 0,
          "mean" : 0.000000,
          "stddev" : 0.000000,
          "N" : 0
        },
        "clat_ns" : {
          "min" : 0,
          "max" : 0,
          "mean" : 0.000000,
          "stddev" : 0.000000,
          "N" : 0
        },
        "lat_ns" : {
          "min" : 0,
          "max" : 0,
          "mean" : 0.000000,
          "stddev" : 0.000000,
          "N" : 0
        },
        "bw_min" : 0,
        "bw_max" : 0,
        "bw_agg" : 0.000000,
        "bw_mean" : 0.000000,
        "bw_dev" : 0.000000,
        "bw_samples" : 0,
        "iops_min" : 0,
        "iops_max" : 0,
        "iops_mean" : 0.000000,
        "iops_stddev" : 0.000000,
        "iops_samples" : 0
      },
      "sync" : {
        "total_ios" : 0,
        "lat_ns" : {
          "min" : 0,
          "max" : 0,
          "mean" : 0.000000,
          "stddev" : 0.000000,
          "N" : 0
        }
      },
      "job_runtime" : 4666,
      "usr_cpu" : 1.628804,
      "sys_cpu" : 4.200600,
      "ctx" : 12868,
      "majf" : 0,
      "minf" : 56,
      "iodepth_level" : {
        "1" : 0.100000,
        "2" : 0.100000,
        "4" : 0.100000,
        "8" : 0.100000,
        "16" : 99.882812,
        "32" : 0.000000,
        ">=64" : 0.000000
      },
      "iodepth_submit" : {
        "0" : 0.000000,
        "4" : 100.000000,
        "8" : 0.000000,
        "16" : 0.000000,
        "32" : 0.000000,
        "64" : 0.000000,
        ">=64" : 0.000000
      },
      "iodepth_complete" : {
        "0" : 0.000000,
        "4" : 99.992179,
        "8" : 0.000000,
        "16" : 0.100000,
        "32" : 0.000000,
        "64" : 0.000000,
        ">=64" : 0.000000
      },
      "latency_ns" : {
        "2" : 0.000000,
        "4" : 0.000000,
        "10" : 0.000000,
        "20" : 0.000000,
        "50" : 0.000000,
        "100" : 0.000000,
        "250" : 0.000000,
        "500" : 0.000000,
        "750" : 0.000000,
        "1000" : 0.000000
      },
      "latency_us" : {
        "2" : 0.000000,
        "4" : 0.000000,
        "10" : 0.010000,
        "20" : 0.000000,
        "50" : 0.010000,
        "100" : 0.010000,
        "250" : 0.039062,
        "500" : 10.445312,
        "750" : 74.429688,
        "1000" : 12.945312
      },
      "latency_ms" : {
        "2" : 0.234375,
        "4" : 0.000000,
        "10" : 0.234375,
        "20" : 0.000000,
        "50" : 0.000000,
        "100" : 1.296875,
        "250" : 0.000000,
        "500" : 0.000000,
        "750" : 0.234375,
        "1000" : 0.000000,
        "2000" : 0.117188,
        ">=2000" : 0.000000
      },
      "latency_depth" : 16,
      "latency_target" : 0,
      "latency_percentile" : 100.000000,
      "latency_window" : 0
    }
  ]
}
