{
  "fio version" : "fio-3.29-112-gc3773",
  "timestamp" : 1649844071,
  "timestamp_ms" : 1649844071156,
  "time" : "Wed Apr 13 10:01:11 2022",
  "global options" : {
    "size" : "50M",
    "runtime" : "60",
    "directory" : "/mnt/mfs"
  },
  "jobs" : [
    {
      "jobname" : "iotest",
      "groupid" : 0,
      "error" : 0,
      "eta" : 0,
      "elapsed" : 65,
      "job options" : {
        "rw" : "read",
        "bs" : "4k",
        "ioengine" : "libaio",
        "iodepth" : "2",
        "numjobs" : "32",
        "direct" : "1",
        "group_reporting" : "1",
        "invalidate" : "1",
        "loops" : "1",
        "write_bw_log" : "./fio-bench-13-04-2022--09-45-32-seq-mfs/seqread/mfs/4k/read-iodepth-2-numjobs-32",
        "write_lat_log" : "./fio-bench-13-04-2022--09-45-32-seq-mfs/seqread/mfs/4k/read-iodepth-2-numjobs-32",
        "write_iops_log" : "./fio-bench-13-04-2022--09-45-32-seq-mfs/seqread/mfs/4k/read-iodepth-2-numjobs-32",
        "log_avg_msec" : "500"
      },
      "read" : {
        "io_bytes" : 654573568,
        "io_kbytes" : 639232,
        "bw_bytes" : 10147955,
        "bw" : 9910,
        "iops" : 2477.528177,
        "runtime" : 64503,
        "total_ios" : 159808,
        "short_ios" : 0,
        "drop_ios" : 0,
        "slat_ns" : {
          "min" : 18857,
          "max" : 30223063017,
          "mean" : 12530381.048721,
          "stddev" : 312955129.297177,
          "N" : 159808
        },
        "clat_ns" : {
          "min" : 15505,
          "max" : 30223080198,
          "mean" : 12514711.014361,
          "stddev" : 312942086.346215,
          "N" : 159808,
          "percentile" : {
            "1.000000" : 34048,
            "5.000000" : 34048,
            "10.000000" : 34560,
            "20.000000" : 35072,
            "30.000000" : 36608,
            "40.000000" : 46336,
            "50.000000" : 47360,
            "60.000000" : 48384,
            "70.000000" : 49408,
            "80.000000" : 52480,
            "90.000000" : 67072,
            "95.000000" : 76288,
            "99.000000" : 114176,
            "99.500000" : 142336,
            "99.900000" : 4529848320,
            "99.950000" : 6677331968,
            "99.990000" : 12415139840
          }
        },
        "lat_ns" : {
          "min" : 52241,
          "max" : 30223108763,
          "mean" : 25047782.962380,
          "stddev" : 442427690.847409,
          "N" : 159808
        },
        "bw_min" : 34002,
        "bw_max" : 226948,
        "bw_agg" : 100.000000,
        "bw_mean" : 99444.220454,
        "bw_dev" : 1958.720487,
        "bw_samples" : 416,
        "iops_min" : 8500,
        "iops_max" : 56737,
        "iops_mean" : 24860.934692,
        "iops_stddev" : 489.682894,
        "iops_samples" : 416
      },
      "write" : {
        "io_bytes" : 0,
        "io_kbytes" : 0,
        "bw_bytes" : 0,
        "bw" : 0,
        "iops" : 0.000000,
        "runtime" : 0,
        "total_ios" : 0,
        "short_ios" : 0,
        "drop_ios" : 0,
        "slat_ns" : {
          "min" : 0,
          "max" : 0,
          "mean" : 0.000000,
          "stddev" : 0.000000,
          "N" : 0
        },
        "clat_ns" : {
          "min" : 0,
          "max" : 0,
          "mean" : 0.000000,
          "stddev" : 0.000000,
          "N" : 0
        },
        "lat_ns" : {
          "min" : 0,
          "max" : 0,
          "mean" : 0.000000,
          "stddev" : 0.000000,
          "N" : 0
        },
        "bw_min" : 0,
        "bw_max" : 0,
        "bw_agg" : 0.000000,
        "bw_mean" : 0.000000,
        "bw_dev" : 0.000000,
        "bw_samples" : 0,
        "iops_min" : 0,
        "iops_max" : 0,
        "iops_mean" : 0.000000,
        "iops_stddev" : 0.000000,
        "iops_samples" : 0
      },
      "trim" : {
        "io_bytes" : 0,
        "io_kbytes" : 0,
        "bw_bytes" : 0,
        "bw" : 0,
        "iops" : 0.000000,
        "runtime" : 0,
        "total_ios" : 0,
        "short_ios" : 0,
        "drop_ios" : 0,
        "slat_ns" : {
          "min" : 0,
          "max" : 0,
          "mean" : 0.000000,
          "stddev" : 0.000000,
          "N" : 0
        },
        "clat_ns" : {
          "min" : 0,
          "max" : 0,
          "mean" : 0.000000,
          "stddev" : 0.000000,
          "N" : 0
        },
        "lat_ns" : {
          "min" : 0,
          "max" : 0,
          "mean" : 0.000000,
          "stddev" : 0.000000,
          "N" : 0
        },
        "bw_min" : 0,
        "bw_max" : 0,
        "bw_agg" : 0.000000,
        "bw_mean" : 0.000000,
        "bw_dev" : 0.000000,
        "bw_samples" : 0,
        "iops_min" : 0,
        "iops_max" : 0,
        "iops_mean" : 0.000000,
        "iops_stddev" : 0.000000,
        "iops_samples" : 0
      },
      "sync" : {
        "total_ios" : 0,
        "lat_ns" : {
          "min" : 0,
          "max" : 0,
          "mean" : 0.000000,
          "stddev" : 0.000000,
          "N" : 0
        }
      },
      "job_runtime" : 2004560,
      "usr_cpu" : 0.058866,
      "sys_cpu" : 0.124466,
      "ctx" : 167516,
      "majf" : 0,
      "minf" : 1367,
      "iodepth_level" : {
        "1" : 0.100000,
        "2" : 99.979976,
        "4" : 0.000000,
        "8" : 0.000000,
        "16" : 0.000000,
        "32" : 0.000000,
        ">=64" : 0.000000
      },
      "iodepth_submit" : {
        "0" : 0.000000,
        "4" : 100.000000,
        "8" : 0.000000,
        "16" : 0.000000,
        "32" : 0.000000,
        "64" : 0.000000,
        ">=64" : 0.000000
      },
      "iodepth_complete" : {
        "0" : 0.000000,
        "4" : 100.000000,
        "8" : 0.000000,
        "16" : 0.000000,
        "32" : 0.000000,
        "64" : 0.000000,
        ">=64" : 0.000000
      },
      "latency_ns" : {
        "2" : 0.000000,
        "4" : 0.000000,
        "10" : 0.000000,
        "20" : 0.000000,
        "50" : 0.000000,
        "100" : 0.000000,
        "250" : 0.000000,
        "500" : 0.000000,
        "750" : 0.000000,
        "1000" : 0.000000
      },
      "latency_us" : {
        "2" : 0.000000,
        "4" : 0.000000,
        "10" : 0.000000,
        "20" : 0.016270,
        "50" : 73.465033,
        "100" : 25.144548,
        "250" : 1.033115,
        "500" : 0.055066,
        "750" : 0.010000,
        "1000" : 0.000000
      },
      "latency_ms" : {
        "2" : 0.010000,
        "4" : 0.000000,
        "10" : 0.010000,
        "20" : 0.000000,
        "50" : 0.010000,
        "100" : 0.010000,
        "250" : 0.010000,
        "500" : 0.010000,
        "750" : 0.010000,
        "1000" : 0.010000,
        "2000" : 0.034416,
        ">=2000" : 0.210878
      },
      "latency_depth" : 2,
      "latency_target" : 0,
      "latency_percentile" : 100.000000,
      "latency_window" : 0
    }
  ]
}
