{
  "fio version" : "fio-3.29-112-gc3773",
  "timestamp" : 1649845195,
  "timestamp_ms" : 1649845195871,
  "time" : "Wed Apr 13 10:19:55 2022",
  "global options" : {
    "size" : "50M",
    "runtime" : "60",
    "directory" : "/mnt/mfs"
  },
  "jobs" : [
    {
      "jobname" : "iotest",
      "groupid" : 0,
      "error" : 0,
      "eta" : 0,
      "elapsed" : 10,
      "job options" : {
        "rw" : "read",
        "bs" : "4k",
        "ioengine" : "libaio",
        "iodepth" : "64",
        "numjobs" : "2",
        "direct" : "1",
        "group_reporting" : "1",
        "invalidate" : "1",
        "loops" : "1",
        "write_bw_log" : "./fio-bench-13-04-2022--09-45-32-seq-mfs/seqread/mfs/4k/read-iodepth-64-numjobs-2",
        "write_lat_log" : "./fio-bench-13-04-2022--09-45-32-seq-mfs/seqread/mfs/4k/read-iodepth-64-numjobs-2",
        "write_iops_log" : "./fio-bench-13-04-2022--09-45-32-seq-mfs/seqread/mfs/4k/read-iodepth-64-numjobs-2",
        "log_avg_msec" : "500"
      },
      "read" : {
        "io_bytes" : 104857600,
        "io_kbytes" : 102400,
        "bw_bytes" : 11493763,
        "bw" : 11224,
        "iops" : 2806.094486,
        "runtime" : 9123,
        "total_ios" : 25600,
        "short_ios" : 0,
        "drop_ios" : 0,
        "slat_ns" : {
          "min" : 19485,
          "max" : 3912217157,
          "mean" : 692882.402812,
          "stddev" : 37486521.810129,
          "N" : 25600
        },
        "clat_ns" : {
          "min" : 6495,
          "max" : 3915144560,
          "mean" : 43471269.591367,
          "stddev" : 294625108.037047,
          "N" : 25600,
          "percentile" : {
            "1.000000" : 2007040,
            "5.000000" : 2023424,
            "10.000000" : 2072576,
            "20.000000" : 2179072,
            "30.000000" : 2244608,
            "40.000000" : 2277376,
            "50.000000" : 2310144,
            "60.000000" : 2375680,
            "70.000000" : 2506752,
            "80.000000" : 3162112,
            "90.000000" : 3325952,
            "95.000000" : 166723584,
            "99.000000" : 1098907648,
            "99.500000" : 1400897536,
            "99.900000" : 3909091328,
            "99.950000" : 3909091328,
            "99.990000" : 3909091328
          }
        },
        "lat_ns" : {
          "min" : 31569,
          "max" : 3915182693,
          "mean" : 44166543.476016,
          "stddev" : 296911468.912193,
          "N" : 25600
        },
        "bw_min" : 4624,
        "bw_max" : 27904,
        "bw_agg" : 100.000000,
        "bw_mean" : 13507.466667,
        "bw_dev" : 4019.575611,
        "bw_samples" : 19,
        "iops_min" : 1156,
        "iops_max" : 6976,
        "iops_mean" : 3377.066667,
        "iops_stddev" : 1005.071982,
        "iops_samples" : 19
      },
      "write" : {
        "io_bytes" : 0,
        "io_kbytes" : 0,
        "bw_bytes" : 0,
        "bw" : 0,
        "iops" : 0.000000,
        "runtime" : 0,
        "total_ios" : 0,
        "short_ios" : 0,
        "drop_ios" : 0,
        "slat_ns" : {
          "min" : 0,
          "max" : 0,
          "mean" : 0.000000,
          "stddev" : 0.000000,
          "N" : 0
        },
        "clat_ns" : {
          "min" : 0,
          "max" : 0,
          "mean" : 0.000000,
          "stddev" : 0.000000,
          "N" : 0
        },
        "lat_ns" : {
          "min" : 0,
          "max" : 0,
          "mean" : 0.000000,
          "stddev" : 0.000000,
          "N" : 0
        },
        "bw_min" : 0,
        "bw_max" : 0,
        "bw_agg" : 0.000000,
        "bw_mean" : 0.000000,
        "bw_dev" : 0.000000,
        "bw_samples" : 0,
        "iops_min" : 0,
        "iops_max" : 0,
        "iops_mean" : 0.000000,
        "iops_stddev" : 0.000000,
        "iops_samples" : 0
      },
      "trim" : {
        "io_bytes" : 0,
        "io_kbytes" : 0,
        "bw_bytes" : 0,
        "bw" : 0,
        "iops" : 0.000000,
        "runtime" : 0,
        "total_ios" : 0,
        "short_ios" : 0,
        "drop_ios" : 0,
        "slat_ns" : {
          "min" : 0,
          "max" : 0,
          "mean" : 0.000000,
          "stddev" : 0.000000,
          "N" : 0
        },
        "clat_ns" : {
          "min" : 0,
          "max" : 0,
          "mean" : 0.000000,
          "stddev" : 0.000000,
          "N" : 0
        },
        "lat_ns" : {
          "min" : 0,
          "max" : 0,
          "mean" : 0.000000,
          "stddev" : 0.000000,
          "N" : 0
        },
        "bw_min" : 0,
        "bw_max" : 0,
        "bw_agg" : 0.000000,
        "bw_mean" : 0.000000,
        "bw_dev" : 0.000000,
        "bw_samples" : 0,
        "iops_min" : 0,
        "iops_max" : 0,
        "iops_mean" : 0.000000,
        "iops_stddev" : 0.000000,
        "iops_samples" : 0
      },
      "sync" : {
        "total_ios" : 0,
        "lat_ns" : {
          "min" : 0,
          "max" : 0,
          "mean" : 0.000000,
          "stddev" : 0.000000,
          "N" : 0
        }
      },
      "job_runtime" : 18018,
      "usr_cpu" : 0.799201,
      "sys_cpu" : 2.125652,
      "ctx" : 26499,
      "majf" : 0,
      "minf" : 207,
      "iodepth_level" : {
        "1" : 0.100000,
        "2" : 0.100000,
        "4" : 0.100000,
        "8" : 0.100000,
        "16" : 0.125000,
        "32" : 0.250000,
        ">=64" : 99.507812
      },
      "iodepth_submit" : {
        "0" : 0.000000,
        "4" : 100.000000,
        "8" : 0.000000,
        "16" : 0.000000,
        "32" : 0.000000,
        "64" : 0.000000,
        ">=64" : 0.000000
      },
      "iodepth_complete" : {
        "0" : 0.000000,
        "4" : 99.992149,
        "8" : 0.000000,
        "16" : 0.000000,
        "32" : 0.000000,
        "64" : 0.100000,
        ">=64" : 0.000000
      },
      "latency_ns" : {
        "2" : 0.000000,
        "4" : 0.000000,
        "10" : 0.000000,
        "20" : 0.000000,
        "50" : 0.000000,
        "100" : 0.000000,
        "250" : 0.000000,
        "500" : 0.000000,
        "750" : 0.000000,
        "1000" : 0.000000
      },
      "latency_us" : {
        "2" : 0.000000,
        "4" : 0.000000,
        "10" : 0.010000,
        "20" : 0.000000,
        "50" : 0.010000,
        "100" : 0.010000,
        "250" : 0.035156,
        "500" : 0.058594,
        "750" : 0.054688,
        "1000" : 0.054688
      },
      "latency_ms" : {
        "2" : 0.214844,
        "4" : 93.074219,
        "10" : 0.812500,
        "20" : 0.010000,
        "50" : 0.000000,
        "100" : 0.000000,
        "250" : 2.468750,
        "500" : 1.722656,
        "750" : 0.000000,
        "1000" : 0.000000,
        "2000" : 0.984375,
        ">=2000" : 0.492188
      },
      "latency_depth" : 64,
      "latency_target" : 0,
      "latency_percentile" : 100.000000,
      "latency_window" : 0
    }
  ]
}
