{
  "fio version" : "fio-3.29-112-gc3773",
  "timestamp" : 1649844659,
  "timestamp_ms" : 1649844659041,
  "time" : "Wed Apr 13 10:10:59 2022",
  "global options" : {
    "size" : "50M",
    "runtime" : "60",
    "directory" : "/mnt/mfs"
  },
  "jobs" : [
    {
      "jobname" : "iotest",
      "groupid" : 0,
      "error" : 0,
      "eta" : 0,
      "elapsed" : 65,
      "job options" : {
        "rw" : "read",
        "bs" : "4k",
        "ioengine" : "libaio",
        "iodepth" : "8",
        "numjobs" : "64",
        "direct" : "1",
        "group_reporting" : "1",
        "invalidate" : "1",
        "loops" : "1",
        "write_bw_log" : "./fio-bench-13-04-2022--09-45-32-seq-mfs/seqread/mfs/4k/read-iodepth-8-numjobs-64",
        "write_lat_log" : "./fio-bench-13-04-2022--09-45-32-seq-mfs/seqread/mfs/4k/read-iodepth-8-numjobs-64",
        "write_iops_log" : "./fio-bench-13-04-2022--09-45-32-seq-mfs/seqread/mfs/4k/read-iodepth-8-numjobs-64",
        "log_avg_msec" : "500"
      },
      "read" : {
        "io_bytes" : 634912768,
        "io_kbytes" : 620032,
        "bw_bytes" : 9823352,
        "bw" : 9593,
        "iops" : 2398.279517,
        "runtime" : 64633,
        "total_ios" : 155008,
        "short_ios" : 0,
        "drop_ios" : 0,
        "slat_ns" : {
          "min" : 19137,
          "max" : 23301796440,
          "mean" : 25838915.519709,
          "stddev" : 513736137.575214,
          "N" : 155008
        },
        "clat_ns" : {
          "min" : 14946,
          "max" : 23302078040,
          "mean" : 165713944.383664,
          "stddev" : 1308701787.389781,
          "N" : 155008,
          "percentile" : {
            "1.000000" : 238592,
            "5.000000" : 244736,
            "10.000000" : 246784,
            "20.000000" : 254976,
            "30.000000" : 268288,
            "40.000000" : 329728,
            "50.000000" : 342016,
            "60.000000" : 350208,
            "70.000000" : 362496,
            "80.000000" : 374784,
            "90.000000" : 411648,
            "95.000000" : 481280,
            "99.000000" : 7616856064,
            "99.500000" : 11072962560,
            "99.900000" : 16710107136,
            "99.950000" : 17112760320,
            "99.990000" : 17112760320
          }
        },
        "lat_ns" : {
          "min" : 246470,
          "max" : 23302104720,
          "mean" : 191555627.939287,
          "stddev" : 1403320813.127821,
          "N" : 155008
        },
        "bw_min" : 60445,
        "bw_max" : 258408,
        "bw_agg" : 100.000000,
        "bw_mean" : 166256.128175,
        "bw_dev" : 1079.709715,
        "bw_samples" : 492,
        "iops_min" : 15105,
        "iops_max" : 64602,
        "iops_mean" : 41562.219048,
        "iops_stddev" : 269.948616,
        "iops_samples" : 492
      },
      "write" : {
        "io_bytes" : 0,
        "io_kbytes" : 0,
        "bw_bytes" : 0,
        "bw" : 0,
        "iops" : 0.000000,
        "runtime" : 0,
        "total_ios" : 0,
        "short_ios" : 0,
        "drop_ios" : 0,
        "slat_ns" : {
          "min" : 0,
          "max" : 0,
          "mean" : 0.000000,
          "stddev" : 0.000000,
          "N" : 0
        },
        "clat_ns" : {
          "min" : 0,
          "max" : 0,
          "mean" : 0.000000,
          "stddev" : 0.000000,
          "N" : 0
        },
        "lat_ns" : {
          "min" : 0,
          "max" : 0,
          "mean" : 0.000000,
          "stddev" : 0.000000,
          "N" : 0
        },
        "bw_min" : 0,
        "bw_max" : 0,
        "bw_agg" : 0.000000,
        "bw_mean" : 0.000000,
        "bw_dev" : 0.000000,
        "bw_samples" : 0,
        "iops_min" : 0,
        "iops_max" : 0,
        "iops_mean" : 0.000000,
        "iops_stddev" : 0.000000,
        "iops_samples" : 0
      },
      "trim" : {
        "io_bytes" : 0,
        "io_kbytes" : 0,
        "bw_bytes" : 0,
        "bw" : 0,
        "iops" : 0.000000,
        "runtime" : 0,
        "total_ios" : 0,
        "short_ios" : 0,
        "drop_ios" : 0,
        "slat_ns" : {
          "min" : 0,
          "max" : 0,
          "mean" : 0.000000,
          "stddev" : 0.000000,
          "N" : 0
        },
        "clat_ns" : {
          "min" : 0,
          "max" : 0,
          "mean" : 0.000000,
          "stddev" : 0.000000,
          "N" : 0
        },
        "lat_ns" : {
          "min" : 0,
          "max" : 0,
          "mean" : 0.000000,
          "stddev" : 0.000000,
          "N" : 0
        },
        "bw_min" : 0,
        "bw_max" : 0,
        "bw_agg" : 0.000000,
        "bw_mean" : 0.000000,
        "bw_dev" : 0.000000,
        "bw_samples" : 0,
        "iops_min" : 0,
        "iops_max" : 0,
        "iops_mean" : 0.000000,
        "iops_stddev" : 0.000000,
        "iops_samples" : 0
      },
      "sync" : {
        "total_ios" : 0,
        "lat_ns" : {
          "min" : 0,
          "max" : 0,
          "mean" : 0.000000,
          "stddev" : 0.000000,
          "N" : 0
        }
      },
      "job_runtime" : 4007662,
      "usr_cpu" : 0.024753,
      "sys_cpu" : 0.063853,
      "ctx" : 164287,
      "majf" : 0,
      "minf" : 3145,
      "iodepth_level" : {
        "1" : 0.100000,
        "2" : 0.100000,
        "4" : 0.165153,
        "8" : 99.710983,
        "16" : 0.000000,
        "32" : 0.000000,
        ">=64" : 0.000000
      },
      "iodepth_submit" : {
        "0" : 0.000000,
        "4" : 100.000000,
        "8" : 0.000000,
        "16" : 0.000000,
        "32" : 0.000000,
        "64" : 0.000000,
        ">=64" : 0.000000
      },
      "iodepth_complete" : {
        "0" : 0.000000,
        "4" : 99.958609,
        "8" : 0.100000,
        "16" : 0.000000,
        "32" : 0.000000,
        "64" : 0.000000,
        ">=64" : 0.000000
      },
      "latency_ns" : {
        "2" : 0.000000,
        "4" : 0.000000,
        "10" : 0.000000,
        "20" : 0.000000,
        "50" : 0.000000,
        "100" : 0.000000,
        "250" : 0.000000,
        "500" : 0.000000,
        "750" : 0.000000,
        "1000" : 0.000000
      },
      "latency_us" : {
        "2" : 0.000000,
        "4" : 0.000000,
        "10" : 0.000000,
        "20" : 0.032256,
        "50" : 0.010000,
        "100" : 0.000000,
        "250" : 13.130935,
        "500" : 82.429939,
        "750" : 1.991510,
        "1000" : 0.088383
      },
      "latency_ms" : {
        "2" : 0.090318,
        "4" : 0.014193,
        "10" : 0.010000,
        "20" : 0.010000,
        "50" : 0.010000,
        "100" : 0.010000,
        "250" : 0.022579,
        "500" : 0.022579,
        "750" : 0.022579,
        "1000" : 0.027095,
        "2000" : 0.171604,
        ">=2000" : 1.928933
      },
      "latency_depth" : 8,
      "latency_target" : 0,
      "latency_percentile" : 100.000000,
      "latency_window" : 0
    }
  ]
}
