{
  "fio version" : "fio-3.29-112-gc3773",
  "timestamp" : 1649844727,
  "timestamp_ms" : 1649844727842,
  "time" : "Wed Apr 13 10:12:07 2022",
  "global options" : {
    "size" : "50M",
    "runtime" : "60",
    "directory" : "/mnt/mfs"
  },
  "jobs" : [
    {
      "jobname" : "iotest",
      "groupid" : 0,
      "error" : 0,
      "eta" : 0,
      "elapsed" : 37,
      "job options" : {
        "rw" : "read",
        "bs" : "4k",
        "ioengine" : "libaio",
        "iodepth" : "16",
        "numjobs" : "8",
        "direct" : "1",
        "group_reporting" : "1",
        "invalidate" : "1",
        "loops" : "1",
        "write_bw_log" : "./fio-bench-13-04-2022--09-45-32-seq-mfs/seqread/mfs/4k/read-iodepth-16-numjobs-8",
        "write_lat_log" : "./fio-bench-13-04-2022--09-45-32-seq-mfs/seqread/mfs/4k/read-iodepth-16-numjobs-8",
        "write_iops_log" : "./fio-bench-13-04-2022--09-45-32-seq-mfs/seqread/mfs/4k/read-iodepth-16-numjobs-8",
        "log_avg_msec" : "500"
      },
      "read" : {
        "io_bytes" : 419430400,
        "io_kbytes" : 409600,
        "bw_bytes" : 11675492,
        "bw" : 11401,
        "iops" : 2850.462087,
        "runtime" : 35924,
        "total_ios" : 102400,
        "short_ios" : 0,
        "drop_ios" : 0,
        "slat_ns" : {
          "min" : 18857,
          "max" : 14170615760,
          "mean" : 2408114.323838,
          "stddev" : 113719766.112761,
          "N" : 102400
        },
        "clat_ns" : {
          "min" : 6146,
          "max" : 14171425222,
          "mean" : 35419043.208926,
          "stddev" : 438097238.196611,
          "N" : 102400,
          "percentile" : {
            "1.000000" : 489472,
            "5.000000" : 514048,
            "10.000000" : 522240,
            "20.000000" : 536576,
            "30.000000" : 536576,
            "40.000000" : 544768,
            "50.000000" : 561152,
            "60.000000" : 577536,
            "70.000000" : 602112,
            "80.000000" : 749568,
            "90.000000" : 782336,
            "95.000000" : 831488,
            "99.000000" : 742391808,
            "99.500000" : 2164260864,
            "99.900000" : 7616856064,
            "99.950000" : 9462349824,
            "99.990000" : 14159970304
          }
        },
        "lat_ns" : {
          "min" : 31429,
          "max" : 14171466707,
          "mean" : 37829610.321182,
          "stddev" : 452435628.982108,
          "N" : 102400
        },
        "bw_min" : 8417,
        "bw_max" : 186096,
        "bw_agg" : 100.000000,
        "bw_mean" : 50578.373088,
        "bw_dev" : 7126.408716,
        "bw_samples" : 101,
        "iops_min" : 2104,
        "iops_max" : 46524,
        "iops_mean" : 12644.523034,
        "iops_stddev" : 1781.590214,
        "iops_samples" : 101
      },
      "write" : {
        "io_bytes" : 0,
        "io_kbytes" : 0,
        "bw_bytes" : 0,
        "bw" : 0,
        "iops" : 0.000000,
        "runtime" : 0,
        "total_ios" : 0,
        "short_ios" : 0,
        "drop_ios" : 0,
        "slat_ns" : {
          "min" : 0,
          "max" : 0,
          "mean" : 0.000000,
          "stddev" : 0.000000,
          "N" : 0
        },
        "clat_ns" : {
          "min" : 0,
          "max" : 0,
          "mean" : 0.000000,
          "stddev" : 0.000000,
          "N" : 0
        },
        "lat_ns" : {
          "min" : 0,
          "max" : 0,
          "mean" : 0.000000,
          "stddev" : 0.000000,
          "N" : 0
        },
        "bw_min" : 0,
        "bw_max" : 0,
        "bw_agg" : 0.000000,
        "bw_mean" : 0.000000,
        "bw_dev" : 0.000000,
        "bw_samples" : 0,
        "iops_min" : 0,
        "iops_max" : 0,
        "iops_mean" : 0.000000,
        "iops_stddev" : 0.000000,
        "iops_samples" : 0
      },
      "trim" : {
        "io_bytes" : 0,
        "io_kbytes" : 0,
        "bw_bytes" : 0,
        "bw" : 0,
        "iops" : 0.000000,
        "runtime" : 0,
        "total_ios" : 0,
        "short_ios" : 0,
        "drop_ios" : 0,
        "slat_ns" : {
          "min" : 0,
          "max" : 0,
          "mean" : 0.000000,
          "stddev" : 0.000000,
          "N" : 0
        },
        "clat_ns" : {
          "min" : 0,
          "max" : 0,
          "mean" : 0.000000,
          "stddev" : 0.000000,
          "N" : 0
        },
        "lat_ns" : {
          "min" : 0,
          "max" : 0,
          "mean" : 0.000000,
          "stddev" : 0.000000,
          "N" : 0
        },
        "bw_min" : 0,
        "bw_max" : 0,
        "bw_agg" : 0.000000,
        "bw_mean" : 0.000000,
        "bw_dev" : 0.000000,
        "bw_samples" : 0,
        "iops_min" : 0,
        "iops_max" : 0,
        "iops_mean" : 0.000000,
        "iops_stddev" : 0.000000,
        "iops_samples" : 0
      },
      "sync" : {
        "total_ios" : 0,
        "lat_ns" : {
          "min" : 0,
          "max" : 0,
          "mean" : 0.000000,
          "stddev" : 0.000000,
          "N" : 0
        }
      },
      "job_runtime" : 247739,
      "usr_cpu" : 0.340681,
      "sys_cpu" : 0.530801,
      "ctx" : 105943,
      "majf" : 0,
      "minf" : 468,
      "iodepth_level" : {
        "1" : 0.100000,
        "2" : 0.100000,
        "4" : 0.100000,
        "8" : 0.100000,
        "16" : 99.882812,
        "32" : 0.000000,
        ">=64" : 0.000000
      },
      "iodepth_submit" : {
        "0" : 0.000000,
        "4" : 100.000000,
        "8" : 0.000000,
        "16" : 0.000000,
        "32" : 0.000000,
        "64" : 0.000000,
        ">=64" : 0.000000
      },
      "iodepth_complete" : {
        "0" : 0.000000,
        "4" : 99.992179,
        "8" : 0.000000,
        "16" : 0.100000,
        "32" : 0.000000,
        "64" : 0.000000,
        ">=64" : 0.000000
      },
      "latency_ns" : {
        "2" : 0.000000,
        "4" : 0.000000,
        "10" : 0.000000,
        "20" : 0.000000,
        "50" : 0.000000,
        "100" : 0.000000,
        "250" : 0.000000,
        "500" : 0.000000,
        "750" : 0.000000,
        "1000" : 0.000000
      },
      "latency_us" : {
        "2" : 0.000000,
        "4" : 0.000000,
        "10" : 0.010000,
        "20" : 0.000000,
        "50" : 0.010000,
        "100" : 0.010000,
        "250" : 0.031250,
        "500" : 1.636719,
        "750" : 79.333984,
        "1000" : 16.851562
      },
      "latency_ms" : {
        "2" : 0.602539,
        "4" : 0.018555,
        "10" : 0.000000,
        "20" : 0.014648,
        "50" : 0.000000,
        "100" : 0.029297,
        "250" : 0.131836,
        "500" : 0.076172,
        "750" : 0.250977,
        "1000" : 0.162109,
        "2000" : 0.309570,
        ">=2000" : 0.527344
      },
      "latency_depth" : 16,
      "latency_target" : 0,
      "latency_percentile" : 100.000000,
      "latency_window" : 0
    }
  ]
}
