{
  "fio version" : "fio-3.29-112-gc3773",
  "timestamp" : 1649844399,
  "timestamp_ms" : 1649844399351,
  "time" : "Wed Apr 13 10:06:39 2022",
  "global options" : {
    "size" : "50M",
    "runtime" : "60",
    "directory" : "/mnt/mfs"
  },
  "jobs" : [
    {
      "jobname" : "iotest",
      "groupid" : 0,
      "error" : 0,
      "eta" : 0,
      "elapsed" : 65,
      "job options" : {
        "rw" : "read",
        "bs" : "4k",
        "ioengine" : "libaio",
        "iodepth" : "4",
        "numjobs" : "64",
        "direct" : "1",
        "group_reporting" : "1",
        "invalidate" : "1",
        "loops" : "1",
        "write_bw_log" : "./fio-bench-13-04-2022--09-45-32-seq-mfs/seqread/mfs/4k/read-iodepth-4-numjobs-64",
        "write_lat_log" : "./fio-bench-13-04-2022--09-45-32-seq-mfs/seqread/mfs/4k/read-iodepth-4-numjobs-64",
        "write_iops_log" : "./fio-bench-13-04-2022--09-45-32-seq-mfs/seqread/mfs/4k/read-iodepth-4-numjobs-64",
        "log_avg_msec" : "500"
      },
      "read" : {
        "io_bytes" : 632815616,
        "io_kbytes" : 617984,
        "bw_bytes" : 9852643,
        "bw" : 9621,
        "iops" : 2405.430653,
        "runtime" : 64228,
        "total_ios" : 154496,
        "short_ios" : 0,
        "drop_ios" : 0,
        "slat_ns" : {
          "min" : 19137,
          "max" : 28842088090,
          "mean" : 25878075.633091,
          "stddev" : 509985279.421475,
          "N" : 154496
        },
        "clat_ns" : {
          "min" : 14737,
          "max" : 28842234757,
          "mean" : 72930983.282778,
          "stddev" : 864728298.271740,
          "N" : 154496,
          "percentile" : {
            "1.000000" : 98816,
            "5.000000" : 99840,
            "10.000000" : 100864,
            "20.000000" : 110080,
            "30.000000" : 121344,
            "40.000000" : 138240,
            "50.000000" : 142336,
            "60.000000" : 152576,
            "70.000000" : 158720,
            "80.000000" : 164864,
            "90.000000" : 177152,
            "95.000000" : 203776,
            "99.000000" : 1400832,
            "99.500000" : 6408896512,
            "99.900000" : 13623099392,
            "99.950000" : 16173236224,
            "99.990000" : 17112760320
          }
        },
        "lat_ns" : {
          "min" : 114121,
          "max" : 28842276872,
          "mean" : 98811855.119181,
          "stddev" : 1002300904.071298,
          "N" : 154496
        },
        "bw_min" : 59734,
        "bw_max" : 257062,
        "bw_agg" : 100.000000,
        "bw_mean" : 161447.059663,
        "bw_dev" : 1057.368303,
        "bw_samples" : 501,
        "iops_min" : 14922,
        "iops_max" : 64265,
        "iops_mean" : 40359.399836,
        "iops_stddev" : 264.381583,
        "iops_samples" : 501
      },
      "write" : {
        "io_bytes" : 0,
        "io_kbytes" : 0,
        "bw_bytes" : 0,
        "bw" : 0,
        "iops" : 0.000000,
        "runtime" : 0,
        "total_ios" : 0,
        "short_ios" : 0,
        "drop_ios" : 0,
        "slat_ns" : {
          "min" : 0,
          "max" : 0,
          "mean" : 0.000000,
          "stddev" : 0.000000,
          "N" : 0
        },
        "clat_ns" : {
          "min" : 0,
          "max" : 0,
          "mean" : 0.000000,
          "stddev" : 0.000000,
          "N" : 0
        },
        "lat_ns" : {
          "min" : 0,
          "max" : 0,
          "mean" : 0.000000,
          "stddev" : 0.000000,
          "N" : 0
        },
        "bw_min" : 0,
        "bw_max" : 0,
        "bw_agg" : 0.000000,
        "bw_mean" : 0.000000,
        "bw_dev" : 0.000000,
        "bw_samples" : 0,
        "iops_min" : 0,
        "iops_max" : 0,
        "iops_mean" : 0.000000,
        "iops_stddev" : 0.000000,
        "iops_samples" : 0
      },
      "trim" : {
        "io_bytes" : 0,
        "io_kbytes" : 0,
        "bw_bytes" : 0,
        "bw" : 0,
        "iops" : 0.000000,
        "runtime" : 0,
        "total_ios" : 0,
        "short_ios" : 0,
        "drop_ios" : 0,
        "slat_ns" : {
          "min" : 0,
          "max" : 0,
          "mean" : 0.000000,
          "stddev" : 0.000000,
          "N" : 0
        },
        "clat_ns" : {
          "min" : 0,
          "max" : 0,
          "mean" : 0.000000,
          "stddev" : 0.000000,
          "N" : 0
        },
        "lat_ns" : {
          "min" : 0,
          "max" : 0,
          "mean" : 0.000000,
          "stddev" : 0.000000,
          "N" : 0
        },
        "bw_min" : 0,
        "bw_max" : 0,
        "bw_agg" : 0.000000,
        "bw_mean" : 0.000000,
        "bw_dev" : 0.000000,
        "bw_samples" : 0,
        "iops_min" : 0,
        "iops_max" : 0,
        "iops_mean" : 0.000000,
        "iops_stddev" : 0.000000,
        "iops_samples" : 0
      },
      "sync" : {
        "total_ios" : 0,
        "lat_ns" : {
          "min" : 0,
          "max" : 0,
          "mean" : 0.000000,
          "stddev" : 0.000000,
          "N" : 0
        }
      },
      "job_runtime" : 4000574,
      "usr_cpu" : 0.027496,
      "sys_cpu" : 0.062166,
      "ctx" : 162726,
      "majf" : 0,
      "minf" : 2875,
      "iodepth_level" : {
        "1" : 0.100000,
        "2" : 0.100000,
        "4" : 99.875725,
        "8" : 0.000000,
        "16" : 0.000000,
        "32" : 0.000000,
        ">=64" : 0.000000
      },
      "iodepth_submit" : {
        "0" : 0.000000,
        "4" : 100.000000,
        "8" : 0.000000,
        "16" : 0.000000,
        "32" : 0.000000,
        "64" : 0.000000,
        ">=64" : 0.000000
      },
      "iodepth_complete" : {
        "0" : 0.000000,
        "4" : 100.000000,
        "8" : 0.000000,
        "16" : 0.000000,
        "32" : 0.000000,
        "64" : 0.000000,
        ">=64" : 0.000000
      },
      "latency_ns" : {
        "2" : 0.000000,
        "4" : 0.000000,
        "10" : 0.000000,
        "20" : 0.000000,
        "50" : 0.000000,
        "100" : 0.000000,
        "250" : 0.000000,
        "500" : 0.000000,
        "750" : 0.000000,
        "1000" : 0.000000
      },
      "latency_us" : {
        "2" : 0.000000,
        "4" : 0.000000,
        "10" : 0.000000,
        "20" : 0.033011,
        "50" : 0.010000,
        "100" : 6.442885,
        "250" : 91.178412,
        "500" : 1.261521,
        "750" : 0.058254,
        "1000" : 0.010000
      },
      "latency_ms" : {
        "2" : 0.014240,
        "4" : 0.010000,
        "10" : 0.010000,
        "20" : 0.000000,
        "50" : 0.010000,
        "100" : 0.010000,
        "250" : 0.010000,
        "500" : 0.010000,
        "750" : 0.017476,
        "1000" : 0.012298,
        "2000" : 0.054370,
        ">=2000" : 0.883518
      },
      "latency_depth" : 4,
      "latency_target" : 0,
      "latency_percentile" : 100.000000,
      "latency_window" : 0
    }
  ]
}
