{
  "fio version" : "fio-3.29-112-gc3773",
  "timestamp" : 1649844143,
  "timestamp_ms" : 1649844143040,
  "time" : "Wed Apr 13 10:02:23 2022",
  "global options" : {
    "size" : "50M",
    "runtime" : "60",
    "directory" : "/mnt/mfs"
  },
  "jobs" : [
    {
      "jobname" : "iotest",
      "groupid" : 0,
      "error" : 0,
      "eta" : 0,
      "elapsed" : 8,
      "job options" : {
        "rw" : "read",
        "bs" : "4k",
        "ioengine" : "libaio",
        "iodepth" : "4",
        "numjobs" : "1",
        "direct" : "1",
        "group_reporting" : "1",
        "invalidate" : "1",
        "loops" : "1",
        "write_bw_log" : "./fio-bench-13-04-2022--09-45-32-seq-mfs/seqread/mfs/4k/read-iodepth-4-numjobs-1",
        "write_lat_log" : "./fio-bench-13-04-2022--09-45-32-seq-mfs/seqread/mfs/4k/read-iodepth-4-numjobs-1",
        "write_iops_log" : "./fio-bench-13-04-2022--09-45-32-seq-mfs/seqread/mfs/4k/read-iodepth-4-numjobs-1",
        "log_avg_msec" : "500"
      },
      "read" : {
        "io_bytes" : 52428800,
        "io_kbytes" : 51200,
        "bw_bytes" : 7227570,
        "bw" : 7058,
        "iops" : 1764.543700,
        "runtime" : 7254,
        "total_ios" : 12800,
        "short_ios" : 0,
        "drop_ios" : 0,
        "slat_ns" : {
          "min" : 21511,
          "max" : 2072149380,
          "mean" : 556036.719453,
          "stddev" : 28525569.933439,
          "N" : 12800
        },
        "clat_ns" : {
          "min" : 6076,
          "max" : 2072291159,
          "mean" : 1687209.901719,
          "stddev" : 49378913.376754,
          "N" : 12800,
          "percentile" : {
            "1.000000" : 97792,
            "5.000000" : 98816,
            "10.000000" : 99840,
            "20.000000" : 100864,
            "30.000000" : 103936,
            "40.000000" : 104960,
            "50.000000" : 108032,
            "60.000000" : 110080,
            "70.000000" : 115200,
            "80.000000" : 136192,
            "90.000000" : 148480,
            "95.000000" : 158720,
            "99.000000" : 175104,
            "99.500000" : 220160,
            "99.900000" : 170917888,
            "99.950000" : 1317011456,
            "99.990000" : 2071986176
          }
        },
        "lat_ns" : {
          "min" : 32267,
          "max" : 2072355133,
          "mean" : 2245561.235625,
          "stddev" : 57012454.748595,
          "N" : 12800
        },
        "bw_min" : 5360,
        "bw_max" : 16384,
        "bw_agg" : 100.000000,
        "bw_mean" : 11260.800000,
        "bw_dev" : 4958.869549,
        "bw_samples" : 5,
        "iops_min" : 1340,
        "iops_max" : 4096,
        "iops_mean" : 2815.200000,
        "iops_stddev" : 1239.717387,
        "iops_samples" : 5
      },
      "write" : {
        "io_bytes" : 0,
        "io_kbytes" : 0,
        "bw_bytes" : 0,
        "bw" : 0,
        "iops" : 0.000000,
        "runtime" : 0,
        "total_ios" : 0,
        "short_ios" : 0,
        "drop_ios" : 0,
        "slat_ns" : {
          "min" : 0,
          "max" : 0,
          "mean" : 0.000000,
          "stddev" : 0.000000,
          "N" : 0
        },
        "clat_ns" : {
          "min" : 0,
          "max" : 0,
          "mean" : 0.000000,
          "stddev" : 0.000000,
          "N" : 0
        },
        "lat_ns" : {
          "min" : 0,
          "max" : 0,
          "mean" : 0.000000,
          "stddev" : 0.000000,
          "N" : 0
        },
        "bw_min" : 0,
        "bw_max" : 0,
        "bw_agg" : 0.000000,
        "bw_mean" : 0.000000,
        "bw_dev" : 0.000000,
        "bw_samples" : 0,
        "iops_min" : 0,
        "iops_max" : 0,
        "iops_mean" : 0.000000,
        "iops_stddev" : 0.000000,
        "iops_samples" : 0
      },
      "trim" : {
        "io_bytes" : 0,
        "io_kbytes" : 0,
        "bw_bytes" : 0,
        "bw" : 0,
        "iops" : 0.000000,
        "runtime" : 0,
        "total_ios" : 0,
        "short_ios" : 0,
        "drop_ios" : 0,
        "slat_ns" : {
          "min" : 0,
          "max" : 0,
          "mean" : 0.000000,
          "stddev" : 0.000000,
          "N" : 0
        },
        "clat_ns" : {
          "min" : 0,
          "max" : 0,
          "mean" : 0.000000,
          "stddev" : 0.000000,
          "N" : 0
        },
        "lat_ns" : {
          "min" : 0,
          "max" : 0,
          "mean" : 0.000000,
          "stddev" : 0.000000,
          "N" : 0
        },
        "bw_min" : 0,
        "bw_max" : 0,
        "bw_agg" : 0.000000,
        "bw_mean" : 0.000000,
        "bw_dev" : 0.000000,
        "bw_samples" : 0,
        "iops_min" : 0,
        "iops_max" : 0,
        "iops_mean" : 0.000000,
        "iops_stddev" : 0.000000,
        "iops_samples" : 0
      },
      "sync" : {
        "total_ios" : 0,
        "lat_ns" : {
          "min" : 0,
          "max" : 0,
          "mean" : 0.000000,
          "stddev" : 0.000000,
          "N" : 0
        }
      },
      "job_runtime" : 7253,
      "usr_cpu" : 1.599338,
      "sys_cpu" : 2.081897,
      "ctx" : 12856,
      "majf" : 0,
      "minf" : 42,
      "iodepth_level" : {
        "1" : 0.100000,
        "2" : 0.100000,
        "4" : 99.976562,
        "8" : 0.000000,
        "16" : 0.000000,
        "32" : 0.000000,
        ">=64" : 0.000000
      },
      "iodepth_submit" : {
        "0" : 0.000000,
        "4" : 100.000000,
        "8" : 0.000000,
        "16" : 0.000000,
        "32" : 0.000000,
        "64" : 0.000000,
        ">=64" : 0.000000
      },
      "iodepth_complete" : {
        "0" : 0.000000,
        "4" : 100.000000,
        "8" : 0.000000,
        "16" : 0.000000,
        "32" : 0.000000,
        "64" : 0.000000,
        ">=64" : 0.000000
      },
      "latency_ns" : {
        "2" : 0.000000,
        "4" : 0.000000,
        "10" : 0.000000,
        "20" : 0.000000,
        "50" : 0.000000,
        "100" : 0.000000,
        "250" : 0.000000,
        "500" : 0.000000,
        "750" : 0.000000,
        "1000" : 0.000000
      },
      "latency_us" : {
        "2" : 0.000000,
        "4" : 0.000000,
        "10" : 0.010000,
        "20" : 0.000000,
        "50" : 0.010000,
        "100" : 13.210938,
        "250" : 86.390625,
        "500" : 0.093750,
        "750" : 0.023438,
        "1000" : 0.000000
      },
      "latency_ms" : {
        "2" : 0.023438,
        "4" : 0.000000,
        "10" : 0.000000,
        "20" : 0.023438,
        "50" : 0.000000,
        "100" : 0.031250,
        "250" : 0.093750,
        "500" : 0.000000,
        "750" : 0.023438,
        "1000" : 0.000000,
        "2000" : 0.046875,
        ">=2000" : 0.023438
      },
      "latency_depth" : 4,
      "latency_target" : 0,
      "latency_percentile" : 100.000000,
      "latency_window" : 0
    }
  ]
}
