{
  "fio version" : "fio-3.29-112-gc3773",
  "timestamp" : 1649844135,
  "timestamp_ms" : 1649844135544,
  "time" : "Wed Apr 13 10:02:15 2022",
  "global options" : {
    "size" : "50M",
    "runtime" : "60",
    "directory" : "/mnt/mfs"
  },
  "jobs" : [
    {
      "jobname" : "iotest",
      "groupid" : 0,
      "error" : 0,
      "eta" : 0,
      "elapsed" : 65,
      "job options" : {
        "rw" : "read",
        "bs" : "4k",
        "ioengine" : "libaio",
        "iodepth" : "2",
        "numjobs" : "64",
        "direct" : "1",
        "group_reporting" : "1",
        "invalidate" : "1",
        "loops" : "1",
        "write_bw_log" : "./fio-bench-13-04-2022--09-45-32-seq-mfs/seqread/mfs/4k/read-iodepth-2-numjobs-64",
        "write_lat_log" : "./fio-bench-13-04-2022--09-45-32-seq-mfs/seqread/mfs/4k/read-iodepth-2-numjobs-64",
        "write_iops_log" : "./fio-bench-13-04-2022--09-45-32-seq-mfs/seqread/mfs/4k/read-iodepth-2-numjobs-64",
        "log_avg_msec" : "500"
      },
      "read" : {
        "io_bytes" : 628621312,
        "io_kbytes" : 613888,
        "bw_bytes" : 9841275,
        "bw" : 9610,
        "iops" : 2402.655144,
        "runtime" : 63876,
        "total_ios" : 153472,
        "short_ios" : 0,
        "drop_ios" : 0,
        "slat_ns" : {
          "min" : 19276,
          "max" : 24098230963,
          "mean" : 25974005.189800,
          "stddev" : 505590223.451192,
          "N" : 153472
        },
        "clat_ns" : {
          "min" : 14458,
          "max" : 24098247864,
          "mean" : 25945822.803906,
          "stddev" : 505585562.163618,
          "N" : 153472,
          "percentile" : {
            "1.000000" : 34048,
            "5.000000" : 34048,
            "10.000000" : 34560,
            "20.000000" : 35072,
            "30.000000" : 38656,
            "40.000000" : 47360,
            "50.000000" : 47872,
            "60.000000" : 48384,
            "70.000000" : 49408,
            "80.000000" : 55552,
            "90.000000" : 69120,
            "95.000000" : 80384,
            "99.000000" : 136192,
            "99.500000" : 230400,
            "99.900000" : 9328132096,
            "99.950000" : 12280922112,
            "99.990000" : 17112760320
          }
        },
        "lat_ns" : {
          "min" : 53918,
          "max" : 24098296753,
          "mean" : 51922619.885562,
          "stddev" : 714427633.017310,
          "N" : 153472
        },
        "bw_min" : 61160,
        "bw_max" : 255432,
        "bw_agg" : 100.000000,
        "bw_mean" : 157778.048052,
        "bw_dev" : 1010.297384,
        "bw_samples" : 508,
        "iops_min" : 15280,
        "iops_max" : 63858,
        "iops_mean" : 39442.508586,
        "iops_stddev" : 252.604452,
        "iops_samples" : 508
      },
      "write" : {
        "io_bytes" : 0,
        "io_kbytes" : 0,
        "bw_bytes" : 0,
        "bw" : 0,
        "iops" : 0.000000,
        "runtime" : 0,
        "total_ios" : 0,
        "short_ios" : 0,
        "drop_ios" : 0,
        "slat_ns" : {
          "min" : 0,
          "max" : 0,
          "mean" : 0.000000,
          "stddev" : 0.000000,
          "N" : 0
        },
        "clat_ns" : {
          "min" : 0,
          "max" : 0,
          "mean" : 0.000000,
          "stddev" : 0.000000,
          "N" : 0
        },
        "lat_ns" : {
          "min" : 0,
          "max" : 0,
          "mean" : 0.000000,
          "stddev" : 0.000000,
          "N" : 0
        },
        "bw_min" : 0,
        "bw_max" : 0,
        "bw_agg" : 0.000000,
        "bw_mean" : 0.000000,
        "bw_dev" : 0.000000,
        "bw_samples" : 0,
        "iops_min" : 0,
        "iops_max" : 0,
        "iops_mean" : 0.000000,
        "iops_stddev" : 0.000000,
        "iops_samples" : 0
      },
      "trim" : {
        "io_bytes" : 0,
        "io_kbytes" : 0,
        "bw_bytes" : 0,
        "bw" : 0,
        "iops" : 0.000000,
        "runtime" : 0,
        "total_ios" : 0,
        "short_ios" : 0,
        "drop_ios" : 0,
        "slat_ns" : {
          "min" : 0,
          "max" : 0,
          "mean" : 0.000000,
          "stddev" : 0.000000,
          "N" : 0
        },
        "clat_ns" : {
          "min" : 0,
          "max" : 0,
          "mean" : 0.000000,
          "stddev" : 0.000000,
          "N" : 0
        },
        "lat_ns" : {
          "min" : 0,
          "max" : 0,
          "mean" : 0.000000,
          "stddev" : 0.000000,
          "N" : 0
        },
        "bw_min" : 0,
        "bw_max" : 0,
        "bw_agg" : 0.000000,
        "bw_mean" : 0.000000,
        "bw_dev" : 0.000000,
        "bw_samples" : 0,
        "iops_min" : 0,
        "iops_max" : 0,
        "iops_mean" : 0.000000,
        "iops_stddev" : 0.000000,
        "iops_samples" : 0
      },
      "sync" : {
        "total_ios" : 0,
        "lat_ns" : {
          "min" : 0,
          "max" : 0,
          "mean" : 0.000000,
          "stddev" : 0.000000,
          "N" : 0
        }
      },
      "job_runtime" : 3988747,
      "usr_cpu" : 0.028681,
      "sys_cpu" : 0.060320,
      "ctx" : 162827,
      "majf" : 0,
      "minf" : 2731,
      "iodepth_level" : {
        "1" : 0.100000,
        "2" : 99.958299,
        "4" : 0.000000,
        "8" : 0.000000,
        "16" : 0.000000,
        "32" : 0.000000,
        ">=64" : 0.000000
      },
      "iodepth_submit" : {
        "0" : 0.000000,
        "4" : 100.000000,
        "8" : 0.000000,
        "16" : 0.000000,
        "32" : 0.000000,
        "64" : 0.000000,
        ">=64" : 0.000000
      },
      "iodepth_complete" : {
        "0" : 0.000000,
        "4" : 100.000000,
        "8" : 0.000000,
        "16" : 0.000000,
        "32" : 0.000000,
        "64" : 0.000000,
        ">=64" : 0.000000
      },
      "latency_ns" : {
        "2" : 0.000000,
        "4" : 0.000000,
        "10" : 0.000000,
        "20" : 0.000000,
        "50" : 0.000000,
        "100" : 0.000000,
        "250" : 0.000000,
        "500" : 0.000000,
        "750" : 0.000000,
        "1000" : 0.000000
      },
      "latency_us" : {
        "2" : 0.000000,
        "4" : 0.000000,
        "10" : 0.000000,
        "20" : 0.034534,
        "50" : 71.620230,
        "100" : 26.318807,
        "250" : 1.557939,
        "500" : 0.080145,
        "750" : 0.010425,
        "1000" : 0.010000
      },
      "latency_ms" : {
        "2" : 0.010000,
        "4" : 0.010000,
        "10" : 0.010000,
        "20" : 0.000000,
        "50" : 0.000000,
        "100" : 0.010000,
        "250" : 0.010000,
        "500" : 0.010000,
        "750" : 0.010000,
        "1000" : 0.010000,
        "2000" : 0.016941,
        ">=2000" : 0.329702
      },
      "latency_depth" : 2,
      "latency_target" : 0,
      "latency_percentile" : 100.000000,
      "latency_window" : 0
    }
  ]
}
