{
  "fio version" : "fio-3.29-112-gc3773",
  "timestamp" : 1649845116,
  "timestamp_ms" : 1649845116751,
  "time" : "Wed Apr 13 10:18:36 2022",
  "global options" : {
    "size" : "50M",
    "runtime" : "60",
    "directory" : "/mnt/mfs"
  },
  "jobs" : [
    {
      "jobname" : "iotest",
      "groupid" : 0,
      "error" : 0,
      "eta" : 0,
      "elapsed" : 64,
      "job options" : {
        "rw" : "read",
        "bs" : "4k",
        "ioengine" : "libaio",
        "iodepth" : "32",
        "numjobs" : "32",
        "direct" : "1",
        "group_reporting" : "1",
        "invalidate" : "1",
        "loops" : "1",
        "write_bw_log" : "./fio-bench-13-04-2022--09-45-32-seq-mfs/seqread/mfs/4k/read-iodepth-32-numjobs-32",
        "write_lat_log" : "./fio-bench-13-04-2022--09-45-32-seq-mfs/seqread/mfs/4k/read-iodepth-32-numjobs-32",
        "write_iops_log" : "./fio-bench-13-04-2022--09-45-32-seq-mfs/seqread/mfs/4k/read-iodepth-32-numjobs-32",
        "log_avg_msec" : "500"
      },
      "read" : {
        "io_bytes" : 641015808,
        "io_kbytes" : 625992,
        "bw_bytes" : 10189896,
        "bw" : 9951,
        "iops" : 2487.767657,
        "runtime" : 62907,
        "total_ios" : 156498,
        "short_ios" : 0,
        "drop_ios" : 0,
        "slat_ns" : {
          "min" : 18787,
          "max" : 29520387353,
          "mean" : 12559269.913066,
          "stddev" : 322496109.331478,
          "N" : 156498
        },
        "clat_ns" : {
          "min" : 12642,
          "max" : 29521965420,
          "mean" : 368547877.588103,
          "stddev" : 1734408828.621276,
          "N" : 156498,
          "percentile" : {
            "1.000000" : 1056768,
            "5.000000" : 1089536,
            "10.000000" : 1105920,
            "20.000000" : 1122304,
            "30.000000" : 1171456,
            "40.000000" : 1302528,
            "50.000000" : 1548288,
            "60.000000" : 1564672,
            "70.000000" : 1597440,
            "80.000000" : 1646592,
            "90.000000" : 1875968,
            "95.000000" : 2634022912,
            "99.000000" : 8925478912,
            "99.500000" : 12415139840,
            "99.900000" : 17112760320,
            "99.950000" : 17112760320,
            "99.990000" : 17112760320
          }
        },
        "lat_ns" : {
          "min" : 61042,
          "max" : 29522000062,
          "mean" : 381109818.883372,
          "stddev" : 1761575303.681717,
          "N" : 156498
        },
        "bw_min" : 29611,
        "bw_max" : 221968,
        "bw_agg" : 100.000000,
        "bw_mean" : 98167.048411,
        "bw_dev" : 1948.771103,
        "bw_samples" : 413,
        "iops_min" : 7402,
        "iops_max" : 55492,
        "iops_mean" : 24541.574133,
        "iops_stddev" : 487.192089,
        "iops_samples" : 413
      },
      "write" : {
        "io_bytes" : 0,
        "io_kbytes" : 0,
        "bw_bytes" : 0,
        "bw" : 0,
        "iops" : 0.000000,
        "runtime" : 0,
        "total_ios" : 0,
        "short_ios" : 0,
        "drop_ios" : 0,
        "slat_ns" : {
          "min" : 0,
          "max" : 0,
          "mean" : 0.000000,
          "stddev" : 0.000000,
          "N" : 0
        },
        "clat_ns" : {
          "min" : 0,
          "max" : 0,
          "mean" : 0.000000,
          "stddev" : 0.000000,
          "N" : 0
        },
        "lat_ns" : {
          "min" : 0,
          "max" : 0,
          "mean" : 0.000000,
          "stddev" : 0.000000,
          "N" : 0
        },
        "bw_min" : 0,
        "bw_max" : 0,
        "bw_agg" : 0.000000,
        "bw_mean" : 0.000000,
        "bw_dev" : 0.000000,
        "bw_samples" : 0,
        "iops_min" : 0,
        "iops_max" : 0,
        "iops_mean" : 0.000000,
        "iops_stddev" : 0.000000,
        "iops_samples" : 0
      },
      "trim" : {
        "io_bytes" : 0,
        "io_kbytes" : 0,
        "bw_bytes" : 0,
        "bw" : 0,
        "iops" : 0.000000,
        "runtime" : 0,
        "total_ios" : 0,
        "short_ios" : 0,
        "drop_ios" : 0,
        "slat_ns" : {
          "min" : 0,
          "max" : 0,
          "mean" : 0.000000,
          "stddev" : 0.000000,
          "N" : 0
        },
        "clat_ns" : {
          "min" : 0,
          "max" : 0,
          "mean" : 0.000000,
          "stddev" : 0.000000,
          "N" : 0
        },
        "lat_ns" : {
          "min" : 0,
          "max" : 0,
          "mean" : 0.000000,
          "stddev" : 0.000000,
          "N" : 0
        },
        "bw_min" : 0,
        "bw_max" : 0,
        "bw_agg" : 0.000000,
        "bw_mean" : 0.000000,
        "bw_dev" : 0.000000,
        "bw_samples" : 0,
        "iops_min" : 0,
        "iops_max" : 0,
        "iops_mean" : 0.000000,
        "iops_stddev" : 0.000000,
        "iops_samples" : 0
      },
      "sync" : {
        "total_ios" : 0,
        "lat_ns" : {
          "min" : 0,
          "max" : 0,
          "mean" : 0.000000,
          "stddev" : 0.000000,
          "N" : 0
        }
      },
      "job_runtime" : 1967556,
      "usr_cpu" : 0.056822,
      "sys_cpu" : 0.126096,
      "ctx" : 163189,
      "majf" : 0,
      "minf" : 2362,
      "iodepth_level" : {
        "1" : 0.100000,
        "2" : 0.100000,
        "4" : 0.100000,
        "8" : 0.163580,
        "16" : 0.327161,
        "32" : 99.366126,
        ">=64" : 0.000000
      },
      "iodepth_submit" : {
        "0" : 0.000000,
        "4" : 100.000000,
        "8" : 0.000000,
        "16" : 0.000000,
        "32" : 0.000000,
        "64" : 0.000000,
        ">=64" : 0.000000
      },
      "iodepth_complete" : {
        "0" : 0.000000,
        "4" : 99.979426,
        "8" : 0.000000,
        "16" : 0.000000,
        "32" : 0.100000,
        "64" : 0.000000,
        ">=64" : 0.000000
      },
      "latency_ns" : {
        "2" : 0.000000,
        "4" : 0.000000,
        "10" : 0.000000,
        "20" : 0.000000,
        "50" : 0.000000,
        "100" : 0.000000,
        "250" : 0.000000,
        "500" : 0.000000,
        "750" : 0.000000,
        "1000" : 0.000000
      },
      "latency_us" : {
        "2" : 0.000000,
        "4" : 0.000000,
        "10" : 0.000000,
        "20" : 0.015336,
        "50" : 0.010000,
        "100" : 0.010000,
        "250" : 0.010000,
        "500" : 0.010000,
        "750" : 0.010000,
        "1000" : 0.010000
      },
      "latency_ms" : {
        "2" : 90.829276,
        "4" : 0.856241,
        "10" : 0.021726,
        "20" : 0.047285,
        "50" : 0.071566,
        "100" : 0.000000,
        "250" : 0.138660,
        "500" : 0.178277,
        "750" : 0.397449,
        "1000" : 0.238981,
        "2000" : 1.310560,
        ">=2000" : 5.878030
      },
      "latency_depth" : 32,
      "latency_target" : 0,
      "latency_percentile" : 100.000000,
      "latency_window" : 0
    }
  ]
}
