{
  "fio version" : "fio-3.29-112-gc3773",
  "timestamp" : 1649844270,
  "timestamp_ms" : 1649844270692,
  "time" : "Wed Apr 13 10:04:30 2022",
  "global options" : {
    "size" : "50M",
    "runtime" : "60",
    "directory" : "/mnt/mfs"
  },
  "jobs" : [
    {
      "jobname" : "iotest",
      "groupid" : 0,
      "error" : 0,
      "eta" : 0,
      "elapsed" : 64,
      "job options" : {
        "rw" : "read",
        "bs" : "4k",
        "ioengine" : "libaio",
        "iodepth" : "4",
        "numjobs" : "16",
        "direct" : "1",
        "group_reporting" : "1",
        "invalidate" : "1",
        "loops" : "1",
        "write_bw_log" : "./fio-bench-13-04-2022--09-45-32-seq-mfs/seqread/mfs/4k/read-iodepth-4-numjobs-16",
        "write_lat_log" : "./fio-bench-13-04-2022--09-45-32-seq-mfs/seqread/mfs/4k/read-iodepth-4-numjobs-16",
        "write_iops_log" : "./fio-bench-13-04-2022--09-45-32-seq-mfs/seqread/mfs/4k/read-iodepth-4-numjobs-16",
        "log_avg_msec" : "500"
      },
      "read" : {
        "io_bytes" : 644472832,
        "io_kbytes" : 629368,
        "bw_bytes" : 10160058,
        "bw" : 9921,
        "iops" : 2480.483037,
        "runtime" : 63432,
        "total_ios" : 157342,
        "short_ios" : 0,
        "drop_ios" : 0,
        "slat_ns" : {
          "min" : 19276,
          "max" : 19758307745,
          "mean" : 6236765.767589,
          "stddev" : 210112923.469664,
          "N" : 157342
        },
        "clat_ns" : {
          "min" : 5936,
          "max" : 19758444843,
          "mean" : 18320067.856828,
          "stddev" : 361711598.401037,
          "N" : 157342,
          "percentile" : {
            "1.000000" : 97792,
            "5.000000" : 98816,
            "10.000000" : 99840,
            "20.000000" : 103936,
            "30.000000" : 110080,
            "40.000000" : 116224,
            "50.000000" : 123392,
            "60.000000" : 136192,
            "70.000000" : 144384,
            "80.000000" : 156672,
            "90.000000" : 168960,
            "95.000000" : 177152,
            "99.000000" : 236544,
            "99.500000" : 103284736,
            "99.900000" : 5469372416,
            "99.950000" : 8153726976,
            "99.990000" : 15636365312
          }
        },
        "lat_ns" : {
          "min" : 30590,
          "max" : 19758506024,
          "mean" : 24559382.512381,
          "stddev" : 418054085.456630,
          "N" : 157342
        },
        "bw_min" : 16529,
        "bw_max" : 241712,
        "bw_agg" : 100.000000,
        "bw_mean" : 79489.313747,
        "bw_dev" : 4001.689136,
        "bw_samples" : 261,
        "iops_min" : 4132,
        "iops_max" : 60428,
        "iops_mean" : 19872.122380,
        "iops_stddev" : 1000.424277,
        "iops_samples" : 261
      },
      "write" : {
        "io_bytes" : 0,
        "io_kbytes" : 0,
        "bw_bytes" : 0,
        "bw" : 0,
        "iops" : 0.000000,
        "runtime" : 0,
        "total_ios" : 0,
        "short_ios" : 0,
        "drop_ios" : 0,
        "slat_ns" : {
          "min" : 0,
          "max" : 0,
          "mean" : 0.000000,
          "stddev" : 0.000000,
          "N" : 0
        },
        "clat_ns" : {
          "min" : 0,
          "max" : 0,
          "mean" : 0.000000,
          "stddev" : 0.000000,
          "N" : 0
        },
        "lat_ns" : {
          "min" : 0,
          "max" : 0,
          "mean" : 0.000000,
          "stddev" : 0.000000,
          "N" : 0
        },
        "bw_min" : 0,
        "bw_max" : 0,
        "bw_agg" : 0.000000,
        "bw_mean" : 0.000000,
        "bw_dev" : 0.000000,
        "bw_samples" : 0,
        "iops_min" : 0,
        "iops_max" : 0,
        "iops_mean" : 0.000000,
        "iops_stddev" : 0.000000,
        "iops_samples" : 0
      },
      "trim" : {
        "io_bytes" : 0,
        "io_kbytes" : 0,
        "bw_bytes" : 0,
        "bw" : 0,
        "iops" : 0.000000,
        "runtime" : 0,
        "total_ios" : 0,
        "short_ios" : 0,
        "drop_ios" : 0,
        "slat_ns" : {
          "min" : 0,
          "max" : 0,
          "mean" : 0.000000,
          "stddev" : 0.000000,
          "N" : 0
        },
        "clat_ns" : {
          "min" : 0,
          "max" : 0,
          "mean" : 0.000000,
          "stddev" : 0.000000,
          "N" : 0
        },
        "lat_ns" : {
          "min" : 0,
          "max" : 0,
          "mean" : 0.000000,
          "stddev" : 0.000000,
          "N" : 0
        },
        "bw_min" : 0,
        "bw_max" : 0,
        "bw_agg" : 0.000000,
        "bw_mean" : 0.000000,
        "bw_dev" : 0.000000,
        "bw_samples" : 0,
        "iops_min" : 0,
        "iops_max" : 0,
        "iops_mean" : 0.000000,
        "iops_stddev" : 0.000000,
        "iops_samples" : 0
      },
      "sync" : {
        "total_ios" : 0,
        "lat_ns" : {
          "min" : 0,
          "max" : 0,
          "mean" : 0.000000,
          "stddev" : 0.000000,
          "N" : 0
        }
      },
      "job_runtime" : 983182,
      "usr_cpu" : 0.105677,
      "sys_cpu" : 0.243902,
      "ctx" : 165125,
      "majf" : 0,
      "minf" : 717,
      "iodepth_level" : {
        "1" : 0.100000,
        "2" : 0.100000,
        "4" : 99.969493,
        "8" : 0.000000,
        "16" : 0.000000,
        "32" : 0.000000,
        ">=64" : 0.000000
      },
      "iodepth_submit" : {
        "0" : 0.000000,
        "4" : 100.000000,
        "8" : 0.000000,
        "16" : 0.000000,
        "32" : 0.000000,
        "64" : 0.000000,
        ">=64" : 0.000000
      },
      "iodepth_complete" : {
        "0" : 0.000000,
        "4" : 100.000000,
        "8" : 0.000000,
        "16" : 0.000000,
        "32" : 0.000000,
        "64" : 0.000000,
        ">=64" : 0.000000
      },
      "latency_ns" : {
        "2" : 0.000000,
        "4" : 0.000000,
        "10" : 0.000000,
        "20" : 0.000000,
        "50" : 0.000000,
        "100" : 0.000000,
        "250" : 0.000000,
        "500" : 0.000000,
        "750" : 0.000000,
        "1000" : 0.000000
      },
      "latency_us" : {
        "2" : 0.000000,
        "4" : 0.000000,
        "10" : 0.010000,
        "20" : 0.010000,
        "50" : 0.010000,
        "100" : 11.565253,
        "250" : 87.616784,
        "500" : 0.266299,
        "750" : 0.022880,
        "1000" : 0.010000
      },
      "latency_ms" : {
        "2" : 0.010000,
        "4" : 0.010000,
        "10" : 0.010000,
        "20" : 0.010000,
        "50" : 0.010000,
        "100" : 0.010000,
        "250" : 0.019067,
        "500" : 0.024151,
        "750" : 0.013982,
        "1000" : 0.028600,
        "2000" : 0.118849,
        ">=2000" : 0.295535
      },
      "latency_depth" : 4,
      "latency_target" : 0,
      "latency_percentile" : 100.000000,
      "latency_window" : 0
    }
  ]
}
