{
  "fio version" : "fio-3.29-112-gc3773",
  "timestamp" : 1649845442,
  "timestamp_ms" : 1649845442822,
  "time" : "Wed Apr 13 10:24:02 2022",
  "global options" : {
    "size" : "50M",
    "runtime" : "60",
    "directory" : "/mnt/mfs"
  },
  "jobs" : [
    {
      "jobname" : "iotest",
      "groupid" : 0,
      "error" : 0,
      "eta" : 0,
      "elapsed" : 65,
      "job options" : {
        "rw" : "read",
        "bs" : "4k",
        "ioengine" : "libaio",
        "iodepth" : "64",
        "numjobs" : "64",
        "direct" : "1",
        "group_reporting" : "1",
        "invalidate" : "1",
        "loops" : "1",
        "write_bw_log" : "./fio-bench-13-04-2022--09-45-32-seq-mfs/seqread/mfs/4k/read-iodepth-64-numjobs-64",
        "write_lat_log" : "./fio-bench-13-04-2022--09-45-32-seq-mfs/seqread/mfs/4k/read-iodepth-64-numjobs-64",
        "write_iops_log" : "./fio-bench-13-04-2022--09-45-32-seq-mfs/seqread/mfs/4k/read-iodepth-64-numjobs-64",
        "log_avg_msec" : "500"
      },
      "read" : {
        "io_bytes" : 632815616,
        "io_kbytes" : 617984,
        "bw_bytes" : 9801065,
        "bw" : 9571,
        "iops" : 2392.838336,
        "runtime" : 64566,
        "total_ios" : 154496,
        "short_ios" : 0,
        "drop_ios" : 0,
        "slat_ns" : {
          "min" : 19207,
          "max" : 22250704113,
          "mean" : 25997529.204284,
          "stddev" : 511084829.870413,
          "N" : 154496
        },
        "clat_ns" : {
          "min" : 15505,
          "max" : 22253122093,
          "mean" : 1490976449.771612,
          "stddev" : 3646191196.367553,
          "N" : 154496,
          "percentile" : {
            "1.000000" : 2211840,
            "5.000000" : 2244608,
            "10.000000" : 2277376,
            "20.000000" : 2375680,
            "30.000000" : 2670592,
            "40.000000" : 3162112,
            "50.000000" : 3227648,
            "60.000000" : 3293184,
            "70.000000" : 3391488,
            "80.000000" : 4882432,
            "90.000000" : 6878658560,
            "95.000000" : 10536091648,
            "99.000000" : 16307453952,
            "99.500000" : 17112760320,
            "99.900000" : 17112760320,
            "99.950000" : 17112760320,
            "99.990000" : 17112760320
          }
        },
        "lat_ns" : {
          "min" : 2153560,
          "max" : 22253150029,
          "mean" : 1516976748.883408,
          "stddev" : 3671399503.105062,
          "N" : 154496
        },
        "bw_min" : 33070,
        "bw_max" : 261814,
        "bw_agg" : 100.000000,
        "bw_mean" : 160304.018090,
        "bw_dev" : 1180.567116,
        "bw_samples" : 492,
        "iops_min" : 8262,
        "iops_max" : 65453,
        "iops_mean" : 40074.355461,
        "iops_stddev" : 295.168063,
        "iops_samples" : 492
      },
      "write" : {
        "io_bytes" : 0,
        "io_kbytes" : 0,
        "bw_bytes" : 0,
        "bw" : 0,
        "iops" : 0.000000,
        "runtime" : 0,
        "total_ios" : 0,
        "short_ios" : 0,
        "drop_ios" : 0,
        "slat_ns" : {
          "min" : 0,
          "max" : 0,
          "mean" : 0.000000,
          "stddev" : 0.000000,
          "N" : 0
        },
        "clat_ns" : {
          "min" : 0,
          "max" : 0,
          "mean" : 0.000000,
          "stddev" : 0.000000,
          "N" : 0
        },
        "lat_ns" : {
          "min" : 0,
          "max" : 0,
          "mean" : 0.000000,
          "stddev" : 0.000000,
          "N" : 0
        },
        "bw_min" : 0,
        "bw_max" : 0,
        "bw_agg" : 0.000000,
        "bw_mean" : 0.000000,
        "bw_dev" : 0.000000,
        "bw_samples" : 0,
        "iops_min" : 0,
        "iops_max" : 0,
        "iops_mean" : 0.000000,
        "iops_stddev" : 0.000000,
        "iops_samples" : 0
      },
      "trim" : {
        "io_bytes" : 0,
        "io_kbytes" : 0,
        "bw_bytes" : 0,
        "bw" : 0,
        "iops" : 0.000000,
        "runtime" : 0,
        "total_ios" : 0,
        "short_ios" : 0,
        "drop_ios" : 0,
        "slat_ns" : {
          "min" : 0,
          "max" : 0,
          "mean" : 0.000000,
          "stddev" : 0.000000,
          "N" : 0
        },
        "clat_ns" : {
          "min" : 0,
          "max" : 0,
          "mean" : 0.000000,
          "stddev" : 0.000000,
          "N" : 0
        },
        "lat_ns" : {
          "min" : 0,
          "max" : 0,
          "mean" : 0.000000,
          "stddev" : 0.000000,
          "N" : 0
        },
        "bw_min" : 0,
        "bw_max" : 0,
        "bw_agg" : 0.000000,
        "bw_mean" : 0.000000,
        "bw_dev" : 0.000000,
        "bw_samples" : 0,
        "iops_min" : 0,
        "iops_max" : 0,
        "iops_mean" : 0.000000,
        "iops_stddev" : 0.000000,
        "iops_samples" : 0
      },
      "sync" : {
        "total_ios" : 0,
        "lat_ns" : {
          "min" : 0,
          "max" : 0,
          "mean" : 0.000000,
          "stddev" : 0.000000,
          "N" : 0
        }
      },
      "job_runtime" : 4019005,
      "usr_cpu" : 0.024533,
      "sys_cpu" : 0.063946,
      "ctx" : 163328,
      "majf" : 0,
      "minf" : 6736,
      "iodepth_level" : {
        "1" : 0.100000,
        "2" : 0.100000,
        "4" : 0.165700,
        "8" : 0.331400,
        "16" : 0.662800,
        "32" : 1.325601,
        ">=64" : 97.390224
      },
      "iodepth_submit" : {
        "0" : 0.000000,
        "4" : 100.000000,
        "8" : 0.000000,
        "16" : 0.000000,
        "32" : 0.000000,
        "64" : 0.000000,
        ">=64" : 0.000000
      },
      "iodepth_complete" : {
        "0" : 0.000000,
        "4" : 99.957483,
        "8" : 0.000000,
        "16" : 0.000000,
        "32" : 0.000000,
        "64" : 0.100000,
        ">=64" : 0.000000
      },
      "latency_ns" : {
        "2" : 0.000000,
        "4" : 0.000000,
        "10" : 0.000000,
        "20" : 0.000000,
        "50" : 0.000000,
        "100" : 0.000000,
        "250" : 0.000000,
        "500" : 0.000000,
        "750" : 0.000000,
        "1000" : 0.000000
      },
      "latency_us" : {
        "2" : 0.000000,
        "4" : 0.000000,
        "10" : 0.000000,
        "20" : 0.027832,
        "50" : 0.013593,
        "100" : 0.000000,
        "250" : 0.000000,
        "500" : 0.000000,
        "750" : 0.000000,
        "1000" : 0.000000
      },
      "latency_ms" : {
        "2" : 0.000000,
        "4" : 78.231152,
        "10" : 2.005230,
        "20" : 0.099679,
        "50" : 0.010000,
        "100" : 0.040778,
        "250" : 0.122333,
        "500" : 0.448555,
        "750" : 0.326222,
        "1000" : 0.244667,
        "2000" : 1.347608,
        ">=2000" : 17.084585
      },
      "latency_depth" : 64,
      "latency_target" : 0,
      "latency_percentile" : 100.000000,
      "latency_window" : 0
    }
  ]
}
