{
  "fio version" : "fio-3.29-112-gc3773",
  "timestamp" : 1649844530,
  "timestamp_ms" : 1649844530504,
  "time" : "Wed Apr 13 10:08:50 2022",
  "global options" : {
    "size" : "50M",
    "runtime" : "60",
    "directory" : "/mnt/mfs"
  },
  "jobs" : [
    {
      "jobname" : "iotest",
      "groupid" : 0,
      "error" : 0,
      "eta" : 0,
      "elapsed" : 63,
      "job options" : {
        "rw" : "read",
        "bs" : "4k",
        "ioengine" : "libaio",
        "iodepth" : "8",
        "numjobs" : "16",
        "direct" : "1",
        "group_reporting" : "1",
        "invalidate" : "1",
        "loops" : "1",
        "write_bw_log" : "./fio-bench-13-04-2022--09-45-32-seq-mfs/seqread/mfs/4k/read-iodepth-8-numjobs-16",
        "write_lat_log" : "./fio-bench-13-04-2022--09-45-32-seq-mfs/seqread/mfs/4k/read-iodepth-8-numjobs-16",
        "write_iops_log" : "./fio-bench-13-04-2022--09-45-32-seq-mfs/seqread/mfs/4k/read-iodepth-8-numjobs-16",
        "log_avg_msec" : "500"
      },
      "read" : {
        "io_bytes" : 637100032,
        "io_kbytes" : 622168,
        "bw_bytes" : 10274481,
        "bw" : 10033,
        "iops" : 2508.418269,
        "runtime" : 62008,
        "total_ios" : 155542,
        "short_ios" : 0,
        "drop_ios" : 0,
        "slat_ns" : {
          "min" : 18927,
          "max" : 25647461262,
          "mean" : 6032781.304439,
          "stddev" : 207932164.189578,
          "N" : 155542
        },
        "clat_ns" : {
          "min" : 6076,
          "max" : 25647712482,
          "mean" : 40928226.473737,
          "stddev" : 544568047.429617,
          "N" : 155542,
          "percentile" : {
            "1.000000" : 234496,
            "5.000000" : 240640,
            "10.000000" : 244736,
            "20.000000" : 250880,
            "30.000000" : 254976,
            "40.000000" : 261120,
            "50.000000" : 272384,
            "60.000000" : 305152,
            "70.000000" : 342016,
            "80.000000" : 358400,
            "90.000000" : 378880,
            "95.000000" : 407552,
            "99.000000" : 851443712,
            "99.500000" : 2734686208,
            "99.900000" : 8422162432,
            "99.950000" : 11207180288,
            "99.990000" : 17112760320
          }
        },
        "lat_ns" : {
          "min" : 30940,
          "max" : 25647741326,
          "mean" : 46963565.391335,
          "stddev" : 582505513.867278,
          "N" : 155542
        },
        "bw_min" : 16482,
        "bw_max" : 198720,
        "bw_agg" : 100.000000,
        "bw_mean" : 70000.814419,
        "bw_dev" : 3300.337605,
        "bw_samples" : 269,
        "iops_min" : 4120,
        "iops_max" : 49680,
        "iops_mean" : 17500.143512,
        "iops_stddev" : 825.088226,
        "iops_samples" : 269
      },
      "write" : {
        "io_bytes" : 0,
        "io_kbytes" : 0,
        "bw_bytes" : 0,
        "bw" : 0,
        "iops" : 0.000000,
        "runtime" : 0,
        "total_ios" : 0,
        "short_ios" : 0,
        "drop_ios" : 0,
        "slat_ns" : {
          "min" : 0,
          "max" : 0,
          "mean" : 0.000000,
          "stddev" : 0.000000,
          "N" : 0
        },
        "clat_ns" : {
          "min" : 0,
          "max" : 0,
          "mean" : 0.000000,
          "stddev" : 0.000000,
          "N" : 0
        },
        "lat_ns" : {
          "min" : 0,
          "max" : 0,
          "mean" : 0.000000,
          "stddev" : 0.000000,
          "N" : 0
        },
        "bw_min" : 0,
        "bw_max" : 0,
        "bw_agg" : 0.000000,
        "bw_mean" : 0.000000,
        "bw_dev" : 0.000000,
        "bw_samples" : 0,
        "iops_min" : 0,
        "iops_max" : 0,
        "iops_mean" : 0.000000,
        "iops_stddev" : 0.000000,
        "iops_samples" : 0
      },
      "trim" : {
        "io_bytes" : 0,
        "io_kbytes" : 0,
        "bw_bytes" : 0,
        "bw" : 0,
        "iops" : 0.000000,
        "runtime" : 0,
        "total_ios" : 0,
        "short_ios" : 0,
        "drop_ios" : 0,
        "slat_ns" : {
          "min" : 0,
          "max" : 0,
          "mean" : 0.000000,
          "stddev" : 0.000000,
          "N" : 0
        },
        "clat_ns" : {
          "min" : 0,
          "max" : 0,
          "mean" : 0.000000,
          "stddev" : 0.000000,
          "N" : 0
        },
        "lat_ns" : {
          "min" : 0,
          "max" : 0,
          "mean" : 0.000000,
          "stddev" : 0.000000,
          "N" : 0
        },
        "bw_min" : 0,
        "bw_max" : 0,
        "bw_agg" : 0.000000,
        "bw_mean" : 0.000000,
        "bw_dev" : 0.000000,
        "bw_samples" : 0,
        "iops_min" : 0,
        "iops_max" : 0,
        "iops_mean" : 0.000000,
        "iops_stddev" : 0.000000,
        "iops_samples" : 0
      },
      "sync" : {
        "total_ios" : 0,
        "lat_ns" : {
          "min" : 0,
          "max" : 0,
          "mean" : 0.000000,
          "stddev" : 0.000000,
          "N" : 0
        }
      },
      "job_runtime" : 940192,
      "usr_cpu" : 0.118912,
      "sys_cpu" : 0.239845,
      "ctx" : 162963,
      "majf" : 0,
      "minf" : 778,
      "iodepth_level" : {
        "1" : 0.100000,
        "2" : 0.100000,
        "4" : 0.100000,
        "8" : 99.927994,
        "16" : 0.000000,
        "32" : 0.000000,
        ">=64" : 0.000000
      },
      "iodepth_submit" : {
        "0" : 0.000000,
        "4" : 100.000000,
        "8" : 0.000000,
        "16" : 0.000000,
        "32" : 0.000000,
        "64" : 0.000000,
        ">=64" : 0.000000
      },
      "iodepth_complete" : {
        "0" : 0.000000,
        "4" : 99.989707,
        "8" : 0.100000,
        "16" : 0.000000,
        "32" : 0.000000,
        "64" : 0.000000,
        ">=64" : 0.000000
      },
      "latency_ns" : {
        "2" : 0.000000,
        "4" : 0.000000,
        "10" : 0.000000,
        "20" : 0.000000,
        "50" : 0.000000,
        "100" : 0.000000,
        "250" : 0.000000,
        "500" : 0.000000,
        "750" : 0.000000,
        "1000" : 0.000000
      },
      "latency_us" : {
        "2" : 0.000000,
        "4" : 0.000000,
        "10" : 0.010000,
        "20" : 0.010000,
        "50" : 0.010000,
        "100" : 0.010000,
        "250" : 18.432963,
        "500" : 79.640226,
        "750" : 0.613339,
        "1000" : 0.060434
      },
      "latency_ms" : {
        "2" : 0.028288,
        "4" : 0.010000,
        "10" : 0.010000,
        "20" : 0.010000,
        "50" : 0.018002,
        "100" : 0.000000,
        "250" : 0.027002,
        "500" : 0.054005,
        "750" : 0.073292,
        "1000" : 0.063005,
        "2000" : 0.279667,
        ">=2000" : 0.683417
      },
      "latency_depth" : 8,
      "latency_target" : 0,
      "latency_percentile" : 100.000000,
      "latency_window" : 0
    }
  ]
}
