{
  "fio version" : "fio-3.29-112-gc3773",
  "timestamp" : 1649845053,
  "timestamp_ms" : 1649845053487,
  "time" : "Wed Apr 13 10:17:33 2022",
  "global options" : {
    "size" : "50M",
    "runtime" : "60",
    "directory" : "/mnt/mfs"
  },
  "jobs" : [
    {
      "jobname" : "iotest",
      "groupid" : 0,
      "error" : 0,
      "eta" : 0,
      "elapsed" : 63,
      "job options" : {
        "rw" : "read",
        "bs" : "4k",
        "ioengine" : "libaio",
        "iodepth" : "32",
        "numjobs" : "16",
        "direct" : "1",
        "group_reporting" : "1",
        "invalidate" : "1",
        "loops" : "1",
        "write_bw_log" : "./fio-bench-13-04-2022--09-45-32-seq-mfs/seqread/mfs/4k/read-iodepth-32-numjobs-16",
        "write_lat_log" : "./fio-bench-13-04-2022--09-45-32-seq-mfs/seqread/mfs/4k/read-iodepth-32-numjobs-16",
        "write_iops_log" : "./fio-bench-13-04-2022--09-45-32-seq-mfs/seqread/mfs/4k/read-iodepth-32-numjobs-16",
        "log_avg_msec" : "500"
      },
      "read" : {
        "io_bytes" : 660701184,
        "io_kbytes" : 645216,
        "bw_bytes" : 10592064,
        "bw" : 10343,
        "iops" : 2585.953156,
        "runtime" : 62377,
        "total_ios" : 161304,
        "short_ios" : 0,
        "drop_ios" : 0,
        "slat_ns" : {
          "min" : 18997,
          "max" : 19118075332,
          "mean" : 5909987.945928,
          "stddev" : 203184425.762262,
          "N" : 161304
        },
        "clat_ns" : {
          "min" : 6216,
          "max" : 19119711437,
          "mean" : 177368465.718098,
          "stddev" : 1105694109.865380,
          "N" : 161304,
          "percentile" : {
            "1.000000" : 1056768,
            "5.000000" : 1089536,
            "10.000000" : 1089536,
            "20.000000" : 1122304,
            "30.000000" : 1138688,
            "40.000000" : 1155072,
            "50.000000" : 1204224,
            "60.000000" : 1368064,
            "70.000000" : 1548288,
            "80.000000" : 1613824,
            "90.000000" : 1695744,
            "95.000000" : 113770496,
            "99.000000" : 5335154688,
            "99.500000" : 8153726976,
            "99.900000" : 14562623488,
            "99.950000" : 15636365312,
            "99.990000" : 17112760320
          }
        },
        "lat_ns" : {
          "min" : 31778,
          "max" : 19119763260,
          "mean" : 183281028.109322,
          "stddev" : 1123292162.308313,
          "N" : 161304
        },
        "bw_min" : 15044,
        "bw_max" : 277012,
        "bw_agg" : 100.000000,
        "bw_mean" : 75642.141862,
        "bw_dev" : 4451.572116,
        "bw_samples" : 268,
        "iops_min" : 3760,
        "iops_max" : 69253,
        "iops_mean" : 18910.350362,
        "iops_stddev" : 1112.898508,
        "iops_samples" : 268
      },
      "write" : {
        "io_bytes" : 0,
        "io_kbytes" : 0,
        "bw_bytes" : 0,
        "bw" : 0,
        "iops" : 0.000000,
        "runtime" : 0,
        "total_ios" : 0,
        "short_ios" : 0,
        "drop_ios" : 0,
        "slat_ns" : {
          "min" : 0,
          "max" : 0,
          "mean" : 0.000000,
          "stddev" : 0.000000,
          "N" : 0
        },
        "clat_ns" : {
          "min" : 0,
          "max" : 0,
          "mean" : 0.000000,
          "stddev" : 0.000000,
          "N" : 0
        },
        "lat_ns" : {
          "min" : 0,
          "max" : 0,
          "mean" : 0.000000,
          "stddev" : 0.000000,
          "N" : 0
        },
        "bw_min" : 0,
        "bw_max" : 0,
        "bw_agg" : 0.000000,
        "bw_mean" : 0.000000,
        "bw_dev" : 0.000000,
        "bw_samples" : 0,
        "iops_min" : 0,
        "iops_max" : 0,
        "iops_mean" : 0.000000,
        "iops_stddev" : 0.000000,
        "iops_samples" : 0
      },
      "trim" : {
        "io_bytes" : 0,
        "io_kbytes" : 0,
        "bw_bytes" : 0,
        "bw" : 0,
        "iops" : 0.000000,
        "runtime" : 0,
        "total_ios" : 0,
        "short_ios" : 0,
        "drop_ios" : 0,
        "slat_ns" : {
          "min" : 0,
          "max" : 0,
          "mean" : 0.000000,
          "stddev" : 0.000000,
          "N" : 0
        },
        "clat_ns" : {
          "min" : 0,
          "max" : 0,
          "mean" : 0.000000,
          "stddev" : 0.000000,
          "N" : 0
        },
        "lat_ns" : {
          "min" : 0,
          "max" : 0,
          "mean" : 0.000000,
          "stddev" : 0.000000,
          "N" : 0
        },
        "bw_min" : 0,
        "bw_max" : 0,
        "bw_agg" : 0.000000,
        "bw_mean" : 0.000000,
        "bw_dev" : 0.000000,
        "bw_samples" : 0,
        "iops_min" : 0,
        "iops_max" : 0,
        "iops_mean" : 0.000000,
        "iops_stddev" : 0.000000,
        "iops_samples" : 0
      },
      "sync" : {
        "total_ios" : 0,
        "lat_ns" : {
          "min" : 0,
          "max" : 0,
          "mean" : 0.000000,
          "stddev" : 0.000000,
          "N" : 0
        }
      },
      "job_runtime" : 955227,
      "usr_cpu" : 0.118087,
      "sys_cpu" : 0.251773,
      "ctx" : 168709,
      "majf" : 0,
      "minf" : 1163,
      "iodepth_level" : {
        "1" : 0.100000,
        "2" : 0.100000,
        "4" : 0.100000,
        "8" : 0.100000,
        "16" : 0.158707,
        "32" : 99.692506,
        ">=64" : 0.000000
      },
      "iodepth_submit" : {
        "0" : 0.000000,
        "4" : 100.000000,
        "8" : 0.000000,
        "16" : 0.000000,
        "32" : 0.000000,
        "64" : 0.000000,
        ">=64" : 0.000000
      },
      "iodepth_complete" : {
        "0" : 0.000000,
        "4" : 99.990051,
        "8" : 0.000000,
        "16" : 0.000000,
        "32" : 0.100000,
        "64" : 0.000000,
        ">=64" : 0.000000
      },
      "latency_ns" : {
        "2" : 0.000000,
        "4" : 0.000000,
        "10" : 0.000000,
        "20" : 0.000000,
        "50" : 0.000000,
        "100" : 0.000000,
        "250" : 0.000000,
        "500" : 0.000000,
        "750" : 0.000000,
        "1000" : 0.000000
      },
      "latency_us" : {
        "2" : 0.000000,
        "4" : 0.000000,
        "10" : 0.010000,
        "20" : 0.010000,
        "50" : 0.010000,
        "100" : 0.010000,
        "250" : 0.010000,
        "500" : 0.015499,
        "750" : 0.016739,
        "1000" : 0.016119
      },
      "latency_ms" : {
        "2" : 93.992089,
        "4" : 0.711700,
        "10" : 0.117170,
        "20" : 0.010000,
        "50" : 0.038437,
        "100" : 0.038437,
        "250" : 0.192184,
        "500" : 0.173585,
        "750" : 0.328572,
        "1000" : 0.289515,
        "2000" : 1.309949,
        ">=2000" : 2.732108
      },
      "latency_depth" : 32,
      "latency_target" : 0,
      "latency_percentile" : 100.000000,
      "latency_window" : 0
    }
  ]
}
