{
  "fio version" : "fio-3.29-112-gc3773",
  "timestamp" : 1649844954,
  "timestamp_ms" : 1649844954728,
  "time" : "Wed Apr 13 10:15:54 2022",
  "global options" : {
    "size" : "50M",
    "runtime" : "60",
    "directory" : "/mnt/mfs"
  },
  "jobs" : [
    {
      "jobname" : "iotest",
      "groupid" : 0,
      "error" : 0,
      "eta" : 0,
      "elapsed" : 19,
      "job options" : {
        "rw" : "read",
        "bs" : "4k",
        "ioengine" : "libaio",
        "iodepth" : "32",
        "numjobs" : "4",
        "direct" : "1",
        "group_reporting" : "1",
        "invalidate" : "1",
        "loops" : "1",
        "write_bw_log" : "./fio-bench-13-04-2022--09-45-32-seq-mfs/seqread/mfs/4k/read-iodepth-32-numjobs-4",
        "write_lat_log" : "./fio-bench-13-04-2022--09-45-32-seq-mfs/seqread/mfs/4k/read-iodepth-32-numjobs-4",
        "write_iops_log" : "./fio-bench-13-04-2022--09-45-32-seq-mfs/seqread/mfs/4k/read-iodepth-32-numjobs-4",
        "log_avg_msec" : "500"
      },
      "read" : {
        "io_bytes" : 209715200,
        "io_kbytes" : 204800,
        "bw_bytes" : 11646962,
        "bw" : 11373,
        "iops" : 2843.496612,
        "runtime" : 18006,
        "total_ios" : 51200,
        "short_ios" : 0,
        "drop_ios" : 0,
        "slat_ns" : {
          "min" : 19067,
          "max" : 8815048834,
          "mean" : 1312341.630879,
          "stddev" : 73707610.111910,
          "N" : 51200
        },
        "clat_ns" : {
          "min" : 6215,
          "max" : 8816541625,
          "mean" : 39350453.799785,
          "stddev" : 405429771.674518,
          "N" : 51200,
          "percentile" : {
            "1.000000" : 995328,
            "5.000000" : 1044480,
            "10.000000" : 1089536,
            "20.000000" : 1105920,
            "30.000000" : 1122304,
            "40.000000" : 1155072,
            "50.000000" : 1204224,
            "60.000000" : 1302528,
            "70.000000" : 1400832,
            "80.000000" : 1515520,
            "90.000000" : 1613824,
            "95.000000" : 1712128,
            "99.000000" : 650117120,
            "99.500000" : 2122317824,
            "99.900000" : 7616856064,
            "99.950000" : 8791261184,
            "99.990000" : 8791261184
          }
        },
        "lat_ns" : {
          "min" : 30870,
          "max" : 8816580946,
          "mean" : 40665382.805703,
          "stddev" : 411958215.851984,
          "N" : 51200
        },
        "bw_min" : 3248,
        "bw_max" : 123849,
        "bw_agg" : 100.000000,
        "bw_mean" : 32993.311111,
        "bw_dev" : 9639.840455,
        "bw_samples" : 40,
        "iops_min" : 812,
        "iops_max" : 30962,
        "iops_mean" : 8248.305051,
        "iops_stddev" : 2409.943656,
        "iops_samples" : 40
      },
      "write" : {
        "io_bytes" : 0,
        "io_kbytes" : 0,
        "bw_bytes" : 0,
        "bw" : 0,
        "iops" : 0.000000,
        "runtime" : 0,
        "total_ios" : 0,
        "short_ios" : 0,
        "drop_ios" : 0,
        "slat_ns" : {
          "min" : 0,
          "max" : 0,
          "mean" : 0.000000,
          "stddev" : 0.000000,
          "N" : 0
        },
        "clat_ns" : {
          "min" : 0,
          "max" : 0,
          "mean" : 0.000000,
          "stddev" : 0.000000,
          "N" : 0
        },
        "lat_ns" : {
          "min" : 0,
          "max" : 0,
          "mean" : 0.000000,
          "stddev" : 0.000000,
          "N" : 0
        },
        "bw_min" : 0,
        "bw_max" : 0,
        "bw_agg" : 0.000000,
        "bw_mean" : 0.000000,
        "bw_dev" : 0.000000,
        "bw_samples" : 0,
        "iops_min" : 0,
        "iops_max" : 0,
        "iops_mean" : 0.000000,
        "iops_stddev" : 0.000000,
        "iops_samples" : 0
      },
      "trim" : {
        "io_bytes" : 0,
        "io_kbytes" : 0,
        "bw_bytes" : 0,
        "bw" : 0,
        "iops" : 0.000000,
        "runtime" : 0,
        "total_ios" : 0,
        "short_ios" : 0,
        "drop_ios" : 0,
        "slat_ns" : {
          "min" : 0,
          "max" : 0,
          "mean" : 0.000000,
          "stddev" : 0.000000,
          "N" : 0
        },
        "clat_ns" : {
          "min" : 0,
          "max" : 0,
          "mean" : 0.000000,
          "stddev" : 0.000000,
          "N" : 0
        },
        "lat_ns" : {
          "min" : 0,
          "max" : 0,
          "mean" : 0.000000,
          "stddev" : 0.000000,
          "N" : 0
        },
        "bw_min" : 0,
        "bw_max" : 0,
        "bw_agg" : 0.000000,
        "bw_mean" : 0.000000,
        "bw_dev" : 0.000000,
        "bw_samples" : 0,
        "iops_min" : 0,
        "iops_max" : 0,
        "iops_mean" : 0.000000,
        "iops_stddev" : 0.000000,
        "iops_samples" : 0
      },
      "sync" : {
        "total_ios" : 0,
        "lat_ns" : {
          "min" : 0,
          "max" : 0,
          "mean" : 0.000000,
          "stddev" : 0.000000,
          "N" : 0
        }
      },
      "job_runtime" : 67787,
      "usr_cpu" : 0.503046,
      "sys_cpu" : 1.031171,
      "ctx" : 56440,
      "majf" : 0,
      "minf" : 282,
      "iodepth_level" : {
        "1" : 0.100000,
        "2" : 0.100000,
        "4" : 0.100000,
        "8" : 0.100000,
        "16" : 0.125000,
        "32" : 99.757812,
        ">=64" : 0.000000
      },
      "iodepth_submit" : {
        "0" : 0.000000,
        "4" : 100.000000,
        "8" : 0.000000,
        "16" : 0.000000,
        "32" : 0.000000,
        "64" : 0.000000,
        ">=64" : 0.000000
      },
      "iodepth_complete" : {
        "0" : 0.000000,
        "4" : 99.992169,
        "8" : 0.000000,
        "16" : 0.000000,
        "32" : 0.100000,
        "64" : 0.000000,
        ">=64" : 0.000000
      },
      "latency_ns" : {
        "2" : 0.000000,
        "4" : 0.000000,
        "10" : 0.000000,
        "20" : 0.000000,
        "50" : 0.000000,
        "100" : 0.000000,
        "250" : 0.000000,
        "500" : 0.000000,
        "750" : 0.000000,
        "1000" : 0.000000
      },
      "latency_us" : {
        "2" : 0.000000,
        "4" : 0.000000,
        "10" : 0.010000,
        "20" : 0.000000,
        "50" : 0.010000,
        "100" : 0.010000,
        "250" : 0.033203,
        "500" : 0.052734,
        "750" : 0.052734,
        "1000" : 1.451172
      },
      "latency_ms" : {
        "2" : 95.218750,
        "4" : 0.316406,
        "10" : 0.000000,
        "20" : 0.121094,
        "50" : 0.060547,
        "100" : 0.000000,
        "250" : 0.484375,
        "500" : 0.792969,
        "750" : 0.544922,
        "1000" : 0.000000,
        "2000" : 0.302734,
        ">=2000" : 0.546875
      },
      "latency_depth" : 32,
      "latency_target" : 0,
      "latency_percentile" : 100.000000,
      "latency_window" : 0
    }
  ]
}
