{
  "fio version" : "fio-3.29-112-gc3773",
  "timestamp" : 1649844857,
  "timestamp_ms" : 1649844857127,
  "time" : "Wed Apr 13 10:14:17 2022",
  "global options" : {
    "size" : "50M",
    "runtime" : "60",
    "directory" : "/mnt/mfs"
  },
  "jobs" : [
    {
      "jobname" : "iotest",
      "groupid" : 0,
      "error" : 0,
      "eta" : 0,
      "elapsed" : 65,
      "job options" : {
        "rw" : "read",
        "bs" : "4k",
        "ioengine" : "libaio",
        "iodepth" : "16",
        "numjobs" : "32",
        "direct" : "1",
        "group_reporting" : "1",
        "invalidate" : "1",
        "loops" : "1",
        "write_bw_log" : "./fio-bench-13-04-2022--09-45-32-seq-mfs/seqread/mfs/4k/read-iodepth-16-numjobs-32",
        "write_lat_log" : "./fio-bench-13-04-2022--09-45-32-seq-mfs/seqread/mfs/4k/read-iodepth-16-numjobs-32",
        "write_iops_log" : "./fio-bench-13-04-2022--09-45-32-seq-mfs/seqread/mfs/4k/read-iodepth-16-numjobs-32",
        "log_avg_msec" : "500"
      },
      "read" : {
        "io_bytes" : 639643648,
        "io_kbytes" : 624652,
        "bw_bytes" : 9945945,
        "bw" : 9712,
        "iops" : 2428.209354,
        "runtime" : 64312,
        "total_ios" : 156163,
        "short_ios" : 0,
        "drop_ios" : 0,
        "slat_ns" : {
          "min" : 18857,
          "max" : 26406385982,
          "mean" : 12789201.030468,
          "stddev" : 306369777.361675,
          "N" : 156163
        },
        "clat_ns" : {
          "min" : 12432,
          "max" : 26407168136,
          "mean" : 181956077.866902,
          "stddev" : 1154338653.198017,
          "N" : 156163,
          "percentile" : {
            "1.000000" : 509952,
            "5.000000" : 522240,
            "10.000000" : 528384,
            "20.000000" : 544768,
            "30.000000" : 577536,
            "40.000000" : 675840,
            "50.000000" : 741376,
            "60.000000" : 757760,
            "70.000000" : 765952,
            "80.000000" : 790528,
            "90.000000" : 839680,
            "95.000000" : 1019904,
            "99.000000" : 5402263552,
            "99.500000" : 8086618112,
            "99.900000" : 15367929856,
            "99.950000" : 16441671680,
            "99.990000" : 17112760320
          }
        },
        "lat_ns" : {
          "min" : 87232,
          "max" : 26407205990,
          "mean" : 194747998.674487,
          "stddev" : 1192431090.152050,
          "N" : 156163
        },
        "bw_min" : 30910,
        "bw_max" : 227360,
        "bw_agg" : 100.000000,
        "bw_mean" : 98806.863460,
        "bw_dev" : 1953.025582,
        "bw_samples" : 413,
        "iops_min" : 7725,
        "iops_max" : 56840,
        "iops_mean" : 24702.930957,
        "iops_stddev" : 488.226620,
        "iops_samples" : 413
      },
      "write" : {
        "io_bytes" : 0,
        "io_kbytes" : 0,
        "bw_bytes" : 0,
        "bw" : 0,
        "iops" : 0.000000,
        "runtime" : 0,
        "total_ios" : 0,
        "short_ios" : 0,
        "drop_ios" : 0,
        "slat_ns" : {
          "min" : 0,
          "max" : 0,
          "mean" : 0.000000,
          "stddev" : 0.000000,
          "N" : 0
        },
        "clat_ns" : {
          "min" : 0,
          "max" : 0,
          "mean" : 0.000000,
          "stddev" : 0.000000,
          "N" : 0
        },
        "lat_ns" : {
          "min" : 0,
          "max" : 0,
          "mean" : 0.000000,
          "stddev" : 0.000000,
          "N" : 0
        },
        "bw_min" : 0,
        "bw_max" : 0,
        "bw_agg" : 0.000000,
        "bw_mean" : 0.000000,
        "bw_dev" : 0.000000,
        "bw_samples" : 0,
        "iops_min" : 0,
        "iops_max" : 0,
        "iops_mean" : 0.000000,
        "iops_stddev" : 0.000000,
        "iops_samples" : 0
      },
      "trim" : {
        "io_bytes" : 0,
        "io_kbytes" : 0,
        "bw_bytes" : 0,
        "bw" : 0,
        "iops" : 0.000000,
        "runtime" : 0,
        "total_ios" : 0,
        "short_ios" : 0,
        "drop_ios" : 0,
        "slat_ns" : {
          "min" : 0,
          "max" : 0,
          "mean" : 0.000000,
          "stddev" : 0.000000,
          "N" : 0
        },
        "clat_ns" : {
          "min" : 0,
          "max" : 0,
          "mean" : 0.000000,
          "stddev" : 0.000000,
          "N" : 0
        },
        "lat_ns" : {
          "min" : 0,
          "max" : 0,
          "mean" : 0.000000,
          "stddev" : 0.000000,
          "N" : 0
        },
        "bw_min" : 0,
        "bw_max" : 0,
        "bw_agg" : 0.000000,
        "bw_mean" : 0.000000,
        "bw_dev" : 0.000000,
        "bw_samples" : 0,
        "iops_min" : 0,
        "iops_max" : 0,
        "iops_mean" : 0.000000,
        "iops_stddev" : 0.000000,
        "iops_samples" : 0
      },
      "sync" : {
        "total_ios" : 0,
        "lat_ns" : {
          "min" : 0,
          "max" : 0,
          "mean" : 0.000000,
          "stddev" : 0.000000,
          "N" : 0
        }
      },
      "job_runtime" : 1999302,
      "usr_cpu" : 0.051118,
      "sys_cpu" : 0.129095,
      "ctx" : 164973,
      "majf" : 0,
      "minf" : 1891,
      "iodepth_level" : {
        "1" : 0.100000,
        "2" : 0.100000,
        "4" : 0.100000,
        "8" : 0.163931,
        "16" : 99.692629,
        "32" : 0.000000,
        ">=64" : 0.000000
      },
      "iodepth_submit" : {
        "0" : 0.000000,
        "4" : 100.000000,
        "8" : 0.000000,
        "16" : 0.000000,
        "32" : 0.000000,
        "64" : 0.000000,
        ">=64" : 0.000000
      },
      "iodepth_complete" : {
        "0" : 0.000000,
        "4" : 99.979450,
        "8" : 0.000000,
        "16" : 0.100000,
        "32" : 0.000000,
        "64" : 0.000000,
        ">=64" : 0.000000
      },
      "latency_ns" : {
        "2" : 0.000000,
        "4" : 0.000000,
        "10" : 0.000000,
        "20" : 0.000000,
        "50" : 0.000000,
        "100" : 0.000000,
        "250" : 0.000000,
        "500" : 0.000000,
        "750" : 0.000000,
        "1000" : 0.000000
      },
      "latency_us" : {
        "2" : 0.000000,
        "4" : 0.000000,
        "10" : 0.000000,
        "20" : 0.016009,
        "50" : 0.010000,
        "100" : 0.010000,
        "250" : 0.010000,
        "500" : 0.037141,
        "750" : 54.592317,
        "1000" : 40.177251
      },
      "latency_ms" : {
        "2" : 1.098211,
        "4" : 0.010000,
        "10" : 0.010000,
        "20" : 0.010000,
        "50" : 0.019211,
        "100" : 0.057632,
        "250" : 0.105659,
        "500" : 0.076843,
        "750" : 0.144721,
        "1000" : 0.048027,
        "2000" : 0.512926,
        ">=2000" : 3.089720
      },
      "latency_depth" : 16,
      "latency_target" : 0,
      "latency_percentile" : 100.000000,
      "latency_window" : 0
    }
  ]
}
