{
  "fio version" : "fio-3.29-112-gc3773",
  "timestamp" : 1649845250,
  "timestamp_ms" : 1649845250344,
  "time" : "Wed Apr 13 10:20:50 2022",
  "global options" : {
    "size" : "50M",
    "runtime" : "60",
    "directory" : "/mnt/mfs"
  },
  "jobs" : [
    {
      "jobname" : "iotest",
      "groupid" : 0,
      "error" : 0,
      "eta" : 0,
      "elapsed" : 37,
      "job options" : {
        "rw" : "read",
        "bs" : "4k",
        "ioengine" : "libaio",
        "iodepth" : "64",
        "numjobs" : "8",
        "direct" : "1",
        "group_reporting" : "1",
        "invalidate" : "1",
        "loops" : "1",
        "write_bw_log" : "./fio-bench-13-04-2022--09-45-32-seq-mfs/seqread/mfs/4k/read-iodepth-64-numjobs-8",
        "write_lat_log" : "./fio-bench-13-04-2022--09-45-32-seq-mfs/seqread/mfs/4k/read-iodepth-64-numjobs-8",
        "write_iops_log" : "./fio-bench-13-04-2022--09-45-32-seq-mfs/seqread/mfs/4k/read-iodepth-64-numjobs-8",
        "log_avg_msec" : "500"
      },
      "read" : {
        "io_bytes" : 419430400,
        "io_kbytes" : 409600,
        "bw_bytes" : 11676792,
        "bw" : 11403,
        "iops" : 2850.779510,
        "runtime" : 35920,
        "total_ios" : 102400,
        "short_ios" : 0,
        "drop_ios" : 0,
        "slat_ns" : {
          "min" : 18508,
          "max" : 19682990640,
          "mean" : 2343494.024697,
          "stddev" : 116446175.975565,
          "N" : 102400
        },
        "clat_ns" : {
          "min" : 6565,
          "max" : 19686450584,
          "mean" : 144271977.297022,
          "stddev" : 910973742.152569,
          "N" : 102400,
          "percentile" : {
            "1.000000" : 2072576,
            "5.000000" : 2179072,
            "10.000000" : 2244608,
            "20.000000" : 2277376,
            "30.000000" : 2310144,
            "40.000000" : 2342912,
            "50.000000" : 2375680,
            "60.000000" : 2441216,
            "70.000000" : 2637824,
            "80.000000" : 3194880,
            "90.000000" : 3358720,
            "95.000000" : 341835776,
            "99.000000" : 3942645760,
            "99.500000" : 6073352192,
            "99.900000" : 13086228480,
            "99.950000" : 17112760320,
            "99.990000" : 17112760320
          }
        },
        "lat_ns" : {
          "min" : 32267,
          "max" : 19686492768,
          "mean" : 146617970.637412,
          "stddev" : 918031348.233815,
          "N" : 102400
        },
        "bw_min" : 6594,
        "bw_max" : 169160,
        "bw_agg" : 100.000000,
        "bw_mean" : 45404.919231,
        "bw_dev" : 6254.335890,
        "bw_samples" : 99,
        "iops_min" : 1648,
        "iops_max" : 42290,
        "iops_mean" : 11351.151282,
        "iops_stddev" : 1563.588757,
        "iops_samples" : 99
      },
      "write" : {
        "io_bytes" : 0,
        "io_kbytes" : 0,
        "bw_bytes" : 0,
        "bw" : 0,
        "iops" : 0.000000,
        "runtime" : 0,
        "total_ios" : 0,
        "short_ios" : 0,
        "drop_ios" : 0,
        "slat_ns" : {
          "min" : 0,
          "max" : 0,
          "mean" : 0.000000,
          "stddev" : 0.000000,
          "N" : 0
        },
        "clat_ns" : {
          "min" : 0,
          "max" : 0,
          "mean" : 0.000000,
          "stddev" : 0.000000,
          "N" : 0
        },
        "lat_ns" : {
          "min" : 0,
          "max" : 0,
          "mean" : 0.000000,
          "stddev" : 0.000000,
          "N" : 0
        },
        "bw_min" : 0,
        "bw_max" : 0,
        "bw_agg" : 0.000000,
        "bw_mean" : 0.000000,
        "bw_dev" : 0.000000,
        "bw_samples" : 0,
        "iops_min" : 0,
        "iops_max" : 0,
        "iops_mean" : 0.000000,
        "iops_stddev" : 0.000000,
        "iops_samples" : 0
      },
      "trim" : {
        "io_bytes" : 0,
        "io_kbytes" : 0,
        "bw_bytes" : 0,
        "bw" : 0,
        "iops" : 0.000000,
        "runtime" : 0,
        "total_ios" : 0,
        "short_ios" : 0,
        "drop_ios" : 0,
        "slat_ns" : {
          "min" : 0,
          "max" : 0,
          "mean" : 0.000000,
          "stddev" : 0.000000,
          "N" : 0
        },
        "clat_ns" : {
          "min" : 0,
          "max" : 0,
          "mean" : 0.000000,
          "stddev" : 0.000000,
          "N" : 0
        },
        "lat_ns" : {
          "min" : 0,
          "max" : 0,
          "mean" : 0.000000,
          "stddev" : 0.000000,
          "N" : 0
        },
        "bw_min" : 0,
        "bw_max" : 0,
        "bw_agg" : 0.000000,
        "bw_mean" : 0.000000,
        "bw_dev" : 0.000000,
        "bw_samples" : 0,
        "iops_min" : 0,
        "iops_max" : 0,
        "iops_mean" : 0.000000,
        "iops_stddev" : 0.000000,
        "iops_samples" : 0
      },
      "sync" : {
        "total_ios" : 0,
        "lat_ns" : {
          "min" : 0,
          "max" : 0,
          "mean" : 0.000000,
          "stddev" : 0.000000,
          "N" : 0
        }
      },
      "job_runtime" : 241143,
      "usr_cpu" : 0.314751,
      "sys_cpu" : 0.591765,
      "ctx" : 106635,
      "majf" : 0,
      "minf" : 843,
      "iodepth_level" : {
        "1" : 0.100000,
        "2" : 0.100000,
        "4" : 0.100000,
        "8" : 0.100000,
        "16" : 0.125000,
        "32" : 0.250000,
        ">=64" : 99.507812
      },
      "iodepth_submit" : {
        "0" : 0.000000,
        "4" : 100.000000,
        "8" : 0.000000,
        "16" : 0.000000,
        "32" : 0.000000,
        "64" : 0.000000,
        ">=64" : 0.000000
      },
      "iodepth_complete" : {
        "0" : 0.000000,
        "4" : 99.992149,
        "8" : 0.000000,
        "16" : 0.000000,
        "32" : 0.000000,
        "64" : 0.100000,
        ">=64" : 0.000000
      },
      "latency_ns" : {
        "2" : 0.000000,
        "4" : 0.000000,
        "10" : 0.000000,
        "20" : 0.000000,
        "50" : 0.000000,
        "100" : 0.000000,
        "250" : 0.000000,
        "500" : 0.000000,
        "750" : 0.000000,
        "1000" : 0.000000
      },
      "latency_us" : {
        "2" : 0.000000,
        "4" : 0.000000,
        "10" : 0.010000,
        "20" : 0.000000,
        "50" : 0.010000,
        "100" : 0.010000,
        "250" : 0.031250,
        "500" : 0.053711,
        "750" : 0.050781,
        "1000" : 0.052734
      },
      "latency_ms" : {
        "2" : 0.208008,
        "4" : 93.237305,
        "10" : 0.244141,
        "20" : 0.000000,
        "50" : 0.061523,
        "100" : 0.123047,
        "250" : 0.430664,
        "500" : 0.742188,
        "750" : 0.553711,
        "1000" : 0.370117,
        "2000" : 1.725586,
        ">=2000" : 2.091797
      },
      "latency_depth" : 64,
      "latency_target" : 0,
      "latency_percentile" : 100.000000,
      "latency_window" : 0
    }
  ]
}
