{
  "fio version" : "fio-3.29-112-gc3773",
  "timestamp" : 1649844152,
  "timestamp_ms" : 1649844152460,
  "time" : "Wed Apr 13 10:02:32 2022",
  "global options" : {
    "size" : "50M",
    "runtime" : "60",
    "directory" : "/mnt/mfs"
  },
  "jobs" : [
    {
      "jobname" : "iotest",
      "groupid" : 0,
      "error" : 0,
      "eta" : 0,
      "elapsed" : 10,
      "job options" : {
        "rw" : "read",
        "bs" : "4k",
        "ioengine" : "libaio",
        "iodepth" : "4",
        "numjobs" : "2",
        "direct" : "1",
        "group_reporting" : "1",
        "invalidate" : "1",
        "loops" : "1",
        "write_bw_log" : "./fio-bench-13-04-2022--09-45-32-seq-mfs/seqread/mfs/4k/read-iodepth-4-numjobs-2",
        "write_lat_log" : "./fio-bench-13-04-2022--09-45-32-seq-mfs/seqread/mfs/4k/read-iodepth-4-numjobs-2",
        "write_iops_log" : "./fio-bench-13-04-2022--09-45-32-seq-mfs/seqread/mfs/4k/read-iodepth-4-numjobs-2",
        "log_avg_msec" : "500"
      },
      "read" : {
        "io_bytes" : 104857600,
        "io_kbytes" : 102400,
        "bw_bytes" : 11424885,
        "bw" : 11157,
        "iops" : 2789.278710,
        "runtime" : 9178,
        "total_ios" : 25600,
        "short_ios" : 0,
        "drop_ios" : 0,
        "slat_ns" : {
          "min" : 19416,
          "max" : 2458035904,
          "mean" : 612666.813203,
          "stddev" : 27494536.172950,
          "N" : 25600
        },
        "clat_ns" : {
          "min" : 6076,
          "max" : 2458125998,
          "mean" : 1852530.735937,
          "stddev" : 47570024.046866,
          "N" : 25600,
          "percentile" : {
            "1.000000" : 95744,
            "5.000000" : 98816,
            "10.000000" : 98816,
            "20.000000" : 101888,
            "30.000000" : 104960,
            "40.000000" : 109056,
            "50.000000" : 113152,
            "60.000000" : 119296,
            "70.000000" : 130560,
            "80.000000" : 144384,
            "90.000000" : 158720,
            "95.000000" : 166912,
            "99.000000" : 193536,
            "99.500000" : 222208,
            "99.900000" : 599785472,
            "99.950000" : 935329792,
            "99.990000" : 2466250752
          }
        },
        "lat_ns" : {
          "min" : 32336,
          "max" : 2458151701,
          "mean" : 2467689.801523,
          "stddev" : 54927207.308237,
          "N" : 25600
        },
        "bw_min" : 4064,
        "bw_max" : 32768,
        "bw_agg" : 100.000000,
        "bw_mean" : 14094.142857,
        "bw_dev" : 4117.070446,
        "bw_samples" : 17,
        "iops_min" : 1016,
        "iops_max" : 8192,
        "iops_mean" : 3523.485714,
        "iops_stddev" : 1029.272104,
        "iops_samples" : 17
      },
      "write" : {
        "io_bytes" : 0,
        "io_kbytes" : 0,
        "bw_bytes" : 0,
        "bw" : 0,
        "iops" : 0.000000,
        "runtime" : 0,
        "total_ios" : 0,
        "short_ios" : 0,
        "drop_ios" : 0,
        "slat_ns" : {
          "min" : 0,
          "max" : 0,
          "mean" : 0.000000,
          "stddev" : 0.000000,
          "N" : 0
        },
        "clat_ns" : {
          "min" : 0,
          "max" : 0,
          "mean" : 0.000000,
          "stddev" : 0.000000,
          "N" : 0
        },
        "lat_ns" : {
          "min" : 0,
          "max" : 0,
          "mean" : 0.000000,
          "stddev" : 0.000000,
          "N" : 0
        },
        "bw_min" : 0,
        "bw_max" : 0,
        "bw_agg" : 0.000000,
        "bw_mean" : 0.000000,
        "bw_dev" : 0.000000,
        "bw_samples" : 0,
        "iops_min" : 0,
        "iops_max" : 0,
        "iops_mean" : 0.000000,
        "iops_stddev" : 0.000000,
        "iops_samples" : 0
      },
      "trim" : {
        "io_bytes" : 0,
        "io_kbytes" : 0,
        "bw_bytes" : 0,
        "bw" : 0,
        "iops" : 0.000000,
        "runtime" : 0,
        "total_ios" : 0,
        "short_ios" : 0,
        "drop_ios" : 0,
        "slat_ns" : {
          "min" : 0,
          "max" : 0,
          "mean" : 0.000000,
          "stddev" : 0.000000,
          "N" : 0
        },
        "clat_ns" : {
          "min" : 0,
          "max" : 0,
          "mean" : 0.000000,
          "stddev" : 0.000000,
          "N" : 0
        },
        "lat_ns" : {
          "min" : 0,
          "max" : 0,
          "mean" : 0.000000,
          "stddev" : 0.000000,
          "N" : 0
        },
        "bw_min" : 0,
        "bw_max" : 0,
        "bw_agg" : 0.000000,
        "bw_mean" : 0.000000,
        "bw_dev" : 0.000000,
        "bw_samples" : 0,
        "iops_min" : 0,
        "iops_max" : 0,
        "iops_mean" : 0.000000,
        "iops_stddev" : 0.000000,
        "iops_samples" : 0
      },
      "sync" : {
        "total_ios" : 0,
        "lat_ns" : {
          "min" : 0,
          "max" : 0,
          "mean" : 0.000000,
          "stddev" : 0.000000,
          "N" : 0
        }
      },
      "job_runtime" : 15969,
      "usr_cpu" : 1.440291,
      "sys_cpu" : 1.866116,
      "ctx" : 27256,
      "majf" : 0,
      "minf" : 91,
      "iodepth_level" : {
        "1" : 0.100000,
        "2" : 0.100000,
        "4" : 99.976562,
        "8" : 0.000000,
        "16" : 0.000000,
        "32" : 0.000000,
        ">=64" : 0.000000
      },
      "iodepth_submit" : {
        "0" : 0.000000,
        "4" : 100.000000,
        "8" : 0.000000,
        "16" : 0.000000,
        "32" : 0.000000,
        "64" : 0.000000,
        ">=64" : 0.000000
      },
      "iodepth_complete" : {
        "0" : 0.000000,
        "4" : 100.000000,
        "8" : 0.000000,
        "16" : 0.000000,
        "32" : 0.000000,
        "64" : 0.000000,
        ">=64" : 0.000000
      },
      "latency_ns" : {
        "2" : 0.000000,
        "4" : 0.000000,
        "10" : 0.000000,
        "20" : 0.000000,
        "50" : 0.000000,
        "100" : 0.000000,
        "250" : 0.000000,
        "500" : 0.000000,
        "750" : 0.000000,
        "1000" : 0.000000
      },
      "latency_us" : {
        "2" : 0.000000,
        "4" : 0.000000,
        "10" : 0.010000,
        "20" : 0.000000,
        "50" : 0.010000,
        "100" : 15.121094,
        "250" : 84.492188,
        "500" : 0.082031,
        "750" : 0.010000,
        "1000" : 0.000000
      },
      "latency_ms" : {
        "2" : 0.010000,
        "4" : 0.010000,
        "10" : 0.000000,
        "20" : 0.011719,
        "50" : 0.011719,
        "100" : 0.010000,
        "250" : 0.062500,
        "500" : 0.082031,
        "750" : 0.035156,
        "1000" : 0.023438,
        "2000" : 0.023438,
        ">=2000" : 0.023438
      },
      "latency_depth" : 4,
      "latency_target" : 0,
      "latency_percentile" : 100.000000,
      "latency_window" : 0
    }
  ]
}
