{
  "fio version" : "fio-3.29-112-gc3773",
  "timestamp" : 1649844990,
  "timestamp_ms" : 1649844990818,
  "time" : "Wed Apr 13 10:16:30 2022",
  "global options" : {
    "size" : "50M",
    "runtime" : "60",
    "directory" : "/mnt/mfs"
  },
  "jobs" : [
    {
      "jobname" : "iotest",
      "groupid" : 0,
      "error" : 0,
      "eta" : 0,
      "elapsed" : 36,
      "job options" : {
        "rw" : "read",
        "bs" : "4k",
        "ioengine" : "libaio",
        "iodepth" : "32",
        "numjobs" : "8",
        "direct" : "1",
        "group_reporting" : "1",
        "invalidate" : "1",
        "loops" : "1",
        "write_bw_log" : "./fio-bench-13-04-2022--09-45-32-seq-mfs/seqread/mfs/4k/read-iodepth-32-numjobs-8",
        "write_lat_log" : "./fio-bench-13-04-2022--09-45-32-seq-mfs/seqread/mfs/4k/read-iodepth-32-numjobs-8",
        "write_iops_log" : "./fio-bench-13-04-2022--09-45-32-seq-mfs/seqread/mfs/4k/read-iodepth-32-numjobs-8",
        "log_avg_msec" : "500"
      },
      "read" : {
        "io_bytes" : 419430400,
        "io_kbytes" : 409600,
        "bw_bytes" : 11708083,
        "bw" : 11433,
        "iops" : 2858.418937,
        "runtime" : 35824,
        "total_ios" : 102400,
        "short_ios" : 0,
        "drop_ios" : 0,
        "slat_ns" : {
          "min" : 17600,
          "max" : 15031686998,
          "mean" : 2501518.840947,
          "stddev" : 114676515.837050,
          "N" : 102400
        },
        "clat_ns" : {
          "min" : 5937,
          "max" : 15033315839,
          "mean" : 74776988.007695,
          "stddev" : 630385098.405833,
          "N" : 102400,
          "percentile" : {
            "1.000000" : 1036288,
            "5.000000" : 1073152,
            "10.000000" : 1089536,
            "20.000000" : 1105920,
            "30.000000" : 1122304,
            "40.000000" : 1155072,
            "50.000000" : 1171456,
            "60.000000" : 1220608,
            "70.000000" : 1335296,
            "80.000000" : 1548288,
            "90.000000" : 1630208,
            "95.000000" : 1744896,
            "99.000000" : 2566914048,
            "99.500000" : 4328521728,
            "99.900000" : 9730785280,
            "99.950000" : 10536091648,
            "99.990000" : 15099494400
          }
        },
        "lat_ns" : {
          "min" : 30520,
          "max" : 15033372970,
          "mean" : 77281020.999326,
          "stddev" : 640457993.568641,
          "N" : 102400
        },
        "bw_min" : 10752,
        "bw_max" : 244200,
        "bw_agg" : 100.000000,
        "bw_mean" : 54965.871528,
        "bw_dev" : 8236.219625,
        "bw_samples" : 102,
        "iops_min" : 2688,
        "iops_max" : 61050,
        "iops_mean" : 13741.434549,
        "iops_stddev" : 2059.056503,
        "iops_samples" : 102
      },
      "write" : {
        "io_bytes" : 0,
        "io_kbytes" : 0,
        "bw_bytes" : 0,
        "bw" : 0,
        "iops" : 0.000000,
        "runtime" : 0,
        "total_ios" : 0,
        "short_ios" : 0,
        "drop_ios" : 0,
        "slat_ns" : {
          "min" : 0,
          "max" : 0,
          "mean" : 0.000000,
          "stddev" : 0.000000,
          "N" : 0
        },
        "clat_ns" : {
          "min" : 0,
          "max" : 0,
          "mean" : 0.000000,
          "stddev" : 0.000000,
          "N" : 0
        },
        "lat_ns" : {
          "min" : 0,
          "max" : 0,
          "mean" : 0.000000,
          "stddev" : 0.000000,
          "N" : 0
        },
        "bw_min" : 0,
        "bw_max" : 0,
        "bw_agg" : 0.000000,
        "bw_mean" : 0.000000,
        "bw_dev" : 0.000000,
        "bw_samples" : 0,
        "iops_min" : 0,
        "iops_max" : 0,
        "iops_mean" : 0.000000,
        "iops_stddev" : 0.000000,
        "iops_samples" : 0
      },
      "trim" : {
        "io_bytes" : 0,
        "io_kbytes" : 0,
        "bw_bytes" : 0,
        "bw" : 0,
        "iops" : 0.000000,
        "runtime" : 0,
        "total_ios" : 0,
        "short_ios" : 0,
        "drop_ios" : 0,
        "slat_ns" : {
          "min" : 0,
          "max" : 0,
          "mean" : 0.000000,
          "stddev" : 0.000000,
          "N" : 0
        },
        "clat_ns" : {
          "min" : 0,
          "max" : 0,
          "mean" : 0.000000,
          "stddev" : 0.000000,
          "N" : 0
        },
        "lat_ns" : {
          "min" : 0,
          "max" : 0,
          "mean" : 0.000000,
          "stddev" : 0.000000,
          "N" : 0
        },
        "bw_min" : 0,
        "bw_max" : 0,
        "bw_agg" : 0.000000,
        "bw_mean" : 0.000000,
        "bw_dev" : 0.000000,
        "bw_samples" : 0,
        "iops_min" : 0,
        "iops_max" : 0,
        "iops_mean" : 0.000000,
        "iops_stddev" : 0.000000,
        "iops_samples" : 0
      },
      "sync" : {
        "total_ios" : 0,
        "lat_ns" : {
          "min" : 0,
          "max" : 0,
          "mean" : 0.000000,
          "stddev" : 0.000000,
          "N" : 0
        }
      },
      "job_runtime" : 257325,
      "usr_cpu" : 0.254542,
      "sys_cpu" : 0.566987,
      "ctx" : 108533,
      "majf" : 0,
      "minf" : 585,
      "iodepth_level" : {
        "1" : 0.100000,
        "2" : 0.100000,
        "4" : 0.100000,
        "8" : 0.100000,
        "16" : 0.125000,
        "32" : 99.757812,
        ">=64" : 0.000000
      },
      "iodepth_submit" : {
        "0" : 0.000000,
        "4" : 100.000000,
        "8" : 0.000000,
        "16" : 0.000000,
        "32" : 0.000000,
        "64" : 0.000000,
        ">=64" : 0.000000
      },
      "iodepth_complete" : {
        "0" : 0.000000,
        "4" : 99.992169,
        "8" : 0.000000,
        "16" : 0.000000,
        "32" : 0.100000,
        "64" : 0.000000,
        ">=64" : 0.000000
      },
      "latency_ns" : {
        "2" : 0.000000,
        "4" : 0.000000,
        "10" : 0.000000,
        "20" : 0.000000,
        "50" : 0.000000,
        "100" : 0.000000,
        "250" : 0.000000,
        "500" : 0.000000,
        "750" : 0.000000,
        "1000" : 0.000000
      },
      "latency_us" : {
        "2" : 0.000000,
        "4" : 0.000000,
        "10" : 0.010000,
        "20" : 0.000000,
        "50" : 0.010000,
        "100" : 0.010000,
        "250" : 0.032227,
        "500" : 0.051758,
        "750" : 0.052734,
        "1000" : 0.133789
      },
      "latency_ms" : {
        "2" : 95.975586,
        "4" : 0.573242,
        "10" : 0.037109,
        "20" : 0.116211,
        "50" : 0.030273,
        "100" : 0.060547,
        "250" : 0.151367,
        "500" : 0.213867,
        "750" : 0.447266,
        "1000" : 0.221680,
        "2000" : 0.697266,
        ">=2000" : 1.182617
      },
      "latency_depth" : 32,
      "latency_target" : 0,
      "latency_percentile" : 100.000000,
      "latency_window" : 0
    }
  ]
}
