{
  "fio version" : "fio-3.29-112-gc3773",
  "timestamp" : 1649844792,
  "timestamp_ms" : 1649844792462,
  "time" : "Wed Apr 13 10:13:12 2022",
  "global options" : {
    "size" : "50M",
    "runtime" : "60",
    "directory" : "/mnt/mfs"
  },
  "jobs" : [
    {
      "jobname" : "iotest",
      "groupid" : 0,
      "error" : 0,
      "eta" : 0,
      "elapsed" : 65,
      "job options" : {
        "rw" : "read",
        "bs" : "4k",
        "ioengine" : "libaio",
        "iodepth" : "16",
        "numjobs" : "16",
        "direct" : "1",
        "group_reporting" : "1",
        "invalidate" : "1",
        "loops" : "1",
        "write_bw_log" : "./fio-bench-13-04-2022--09-45-32-seq-mfs/seqread/mfs/4k/read-iodepth-16-numjobs-16",
        "write_lat_log" : "./fio-bench-13-04-2022--09-45-32-seq-mfs/seqread/mfs/4k/read-iodepth-16-numjobs-16",
        "write_iops_log" : "./fio-bench-13-04-2022--09-45-32-seq-mfs/seqread/mfs/4k/read-iodepth-16-numjobs-16",
        "log_avg_msec" : "500"
      },
      "read" : {
        "io_bytes" : 682172416,
        "io_kbytes" : 666184,
        "bw_bytes" : 10604925,
        "bw" : 10356,
        "iops" : 2589.093057,
        "runtime" : 64326,
        "total_ios" : 166546,
        "short_ios" : 0,
        "drop_ios" : 0,
        "slat_ns" : {
          "min" : 18648,
          "max" : 24786901521,
          "mean" : 5764333.164039,
          "stddev" : 200366229.467532,
          "N" : 166546
        },
        "clat_ns" : {
          "min" : 6146,
          "max" : 24787733752,
          "mean" : 83406515.150319,
          "stddev" : 762736006.754816,
          "N" : 166546,
          "percentile" : {
            "1.000000" : 509952,
            "5.000000" : 518144,
            "10.000000" : 528384,
            "20.000000" : 536576,
            "30.000000" : 544768,
            "40.000000" : 561152,
            "50.000000" : 585728,
            "60.000000" : 643072,
            "70.000000" : 749568,
            "80.000000" : 774144,
            "90.000000" : 815104,
            "95.000000" : 888832,
            "99.000000" : 2835349504,
            "99.500000" : 4932501504,
            "99.900000" : 10670309376,
            "99.950000" : 13488881664,
            "99.990000" : 17112760320
          }
        },
        "lat_ns" : {
          "min" : 31010,
          "max" : 24787789834,
          "mean" : 89173439.640514,
          "stddev" : 788020048.899843,
          "N" : 166546
        },
        "bw_min" : 13778,
        "bw_max" : 235648,
        "bw_agg" : 100.000000,
        "bw_mean" : 74395.406325,
        "bw_dev" : 3804.245801,
        "bw_samples" : 265,
        "iops_min" : 3444,
        "iops_max" : 58912,
        "iops_mean" : 18598.679333,
        "iops_stddev" : 951.057176,
        "iops_samples" : 265
      },
      "write" : {
        "io_bytes" : 0,
        "io_kbytes" : 0,
        "bw_bytes" : 0,
        "bw" : 0,
        "iops" : 0.000000,
        "runtime" : 0,
        "total_ios" : 0,
        "short_ios" : 0,
        "drop_ios" : 0,
        "slat_ns" : {
          "min" : 0,
          "max" : 0,
          "mean" : 0.000000,
          "stddev" : 0.000000,
          "N" : 0
        },
        "clat_ns" : {
          "min" : 0,
          "max" : 0,
          "mean" : 0.000000,
          "stddev" : 0.000000,
          "N" : 0
        },
        "lat_ns" : {
          "min" : 0,
          "max" : 0,
          "mean" : 0.000000,
          "stddev" : 0.000000,
          "N" : 0
        },
        "bw_min" : 0,
        "bw_max" : 0,
        "bw_agg" : 0.000000,
        "bw_mean" : 0.000000,
        "bw_dev" : 0.000000,
        "bw_samples" : 0,
        "iops_min" : 0,
        "iops_max" : 0,
        "iops_mean" : 0.000000,
        "iops_stddev" : 0.000000,
        "iops_samples" : 0
      },
      "trim" : {
        "io_bytes" : 0,
        "io_kbytes" : 0,
        "bw_bytes" : 0,
        "bw" : 0,
        "iops" : 0.000000,
        "runtime" : 0,
        "total_ios" : 0,
        "short_ios" : 0,
        "drop_ios" : 0,
        "slat_ns" : {
          "min" : 0,
          "max" : 0,
          "mean" : 0.000000,
          "stddev" : 0.000000,
          "N" : 0
        },
        "clat_ns" : {
          "min" : 0,
          "max" : 0,
          "mean" : 0.000000,
          "stddev" : 0.000000,
          "N" : 0
        },
        "lat_ns" : {
          "min" : 0,
          "max" : 0,
          "mean" : 0.000000,
          "stddev" : 0.000000,
          "N" : 0
        },
        "bw_min" : 0,
        "bw_max" : 0,
        "bw_agg" : 0.000000,
        "bw_mean" : 0.000000,
        "bw_dev" : 0.000000,
        "bw_samples" : 0,
        "iops_min" : 0,
        "iops_max" : 0,
        "iops_mean" : 0.000000,
        "iops_stddev" : 0.000000,
        "iops_samples" : 0
      },
      "sync" : {
        "total_ios" : 0,
        "lat_ns" : {
          "min" : 0,
          "max" : 0,
          "mean" : 0.000000,
          "stddev" : 0.000000,
          "N" : 0
        }
      },
      "job_runtime" : 962013,
      "usr_cpu" : 0.138252,
      "sys_cpu" : 0.235548,
      "ctx" : 176364,
      "majf" : 0,
      "minf" : 907,
      "iodepth_level" : {
        "1" : 0.100000,
        "2" : 0.100000,
        "4" : 0.100000,
        "8" : 0.100000,
        "16" : 99.855896,
        "32" : 0.000000,
        ">=64" : 0.000000
      },
      "iodepth_submit" : {
        "0" : 0.000000,
        "4" : 100.000000,
        "8" : 0.000000,
        "16" : 0.000000,
        "32" : 0.000000,
        "64" : 0.000000,
        ">=64" : 0.000000
      },
      "iodepth_complete" : {
        "0" : 0.000000,
        "4" : 99.990380,
        "8" : 0.000000,
        "16" : 0.100000,
        "32" : 0.000000,
        "64" : 0.000000,
        ">=64" : 0.000000
      },
      "latency_ns" : {
        "2" : 0.000000,
        "4" : 0.000000,
        "10" : 0.000000,
        "20" : 0.000000,
        "50" : 0.000000,
        "100" : 0.000000,
        "250" : 0.000000,
        "500" : 0.000000,
        "750" : 0.000000,
        "1000" : 0.000000
      },
      "latency_us" : {
        "2" : 0.000000,
        "4" : 0.000000,
        "10" : 0.010000,
        "20" : 0.010000,
        "50" : 0.010000,
        "100" : 0.010000,
        "250" : 0.016212,
        "500" : 0.075054,
        "750" : 70.439398,
        "1000" : 26.069074
      },
      "latency_ms" : {
        "2" : 0.979909,
        "4" : 0.015011,
        "10" : 0.000000,
        "20" : 0.000000,
        "50" : 0.027020,
        "100" : 0.000000,
        "250" : 0.099072,
        "500" : 0.117085,
        "750" : 0.072653,
        "1000" : 0.172925,
        "2000" : 0.490555,
        ">=2000" : 1.408019
      },
      "latency_depth" : 16,
      "latency_target" : 0,
      "latency_percentile" : 100.000000,
      "latency_window" : 0
    }
  ]
}
