{
  "fio version" : "fio-3.29-112-gc3773",
  "timestamp" : 1649844593,
  "timestamp_ms" : 1649844593916,
  "time" : "Wed Apr 13 10:09:53 2022",
  "global options" : {
    "size" : "50M",
    "runtime" : "60",
    "directory" : "/mnt/mfs"
  },
  "jobs" : [
    {
      "jobname" : "iotest",
      "groupid" : 0,
      "error" : 0,
      "eta" : 0,
      "elapsed" : 64,
      "job options" : {
        "rw" : "read",
        "bs" : "4k",
        "ioengine" : "libaio",
        "iodepth" : "8",
        "numjobs" : "32",
        "direct" : "1",
        "group_reporting" : "1",
        "invalidate" : "1",
        "loops" : "1",
        "write_bw_log" : "./fio-bench-13-04-2022--09-45-32-seq-mfs/seqread/mfs/4k/read-iodepth-8-numjobs-32",
        "write_lat_log" : "./fio-bench-13-04-2022--09-45-32-seq-mfs/seqread/mfs/4k/read-iodepth-8-numjobs-32",
        "write_iops_log" : "./fio-bench-13-04-2022--09-45-32-seq-mfs/seqread/mfs/4k/read-iodepth-8-numjobs-32",
        "log_avg_msec" : "500"
      },
      "read" : {
        "io_bytes" : 645869568,
        "io_kbytes" : 630732,
        "bw_bytes" : 10243118,
        "bw" : 10003,
        "iops" : 2500.761252,
        "runtime" : 63054,
        "total_ios" : 157683,
        "short_ios" : 0,
        "drop_ios" : 0,
        "slat_ns" : {
          "min" : 19136,
          "max" : 32066155842,
          "mean" : 12501186.616274,
          "stddev" : 307192942.786872,
          "N" : 157683
        },
        "clat_ns" : {
          "min" : 9288,
          "max" : 32066518180,
          "mean" : 83579630.239398,
          "stddev" : 799699111.527830,
          "N" : 157683,
          "percentile" : {
            "1.000000" : 238592,
            "5.000000" : 244736,
            "10.000000" : 248832,
            "20.000000" : 252928,
            "30.000000" : 264192,
            "40.000000" : 296960,
            "50.000000" : 337920,
            "60.000000" : 346112,
            "70.000000" : 358400,
            "80.000000" : 370688,
            "90.000000" : 395264,
            "95.000000" : 432128,
            "99.000000" : 3506438144,
            "99.500000" : 5402263552,
            "99.900000" : 11744051200,
            "99.950000" : 15099494400,
            "99.990000" : 17112760320
          }
        },
        "lat_ns" : {
          "min" : 57689,
          "max" : 32066559386,
          "mean" : 96083521.539716,
          "stddev" : 855544923.822660,
          "N" : 157683
        },
        "bw_min" : 25284,
        "bw_max" : 200167,
        "bw_agg" : 100.000000,
        "bw_mean" : 94575.461472,
        "bw_dev" : 1720.251331,
        "bw_samples" : 430,
        "iops_min" : 6320,
        "iops_max" : 50041,
        "iops_mean" : 23643.468331,
        "iops_stddev" : 430.067416,
        "iops_samples" : 430
      },
      "write" : {
        "io_bytes" : 0,
        "io_kbytes" : 0,
        "bw_bytes" : 0,
        "bw" : 0,
        "iops" : 0.000000,
        "runtime" : 0,
        "total_ios" : 0,
        "short_ios" : 0,
        "drop_ios" : 0,
        "slat_ns" : {
          "min" : 0,
          "max" : 0,
          "mean" : 0.000000,
          "stddev" : 0.000000,
          "N" : 0
        },
        "clat_ns" : {
          "min" : 0,
          "max" : 0,
          "mean" : 0.000000,
          "stddev" : 0.000000,
          "N" : 0
        },
        "lat_ns" : {
          "min" : 0,
          "max" : 0,
          "mean" : 0.000000,
          "stddev" : 0.000000,
          "N" : 0
        },
        "bw_min" : 0,
        "bw_max" : 0,
        "bw_agg" : 0.000000,
        "bw_mean" : 0.000000,
        "bw_dev" : 0.000000,
        "bw_samples" : 0,
        "iops_min" : 0,
        "iops_max" : 0,
        "iops_mean" : 0.000000,
        "iops_stddev" : 0.000000,
        "iops_samples" : 0
      },
      "trim" : {
        "io_bytes" : 0,
        "io_kbytes" : 0,
        "bw_bytes" : 0,
        "bw" : 0,
        "iops" : 0.000000,
        "runtime" : 0,
        "total_ios" : 0,
        "short_ios" : 0,
        "drop_ios" : 0,
        "slat_ns" : {
          "min" : 0,
          "max" : 0,
          "mean" : 0.000000,
          "stddev" : 0.000000,
          "N" : 0
        },
        "clat_ns" : {
          "min" : 0,
          "max" : 0,
          "mean" : 0.000000,
          "stddev" : 0.000000,
          "N" : 0
        },
        "lat_ns" : {
          "min" : 0,
          "max" : 0,
          "mean" : 0.000000,
          "stddev" : 0.000000,
          "N" : 0
        },
        "bw_min" : 0,
        "bw_max" : 0,
        "bw_agg" : 0.000000,
        "bw_mean" : 0.000000,
        "bw_dev" : 0.000000,
        "bw_samples" : 0,
        "iops_min" : 0,
        "iops_max" : 0,
        "iops_mean" : 0.000000,
        "iops_stddev" : 0.000000,
        "iops_samples" : 0
      },
      "sync" : {
        "total_ios" : 0,
        "lat_ns" : {
          "min" : 0,
          "max" : 0,
          "mean" : 0.000000,
          "stddev" : 0.000000,
          "N" : 0
        }
      },
      "job_runtime" : 1973315,
      "usr_cpu" : 0.059190,
      "sys_cpu" : 0.123853,
      "ctx" : 166572,
      "majf" : 0,
      "minf" : 1572,
      "iodepth_level" : {
        "1" : 0.100000,
        "2" : 0.100000,
        "4" : 0.100000,
        "8" : 99.857943,
        "16" : 0.000000,
        "32" : 0.000000,
        ">=64" : 0.000000
      },
      "iodepth_submit" : {
        "0" : 0.000000,
        "4" : 100.000000,
        "8" : 0.000000,
        "16" : 0.000000,
        "32" : 0.000000,
        "64" : 0.000000,
        ">=64" : 0.000000
      },
      "iodepth_complete" : {
        "0" : 0.000000,
        "4" : 99.979681,
        "8" : 0.100000,
        "16" : 0.000000,
        "32" : 0.000000,
        "64" : 0.000000,
        ">=64" : 0.000000
      },
      "latency_ns" : {
        "2" : 0.000000,
        "4" : 0.000000,
        "10" : 0.000000,
        "20" : 0.000000,
        "50" : 0.000000,
        "100" : 0.000000,
        "250" : 0.000000,
        "500" : 0.000000,
        "750" : 0.000000,
        "1000" : 0.000000
      },
      "latency_us" : {
        "2" : 0.000000,
        "4" : 0.000000,
        "10" : 0.010000,
        "20" : 0.015855,
        "50" : 0.010000,
        "100" : 0.010000,
        "250" : 12.607573,
        "500" : 84.418105,
        "750" : 0.970301,
        "1000" : 0.084346
      },
      "latency_ms" : {
        "2" : 0.020294,
        "4" : 0.015220,
        "10" : 0.010000,
        "20" : 0.010000,
        "50" : 0.010000,
        "100" : 0.013318,
        "250" : 0.044393,
        "500" : 0.049466,
        "750" : 0.067223,
        "1000" : 0.089420,
        "2000" : 0.175035,
        ">=2000" : 1.410425
      },
      "latency_depth" : 8,
      "latency_target" : 0,
      "latency_percentile" : 100.000000,
      "latency_window" : 0
    }
  ]
}
