{
  "fio version" : "fio-3.29-112-gc3773",
  "timestamp" : 1649845314,
  "timestamp_ms" : 1649845314274,
  "time" : "Wed Apr 13 10:21:54 2022",
  "global options" : {
    "size" : "50M",
    "runtime" : "60",
    "directory" : "/mnt/mfs"
  },
  "jobs" : [
    {
      "jobname" : "iotest",
      "groupid" : 0,
      "error" : 0,
      "eta" : 0,
      "elapsed" : 64,
      "job options" : {
        "rw" : "read",
        "bs" : "4k",
        "ioengine" : "libaio",
        "iodepth" : "64",
        "numjobs" : "16",
        "direct" : "1",
        "group_reporting" : "1",
        "invalidate" : "1",
        "loops" : "1",
        "write_bw_log" : "./fio-bench-13-04-2022--09-45-32-seq-mfs/seqread/mfs/4k/read-iodepth-64-numjobs-16",
        "write_lat_log" : "./fio-bench-13-04-2022--09-45-32-seq-mfs/seqread/mfs/4k/read-iodepth-64-numjobs-16",
        "write_iops_log" : "./fio-bench-13-04-2022--09-45-32-seq-mfs/seqread/mfs/4k/read-iodepth-64-numjobs-16",
        "log_avg_msec" : "500"
      },
      "read" : {
        "io_bytes" : 648118272,
        "io_kbytes" : 632928,
        "bw_bytes" : 10184773,
        "bw" : 9946,
        "iops" : 2486.517066,
        "runtime" : 63636,
        "total_ios" : 158232,
        "short_ios" : 0,
        "drop_ios" : 0,
        "slat_ns" : {
          "min" : 19486,
          "max" : 18251849298,
          "mean" : 6042049.943678,
          "stddev" : 211831228.593259,
          "N" : 158232
        },
        "clat_ns" : {
          "min" : 6565,
          "max" : 18254232357,
          "mean" : 367830401.534841,
          "stddev" : 1624061746.701653,
          "N" : 158232,
          "percentile" : {
            "1.000000" : 2179072,
            "5.000000" : 2211840,
            "10.000000" : 2244608,
            "20.000000" : 2277376,
            "30.000000" : 2310144,
            "40.000000" : 2375680,
            "50.000000" : 2441216,
            "60.000000" : 2867200,
            "70.000000" : 3194880,
            "80.000000" : 3293184,
            "90.000000" : 28180480,
            "95.000000" : 2298478592,
            "99.000000" : 9596567552,
            "99.500000" : 11744051200,
            "99.900000" : 17112760320,
            "99.950000" : 17112760320,
            "99.990000" : 17112760320
          }
        },
        "lat_ns" : {
          "min" : 31639,
          "max" : 18254257988,
          "mean" : 373875023.804250,
          "stddev" : 1636487883.641409,
          "N" : 158232
        },
        "bw_min" : 11705,
        "bw_max" : 261489,
        "bw_agg" : 100.000000,
        "bw_mean" : 79896.138292,
        "bw_dev" : 4194.878657,
        "bw_samples" : 254,
        "iops_min" : 2926,
        "iops_max" : 65372,
        "iops_mean" : 19973.888381,
        "iops_stddev" : 1048.711309,
        "iops_samples" : 254
      },
      "write" : {
        "io_bytes" : 0,
        "io_kbytes" : 0,
        "bw_bytes" : 0,
        "bw" : 0,
        "iops" : 0.000000,
        "runtime" : 0,
        "total_ios" : 0,
        "short_ios" : 0,
        "drop_ios" : 0,
        "slat_ns" : {
          "min" : 0,
          "max" : 0,
          "mean" : 0.000000,
          "stddev" : 0.000000,
          "N" : 0
        },
        "clat_ns" : {
          "min" : 0,
          "max" : 0,
          "mean" : 0.000000,
          "stddev" : 0.000000,
          "N" : 0
        },
        "lat_ns" : {
          "min" : 0,
          "max" : 0,
          "mean" : 0.000000,
          "stddev" : 0.000000,
          "N" : 0
        },
        "bw_min" : 0,
        "bw_max" : 0,
        "bw_agg" : 0.000000,
        "bw_mean" : 0.000000,
        "bw_dev" : 0.000000,
        "bw_samples" : 0,
        "iops_min" : 0,
        "iops_max" : 0,
        "iops_mean" : 0.000000,
        "iops_stddev" : 0.000000,
        "iops_samples" : 0
      },
      "trim" : {
        "io_bytes" : 0,
        "io_kbytes" : 0,
        "bw_bytes" : 0,
        "bw" : 0,
        "iops" : 0.000000,
        "runtime" : 0,
        "total_ios" : 0,
        "short_ios" : 0,
        "drop_ios" : 0,
        "slat_ns" : {
          "min" : 0,
          "max" : 0,
          "mean" : 0.000000,
          "stddev" : 0.000000,
          "N" : 0
        },
        "clat_ns" : {
          "min" : 0,
          "max" : 0,
          "mean" : 0.000000,
          "stddev" : 0.000000,
          "N" : 0
        },
        "lat_ns" : {
          "min" : 0,
          "max" : 0,
          "mean" : 0.000000,
          "stddev" : 0.000000,
          "N" : 0
        },
        "bw_min" : 0,
        "bw_max" : 0,
        "bw_agg" : 0.000000,
        "bw_mean" : 0.000000,
        "bw_dev" : 0.000000,
        "bw_samples" : 0,
        "iops_min" : 0,
        "iops_max" : 0,
        "iops_mean" : 0.000000,
        "iops_stddev" : 0.000000,
        "iops_samples" : 0
      },
      "sync" : {
        "total_ios" : 0,
        "lat_ns" : {
          "min" : 0,
          "max" : 0,
          "mean" : 0.000000,
          "stddev" : 0.000000,
          "N" : 0
        }
      },
      "job_runtime" : 957935,
      "usr_cpu" : 0.106792,
      "sys_cpu" : 0.252418,
      "ctx" : 165835,
      "majf" : 0,
      "minf" : 1655,
      "iodepth_level" : {
        "1" : 0.100000,
        "2" : 0.100000,
        "4" : 0.100000,
        "8" : 0.100000,
        "16" : 0.161788,
        "32" : 0.323576,
        ">=64" : 99.362961
      },
      "iodepth_submit" : {
        "0" : 0.000000,
        "4" : 100.000000,
        "8" : 0.000000,
        "16" : 0.000000,
        "32" : 0.000000,
        "64" : 0.000000,
        ">=64" : 0.000000
      },
      "iodepth_complete" : {
        "0" : 0.000000,
        "4" : 99.989824,
        "8" : 0.000000,
        "16" : 0.000000,
        "32" : 0.000000,
        "64" : 0.100000,
        ">=64" : 0.000000
      },
      "latency_ns" : {
        "2" : 0.000000,
        "4" : 0.000000,
        "10" : 0.000000,
        "20" : 0.000000,
        "50" : 0.000000,
        "100" : 0.000000,
        "250" : 0.000000,
        "500" : 0.000000,
        "750" : 0.000000,
        "1000" : 0.000000
      },
      "latency_us" : {
        "2" : 0.000000,
        "4" : 0.000000,
        "10" : 0.010000,
        "20" : 0.010000,
        "50" : 0.010000,
        "100" : 0.010000,
        "250" : 0.010744,
        "500" : 0.017064,
        "750" : 0.017696,
        "1000" : 0.017696
      },
      "latency_ms" : {
        "2" : 0.068886,
        "4" : 89.452197,
        "10" : 0.348223,
        "20" : 0.045503,
        "50" : 0.123237,
        "100" : 0.039815,
        "250" : 0.398150,
        "500" : 0.279969,
        "750" : 0.399414,
        "1000" : 0.439860,
        "2000" : 2.561429,
        ">=2000" : 5.765585
      },
      "latency_depth" : 64,
      "latency_target" : 0,
      "latency_percentile" : 100.000000,
      "latency_window" : 0
    }
  ]
}
