{
  "fio version" : "fio-3.29-112-gc3773",
  "timestamp" : 1649844432,
  "timestamp_ms" : 1649844432033,
  "time" : "Wed Apr 13 10:07:12 2022",
  "global options" : {
    "size" : "50M",
    "runtime" : "60",
    "directory" : "/mnt/mfs"
  },
  "jobs" : [
    {
      "jobname" : "iotest",
      "groupid" : 0,
      "error" : 0,
      "eta" : 0,
      "elapsed" : 19,
      "job options" : {
        "rw" : "read",
        "bs" : "4k",
        "ioengine" : "libaio",
        "iodepth" : "8",
        "numjobs" : "4",
        "direct" : "1",
        "group_reporting" : "1",
        "invalidate" : "1",
        "loops" : "1",
        "write_bw_log" : "./fio-bench-13-04-2022--09-45-32-seq-mfs/seqread/mfs/4k/read-iodepth-8-numjobs-4",
        "write_lat_log" : "./fio-bench-13-04-2022--09-45-32-seq-mfs/seqread/mfs/4k/read-iodepth-8-numjobs-4",
        "write_iops_log" : "./fio-bench-13-04-2022--09-45-32-seq-mfs/seqread/mfs/4k/read-iodepth-8-numjobs-4",
        "log_avg_msec" : "500"
      },
      "read" : {
        "io_bytes" : 209715200,
        "io_kbytes" : 204800,
        "bw_bytes" : 11613423,
        "bw" : 11341,
        "iops" : 2835.308451,
        "runtime" : 18058,
        "total_ios" : 51200,
        "short_ios" : 0,
        "drop_ios" : 0,
        "slat_ns" : {
          "min" : 18927,
          "max" : 8920437042,
          "mean" : 1191690.766582,
          "stddev" : 62542277.808546,
          "N" : 51200
        },
        "clat_ns" : {
          "min" : 5867,
          "max" : 8920668287,
          "mean" : 7757197.769492,
          "stddev" : 157332693.494649,
          "N" : 51200,
          "percentile" : {
            "1.000000" : 226304,
            "5.000000" : 236544,
            "10.000000" : 240640,
            "20.000000" : 248832,
            "30.000000" : 250880,
            "40.000000" : 254976,
            "50.000000" : 259072,
            "60.000000" : 268288,
            "70.000000" : 280576,
            "80.000000" : 321536,
            "90.000000" : 358400,
            "95.000000" : 378880,
            "99.000000" : 473088,
            "99.500000" : 337641472,
            "99.900000" : 1820327936,
            "99.950000" : 3506438144,
            "99.990000" : 8925478912
          }
        },
        "lat_ns" : {
          "min" : 31289,
          "max" : 8920705931,
          "mean" : 8951317.705176,
          "stddev" : 169258900.854907,
          "N" : 51200
        },
        "bw_min" : 5952,
        "bw_max" : 97104,
        "bw_agg" : 100.000000,
        "bw_mean" : 32130.181818,
        "bw_dev" : 7290.182607,
        "bw_samples" : 40,
        "iops_min" : 1488,
        "iops_max" : 24276,
        "iops_mean" : 8032.545455,
        "iops_stddev" : 1822.545652,
        "iops_samples" : 40
      },
      "write" : {
        "io_bytes" : 0,
        "io_kbytes" : 0,
        "bw_bytes" : 0,
        "bw" : 0,
        "iops" : 0.000000,
        "runtime" : 0,
        "total_ios" : 0,
        "short_ios" : 0,
        "drop_ios" : 0,
        "slat_ns" : {
          "min" : 0,
          "max" : 0,
          "mean" : 0.000000,
          "stddev" : 0.000000,
          "N" : 0
        },
        "clat_ns" : {
          "min" : 0,
          "max" : 0,
          "mean" : 0.000000,
          "stddev" : 0.000000,
          "N" : 0
        },
        "lat_ns" : {
          "min" : 0,
          "max" : 0,
          "mean" : 0.000000,
          "stddev" : 0.000000,
          "N" : 0
        },
        "bw_min" : 0,
        "bw_max" : 0,
        "bw_agg" : 0.000000,
        "bw_mean" : 0.000000,
        "bw_dev" : 0.000000,
        "bw_samples" : 0,
        "iops_min" : 0,
        "iops_max" : 0,
        "iops_mean" : 0.000000,
        "iops_stddev" : 0.000000,
        "iops_samples" : 0
      },
      "trim" : {
        "io_bytes" : 0,
        "io_kbytes" : 0,
        "bw_bytes" : 0,
        "bw" : 0,
        "iops" : 0.000000,
        "runtime" : 0,
        "total_ios" : 0,
        "short_ios" : 0,
        "drop_ios" : 0,
        "slat_ns" : {
          "min" : 0,
          "max" : 0,
          "mean" : 0.000000,
          "stddev" : 0.000000,
          "N" : 0
        },
        "clat_ns" : {
          "min" : 0,
          "max" : 0,
          "mean" : 0.000000,
          "stddev" : 0.000000,
          "N" : 0
        },
        "lat_ns" : {
          "min" : 0,
          "max" : 0,
          "mean" : 0.000000,
          "stddev" : 0.000000,
          "N" : 0
        },
        "bw_min" : 0,
        "bw_max" : 0,
        "bw_agg" : 0.000000,
        "bw_mean" : 0.000000,
        "bw_dev" : 0.000000,
        "bw_samples" : 0,
        "iops_min" : 0,
        "iops_max" : 0,
        "iops_mean" : 0.000000,
        "iops_stddev" : 0.000000,
        "iops_samples" : 0
      },
      "sync" : {
        "total_ios" : 0,
        "lat_ns" : {
          "min" : 0,
          "max" : 0,
          "mean" : 0.000000,
          "stddev" : 0.000000,
          "N" : 0
        }
      },
      "job_runtime" : 61576,
      "usr_cpu" : 0.630116,
      "sys_cpu" : 1.101078,
      "ctx" : 53315,
      "majf" : 0,
      "minf" : 196,
      "iodepth_level" : {
        "1" : 0.100000,
        "2" : 0.100000,
        "4" : 0.100000,
        "8" : 99.945312,
        "16" : 0.000000,
        "32" : 0.000000,
        ">=64" : 0.000000
      },
      "iodepth_submit" : {
        "0" : 0.000000,
        "4" : 100.000000,
        "8" : 0.000000,
        "16" : 0.000000,
        "32" : 0.000000,
        "64" : 0.000000,
        ">=64" : 0.000000
      },
      "iodepth_complete" : {
        "0" : 0.000000,
        "4" : 99.992184,
        "8" : 0.100000,
        "16" : 0.000000,
        "32" : 0.000000,
        "64" : 0.000000,
        ">=64" : 0.000000
      },
      "latency_ns" : {
        "2" : 0.000000,
        "4" : 0.000000,
        "10" : 0.000000,
        "20" : 0.000000,
        "50" : 0.000000,
        "100" : 0.000000,
        "250" : 0.000000,
        "500" : 0.000000,
        "750" : 0.000000,
        "1000" : 0.000000
      },
      "latency_us" : {
        "2" : 0.000000,
        "4" : 0.000000,
        "10" : 0.010000,
        "20" : 0.000000,
        "50" : 0.010000,
        "100" : 0.010000,
        "250" : 24.052734,
        "500" : 75.080078,
        "750" : 0.248047,
        "1000" : 0.013672
      },
      "latency_ms" : {
        "2" : 0.000000,
        "4" : 0.013672,
        "10" : 0.013672,
        "20" : 0.000000,
        "50" : 0.000000,
        "100" : 0.000000,
        "250" : 0.013672,
        "500" : 0.210938,
        "750" : 0.041016,
        "1000" : 0.054688,
        "2000" : 0.177734,
        ">=2000" : 0.056641
      },
      "latency_depth" : 8,
      "latency_target" : 0,
      "latency_percentile" : 100.000000,
      "latency_window" : 0
    }
  ]
}
