{
  "fio version" : "fio-3.29-112-gc3773",
  "timestamp" : 1649845181,
  "timestamp_ms" : 1649845181602,
  "time" : "Wed Apr 13 10:19:41 2022",
  "global options" : {
    "size" : "50M",
    "runtime" : "60",
    "directory" : "/mnt/mfs"
  },
  "jobs" : [
    {
      "jobname" : "iotest",
      "groupid" : 0,
      "error" : 0,
      "eta" : 0,
      "elapsed" : 65,
      "job options" : {
        "rw" : "read",
        "bs" : "4k",
        "ioengine" : "libaio",
        "iodepth" : "32",
        "numjobs" : "64",
        "direct" : "1",
        "group_reporting" : "1",
        "invalidate" : "1",
        "loops" : "1",
        "write_bw_log" : "./fio-bench-13-04-2022--09-45-32-seq-mfs/seqread/mfs/4k/read-iodepth-32-numjobs-64",
        "write_lat_log" : "./fio-bench-13-04-2022--09-45-32-seq-mfs/seqread/mfs/4k/read-iodepth-32-numjobs-64",
        "write_iops_log" : "./fio-bench-13-04-2022--09-45-32-seq-mfs/seqread/mfs/4k/read-iodepth-32-numjobs-64",
        "log_avg_msec" : "500"
      },
      "read" : {
        "io_bytes" : 629669888,
        "io_kbytes" : 614912,
        "bw_bytes" : 9783711,
        "bw" : 9554,
        "iops" : 2388.601439,
        "runtime" : 64359,
        "total_ios" : 153728,
        "short_ios" : 0,
        "drop_ios" : 0,
        "slat_ns" : {
          "min" : 18578,
          "max" : 20236582840,
          "mean" : 26060445.962843,
          "stddev" : 515171151.279096,
          "N" : 153728
        },
        "clat_ns" : {
          "min" : 15016,
          "max" : 20237998666,
          "mean" : 735686420.332997,
          "stddev" : 2687956671.674055,
          "N" : 153728,
          "percentile" : {
            "1.000000" : 1073152,
            "5.000000" : 1089536,
            "10.000000" : 1105920,
            "20.000000" : 1138688,
            "30.000000" : 1236992,
            "40.000000" : 1531904,
            "50.000000" : 1564672,
            "60.000000" : 1581056,
            "70.000000" : 1613824,
            "80.000000" : 1695744,
            "90.000000" : 2670592,
            "95.000000" : 6677331968,
            "99.000000" : 14025752576,
            "99.500000" : 16710107136,
            "99.900000" : 17112760320,
            "99.950000" : 17112760320,
            "99.990000" : 17112760320
          }
        },
        "lat_ns" : {
          "min" : 1043431,
          "max" : 20238023879,
          "mean" : 761749616.003240,
          "stddev" : 2730014030.213766,
          "N" : 153728
        },
        "bw_min" : 49407,
        "bw_max" : 258239,
        "bw_agg" : 100.000000,
        "bw_mean" : 162298.915174,
        "bw_dev" : 1102.234085,
        "bw_samples" : 489,
        "iops_min" : 12348,
        "iops_max" : 64559,
        "iops_mean" : 40573.628641,
        "iops_stddev" : 275.567384,
        "iops_samples" : 489
      },
      "write" : {
        "io_bytes" : 0,
        "io_kbytes" : 0,
        "bw_bytes" : 0,
        "bw" : 0,
        "iops" : 0.000000,
        "runtime" : 0,
        "total_ios" : 0,
        "short_ios" : 0,
        "drop_ios" : 0,
        "slat_ns" : {
          "min" : 0,
          "max" : 0,
          "mean" : 0.000000,
          "stddev" : 0.000000,
          "N" : 0
        },
        "clat_ns" : {
          "min" : 0,
          "max" : 0,
          "mean" : 0.000000,
          "stddev" : 0.000000,
          "N" : 0
        },
        "lat_ns" : {
          "min" : 0,
          "max" : 0,
          "mean" : 0.000000,
          "stddev" : 0.000000,
          "N" : 0
        },
        "bw_min" : 0,
        "bw_max" : 0,
        "bw_agg" : 0.000000,
        "bw_mean" : 0.000000,
        "bw_dev" : 0.000000,
        "bw_samples" : 0,
        "iops_min" : 0,
        "iops_max" : 0,
        "iops_mean" : 0.000000,
        "iops_stddev" : 0.000000,
        "iops_samples" : 0
      },
      "trim" : {
        "io_bytes" : 0,
        "io_kbytes" : 0,
        "bw_bytes" : 0,
        "bw" : 0,
        "iops" : 0.000000,
        "runtime" : 0,
        "total_ios" : 0,
        "short_ios" : 0,
        "drop_ios" : 0,
        "slat_ns" : {
          "min" : 0,
          "max" : 0,
          "mean" : 0.000000,
          "stddev" : 0.000000,
          "N" : 0
        },
        "clat_ns" : {
          "min" : 0,
          "max" : 0,
          "mean" : 0.000000,
          "stddev" : 0.000000,
          "N" : 0
        },
        "lat_ns" : {
          "min" : 0,
          "max" : 0,
          "mean" : 0.000000,
          "stddev" : 0.000000,
          "N" : 0
        },
        "bw_min" : 0,
        "bw_max" : 0,
        "bw_agg" : 0.000000,
        "bw_mean" : 0.000000,
        "bw_dev" : 0.000000,
        "bw_samples" : 0,
        "iops_min" : 0,
        "iops_max" : 0,
        "iops_mean" : 0.000000,
        "iops_stddev" : 0.000000,
        "iops_samples" : 0
      },
      "sync" : {
        "total_ios" : 0,
        "lat_ns" : {
          "min" : 0,
          "max" : 0,
          "mean" : 0.000000,
          "stddev" : 0.000000,
          "N" : 0
        }
      },
      "job_runtime" : 4008593,
      "usr_cpu" : 0.027167,
      "sys_cpu" : 0.060994,
      "ctx" : 162408,
      "majf" : 0,
      "minf" : 4543,
      "iodepth_level" : {
        "1" : 0.100000,
        "2" : 0.100000,
        "4" : 0.166528,
        "8" : 0.333056,
        "16" : 0.666112,
        "32" : 98.709409,
        ">=64" : 0.000000
      },
      "iodepth_submit" : {
        "0" : 0.000000,
        "4" : 100.000000,
        "8" : 0.000000,
        "16" : 0.000000,
        "32" : 0.000000,
        "64" : 0.000000,
        ">=64" : 0.000000
      },
      "iodepth_complete" : {
        "0" : 0.000000,
        "4" : 99.957841,
        "8" : 0.000000,
        "16" : 0.000000,
        "32" : 0.100000,
        "64" : 0.000000,
        ">=64" : 0.000000
      },
      "latency_ns" : {
        "2" : 0.000000,
        "4" : 0.000000,
        "10" : 0.000000,
        "20" : 0.000000,
        "50" : 0.000000,
        "100" : 0.000000,
        "250" : 0.000000,
        "500" : 0.000000,
        "750" : 0.000000,
        "1000" : 0.000000
      },
      "latency_us" : {
        "2" : 0.000000,
        "4" : 0.000000,
        "10" : 0.000000,
        "20" : 0.032525,
        "50" : 0.010000,
        "100" : 0.000000,
        "250" : 0.000000,
        "500" : 0.000000,
        "750" : 0.000000,
        "1000" : 0.000000
      },
      "latency_ms" : {
        "2" : 88.262386,
        "4" : 1.869536,
        "10" : 0.067652,
        "20" : 0.017563,
        "50" : 0.040331,
        "100" : 0.040331,
        "250" : 0.080662,
        "500" : 0.100827,
        "750" : 0.242636,
        "1000" : 0.141158,
        "2000" : 0.466408,
        ">=2000" : 8.628877
      },
      "latency_depth" : 32,
      "latency_target" : 0,
      "latency_percentile" : 100.000000,
      "latency_window" : 0
    }
  ]
}
