{
  "fio version" : "fio-3.29-112-gc3773",
  "timestamp" : 1649844334,
  "timestamp_ms" : 1649844334633,
  "time" : "Wed Apr 13 10:05:34 2022",
  "global options" : {
    "size" : "50M",
    "runtime" : "60",
    "directory" : "/mnt/mfs"
  },
  "jobs" : [
    {
      "jobname" : "iotest",
      "groupid" : 0,
      "error" : 0,
      "eta" : 0,
      "elapsed" : 64,
      "job options" : {
        "rw" : "read",
        "bs" : "4k",
        "ioengine" : "libaio",
        "iodepth" : "4",
        "numjobs" : "32",
        "direct" : "1",
        "group_reporting" : "1",
        "invalidate" : "1",
        "loops" : "1",
        "write_bw_log" : "./fio-bench-13-04-2022--09-45-32-seq-mfs/seqread/mfs/4k/read-iodepth-4-numjobs-32",
        "write_lat_log" : "./fio-bench-13-04-2022--09-45-32-seq-mfs/seqread/mfs/4k/read-iodepth-4-numjobs-32",
        "write_iops_log" : "./fio-bench-13-04-2022--09-45-32-seq-mfs/seqread/mfs/4k/read-iodepth-4-numjobs-32",
        "log_avg_msec" : "500"
      },
      "read" : {
        "io_bytes" : 646184960,
        "io_kbytes" : 631040,
        "bw_bytes" : 10163336,
        "bw" : 9925,
        "iops" : 2481.283422,
        "runtime" : 63580,
        "total_ios" : 157760,
        "short_ios" : 0,
        "drop_ios" : 0,
        "slat_ns" : {
          "min" : 19415,
          "max" : 29077391686,
          "mean" : 12561197.784774,
          "stddev" : 316499510.678397,
          "N" : 157760
        },
        "clat_ns" : {
          "min" : 14458,
          "max" : 29077530251,
          "mean" : 36462129.731947,
          "stddev" : 543433717.173046,
          "N" : 157760,
          "percentile" : {
            "1.000000" : 97792,
            "5.000000" : 99840,
            "10.000000" : 100864,
            "20.000000" : 107008,
            "30.000000" : 117248,
            "40.000000" : 130560,
            "50.000000" : 138240,
            "60.000000" : 148480,
            "70.000000" : 156672,
            "80.000000" : 162816,
            "90.000000" : 175104,
            "95.000000" : 191488,
            "99.000000" : 366592,
            "99.500000" : 2835349504,
            "99.900000" : 7885291520,
            "99.950000" : 10804527104,
            "99.990000" : 17112760320
          }
        },
        "lat_ns" : {
          "min" : 118242,
          "max" : 29077599674,
          "mean" : 49026052.337183,
          "stddev" : 628226726.699117,
          "N" : 157760
        },
        "bw_min" : 27124,
        "bw_max" : 231580,
        "bw_agg" : 100.000000,
        "bw_mean" : 97392.305287,
        "bw_dev" : 2006.594927,
        "bw_samples" : 427,
        "iops_min" : 6780,
        "iops_max" : 57895,
        "iops_mean" : 24347.761617,
        "iops_stddev" : 501.653080,
        "iops_samples" : 427
      },
      "write" : {
        "io_bytes" : 0,
        "io_kbytes" : 0,
        "bw_bytes" : 0,
        "bw" : 0,
        "iops" : 0.000000,
        "runtime" : 0,
        "total_ios" : 0,
        "short_ios" : 0,
        "drop_ios" : 0,
        "slat_ns" : {
          "min" : 0,
          "max" : 0,
          "mean" : 0.000000,
          "stddev" : 0.000000,
          "N" : 0
        },
        "clat_ns" : {
          "min" : 0,
          "max" : 0,
          "mean" : 0.000000,
          "stddev" : 0.000000,
          "N" : 0
        },
        "lat_ns" : {
          "min" : 0,
          "max" : 0,
          "mean" : 0.000000,
          "stddev" : 0.000000,
          "N" : 0
        },
        "bw_min" : 0,
        "bw_max" : 0,
        "bw_agg" : 0.000000,
        "bw_mean" : 0.000000,
        "bw_dev" : 0.000000,
        "bw_samples" : 0,
        "iops_min" : 0,
        "iops_max" : 0,
        "iops_mean" : 0.000000,
        "iops_stddev" : 0.000000,
        "iops_samples" : 0
      },
      "trim" : {
        "io_bytes" : 0,
        "io_kbytes" : 0,
        "bw_bytes" : 0,
        "bw" : 0,
        "iops" : 0.000000,
        "runtime" : 0,
        "total_ios" : 0,
        "short_ios" : 0,
        "drop_ios" : 0,
        "slat_ns" : {
          "min" : 0,
          "max" : 0,
          "mean" : 0.000000,
          "stddev" : 0.000000,
          "N" : 0
        },
        "clat_ns" : {
          "min" : 0,
          "max" : 0,
          "mean" : 0.000000,
          "stddev" : 0.000000,
          "N" : 0
        },
        "lat_ns" : {
          "min" : 0,
          "max" : 0,
          "mean" : 0.000000,
          "stddev" : 0.000000,
          "N" : 0
        },
        "bw_min" : 0,
        "bw_max" : 0,
        "bw_agg" : 0.000000,
        "bw_mean" : 0.000000,
        "bw_dev" : 0.000000,
        "bw_samples" : 0,
        "iops_min" : 0,
        "iops_max" : 0,
        "iops_mean" : 0.000000,
        "iops_stddev" : 0.000000,
        "iops_samples" : 0
      },
      "sync" : {
        "total_ios" : 0,
        "lat_ns" : {
          "min" : 0,
          "max" : 0,
          "mean" : 0.000000,
          "stddev" : 0.000000,
          "N" : 0
        }
      },
      "job_runtime" : 1983780,
      "usr_cpu" : 0.055803,
      "sys_cpu" : 0.128895,
      "ctx" : 164984,
      "majf" : 0,
      "minf" : 1394,
      "iodepth_level" : {
        "1" : 0.100000,
        "2" : 0.100000,
        "4" : 99.939148,
        "8" : 0.000000,
        "16" : 0.000000,
        "32" : 0.000000,
        ">=64" : 0.000000
      },
      "iodepth_submit" : {
        "0" : 0.000000,
        "4" : 100.000000,
        "8" : 0.000000,
        "16" : 0.000000,
        "32" : 0.000000,
        "64" : 0.000000,
        ">=64" : 0.000000
      },
      "iodepth_complete" : {
        "0" : 0.000000,
        "4" : 100.000000,
        "8" : 0.000000,
        "16" : 0.000000,
        "32" : 0.000000,
        "64" : 0.000000,
        ">=64" : 0.000000
      },
      "latency_ns" : {
        "2" : 0.000000,
        "4" : 0.000000,
        "10" : 0.000000,
        "20" : 0.000000,
        "50" : 0.000000,
        "100" : 0.000000,
        "250" : 0.000000,
        "500" : 0.000000,
        "750" : 0.000000,
        "1000" : 0.000000
      },
      "latency_us" : {
        "2" : 0.000000,
        "4" : 0.000000,
        "10" : 0.000000,
        "20" : 0.017115,
        "50" : 0.010000,
        "100" : 7.880325,
        "250" : 90.469067,
        "500" : 0.772059,
        "750" : 0.025989,
        "1000" : 0.010000
      },
      "latency_ms" : {
        "2" : 0.010000,
        "4" : 0.010000,
        "10" : 0.010000,
        "20" : 0.010000,
        "50" : 0.010000,
        "100" : 0.010000,
        "250" : 0.015213,
        "500" : 0.017115,
        "750" : 0.030426,
        "1000" : 0.027890,
        "2000" : 0.106491,
        ">=2000" : 0.618027
      },
      "latency_depth" : 4,
      "latency_target" : 0,
      "latency_percentile" : 100.000000,
      "latency_window" : 0
    }
  ]
}
