{
  "fio version" : "fio-3.29-112-gc3773",
  "timestamp" : 1649844922,
  "timestamp_ms" : 1649844922122,
  "time" : "Wed Apr 13 10:15:22 2022",
  "global options" : {
    "size" : "50M",
    "runtime" : "60",
    "directory" : "/mnt/mfs"
  },
  "jobs" : [
    {
      "jobname" : "iotest",
      "groupid" : 0,
      "error" : 0,
      "eta" : 0,
      "elapsed" : 65,
      "job options" : {
        "rw" : "read",
        "bs" : "4k",
        "ioengine" : "libaio",
        "iodepth" : "16",
        "numjobs" : "64",
        "direct" : "1",
        "group_reporting" : "1",
        "invalidate" : "1",
        "loops" : "1",
        "write_bw_log" : "./fio-bench-13-04-2022--09-45-32-seq-mfs/seqread/mfs/4k/read-iodepth-16-numjobs-64",
        "write_lat_log" : "./fio-bench-13-04-2022--09-45-32-seq-mfs/seqread/mfs/4k/read-iodepth-16-numjobs-64",
        "write_iops_log" : "./fio-bench-13-04-2022--09-45-32-seq-mfs/seqread/mfs/4k/read-iodepth-16-numjobs-64",
        "log_avg_msec" : "500"
      },
      "read" : {
        "io_bytes" : 636899328,
        "io_kbytes" : 621972,
        "bw_bytes" : 9874255,
        "bw" : 9642,
        "iops" : 2410.706811,
        "runtime" : 64501,
        "total_ios" : 155493,
        "short_ios" : 0,
        "drop_ios" : 0,
        "slat_ns" : {
          "min" : 18787,
          "max" : 21580950895,
          "mean" : 25861453.142322,
          "stddev" : 507130862.258988,
          "N" : 155493
        },
        "clat_ns" : {
          "min" : 12571,
          "max" : 21581759240,
          "mean" : 355494841.579241,
          "stddev" : 1880363229.060427,
          "N" : 155493,
          "percentile" : {
            "1.000000" : 514048,
            "5.000000" : 528384,
            "10.000000" : 536576,
            "20.000000" : 544768,
            "30.000000" : 585728,
            "40.000000" : 716800,
            "50.000000" : 749568,
            "60.000000" : 757760,
            "70.000000" : 774144,
            "80.000000" : 806912,
            "90.000000" : 897024,
            "95.000000" : 1368064,
            "99.000000" : 11207180288,
            "99.500000" : 14159970304,
            "99.900000" : 17112760320,
            "99.950000" : 17112760320,
            "99.990000" : 17112760320
          }
        },
        "lat_ns" : {
          "min" : 50006,
          "max" : 21581800097,
          "mean" : 381359097.179249,
          "stddev" : 1943005368.372942,
          "N" : 155493
        },
        "bw_min" : 57390,
        "bw_max" : 262520,
        "bw_agg" : 100.000000,
        "bw_mean" : 167105.613589,
        "bw_dev" : 1103.306597,
        "bw_samples" : 483,
        "iops_min" : 14348,
        "iops_max" : 65630,
        "iops_mean" : 41776.248338,
        "iops_stddev" : 275.795849,
        "iops_samples" : 483
      },
      "write" : {
        "io_bytes" : 0,
        "io_kbytes" : 0,
        "bw_bytes" : 0,
        "bw" : 0,
        "iops" : 0.000000,
        "runtime" : 0,
        "total_ios" : 0,
        "short_ios" : 0,
        "drop_ios" : 0,
        "slat_ns" : {
          "min" : 0,
          "max" : 0,
          "mean" : 0.000000,
          "stddev" : 0.000000,
          "N" : 0
        },
        "clat_ns" : {
          "min" : 0,
          "max" : 0,
          "mean" : 0.000000,
          "stddev" : 0.000000,
          "N" : 0
        },
        "lat_ns" : {
          "min" : 0,
          "max" : 0,
          "mean" : 0.000000,
          "stddev" : 0.000000,
          "N" : 0
        },
        "bw_min" : 0,
        "bw_max" : 0,
        "bw_agg" : 0.000000,
        "bw_mean" : 0.000000,
        "bw_dev" : 0.000000,
        "bw_samples" : 0,
        "iops_min" : 0,
        "iops_max" : 0,
        "iops_mean" : 0.000000,
        "iops_stddev" : 0.000000,
        "iops_samples" : 0
      },
      "trim" : {
        "io_bytes" : 0,
        "io_kbytes" : 0,
        "bw_bytes" : 0,
        "bw" : 0,
        "iops" : 0.000000,
        "runtime" : 0,
        "total_ios" : 0,
        "short_ios" : 0,
        "drop_ios" : 0,
        "slat_ns" : {
          "min" : 0,
          "max" : 0,
          "mean" : 0.000000,
          "stddev" : 0.000000,
          "N" : 0
        },
        "clat_ns" : {
          "min" : 0,
          "max" : 0,
          "mean" : 0.000000,
          "stddev" : 0.000000,
          "N" : 0
        },
        "lat_ns" : {
          "min" : 0,
          "max" : 0,
          "mean" : 0.000000,
          "stddev" : 0.000000,
          "N" : 0
        },
        "bw_min" : 0,
        "bw_max" : 0,
        "bw_agg" : 0.000000,
        "bw_mean" : 0.000000,
        "bw_dev" : 0.000000,
        "bw_samples" : 0,
        "iops_min" : 0,
        "iops_max" : 0,
        "iops_mean" : 0.000000,
        "iops_stddev" : 0.000000,
        "iops_samples" : 0
      },
      "sync" : {
        "total_ios" : 0,
        "lat_ns" : {
          "min" : 0,
          "max" : 0,
          "mean" : 0.000000,
          "stddev" : 0.000000,
          "N" : 0
        }
      },
      "job_runtime" : 4023772,
      "usr_cpu" : 0.027561,
      "sys_cpu" : 0.061062,
      "ctx" : 164900,
      "majf" : 0,
      "minf" : 3784,
      "iodepth_level" : {
        "1" : 0.100000,
        "2" : 0.100000,
        "4" : 0.164638,
        "8" : 0.329275,
        "16" : 99.382609,
        "32" : 0.000000,
        ">=64" : 0.000000
      },
      "iodepth_submit" : {
        "0" : 0.000000,
        "4" : 100.000000,
        "8" : 0.000000,
        "16" : 0.000000,
        "32" : 0.000000,
        "64" : 0.000000,
        ">=64" : 0.000000
      },
      "iodepth_complete" : {
        "0" : 0.000000,
        "4" : 99.958602,
        "8" : 0.000000,
        "16" : 0.100000,
        "32" : 0.000000,
        "64" : 0.000000,
        ">=64" : 0.000000
      },
      "latency_ns" : {
        "2" : 0.000000,
        "4" : 0.000000,
        "10" : 0.000000,
        "20" : 0.000000,
        "50" : 0.000000,
        "100" : 0.000000,
        "250" : 0.000000,
        "500" : 0.000000,
        "750" : 0.000000,
        "1000" : 0.000000
      },
      "latency_us" : {
        "2" : 0.000000,
        "4" : 0.000000,
        "10" : 0.000000,
        "20" : 0.032156,
        "50" : 0.010000,
        "100" : 0.010000,
        "250" : 0.010000,
        "500" : 0.016721,
        "750" : 50.518030,
        "1000" : 42.545967
      },
      "latency_ms" : {
        "2" : 2.111349,
        "4" : 0.085534,
        "10" : 0.015435,
        "20" : 0.019293,
        "50" : 0.019293,
        "100" : 0.028940,
        "250" : 0.028940,
        "500" : 0.048234,
        "750" : 0.048234,
        "1000" : 0.057880,
        "2000" : 0.234737,
        ">=2000" : 4.176394
      },
      "latency_depth" : 16,
      "latency_target" : 0,
      "latency_percentile" : 100.000000,
      "latency_window" : 0
    }
  ]
}
