{
  "fio version" : "fio-3.29-112-gc3773",
  "timestamp" : 1649845214,
  "timestamp_ms" : 1649845214170,
  "time" : "Wed Apr 13 10:20:14 2022",
  "global options" : {
    "size" : "50M",
    "runtime" : "60",
    "directory" : "/mnt/mfs"
  },
  "jobs" : [
    {
      "jobname" : "iotest",
      "groupid" : 0,
      "error" : 0,
      "eta" : 0,
      "elapsed" : 19,
      "job options" : {
        "rw" : "read",
        "bs" : "4k",
        "ioengine" : "libaio",
        "iodepth" : "64",
        "numjobs" : "4",
        "direct" : "1",
        "group_reporting" : "1",
        "invalidate" : "1",
        "loops" : "1",
        "write_bw_log" : "./fio-bench-13-04-2022--09-45-32-seq-mfs/seqread/mfs/4k/read-iodepth-64-numjobs-4",
        "write_lat_log" : "./fio-bench-13-04-2022--09-45-32-seq-mfs/seqread/mfs/4k/read-iodepth-64-numjobs-4",
        "write_iops_log" : "./fio-bench-13-04-2022--09-45-32-seq-mfs/seqread/mfs/4k/read-iodepth-64-numjobs-4",
        "log_avg_msec" : "500"
      },
      "read" : {
        "io_bytes" : 209715200,
        "io_kbytes" : 204800,
        "bw_bytes" : 11616639,
        "bw" : 11344,
        "iops" : 2836.093724,
        "runtime" : 18053,
        "total_ios" : 51200,
        "short_ios" : 0,
        "drop_ios" : 0,
        "slat_ns" : {
          "min" : 18997,
          "max" : 7107393690,
          "mean" : 1200029.707227,
          "stddev" : 56505306.003719,
          "N" : 51200
        },
        "clat_ns" : {
          "min" : 6426,
          "max" : 7110729246,
          "mean" : 74276031.516797,
          "stddev" : 441859546.307918,
          "N" : 51200,
          "percentile" : {
            "1.000000" : 2023424,
            "5.000000" : 2113536,
            "10.000000" : 2179072,
            "20.000000" : 2244608,
            "30.000000" : 2277376,
            "40.000000" : 2310144,
            "50.000000" : 2342912,
            "60.000000" : 2375680,
            "70.000000" : 2473984,
            "80.000000" : 3162112,
            "90.000000" : 3325952,
            "95.000000" : 206569472,
            "99.000000" : 1920991232,
            "99.500000" : 3238002688,
            "99.900000" : 7079985152,
            "99.950000" : 7079985152,
            "99.990000" : 7079985152
          }
        },
        "lat_ns" : {
          "min" : 31708,
          "max" : 7110768707,
          "mean" : 75478484.442226,
          "stddev" : 445272116.457300,
          "N" : 51200
        },
        "bw_min" : 3608,
        "bw_max" : 107608,
        "bw_agg" : 100.000000,
        "bw_mean" : 29258.822222,
        "bw_dev" : 7883.045718,
        "bw_samples" : 43,
        "iops_min" : 902,
        "iops_max" : 26902,
        "iops_mean" : 7314.705556,
        "iops_stddev" : 1970.761430,
        "iops_samples" : 43
      },
      "write" : {
        "io_bytes" : 0,
        "io_kbytes" : 0,
        "bw_bytes" : 0,
        "bw" : 0,
        "iops" : 0.000000,
        "runtime" : 0,
        "total_ios" : 0,
        "short_ios" : 0,
        "drop_ios" : 0,
        "slat_ns" : {
          "min" : 0,
          "max" : 0,
          "mean" : 0.000000,
          "stddev" : 0.000000,
          "N" : 0
        },
        "clat_ns" : {
          "min" : 0,
          "max" : 0,
          "mean" : 0.000000,
          "stddev" : 0.000000,
          "N" : 0
        },
        "lat_ns" : {
          "min" : 0,
          "max" : 0,
          "mean" : 0.000000,
          "stddev" : 0.000000,
          "N" : 0
        },
        "bw_min" : 0,
        "bw_max" : 0,
        "bw_agg" : 0.000000,
        "bw_mean" : 0.000000,
        "bw_dev" : 0.000000,
        "bw_samples" : 0,
        "iops_min" : 0,
        "iops_max" : 0,
        "iops_mean" : 0.000000,
        "iops_stddev" : 0.000000,
        "iops_samples" : 0
      },
      "trim" : {
        "io_bytes" : 0,
        "io_kbytes" : 0,
        "bw_bytes" : 0,
        "bw" : 0,
        "iops" : 0.000000,
        "runtime" : 0,
        "total_ios" : 0,
        "short_ios" : 0,
        "drop_ios" : 0,
        "slat_ns" : {
          "min" : 0,
          "max" : 0,
          "mean" : 0.000000,
          "stddev" : 0.000000,
          "N" : 0
        },
        "clat_ns" : {
          "min" : 0,
          "max" : 0,
          "mean" : 0.000000,
          "stddev" : 0.000000,
          "N" : 0
        },
        "lat_ns" : {
          "min" : 0,
          "max" : 0,
          "mean" : 0.000000,
          "stddev" : 0.000000,
          "N" : 0
        },
        "bw_min" : 0,
        "bw_max" : 0,
        "bw_agg" : 0.000000,
        "bw_mean" : 0.000000,
        "bw_dev" : 0.000000,
        "bw_samples" : 0,
        "iops_min" : 0,
        "iops_max" : 0,
        "iops_mean" : 0.000000,
        "iops_stddev" : 0.000000,
        "iops_samples" : 0
      },
      "sync" : {
        "total_ios" : 0,
        "lat_ns" : {
          "min" : 0,
          "max" : 0,
          "mean" : 0.000000,
          "stddev" : 0.000000,
          "N" : 0
        }
      },
      "job_runtime" : 62005,
      "usr_cpu" : 0.525764,
      "sys_cpu" : 1.214418,
      "ctx" : 52593,
      "majf" : 0,
      "minf" : 409,
      "iodepth_level" : {
        "1" : 0.100000,
        "2" : 0.100000,
        "4" : 0.100000,
        "8" : 0.100000,
        "16" : 0.125000,
        "32" : 0.250000,
        ">=64" : 99.507812
      },
      "iodepth_submit" : {
        "0" : 0.000000,
        "4" : 100.000000,
        "8" : 0.000000,
        "16" : 0.000000,
        "32" : 0.000000,
        "64" : 0.000000,
        ">=64" : 0.000000
      },
      "iodepth_complete" : {
        "0" : 0.000000,
        "4" : 99.992149,
        "8" : 0.000000,
        "16" : 0.000000,
        "32" : 0.000000,
        "64" : 0.100000,
        ">=64" : 0.000000
      },
      "latency_ns" : {
        "2" : 0.000000,
        "4" : 0.000000,
        "10" : 0.000000,
        "20" : 0.000000,
        "50" : 0.000000,
        "100" : 0.000000,
        "250" : 0.000000,
        "500" : 0.000000,
        "750" : 0.000000,
        "1000" : 0.000000
      },
      "latency_us" : {
        "2" : 0.000000,
        "4" : 0.000000,
        "10" : 0.010000,
        "20" : 0.000000,
        "50" : 0.010000,
        "100" : 0.010000,
        "250" : 0.031250,
        "500" : 0.050781,
        "750" : 0.052734,
        "1000" : 0.050781
      },
      "latency_ms" : {
        "2" : 0.205078,
        "4" : 93.626953,
        "10" : 0.292969,
        "20" : 0.000000,
        "50" : 0.123047,
        "100" : 0.246094,
        "250" : 0.369141,
        "500" : 1.236328,
        "750" : 0.863281,
        "1000" : 0.246094,
        "2000" : 1.599609,
        ">=2000" : 0.984375
      },
      "latency_depth" : 64,
      "latency_target" : 0,
      "latency_percentile" : 100.000000,
      "latency_window" : 0
    }
  ]
}
