{
  "fio version" : "fio-3.29-112-gc3773",
  "timestamp" : 1649843258,
  "timestamp_ms" : 1649843258525,
  "time" : "Wed Apr 13 09:47:38 2022",
  "global options" : {
    "size" : "50M",
    "runtime" : "60",
    "directory" : "/mnt/mfs"
  },
  "jobs" : [
    {
      "jobname" : "iotest",
      "groupid" : 0,
      "error" : 0,
      "eta" : 0,
      "elapsed" : 37,
      "job options" : {
        "rw" : "read",
        "bs" : "4k",
        "ioengine" : "libaio",
        "iodepth" : "1",
        "numjobs" : "8",
        "direct" : "1",
        "group_reporting" : "1",
        "invalidate" : "1",
        "loops" : "1",
        "write_bw_log" : "./fio-bench-13-04-2022--09-45-32-seq-mfs/seqread/mfs/4k/read-iodepth-1-numjobs-8",
        "write_lat_log" : "./fio-bench-13-04-2022--09-45-32-seq-mfs/seqread/mfs/4k/read-iodepth-1-numjobs-8",
        "write_iops_log" : "./fio-bench-13-04-2022--09-45-32-seq-mfs/seqread/mfs/4k/read-iodepth-1-numjobs-8",
        "log_avg_msec" : "500"
      },
      "read" : {
        "io_bytes" : 419430400,
        "io_kbytes" : 409600,
        "bw_bytes" : 11683948,
        "bw" : 11410,
        "iops" : 2852.526603,
        "runtime" : 35898,
        "total_ios" : 102400,
        "short_ios" : 0,
        "drop_ios" : 0,
        "slat_ns" : {
          "min" : 19067,
          "max" : 18334090268,
          "mean" : 2552301.439189,
          "stddev" : 128297238.454914,
          "N" : 102400
        },
        "clat_ns" : {
          "min" : 1396,
          "max" : 245842,
          "mean" : 2207.313164,
          "stddev" : 2115.074846,
          "N" : 102400,
          "percentile" : {
            "1.000000" : 1816,
            "5.000000" : 1816,
            "10.000000" : 1816,
            "20.000000" : 1880,
            "30.000000" : 1880,
            "40.000000" : 1880,
            "50.000000" : 1880,
            "60.000000" : 1880,
            "70.000000" : 1960,
            "80.000000" : 2576,
            "90.000000" : 2640,
            "95.000000" : 2640,
            "99.000000" : 4384,
            "99.500000" : 16512,
            "99.900000" : 29056,
            "99.950000" : 36096,
            "99.990000" : 62720
          }
        },
        "lat_ns" : {
          "min" : 23117,
          "max" : 18334098440,
          "mean" : 2556968.193975,
          "stddev" : 128297406.179900,
          "N" : 102400
        },
        "bw_min" : 1330,
        "bw_max" : 159000,
        "bw_agg" : 100.000000,
        "bw_mean" : 41419.389560,
        "bw_dev" : 5362.116796,
        "bw_samples" : 115,
        "iops_min" : 336,
        "iops_max" : 39750,
        "iops_mean" : 10354.776236,
        "iops_stddev" : 1340.519267,
        "iops_samples" : 115
      },
      "write" : {
        "io_bytes" : 0,
        "io_kbytes" : 0,
        "bw_bytes" : 0,
        "bw" : 0,
        "iops" : 0.000000,
        "runtime" : 0,
        "total_ios" : 0,
        "short_ios" : 0,
        "drop_ios" : 0,
        "slat_ns" : {
          "min" : 0,
          "max" : 0,
          "mean" : 0.000000,
          "stddev" : 0.000000,
          "N" : 0
        },
        "clat_ns" : {
          "min" : 0,
          "max" : 0,
          "mean" : 0.000000,
          "stddev" : 0.000000,
          "N" : 0
        },
        "lat_ns" : {
          "min" : 0,
          "max" : 0,
          "mean" : 0.000000,
          "stddev" : 0.000000,
          "N" : 0
        },
        "bw_min" : 0,
        "bw_max" : 0,
        "bw_agg" : 0.000000,
        "bw_mean" : 0.000000,
        "bw_dev" : 0.000000,
        "bw_samples" : 0,
        "iops_min" : 0,
        "iops_max" : 0,
        "iops_mean" : 0.000000,
        "iops_stddev" : 0.000000,
        "iops_samples" : 0
      },
      "trim" : {
        "io_bytes" : 0,
        "io_kbytes" : 0,
        "bw_bytes" : 0,
        "bw" : 0,
        "iops" : 0.000000,
        "runtime" : 0,
        "total_ios" : 0,
        "short_ios" : 0,
        "drop_ios" : 0,
        "slat_ns" : {
          "min" : 0,
          "max" : 0,
          "mean" : 0.000000,
          "stddev" : 0.000000,
          "N" : 0
        },
        "clat_ns" : {
          "min" : 0,
          "max" : 0,
          "mean" : 0.000000,
          "stddev" : 0.000000,
          "N" : 0
        },
        "lat_ns" : {
          "min" : 0,
          "max" : 0,
          "mean" : 0.000000,
          "stddev" : 0.000000,
          "N" : 0
        },
        "bw_min" : 0,
        "bw_max" : 0,
        "bw_agg" : 0.000000,
        "bw_mean" : 0.000000,
        "bw_dev" : 0.000000,
        "bw_samples" : 0,
        "iops_min" : 0,
        "iops_max" : 0,
        "iops_mean" : 0.000000,
        "iops_stddev" : 0.000000,
        "iops_samples" : 0
      },
      "sync" : {
        "total_ios" : 0,
        "lat_ns" : {
          "min" : 0,
          "max" : 0,
          "mean" : 0.000000,
          "stddev" : 0.000000,
          "N" : 0
        }
      },
      "job_runtime" : 262516,
      "usr_cpu" : 0.290268,
      "sys_cpu" : 0.541681,
      "ctx" : 105908,
      "majf" : 0,
      "minf" : 309,
      "iodepth_level" : {
        "1" : 100.000000,
        "2" : 0.000000,
        "4" : 0.000000,
        "8" : 0.000000,
        "16" : 0.000000,
        "32" : 0.000000,
        ">=64" : 0.000000
      },
      "iodepth_submit" : {
        "0" : 0.000000,
        "4" : 100.000000,
        "8" : 0.000000,
        "16" : 0.000000,
        "32" : 0.000000,
        "64" : 0.000000,
        ">=64" : 0.000000
      },
      "iodepth_complete" : {
        "0" : 0.000000,
        "4" : 100.000000,
        "8" : 0.000000,
        "16" : 0.000000,
        "32" : 0.000000,
        "64" : 0.000000,
        ">=64" : 0.000000
      },
      "latency_ns" : {
        "2" : 0.000000,
        "4" : 0.000000,
        "10" : 0.000000,
        "20" : 0.000000,
        "50" : 0.000000,
        "100" : 0.000000,
        "250" : 0.000000,
        "500" : 0.000000,
        "750" : 0.000000,
        "1000" : 0.000000
      },
      "latency_us" : {
        "2" : 76.117188,
        "4" : 22.874023,
        "10" : 0.175781,
        "20" : 0.470703,
        "50" : 0.348633,
        "100" : 0.011719,
        "250" : 0.010000,
        "500" : 0.000000,
        "750" : 0.000000,
        "1000" : 0.000000
      },
      "latency_ms" : {
        "2" : 0.000000,
        "4" : 0.000000,
        "10" : 0.000000,
        "20" : 0.000000,
        "50" : 0.000000,
        "100" : 0.000000,
        "250" : 0.000000,
        "500" : 0.000000,
        "750" : 0.000000,
        "1000" : 0.000000,
        "2000" : 0.000000,
        ">=2000" : 0.000000
      },
      "latency_depth" : 1,
      "latency_target" : 0,
      "latency_percentile" : 100.000000,
      "latency_window" : 0
    }
  ]
}
