{
  "fio version" : "fio-3.29-112-gc3773",
  "timestamp" : 1649849452,
  "timestamp_ms" : 1649849452389,
  "time" : "Wed Apr 13 11:30:52 2022",
  "global options" : {
    "size" : "50M",
    "runtime" : "60",
    "rwmixread" : "50",
    "directory" : "/mnt/mfs"
  },
  "jobs" : [
    {
      "jobname" : "iotest",
      "groupid" : 0,
      "error" : 0,
      "eta" : 0,
      "elapsed" : 61,
      "job options" : {
        "rw" : "readwrite",
        "bs" : "4k",
        "ioengine" : "libaio",
        "iodepth" : "8",
        "numjobs" : "1",
        "direct" : "1",
        "group_reporting" : "1",
        "invalidate" : "1",
        "loops" : "1",
        "write_bw_log" : "./fio-bench-13-04-2022--09-45-32-seq-mfs/seqrw/mfs/readwrite50/4k/readwrite-iodepth-8-numjobs-1",
        "write_lat_log" : "./fio-bench-13-04-2022--09-45-32-seq-mfs/seqrw/mfs/readwrite50/4k/readwrite-iodepth-8-numjobs-1",
        "write_iops_log" : "./fio-bench-13-04-2022--09-45-32-seq-mfs/seqrw/mfs/readwrite50/4k/readwrite-iodepth-8-numjobs-1",
        "log_avg_msec" : "500"
      },
      "read" : {
        "io_bytes" : 5832704,
        "io_kbytes" : 5696,
        "bw_bytes" : 97024,
        "bw" : 94,
        "iops" : 23.687537,
        "runtime" : 60116,
        "total_ios" : 1424,
        "short_ios" : 0,
        "drop_ios" : 0,
        "slat_ns" : {
          "min" : 32476,
          "max" : 153812144,
          "mean" : 42098530.068820,
          "stddev" : 36491099.539362,
          "N" : 1424
        },
        "clat_ns" : {
          "min" : 15505,
          "max" : 425003201,
          "mean" : 139190774.768960,
          "stddev" : 74323396.301363,
          "N" : 1424,
          "percentile" : {
            "1.000000" : 448512,
            "5.000000" : 16187392,
            "10.000000" : 34865152,
            "20.000000" : 69730304,
            "30.000000" : 99090432,
            "40.000000" : 122159104,
            "50.000000" : 145752064,
            "60.000000" : 154140672,
            "70.000000" : 166723584,
            "80.000000" : 204472320,
            "90.000000" : 235929600,
            "95.000000" : 263192576,
            "99.000000" : 299892736,
            "99.500000" : 337641472,
            "99.900000" : 379584512,
            "99.950000" : 425721856,
            "99.990000" : 425721856
          }
        },
        "lat_ns" : {
          "min" : 464656,
          "max" : 484881960,
          "mean" : 181292580.682584,
          "stddev" : 82274337.978879,
          "N" : 1424
        },
        "bw_min" : 40,
        "bw_max" : 232,
        "bw_agg" : 99.208443,
        "bw_mean" : 94.600000,
        "bw_dev" : 28.828790,
        "bw_samples" : 120,
        "iops_min" : 10,
        "iops_max" : 58,
        "iops_mean" : 23.650000,
        "iops_stddev" : 7.207198,
        "iops_samples" : 120
      },
      "write" : {
        "io_bytes" : 6094848,
        "io_kbytes" : 5952,
        "bw_bytes" : 101384,
        "bw" : 99,
        "iops" : 24.752146,
        "runtime" : 60116,
        "total_ios" : 1488,
        "short_ios" : 0,
        "drop_ios" : 0,
        "slat_ns" : {
          "min" : 52311,
          "max" : 5014905,
          "mean" : 81865.083333,
          "stddev" : 166195.798162,
          "N" : 1488
        },
        "clat_ns" : {
          "min" : 501183,
          "max" : 386840761,
          "mean" : 149132458.987231,
          "stddev" : 77324756.148104,
          "N" : 1488,
          "percentile" : {
            "1.000000" : 552960,
            "5.000000" : 27656192,
            "10.000000" : 43253760,
            "20.000000" : 81264640,
            "30.000000" : 106430464,
            "40.000000" : 124256256,
            "50.000000" : 152043520,
            "60.000000" : 162529280,
            "70.000000" : 179306496,
            "80.000000" : 210763776,
            "90.000000" : 252706816,
            "95.000000" : 291504128,
            "99.000000" : 337641472,
            "99.500000" : 350224384,
            "99.900000" : 371195904,
            "99.950000" : 387973120,
            "99.990000" : 387973120
          }
        },
        "lat_ns" : {
          "min" : 563203,
          "max" : 386921847,
          "mean" : 149217433.855511,
          "stddev" : 77323024.314317,
          "N" : 1488
        },
        "bw_min" : 32,
        "bw_max" : 208,
        "bw_agg" : 99.992109,
        "bw_mean" : 99.000000,
        "bw_dev" : 39.507046,
        "bw_samples" : 120,
        "iops_min" : 8,
        "iops_max" : 52,
        "iops_mean" : 24.750000,
        "iops_stddev" : 9.876762,
        "iops_samples" : 120
      },
      "trim" : {
        "io_bytes" : 0,
        "io_kbytes" : 0,
        "bw_bytes" : 0,
        "bw" : 0,
        "iops" : 0.000000,
        "runtime" : 0,
        "total_ios" : 0,
        "short_ios" : 0,
        "drop_ios" : 0,
        "slat_ns" : {
          "min" : 0,
          "max" : 0,
          "mean" : 0.000000,
          "stddev" : 0.000000,
          "N" : 0
        },
        "clat_ns" : {
          "min" : 0,
          "max" : 0,
          "mean" : 0.000000,
          "stddev" : 0.000000,
          "N" : 0
        },
        "lat_ns" : {
          "min" : 0,
          "max" : 0,
          "mean" : 0.000000,
          "stddev" : 0.000000,
          "N" : 0
        },
        "bw_min" : 0,
        "bw_max" : 0,
        "bw_agg" : 0.000000,
        "bw_mean" : 0.000000,
        "bw_dev" : 0.000000,
        "bw_samples" : 0,
        "iops_min" : 0,
        "iops_max" : 0,
        "iops_mean" : 0.000000,
        "iops_stddev" : 0.000000,
        "iops_samples" : 0
      },
      "sync" : {
        "total_ios" : 0,
        "lat_ns" : {
          "min" : 0,
          "max" : 0,
          "mean" : 0.000000,
          "stddev" : 0.000000,
          "N" : 0
        }
      },
      "job_runtime" : 60115,
      "usr_cpu" : 0.071530,
      "sys_cpu" : 0.099809,
      "ctx" : 4474,
      "majf" : 0,
      "minf" : 43,
      "iodepth_level" : {
        "1" : 0.100000,
        "2" : 0.100000,
        "4" : 0.137363,
        "8" : 99.759615,
        "16" : 0.000000,
        "32" : 0.000000,
        ">=64" : 0.000000
      },
      "iodepth_submit" : {
        "0" : 0.000000,
        "4" : 100.000000,
        "8" : 0.000000,
        "16" : 0.000000,
        "32" : 0.000000,
        "64" : 0.000000,
        ">=64" : 0.000000
      },
      "iodepth_complete" : {
        "0" : 0.000000,
        "4" : 99.965588,
        "8" : 0.100000,
        "16" : 0.000000,
        "32" : 0.000000,
        "64" : 0.000000,
        ">=64" : 0.000000
      },
      "latency_ns" : {
        "2" : 0.000000,
        "4" : 0.000000,
        "10" : 0.000000,
        "20" : 0.000000,
        "50" : 0.000000,
        "100" : 0.000000,
        "250" : 0.000000,
        "500" : 0.000000,
        "750" : 0.000000,
        "1000" : 0.000000
      },
      "latency_us" : {
        "2" : 0.000000,
        "4" : 0.000000,
        "10" : 0.000000,
        "20" : 0.034341,
        "50" : 0.000000,
        "100" : 0.000000,
        "250" : 0.000000,
        "500" : 0.755495,
        "750" : 1.614011,
        "1000" : 0.000000
      },
      "latency_ms" : {
        "2" : 0.000000,
        "4" : 0.000000,
        "10" : 0.171703,
        "20" : 1.923077,
        "50" : 7.692308,
        "100" : 16.277473,
        "250" : 62.568681,
        "500" : 8.962912,
        "750" : 0.000000,
        "1000" : 0.000000,
        "2000" : 0.000000,
        ">=2000" : 0.000000
      },
      "latency_depth" : 8,
      "latency_target" : 0,
      "latency_percentile" : 100.000000,
      "latency_window" : 0
    }
  ]
}
