{
  "fio version" : "fio-3.29-112-gc3773",
  "timestamp" : 1649848601,
  "timestamp_ms" : 1649848601438,
  "time" : "Wed Apr 13 11:16:41 2022",
  "global options" : {
    "size" : "50M",
    "runtime" : "60",
    "rwmixread" : "50",
    "directory" : "/mnt/mfs"
  },
  "jobs" : [
    {
      "jobname" : "iotest",
      "groupid" : 0,
      "error" : 0,
      "eta" : 0,
      "elapsed" : 61,
      "job options" : {
        "rw" : "readwrite",
        "bs" : "4k",
        "ioengine" : "libaio",
        "iodepth" : "2",
        "numjobs" : "1",
        "direct" : "1",
        "group_reporting" : "1",
        "invalidate" : "1",
        "loops" : "1",
        "write_bw_log" : "./fio-bench-13-04-2022--09-45-32-seq-mfs/seqrw/mfs/readwrite50/4k/readwrite-iodepth-2-numjobs-1",
        "write_lat_log" : "./fio-bench-13-04-2022--09-45-32-seq-mfs/seqrw/mfs/readwrite50/4k/readwrite-iodepth-2-numjobs-1",
        "write_iops_log" : "./fio-bench-13-04-2022--09-45-32-seq-mfs/seqrw/mfs/readwrite50/4k/readwrite-iodepth-2-numjobs-1",
        "log_avg_msec" : "500"
      },
      "read" : {
        "io_bytes" : 5443584,
        "io_kbytes" : 5316,
        "bw_bytes" : 90696,
        "bw" : 88,
        "iops" : 22.142619,
        "runtime" : 60020,
        "total_ios" : 1329,
        "short_ios" : 0,
        "drop_ios" : 0,
        "slat_ns" : {
          "min" : 32966,
          "max" : 943565306,
          "mean" : 45048620.285929,
          "stddev" : 57893499.089289,
          "N" : 1329
        },
        "clat_ns" : {
          "min" : 14388,
          "max" : 925051685,
          "mean" : 22941316.095561,
          "stddev" : 46357935.330771,
          "N" : 1329,
          "percentile" : {
            "1.000000" : 49920,
            "5.000000" : 51968,
            "10.000000" : 55552,
            "20.000000" : 63232,
            "30.000000" : 89600,
            "40.000000" : 95744,
            "50.000000" : 100864,
            "60.000000" : 107008,
            "70.000000" : 118272,
            "80.000000" : 81264640,
            "90.000000" : 88604672,
            "95.000000" : 92798976,
            "99.000000" : 133693440,
            "99.500000" : 135266304,
            "99.900000" : 135266304,
            "99.950000" : 926941184,
            "99.990000" : 926941184
          }
        },
        "lat_ns" : {
          "min" : 86255,
          "max" : 1222800872,
          "mean" : 67993123.453725,
          "stddev" : 74354970.003858,
          "N" : 1329
        },
        "bw_min" : 8,
        "bw_max" : 168,
        "bw_agg" : 100.000000,
        "bw_mean" : 90.735043,
        "bw_dev" : 29.396925,
        "bw_samples" : 117,
        "iops_min" : 2,
        "iops_max" : 42,
        "iops_mean" : 22.683761,
        "iops_stddev" : 7.349231,
        "iops_samples" : 117
      },
      "write" : {
        "io_bytes" : 5713920,
        "io_kbytes" : 5580,
        "bw_bytes" : 95200,
        "bw" : 92,
        "iops" : 23.242253,
        "runtime" : 60020,
        "total_ios" : 1395,
        "short_ios" : 0,
        "drop_ios" : 0,
        "slat_ns" : {
          "min" : 52172,
          "max" : 3738638,
          "mean" : 78078.763441,
          "stddev" : 101320.608148,
          "N" : 1395
        },
        "clat_ns" : {
          "min" : 67747,
          "max" : 943582837,
          "mean" : 21154194.639427,
          "stddev" : 46172715.219162,
          "N" : 1395,
          "percentile" : {
            "1.000000" : 69120,
            "5.000000" : 72192,
            "10.000000" : 73216,
            "20.000000" : 76288,
            "30.000000" : 81408,
            "40.000000" : 90624,
            "50.000000" : 109056,
            "60.000000" : 12779520,
            "70.000000" : 20054016,
            "80.000000" : 54263808,
            "90.000000" : 60030976,
            "95.000000" : 66322432,
            "99.000000" : 99090432,
            "99.500000" : 274726912,
            "99.900000" : 675282944,
            "99.950000" : 943718400,
            "99.990000" : 943718400
          }
        },
        "lat_ns" : {
          "min" : 123551,
          "max" : 943680825,
          "mean" : 21235279.657348,
          "stddev" : 46171253.958812,
          "N" : 1395
        },
        "bw_min" : 8,
        "bw_max" : 208,
        "bw_agg" : 100.000000,
        "bw_mean" : 95.384615,
        "bw_dev" : 45.341966,
        "bw_samples" : 117,
        "iops_min" : 2,
        "iops_max" : 52,
        "iops_mean" : 23.846154,
        "iops_stddev" : 11.335492,
        "iops_samples" : 117
      },
      "trim" : {
        "io_bytes" : 0,
        "io_kbytes" : 0,
        "bw_bytes" : 0,
        "bw" : 0,
        "iops" : 0.000000,
        "runtime" : 0,
        "total_ios" : 0,
        "short_ios" : 0,
        "drop_ios" : 0,
        "slat_ns" : {
          "min" : 0,
          "max" : 0,
          "mean" : 0.000000,
          "stddev" : 0.000000,
          "N" : 0
        },
        "clat_ns" : {
          "min" : 0,
          "max" : 0,
          "mean" : 0.000000,
          "stddev" : 0.000000,
          "N" : 0
        },
        "lat_ns" : {
          "min" : 0,
          "max" : 0,
          "mean" : 0.000000,
          "stddev" : 0.000000,
          "N" : 0
        },
        "bw_min" : 0,
        "bw_max" : 0,
        "bw_agg" : 0.000000,
        "bw_mean" : 0.000000,
        "bw_dev" : 0.000000,
        "bw_samples" : 0,
        "iops_min" : 0,
        "iops_max" : 0,
        "iops_mean" : 0.000000,
        "iops_stddev" : 0.000000,
        "iops_samples" : 0
      },
      "sync" : {
        "total_ios" : 0,
        "lat_ns" : {
          "min" : 0,
          "max" : 0,
          "mean" : 0.000000,
          "stddev" : 0.000000,
          "N" : 0
        }
      },
      "job_runtime" : 60019,
      "usr_cpu" : 0.049984,
      "sys_cpu" : 0.109965,
      "ctx" : 4197,
      "majf" : 0,
      "minf" : 44,
      "iodepth_level" : {
        "1" : 0.100000,
        "2" : 99.963289,
        "4" : 0.000000,
        "8" : 0.000000,
        "16" : 0.000000,
        "32" : 0.000000,
        ">=64" : 0.000000
      },
      "iodepth_submit" : {
        "0" : 0.000000,
        "4" : 100.000000,
        "8" : 0.000000,
        "16" : 0.000000,
        "32" : 0.000000,
        "64" : 0.000000,
        ">=64" : 0.000000
      },
      "iodepth_complete" : {
        "0" : 0.000000,
        "4" : 100.000000,
        "8" : 0.000000,
        "16" : 0.000000,
        "32" : 0.000000,
        "64" : 0.000000,
        ">=64" : 0.000000
      },
      "latency_ns" : {
        "2" : 0.000000,
        "4" : 0.000000,
        "10" : 0.000000,
        "20" : 0.000000,
        "50" : 0.000000,
        "100" : 0.000000,
        "250" : 0.000000,
        "500" : 0.000000,
        "750" : 0.000000,
        "1000" : 0.000000
      },
      "latency_us" : {
        "2" : 0.000000,
        "4" : 0.000000,
        "10" : 0.000000,
        "20" : 0.036711,
        "50" : 0.293686,
        "100" : 46.916300,
        "250" : 15.712188,
        "500" : 0.000000,
        "750" : 0.000000,
        "1000" : 0.036711
      },
      "latency_ms" : {
        "2" : 0.000000,
        "4" : 0.036711,
        "10" : 0.293686,
        "20" : 9.030837,
        "50" : 4.588840,
        "100" : 21.255507,
        "250" : 1.468429,
        "500" : 0.183554,
        "750" : 0.073421,
        "1000" : 0.073421,
        "2000" : 0.000000,
        ">=2000" : 0.000000
      },
      "latency_depth" : 2,
      "latency_target" : 0,
      "latency_percentile" : 100.000000,
      "latency_window" : 0
    }
  ]
}
