{
  "fio version" : "fio-3.29-112-gc3773",
  "timestamp" : 1649850971,
  "timestamp_ms" : 1649850971090,
  "time" : "Wed Apr 13 11:56:11 2022",
  "global options" : {
    "size" : "50M",
    "runtime" : "60",
    "rwmixread" : "50",
    "directory" : "/mnt/mfs"
  },
  "jobs" : [
    {
      "jobname" : "iotest",
      "groupid" : 0,
      "error" : 0,
      "eta" : 0,
      "elapsed" : 61,
      "job options" : {
        "rw" : "readwrite",
        "bs" : "4k",
        "ioengine" : "libaio",
        "iodepth" : "64",
        "numjobs" : "16",
        "direct" : "1",
        "group_reporting" : "1",
        "invalidate" : "1",
        "loops" : "1",
        "write_bw_log" : "./fio-bench-13-04-2022--09-45-32-seq-mfs/seqrw/mfs/readwrite50/4k/readwrite-iodepth-64-numjobs-16",
        "write_lat_log" : "./fio-bench-13-04-2022--09-45-32-seq-mfs/seqrw/mfs/readwrite50/4k/readwrite-iodepth-64-numjobs-16",
        "write_iops_log" : "./fio-bench-13-04-2022--09-45-32-seq-mfs/seqrw/mfs/readwrite50/4k/readwrite-iodepth-64-numjobs-16",
        "log_avg_msec" : "500"
      },
      "read" : {
        "io_bytes" : 9502720,
        "io_kbytes" : 9280,
        "bw_bytes" : 157041,
        "bw" : 153,
        "iops" : 38.340137,
        "runtime" : 60511,
        "total_ios" : 2320,
        "short_ios" : 0,
        "drop_ios" : 0,
        "slat_ns" : {
          "min" : 32476,
          "max" : 2667651595,
          "mean" : 415517115.896983,
          "stddev" : 452658405.824462,
          "N" : 2320
        },
        "clat_ns" : {
          "min" : 15505,
          "max" : 22540001204,
          "mean" : 11005269651.706038,
          "stddev" : 4729131108.844764,
          "N" : 2320,
          "percentile" : {
            "1.000000" : 408944640,
            "5.000000" : 2197815296,
            "10.000000" : 4395630592,
            "20.000000" : 6610223104,
            "30.000000" : 8220835840,
            "40.000000" : 9999220736,
            "50.000000" : 11878268928,
            "60.000000" : 13086228480,
            "70.000000" : 14294188032,
            "80.000000" : 15233712128,
            "90.000000" : 16710107136,
            "95.000000" : 17112760320,
            "99.000000" : 17112760320,
            "99.500000" : 17112760320,
            "99.900000" : 17112760320,
            "99.950000" : 17112760320,
            "99.990000" : 17112760320
          }
        },
        "lat_ns" : {
          "min" : 114169582,
          "max" : 22918300868,
          "mean" : 11420791475.850002,
          "stddev" : 4831678072.037001,
          "N" : 2320
        },
        "bw_min" : 128,
        "bw_max" : 968,
        "bw_agg" : 100.000000,
        "bw_mean" : 293.614494,
        "bw_dev" : 12.674658,
        "bw_samples" : 774,
        "iops_min" : 32,
        "iops_max" : 244,
        "iops_mean" : 73.447102,
        "iops_stddev" : 3.180730,
        "iops_samples" : 774
      },
      "write" : {
        "io_bytes" : 9412608,
        "io_kbytes" : 9192,
        "bw_bytes" : 155552,
        "bw" : 151,
        "iops" : 37.976566,
        "runtime" : 60511,
        "total_ios" : 2298,
        "short_ios" : 0,
        "drop_ios" : 0,
        "slat_ns" : {
          "min" : 39600,
          "max" : 7239423,
          "mean" : 147881.379896,
          "stddev" : 593842.096655,
          "N" : 2298
        },
        "clat_ns" : {
          "min" : 258992397,
          "max" : 22706800560,
          "mean" : 11750090944.338554,
          "stddev" : 4735457493.096500,
          "N" : 2298,
          "percentile" : {
            "1.000000" : 784334848,
            "5.000000" : 2533359616,
            "10.000000" : 4932501504,
            "20.000000" : 7281311744,
            "30.000000" : 9193914368,
            "40.000000" : 11341398016,
            "50.000000" : 12952010752,
            "60.000000" : 13891534848,
            "70.000000" : 14831058944,
            "80.000000" : 15904800768,
            "90.000000" : 17112760320,
            "95.000000" : 17112760320,
            "99.000000" : 17112760320,
            "99.500000" : 17112760320,
            "99.900000" : 17112760320,
            "99.950000" : 17112760320,
            "99.990000" : 17112760320
          }
        },
        "lat_ns" : {
          "min" : 259056023,
          "max" : 22706923621,
          "mean" : 11750242049.432117,
          "stddev" : 4735500992.040191,
          "N" : 2298
        },
        "bw_min" : 128,
        "bw_max" : 888,
        "bw_agg" : 100.000000,
        "bw_mean" : 295.048668,
        "bw_dev" : 12.618705,
        "bw_samples" : 780,
        "iops_min" : 32,
        "iops_max" : 222,
        "iops_mean" : 73.762167,
        "iops_stddev" : 3.154676,
        "iops_samples" : 780
      },
      "trim" : {
        "io_bytes" : 0,
        "io_kbytes" : 0,
        "bw_bytes" : 0,
        "bw" : 0,
        "iops" : 0.000000,
        "runtime" : 0,
        "total_ios" : 0,
        "short_ios" : 0,
        "drop_ios" : 0,
        "slat_ns" : {
          "min" : 0,
          "max" : 0,
          "mean" : 0.000000,
          "stddev" : 0.000000,
          "N" : 0
        },
        "clat_ns" : {
          "min" : 0,
          "max" : 0,
          "mean" : 0.000000,
          "stddev" : 0.000000,
          "N" : 0
        },
        "lat_ns" : {
          "min" : 0,
          "max" : 0,
          "mean" : 0.000000,
          "stddev" : 0.000000,
          "N" : 0
        },
        "bw_min" : 0,
        "bw_max" : 0,
        "bw_agg" : 0.000000,
        "bw_mean" : 0.000000,
        "bw_dev" : 0.000000,
        "bw_samples" : 0,
        "iops_min" : 0,
        "iops_max" : 0,
        "iops_mean" : 0.000000,
        "iops_stddev" : 0.000000,
        "iops_samples" : 0
      },
      "sync" : {
        "total_ios" : 0,
        "lat_ns" : {
          "min" : 0,
          "max" : 0,
          "mean" : 0.000000,
          "stddev" : 0.000000,
          "N" : 0
        }
      },
      "job_runtime" : 964836,
      "usr_cpu" : 0.005908,
      "sys_cpu" : 0.011297,
      "ctx" : 7294,
      "majf" : 0,
      "minf" : 669,
      "iodepth_level" : {
        "1" : 0.346470,
        "2" : 0.692941,
        "4" : 1.385881,
        "8" : 2.771763,
        "16" : 5.543525,
        "32" : 11.087051,
        ">=64" : 78.172369
      },
      "iodepth_submit" : {
        "0" : 0.000000,
        "4" : 100.000000,
        "8" : 0.000000,
        "16" : 0.000000,
        "32" : 0.000000,
        "64" : 0.000000,
        ">=64" : 0.000000
      },
      "iodepth_complete" : {
        "0" : 0.000000,
        "4" : 99.558742,
        "8" : 0.000000,
        "16" : 0.000000,
        "32" : 0.000000,
        "64" : 0.441258,
        ">=64" : 0.000000
      },
      "latency_ns" : {
        "2" : 0.000000,
        "4" : 0.000000,
        "10" : 0.000000,
        "20" : 0.000000,
        "50" : 0.000000,
        "100" : 0.000000,
        "250" : 0.000000,
        "500" : 0.000000,
        "750" : 0.000000,
        "1000" : 0.000000
      },
      "latency_us" : {
        "2" : 0.000000,
        "4" : 0.000000,
        "10" : 0.000000,
        "20" : 0.303162,
        "50" : 0.043309,
        "100" : 0.000000,
        "250" : 0.000000,
        "500" : 0.000000,
        "750" : 0.000000,
        "1000" : 0.000000
      },
      "latency_ms" : {
        "2" : 0.000000,
        "4" : 0.000000,
        "10" : 0.000000,
        "20" : 0.000000,
        "50" : 0.000000,
        "100" : 0.000000,
        "250" : 0.021654,
        "500" : 0.324816,
        "750" : 0.563014,
        "1000" : 0.606323,
        "2000" : 2.252057,
        ">=2000" : 95.885665
      },
      "latency_depth" : 64,
      "latency_target" : 0,
      "latency_percentile" : 100.000000,
      "latency_window" : 0
    }
  ]
}
