{
  "fio version" : "fio-3.29-112-gc3773",
  "timestamp" : 1649849818,
  "timestamp_ms" : 1649849818092,
  "time" : "Wed Apr 13 11:36:58 2022",
  "global options" : {
    "size" : "50M",
    "runtime" : "60",
    "rwmixread" : "50",
    "directory" : "/mnt/mfs"
  },
  "jobs" : [
    {
      "jobname" : "iotest",
      "groupid" : 0,
      "error" : 0,
      "eta" : 0,
      "elapsed" : 63,
      "job options" : {
        "rw" : "readwrite",
        "bs" : "4k",
        "ioengine" : "libaio",
        "iodepth" : "8",
        "numjobs" : "64",
        "direct" : "1",
        "group_reporting" : "1",
        "invalidate" : "1",
        "loops" : "1",
        "write_bw_log" : "./fio-bench-13-04-2022--09-45-32-seq-mfs/seqrw/mfs/readwrite50/4k/readwrite-iodepth-8-numjobs-64",
        "write_lat_log" : "./fio-bench-13-04-2022--09-45-32-seq-mfs/seqrw/mfs/readwrite50/4k/readwrite-iodepth-8-numjobs-64",
        "write_iops_log" : "./fio-bench-13-04-2022--09-45-32-seq-mfs/seqrw/mfs/readwrite50/4k/readwrite-iodepth-8-numjobs-64",
        "log_avg_msec" : "500"
      },
      "read" : {
        "io_bytes" : 8122368,
        "io_kbytes" : 7932,
        "bw_bytes" : 130647,
        "bw" : 127,
        "iops" : 31.896413,
        "runtime" : 62170,
        "total_ios" : 1983,
        "short_ios" : 0,
        "drop_ios" : 0,
        "slat_ns" : {
          "min" : 32546,
          "max" : 11727232845,
          "mean" : 1964983410.543621,
          "stddev" : 1911754309.508608,
          "N" : 1983
        },
        "clat_ns" : {
          "min" : 14876,
          "max" : 21270619220,
          "mean" : 5780242656.438727,
          "stddev" : 3419947006.644482,
          "N" : 1983,
          "percentile" : {
            "1.000000" : 15936,
            "5.000000" : 489472,
            "10.000000" : 1535115264,
            "20.000000" : 2936012800,
            "30.000000" : 3875536896,
            "40.000000" : 4731174912,
            "50.000000" : 5536481280,
            "60.000000" : 6408896512,
            "70.000000" : 7348420608,
            "80.000000" : 8489271296,
            "90.000000" : 10267656192,
            "95.000000" : 11744051200,
            "99.000000" : 15099494400,
            "99.500000" : 16978542592,
            "99.900000" : 17112760320,
            "99.950000" : 17112760320,
            "99.990000" : 17112760320
          }
        },
        "lat_ns" : {
          "min" : 427989,
          "max" : 26222696276,
          "mean" : 7745232414.924861,
          "stddev" : 4013568591.962924,
          "N" : 1983
        },
        "bw_min" : 512,
        "bw_max" : 2352,
        "bw_agg" : 100.000000,
        "bw_mean" : 974.996193,
        "bw_dev" : 9.365754,
        "bw_samples" : 893,
        "iops_min" : 128,
        "iops_max" : 588,
        "iops_mean" : 243.749048,
        "iops_stddev" : 2.341438,
        "iops_samples" : 893
      },
      "write" : {
        "io_bytes" : 7884800,
        "io_kbytes" : 7700,
        "bw_bytes" : 126826,
        "bw" : 123,
        "iops" : 30.963487,
        "runtime" : 62170,
        "total_ios" : 1925,
        "short_ios" : 0,
        "drop_ios" : 0,
        "slat_ns" : {
          "min" : 39670,
          "max" : 8552658,
          "mean" : 427323.528831,
          "stddev" : 1285770.183710,
          "N" : 1925
        },
        "clat_ns" : {
          "min" : 548676,
          "max" : 26222640891,
          "mean" : 7544597391.748052,
          "stddev" : 3608753759.886875,
          "N" : 1925,
          "percentile" : {
            "1.000000" : 1333788672,
            "5.000000" : 2264924160,
            "10.000000" : 3305111552,
            "20.000000" : 4278190080,
            "30.000000" : 5268045824,
            "40.000000" : 6140461056,
            "50.000000" : 7281311744,
            "60.000000" : 8287944704,
            "70.000000" : 9193914368,
            "80.000000" : 10536091648,
            "90.000000" : 12280922112,
            "95.000000" : 13891534848,
            "99.000000" : 17112760320,
            "99.500000" : 17112760320,
            "99.900000" : 17112760320,
            "99.950000" : 17112760320,
            "99.990000" : 17112760320
          }
        },
        "lat_ns" : {
          "min" : 613000,
          "max" : 26222714923,
          "mean" : 7545028044.414545,
          "stddev" : 3608770713.667596,
          "N" : 1925
        },
        "bw_min" : 512,
        "bw_max" : 2144,
        "bw_agg" : 100.000000,
        "bw_mean" : 949.413969,
        "bw_dev" : 8.547071,
        "bw_samples" : 916,
        "iops_min" : 128,
        "iops_max" : 536,
        "iops_mean" : 237.353492,
        "iops_stddev" : 2.136768,
        "iops_samples" : 916
      },
      "trim" : {
        "io_bytes" : 0,
        "io_kbytes" : 0,
        "bw_bytes" : 0,
        "bw" : 0,
        "iops" : 0.000000,
        "runtime" : 0,
        "total_ios" : 0,
        "short_ios" : 0,
        "drop_ios" : 0,
        "slat_ns" : {
          "min" : 0,
          "max" : 0,
          "mean" : 0.000000,
          "stddev" : 0.000000,
          "N" : 0
        },
        "clat_ns" : {
          "min" : 0,
          "max" : 0,
          "mean" : 0.000000,
          "stddev" : 0.000000,
          "N" : 0
        },
        "lat_ns" : {
          "min" : 0,
          "max" : 0,
          "mean" : 0.000000,
          "stddev" : 0.000000,
          "N" : 0
        },
        "bw_min" : 0,
        "bw_max" : 0,
        "bw_agg" : 0.000000,
        "bw_mean" : 0.000000,
        "bw_dev" : 0.000000,
        "bw_samples" : 0,
        "iops_min" : 0,
        "iops_max" : 0,
        "iops_mean" : 0.000000,
        "iops_stddev" : 0.000000,
        "iops_samples" : 0
      },
      "sync" : {
        "total_ios" : 0,
        "lat_ns" : {
          "min" : 0,
          "max" : 0,
          "mean" : 0.000000,
          "stddev" : 0.000000,
          "N" : 0
        }
      },
      "job_runtime" : 3906693,
      "usr_cpu" : 0.002534,
      "sys_cpu" : 0.000947,
      "ctx" : 6362,
      "majf" : 0,
      "minf" : 2667,
      "iodepth_level" : {
        "1" : 1.637666,
        "2" : 3.275333,
        "4" : 6.550665,
        "8" : 88.536336,
        "16" : 0.000000,
        "32" : 0.000000,
        ">=64" : 0.000000
      },
      "iodepth_submit" : {
        "0" : 0.000000,
        "4" : 100.000000,
        "8" : 0.000000,
        "16" : 0.000000,
        "32" : 0.000000,
        "64" : 0.000000,
        ">=64" : 0.000000
      },
      "iodepth_complete" : {
        "0" : 0.000000,
        "4" : 98.183882,
        "8" : 1.816118,
        "16" : 0.000000,
        "32" : 0.000000,
        "64" : 0.000000,
        ">=64" : 0.000000
      },
      "latency_ns" : {
        "2" : 0.000000,
        "4" : 0.000000,
        "10" : 0.000000,
        "20" : 0.000000,
        "50" : 0.000000,
        "100" : 0.000000,
        "250" : 0.000000,
        "500" : 0.000000,
        "750" : 0.000000,
        "1000" : 0.000000
      },
      "latency_us" : {
        "2" : 0.000000,
        "4" : 0.000000,
        "10" : 0.000000,
        "20" : 1.535312,
        "50" : 0.102354,
        "100" : 0.000000,
        "250" : 0.000000,
        "500" : 0.946776,
        "750" : 1.509724,
        "1000" : 0.000000
      },
      "latency_ms" : {
        "2" : 0.000000,
        "4" : 0.000000,
        "10" : 0.076766,
        "20" : 0.000000,
        "50" : 0.000000,
        "100" : 0.000000,
        "250" : 0.076766,
        "500" : 0.102354,
        "750" : 0.102354,
        "1000" : 0.051177,
        "2000" : 3.735926,
        ">=2000" : 91.760491
      },
      "latency_depth" : 8,
      "latency_target" : 0,
      "latency_percentile" : 100.000000,
      "latency_window" : 0
    }
  ]
}
