{
  "fio version" : "fio-3.29-112-gc3773",
  "timestamp" : 1649848843,
  "timestamp_ms" : 1649848843546,
  "time" : "Wed Apr 13 11:20:43 2022",
  "global options" : {
    "size" : "50M",
    "runtime" : "60",
    "rwmixread" : "50",
    "directory" : "/mnt/mfs"
  },
  "jobs" : [
    {
      "jobname" : "iotest",
      "groupid" : 0,
      "error" : 0,
      "eta" : 0,
      "elapsed" : 61,
      "job options" : {
        "rw" : "readwrite",
        "bs" : "4k",
        "ioengine" : "libaio",
        "iodepth" : "2",
        "numjobs" : "16",
        "direct" : "1",
        "group_reporting" : "1",
        "invalidate" : "1",
        "loops" : "1",
        "write_bw_log" : "./fio-bench-13-04-2022--09-45-32-seq-mfs/seqrw/mfs/readwrite50/4k/readwrite-iodepth-2-numjobs-16",
        "write_lat_log" : "./fio-bench-13-04-2022--09-45-32-seq-mfs/seqrw/mfs/readwrite50/4k/readwrite-iodepth-2-numjobs-16",
        "write_iops_log" : "./fio-bench-13-04-2022--09-45-32-seq-mfs/seqrw/mfs/readwrite50/4k/readwrite-iodepth-2-numjobs-16",
        "log_avg_msec" : "500"
      },
      "read" : {
        "io_bytes" : 9474048,
        "io_kbytes" : 9252,
        "bw_bytes" : 156396,
        "bw" : 152,
        "iops" : 38.182809,
        "runtime" : 60577,
        "total_ios" : 2313,
        "short_ios" : 0,
        "drop_ios" : 0,
        "slat_ns" : {
          "min" : 31639,
          "max" : 3586189777,
          "mean" : 417141677.936879,
          "stddev" : 463516316.837238,
          "N" : 2313
        },
        "clat_ns" : {
          "min" : 15366,
          "max" : 2183430207,
          "mean" : 87430537.887160,
          "stddev" : 240264505.617630,
          "N" : 2313,
          "percentile" : {
            "1.000000" : 48384,
            "5.000000" : 50432,
            "10.000000" : 52992,
            "20.000000" : 60672,
            "30.000000" : 70144,
            "40.000000" : 89600,
            "50.000000" : 95744,
            "60.000000" : 102912,
            "70.000000" : 113152,
            "80.000000" : 130560,
            "90.000000" : 392167424,
            "95.000000" : 641728512,
            "99.000000" : 1098907648,
            "99.500000" : 1216348160,
            "99.900000" : 1887436800,
            "99.950000" : 2164260864,
            "99.990000" : 2197815296
          }
        },
        "lat_ns" : {
          "min" : 82693,
          "max" : 3586301175,
          "mean" : 504576774.441418,
          "stddev" : 560660092.664306,
          "N" : 2313
        },
        "bw_min" : 128,
        "bw_max" : 1048,
        "bw_agg" : 100.000000,
        "bw_mean" : 288.910457,
        "bw_dev" : 13.193147,
        "bw_samples" : 1004,
        "iops_min" : 32,
        "iops_max" : 262,
        "iops_mean" : 72.227614,
        "iops_stddev" : 3.298287,
        "iops_samples" : 1004
      },
      "write" : {
        "io_bytes" : 9363456,
        "io_kbytes" : 9144,
        "bw_bytes" : 154571,
        "bw" : 150,
        "iops" : 37.737095,
        "runtime" : 60577,
        "total_ios" : 2286,
        "short_ios" : 0,
        "drop_ios" : 0,
        "slat_ns" : {
          "min" : 38763,
          "max" : 6430262,
          "mean" : 146734.139545,
          "stddev" : 569672.239938,
          "N" : 2286
        },
        "clat_ns" : {
          "min" : 50566,
          "max" : 3586208355,
          "mean" : 333749442.298775,
          "stddev" : 464715000.408311,
          "N" : 2286,
          "percentile" : {
            "1.000000" : 70144,
            "5.000000" : 72192,
            "10.000000" : 74240,
            "20.000000" : 78336,
            "30.000000" : 90624,
            "40.000000" : 102912,
            "50.000000" : 27918336,
            "60.000000" : 308281344,
            "70.000000" : 471859200,
            "80.000000" : 658505728,
            "90.000000" : 968884224,
            "95.000000" : 1317011456,
            "99.000000" : 1920991232,
            "99.500000" : 2231369728,
            "99.900000" : 2432696320,
            "99.950000" : 2734686208,
            "99.990000" : 3573547008
          }
        },
        "lat_ns" : {
          "min" : 105252,
          "max" : 3586265346,
          "mean" : 333899354.553368,
          "stddev" : 464712945.233495,
          "N" : 2286
        },
        "bw_min" : 128,
        "bw_max" : 1016,
        "bw_agg" : 100.000000,
        "bw_mean" : 260.226149,
        "bw_dev" : 12.432731,
        "bw_samples" : 1111,
        "iops_min" : 32,
        "iops_max" : 254,
        "iops_mean" : 65.056537,
        "iops_stddev" : 3.108183,
        "iops_samples" : 1111
      },
      "trim" : {
        "io_bytes" : 0,
        "io_kbytes" : 0,
        "bw_bytes" : 0,
        "bw" : 0,
        "iops" : 0.000000,
        "runtime" : 0,
        "total_ios" : 0,
        "short_ios" : 0,
        "drop_ios" : 0,
        "slat_ns" : {
          "min" : 0,
          "max" : 0,
          "mean" : 0.000000,
          "stddev" : 0.000000,
          "N" : 0
        },
        "clat_ns" : {
          "min" : 0,
          "max" : 0,
          "mean" : 0.000000,
          "stddev" : 0.000000,
          "N" : 0
        },
        "lat_ns" : {
          "min" : 0,
          "max" : 0,
          "mean" : 0.000000,
          "stddev" : 0.000000,
          "N" : 0
        },
        "bw_min" : 0,
        "bw_max" : 0,
        "bw_agg" : 0.000000,
        "bw_mean" : 0.000000,
        "bw_dev" : 0.000000,
        "bw_samples" : 0,
        "iops_min" : 0,
        "iops_max" : 0,
        "iops_mean" : 0.000000,
        "iops_stddev" : 0.000000,
        "iops_samples" : 0
      },
      "sync" : {
        "total_ios" : 0,
        "lat_ns" : {
          "min" : 0,
          "max" : 0,
          "mean" : 0.000000,
          "stddev" : 0.000000,
          "N" : 0
        }
      },
      "job_runtime" : 965689,
      "usr_cpu" : 0.006834,
      "sys_cpu" : 0.010045,
      "ctx" : 7232,
      "majf" : 0,
      "minf" : 670,
      "iodepth_level" : {
        "1" : 0.347902,
        "2" : 99.652098,
        "4" : 0.000000,
        "8" : 0.000000,
        "16" : 0.000000,
        "32" : 0.000000,
        ">=64" : 0.000000
      },
      "iodepth_submit" : {
        "0" : 0.000000,
        "4" : 100.000000,
        "8" : 0.000000,
        "16" : 0.000000,
        "32" : 0.000000,
        "64" : 0.000000,
        ">=64" : 0.000000
      },
      "iodepth_complete" : {
        "0" : 0.000000,
        "4" : 100.000000,
        "8" : 0.000000,
        "16" : 0.000000,
        "32" : 0.000000,
        "64" : 0.000000,
        ">=64" : 0.000000
      },
      "latency_ns" : {
        "2" : 0.000000,
        "4" : 0.000000,
        "10" : 0.000000,
        "20" : 0.000000,
        "50" : 0.000000,
        "100" : 0.000000,
        "250" : 0.000000,
        "500" : 0.000000,
        "750" : 0.000000,
        "1000" : 0.000000
      },
      "latency_us" : {
        "2" : 0.000000,
        "4" : 0.000000,
        "10" : 0.000000,
        "20" : 0.347902,
        "50" : 1.478582,
        "100" : 45.314199,
        "250" : 19.178082,
        "500" : 0.043488,
        "750" : 0.021744,
        "1000" : 0.000000
      },
      "latency_ms" : {
        "2" : 0.000000,
        "4" : 0.108719,
        "10" : 0.369646,
        "20" : 0.043488,
        "50" : 0.782779,
        "100" : 0.717547,
        "250" : 3.500761,
        "500" : 10.045662,
        "750" : 8.262666,
        "1000" : 4.414003,
        "2000" : 4.892368,
        ">=2000" : 0.478365
      },
      "latency_depth" : 2,
      "latency_target" : 0,
      "latency_percentile" : 100.000000,
      "latency_window" : 0
    }
  ]
}
