{
  "fio version" : "fio-3.29-112-gc3773",
  "timestamp" : 1649850910,
  "timestamp_ms" : 1649850910275,
  "time" : "Wed Apr 13 11:55:10 2022",
  "global options" : {
    "size" : "50M",
    "runtime" : "60",
    "rwmixread" : "50",
    "directory" : "/mnt/mfs"
  },
  "jobs" : [
    {
      "jobname" : "iotest",
      "groupid" : 0,
      "error" : 0,
      "eta" : 0,
      "elapsed" : 61,
      "job options" : {
        "rw" : "readwrite",
        "bs" : "4k",
        "ioengine" : "libaio",
        "iodepth" : "64",
        "numjobs" : "8",
        "direct" : "1",
        "group_reporting" : "1",
        "invalidate" : "1",
        "loops" : "1",
        "write_bw_log" : "./fio-bench-13-04-2022--09-45-32-seq-mfs/seqrw/mfs/readwrite50/4k/readwrite-iodepth-64-numjobs-8",
        "write_lat_log" : "./fio-bench-13-04-2022--09-45-32-seq-mfs/seqrw/mfs/readwrite50/4k/readwrite-iodepth-64-numjobs-8",
        "write_iops_log" : "./fio-bench-13-04-2022--09-45-32-seq-mfs/seqrw/mfs/readwrite50/4k/readwrite-iodepth-64-numjobs-8",
        "log_avg_msec" : "500"
      },
      "read" : {
        "io_bytes" : 8761344,
        "io_kbytes" : 8556,
        "bw_bytes" : 145288,
        "bw" : 141,
        "iops" : 35.470872,
        "runtime" : 60303,
        "total_ios" : 2139,
        "short_ios" : 0,
        "drop_ios" : 0,
        "slat_ns" : {
          "min" : 32057,
          "max" : 1393266031,
          "mean" : 224974088.467041,
          "stddev" : 246794771.565889,
          "N" : 2139
        },
        "clat_ns" : {
          "min" : 15366,
          "max" : 12533224480,
          "mean" : 6349119680.685367,
          "stddev" : 2331820844.149252,
          "N" : 2139,
          "percentile" : {
            "1.000000" : 784334848,
            "5.000000" : 2365587456,
            "10.000000" : 3238002688,
            "20.000000" : 4328521728,
            "30.000000" : 4999610368,
            "40.000000" : 5872025600,
            "50.000000" : 6543114240,
            "60.000000" : 7214202880,
            "70.000000" : 7751073792,
            "80.000000" : 8287944704,
            "90.000000" : 9193914368,
            "95.000000" : 9999220736,
            "99.000000" : 11475615744,
            "99.500000" : 11744051200,
            "99.900000" : 12012486656,
            "99.950000" : 12146704384,
            "99.990000" : 12549357568
          }
        },
        "lat_ns" : {
          "min" : 159887772,
          "max" : 12713617305,
          "mean" : 6574098136.906030,
          "stddev" : 2382059323.634101,
          "N" : 2139
        },
        "bw_min" : 64,
        "bw_max" : 648,
        "bw_agg" : 100.000000,
        "bw_mean" : 189.448163,
        "bw_dev" : 17.232770,
        "bw_samples" : 635,
        "iops_min" : 16,
        "iops_max" : 162,
        "iops_mean" : 47.362041,
        "iops_stddev" : 4.308193,
        "iops_samples" : 635
      },
      "write" : {
        "io_bytes" : 9003008,
        "io_kbytes" : 8792,
        "bw_bytes" : 149296,
        "bw" : 145,
        "iops" : 36.449265,
        "runtime" : 60303,
        "total_ios" : 2198,
        "short_ios" : 0,
        "drop_ios" : 0,
        "slat_ns" : {
          "min" : 44978,
          "max" : 12296507,
          "mean" : 111108.861237,
          "stddev" : 457913.647594,
          "N" : 2198
        },
        "clat_ns" : {
          "min" : 159898807,
          "max" : 12270405253,
          "mean" : 6644698610.704277,
          "stddev" : 2326575942.769741,
          "N" : 2198,
          "percentile" : {
            "1.000000" : 1283457024,
            "5.000000" : 2634022912,
            "10.000000" : 3472883712,
            "20.000000" : 4529848320,
            "30.000000" : 5335154688,
            "40.000000" : 6140461056,
            "50.000000" : 6811549696,
            "60.000000" : 7482638336,
            "70.000000" : 8019509248,
            "80.000000" : 8657043456,
            "90.000000" : 9596567552,
            "95.000000" : 10401873920,
            "99.000000" : 11609833472,
            "99.500000" : 11878268928,
            "99.900000" : 12146704384,
            "99.950000" : 12280922112,
            "99.990000" : 12280922112
          }
        },
        "lat_ns" : {
          "min" : 159999029,
          "max" : 12270495838,
          "mean" : 6644812893.925386,
          "stddev" : 2326579203.426817,
          "N" : 2198
        },
        "bw_min" : 64,
        "bw_max" : 616,
        "bw_agg" : 100.000000,
        "bw_mean" : 189.427906,
        "bw_dev" : 16.072551,
        "bw_samples" : 650,
        "iops_min" : 16,
        "iops_max" : 154,
        "iops_mean" : 47.356977,
        "iops_stddev" : 4.018138,
        "iops_samples" : 650
      },
      "trim" : {
        "io_bytes" : 0,
        "io_kbytes" : 0,
        "bw_bytes" : 0,
        "bw" : 0,
        "iops" : 0.000000,
        "runtime" : 0,
        "total_ios" : 0,
        "short_ios" : 0,
        "drop_ios" : 0,
        "slat_ns" : {
          "min" : 0,
          "max" : 0,
          "mean" : 0.000000,
          "stddev" : 0.000000,
          "N" : 0
        },
        "clat_ns" : {
          "min" : 0,
          "max" : 0,
          "mean" : 0.000000,
          "stddev" : 0.000000,
          "N" : 0
        },
        "lat_ns" : {
          "min" : 0,
          "max" : 0,
          "mean" : 0.000000,
          "stddev" : 0.000000,
          "N" : 0
        },
        "bw_min" : 0,
        "bw_max" : 0,
        "bw_agg" : 0.000000,
        "bw_mean" : 0.000000,
        "bw_dev" : 0.000000,
        "bw_samples" : 0,
        "iops_min" : 0,
        "iops_max" : 0,
        "iops_mean" : 0.000000,
        "iops_stddev" : 0.000000,
        "iops_samples" : 0
      },
      "sync" : {
        "total_ios" : 0,
        "lat_ns" : {
          "min" : 0,
          "max" : 0,
          "mean" : 0.000000,
          "stddev" : 0.000000,
          "N" : 0
        }
      },
      "job_runtime" : 481584,
      "usr_cpu" : 0.009552,
      "sys_cpu" : 0.022841,
      "ctx" : 6889,
      "majf" : 0,
      "minf" : 321,
      "iodepth_level" : {
        "1" : 0.184459,
        "2" : 0.368919,
        "4" : 0.737837,
        "8" : 1.475674,
        "16" : 2.951349,
        "32" : 5.902698,
        ">=64" : 88.379064
      },
      "iodepth_submit" : {
        "0" : 0.000000,
        "4" : 100.000000,
        "8" : 0.000000,
        "16" : 0.000000,
        "32" : 0.000000,
        "64" : 0.000000,
        ">=64" : 0.000000
      },
      "iodepth_complete" : {
        "0" : 0.000000,
        "4" : 99.791721,
        "8" : 0.000000,
        "16" : 0.000000,
        "32" : 0.000000,
        "64" : 0.208279,
        ">=64" : 0.000000
      },
      "latency_ns" : {
        "2" : 0.000000,
        "4" : 0.000000,
        "10" : 0.000000,
        "20" : 0.000000,
        "50" : 0.000000,
        "100" : 0.000000,
        "250" : 0.000000,
        "500" : 0.000000,
        "750" : 0.000000,
        "1000" : 0.000000
      },
      "latency_us" : {
        "2" : 0.000000,
        "4" : 0.000000,
        "10" : 0.000000,
        "20" : 0.161402,
        "50" : 0.023057,
        "100" : 0.000000,
        "250" : 0.000000,
        "500" : 0.000000,
        "750" : 0.000000,
        "1000" : 0.000000
      },
      "latency_ms" : {
        "2" : 0.000000,
        "4" : 0.000000,
        "10" : 0.000000,
        "20" : 0.000000,
        "50" : 0.000000,
        "100" : 0.000000,
        "250" : 0.115287,
        "500" : 0.253632,
        "750" : 0.207517,
        "1000" : 0.253632,
        "2000" : 1.544847,
        ">=2000" : 97.440627
      },
      "latency_depth" : 64,
      "latency_target" : 0,
      "latency_percentile" : 100.000000,
      "latency_window" : 0
    }
  ]
}
