{
  "fio version" : "fio-3.29-112-gc3773",
  "timestamp" : 1649849392,
  "timestamp_ms" : 1649849392033,
  "time" : "Wed Apr 13 11:29:52 2022",
  "global options" : {
    "size" : "50M",
    "runtime" : "60",
    "rwmixread" : "50",
    "directory" : "/mnt/mfs"
  },
  "jobs" : [
    {
      "jobname" : "iotest",
      "groupid" : 0,
      "error" : 0,
      "eta" : 0,
      "elapsed" : 62,
      "job options" : {
        "rw" : "readwrite",
        "bs" : "4k",
        "ioengine" : "libaio",
        "iodepth" : "4",
        "numjobs" : "64",
        "direct" : "1",
        "group_reporting" : "1",
        "invalidate" : "1",
        "loops" : "1",
        "write_bw_log" : "./fio-bench-13-04-2022--09-45-32-seq-mfs/seqrw/mfs/readwrite50/4k/readwrite-iodepth-4-numjobs-64",
        "write_lat_log" : "./fio-bench-13-04-2022--09-45-32-seq-mfs/seqrw/mfs/readwrite50/4k/readwrite-iodepth-4-numjobs-64",
        "write_iops_log" : "./fio-bench-13-04-2022--09-45-32-seq-mfs/seqrw/mfs/readwrite50/4k/readwrite-iodepth-4-numjobs-64",
        "log_avg_msec" : "500"
      },
      "read" : {
        "io_bytes" : 8077312,
        "io_kbytes" : 7888,
        "bw_bytes" : 131575,
        "bw" : 128,
        "iops" : 32.123019,
        "runtime" : 61389,
        "total_ios" : 1972,
        "short_ios" : 0,
        "drop_ios" : 0,
        "slat_ns" : {
          "min" : 31848,
          "max" : 11546376260,
          "mean" : 1967697728.118661,
          "stddev" : 1883082257.849266,
          "N" : 1972
        },
        "clat_ns" : {
          "min" : 14876,
          "max" : 11880457907,
          "mean" : 2066108262.570487,
          "stddev" : 2208862168.840293,
          "N" : 1972,
          "percentile" : {
            "1.000000" : 16192,
            "5.000000" : 164864,
            "10.000000" : 199680,
            "20.000000" : 244736,
            "30.000000" : 288768,
            "40.000000" : 926941184,
            "50.000000" : 1786773504,
            "60.000000" : 2298478592,
            "70.000000" : 2868903936,
            "80.000000" : 3707764736,
            "90.000000" : 5133828096,
            "95.000000" : 6274678784,
            "99.000000" : 8925478912,
            "99.500000" : 10267656192,
            "99.900000" : 11609833472,
            "99.950000" : 11878268928,
            "99.990000" : 11878268928
          }
        },
        "lat_ns" : {
          "min" : 176280,
          "max" : 20759823943,
          "mean" : 4033812417.044624,
          "stddev" : 3026581763.456263,
          "N" : 1972
        },
        "bw_min" : 512,
        "bw_max" : 2568,
        "bw_agg" : 100.000000,
        "bw_mean" : 1008.046550,
        "bw_dev" : 10.470929,
        "bw_samples" : 939,
        "iops_min" : 128,
        "iops_max" : 642,
        "iops_mean" : 252.011638,
        "iops_stddev" : 2.617732,
        "iops_samples" : 939
      },
      "write" : {
        "io_bytes" : 7979008,
        "io_kbytes" : 7792,
        "bw_bytes" : 129974,
        "bw" : 126,
        "iops" : 31.732069,
        "runtime" : 61389,
        "total_ios" : 1948,
        "short_ios" : 0,
        "drop_ios" : 0,
        "slat_ns" : {
          "min" : 36597,
          "max" : 91364346,
          "mean" : 467858.755133,
          "stddev" : 2415334.636113,
          "N" : 1948
        },
        "clat_ns" : {
          "min" : 144642,
          "max" : 16019013654,
          "mean" : 3802667348.932238,
          "stddev" : 2517691581.786815,
          "N" : 1948,
          "percentile" : {
            "1.000000" : 224256,
            "5.000000" : 246784,
            "10.000000" : 272384,
            "20.000000" : 1937768448,
            "30.000000" : 2399141888,
            "40.000000" : 2969567232,
            "50.000000" : 3506438144,
            "60.000000" : 4143972352,
            "70.000000" : 4798283776,
            "80.000000" : 5603590144,
            "90.000000" : 7012876288,
            "95.000000" : 8287944704,
            "99.000000" : 11878268928,
            "99.500000" : 12415139840,
            "99.900000" : 14965276672,
            "99.950000" : 16039018496,
            "99.990000" : 16039018496
          }
        },
        "lat_ns" : {
          "min" : 236135,
          "max" : 16019093972,
          "mean" : 3803138512.167351,
          "stddev" : 2517556265.130268,
          "N" : 1948
        },
        "bw_min" : 512,
        "bw_max" : 2136,
        "bw_agg" : 100.000000,
        "bw_mean" : 878.239566,
        "bw_dev" : 7.864389,
        "bw_samples" : 1061,
        "iops_min" : 128,
        "iops_max" : 534,
        "iops_mean" : 219.559892,
        "iops_stddev" : 1.966097,
        "iops_samples" : 1061
      },
      "trim" : {
        "io_bytes" : 0,
        "io_kbytes" : 0,
        "bw_bytes" : 0,
        "bw" : 0,
        "iops" : 0.000000,
        "runtime" : 0,
        "total_ios" : 0,
        "short_ios" : 0,
        "drop_ios" : 0,
        "slat_ns" : {
          "min" : 0,
          "max" : 0,
          "mean" : 0.000000,
          "stddev" : 0.000000,
          "N" : 0
        },
        "clat_ns" : {
          "min" : 0,
          "max" : 0,
          "mean" : 0.000000,
          "stddev" : 0.000000,
          "N" : 0
        },
        "lat_ns" : {
          "min" : 0,
          "max" : 0,
          "mean" : 0.000000,
          "stddev" : 0.000000,
          "N" : 0
        },
        "bw_min" : 0,
        "bw_max" : 0,
        "bw_agg" : 0.000000,
        "bw_mean" : 0.000000,
        "bw_dev" : 0.000000,
        "bw_samples" : 0,
        "iops_min" : 0,
        "iops_max" : 0,
        "iops_mean" : 0.000000,
        "iops_stddev" : 0.000000,
        "iops_samples" : 0
      },
      "sync" : {
        "total_ios" : 0,
        "lat_ns" : {
          "min" : 0,
          "max" : 0,
          "mean" : 0.000000,
          "stddev" : 0.000000,
          "N" : 0
        }
      },
      "job_runtime" : 3894214,
      "usr_cpu" : 0.002568,
      "sys_cpu" : 0.001079,
      "ctx" : 6370,
      "majf" : 0,
      "minf" : 2850,
      "iodepth_level" : {
        "1" : 1.632653,
        "2" : 3.265306,
        "4" : 95.102041,
        "8" : 0.000000,
        "16" : 0.000000,
        "32" : 0.000000,
        ">=64" : 0.000000
      },
      "iodepth_submit" : {
        "0" : 0.000000,
        "4" : 100.000000,
        "8" : 0.000000,
        "16" : 0.000000,
        "32" : 0.000000,
        "64" : 0.000000,
        ">=64" : 0.000000
      },
      "iodepth_complete" : {
        "0" : 0.000000,
        "4" : 100.000000,
        "8" : 0.000000,
        "16" : 0.000000,
        "32" : 0.000000,
        "64" : 0.000000,
        ">=64" : 0.000000
      },
      "latency_ns" : {
        "2" : 0.000000,
        "4" : 0.000000,
        "10" : 0.000000,
        "20" : 0.000000,
        "50" : 0.000000,
        "100" : 0.000000,
        "250" : 0.000000,
        "500" : 0.000000,
        "750" : 0.000000,
        "1000" : 0.000000
      },
      "latency_us" : {
        "2" : 0.000000,
        "4" : 0.000000,
        "10" : 0.000000,
        "20" : 1.530612,
        "50" : 0.076531,
        "100" : 0.025510,
        "250" : 11.938776,
        "500" : 9.693878,
        "750" : 0.000000,
        "1000" : 0.000000
      },
      "latency_ms" : {
        "2" : 0.000000,
        "4" : 0.102041,
        "10" : 1.122449,
        "20" : 0.000000,
        "50" : 0.000000,
        "100" : 0.051020,
        "250" : 0.076531,
        "500" : 0.280612,
        "750" : 0.561224,
        "1000" : 1.250000,
        "2000" : 10.688776,
        ">=2000" : 62.602041
      },
      "latency_depth" : 4,
      "latency_target" : 0,
      "latency_percentile" : 100.000000,
      "latency_window" : 0
    }
  ]
}
