{
  "fio version" : "fio-3.29-112-gc3773",
  "timestamp" : 1649849147,
  "timestamp_ms" : 1649849147505,
  "time" : "Wed Apr 13 11:25:47 2022",
  "global options" : {
    "size" : "50M",
    "runtime" : "60",
    "rwmixread" : "50",
    "directory" : "/mnt/mfs"
  },
  "jobs" : [
    {
      "jobname" : "iotest",
      "groupid" : 0,
      "error" : 0,
      "eta" : 0,
      "elapsed" : 61,
      "job options" : {
        "rw" : "readwrite",
        "bs" : "4k",
        "ioengine" : "libaio",
        "iodepth" : "4",
        "numjobs" : "4",
        "direct" : "1",
        "group_reporting" : "1",
        "invalidate" : "1",
        "loops" : "1",
        "write_bw_log" : "./fio-bench-13-04-2022--09-45-32-seq-mfs/seqrw/mfs/readwrite50/4k/readwrite-iodepth-4-numjobs-4",
        "write_lat_log" : "./fio-bench-13-04-2022--09-45-32-seq-mfs/seqrw/mfs/readwrite50/4k/readwrite-iodepth-4-numjobs-4",
        "write_iops_log" : "./fio-bench-13-04-2022--09-45-32-seq-mfs/seqrw/mfs/readwrite50/4k/readwrite-iodepth-4-numjobs-4",
        "log_avg_msec" : "500"
      },
      "read" : {
        "io_bytes" : 7409664,
        "io_kbytes" : 7236,
        "bw_bytes" : 123342,
        "bw" : 120,
        "iops" : 30.112861,
        "runtime" : 60074,
        "total_ios" : 1809,
        "short_ios" : 0,
        "drop_ios" : 0,
        "slat_ns" : {
          "min" : 26959,
          "max" : 1264764303,
          "mean" : 132599040.467662,
          "stddev" : 145028456.491294,
          "N" : 1809
        },
        "clat_ns" : {
          "min" : 13339,
          "max" : 1957055713,
          "mean" : 154461816.742399,
          "stddev" : 185115061.113073,
          "N" : 1809,
          "percentile" : {
            "1.000000" : 152576,
            "5.000000" : 185344,
            "10.000000" : 211968,
            "20.000000" : 246784,
            "30.000000" : 276480,
            "40.000000" : 30801920,
            "50.000000" : 84410368,
            "60.000000" : 164626432,
            "70.000000" : 217055232,
            "80.000000" : 299892736,
            "90.000000" : 429916160,
            "95.000000" : 501219328,
            "99.000000" : 675282944,
            "99.500000" : 734003200,
            "99.900000" : 1283457024,
            "99.950000" : 1954545664,
            "99.990000" : 1954545664
          }
        },
        "lat_ns" : {
          "min" : 176559,
          "max" : 2436876384,
          "mean" : 287064705.395246,
          "stddev" : 238691052.698432,
          "N" : 1809
        },
        "bw_min" : 32,
        "bw_max" : 384,
        "bw_agg" : 100.000000,
        "bw_mean" : 129.387343,
        "bw_dev" : 19.174936,
        "bw_samples" : 445,
        "iops_min" : 8,
        "iops_max" : 96,
        "iops_mean" : 32.346836,
        "iops_stddev" : 4.793734,
        "iops_samples" : 445
      },
      "write" : {
        "io_bytes" : 7843840,
        "io_kbytes" : 7660,
        "bw_bytes" : 130569,
        "bw" : 127,
        "iops" : 31.877351,
        "runtime" : 60074,
        "total_ios" : 1915,
        "short_ios" : 0,
        "drop_ios" : 0,
        "slat_ns" : {
          "min" : 37645,
          "max" : 5252301,
          "mean" : 88726.502872,
          "stddev" : 217874.135457,
          "N" : 1915
        },
        "clat_ns" : {
          "min" : 145131,
          "max" : 1957067516,
          "mean" : 229889562.221932,
          "stddev" : 199542300.065707,
          "N" : 1915,
          "percentile" : {
            "1.000000" : 220160,
            "5.000000" : 240640,
            "10.000000" : 264192,
            "20.000000" : 37486592,
            "30.000000" : 73924608,
            "40.000000" : 139460608,
            "50.000000" : 198180864,
            "60.000000" : 246415360,
            "70.000000" : 316669952,
            "80.000000" : 404750336,
            "90.000000" : 513802240,
            "95.000000" : 599785472,
            "99.000000" : 775946240,
            "99.500000" : 843055104,
            "99.900000" : 1283457024,
            "99.950000" : 1954545664,
            "99.990000" : 1954545664
          }
        },
        "lat_ns" : {
          "min" : 186198,
          "max" : 1957145250,
          "mean" : 229981358.992689,
          "stddev" : 199539755.889021,
          "N" : 1915
        },
        "bw_min" : 32,
        "bw_max" : 432,
        "bw_agg" : 100.000000,
        "bw_mean" : 132.999470,
        "bw_dev" : 22.747448,
        "bw_samples" : 459,
        "iops_min" : 8,
        "iops_max" : 108,
        "iops_mean" : 33.249868,
        "iops_stddev" : 5.686862,
        "iops_samples" : 459
      },
      "trim" : {
        "io_bytes" : 0,
        "io_kbytes" : 0,
        "bw_bytes" : 0,
        "bw" : 0,
        "iops" : 0.000000,
        "runtime" : 0,
        "total_ios" : 0,
        "short_ios" : 0,
        "drop_ios" : 0,
        "slat_ns" : {
          "min" : 0,
          "max" : 0,
          "mean" : 0.000000,
          "stddev" : 0.000000,
          "N" : 0
        },
        "clat_ns" : {
          "min" : 0,
          "max" : 0,
          "mean" : 0.000000,
          "stddev" : 0.000000,
          "N" : 0
        },
        "lat_ns" : {
          "min" : 0,
          "max" : 0,
          "mean" : 0.000000,
          "stddev" : 0.000000,
          "N" : 0
        },
        "bw_min" : 0,
        "bw_max" : 0,
        "bw_agg" : 0.000000,
        "bw_mean" : 0.000000,
        "bw_dev" : 0.000000,
        "bw_samples" : 0,
        "iops_min" : 0,
        "iops_max" : 0,
        "iops_mean" : 0.000000,
        "iops_stddev" : 0.000000,
        "iops_samples" : 0
      },
      "sync" : {
        "total_ios" : 0,
        "lat_ns" : {
          "min" : 0,
          "max" : 0,
          "mean" : 0.000000,
          "stddev" : 0.000000,
          "N" : 0
        }
      },
      "job_runtime" : 240110,
      "usr_cpu" : 0.020824,
      "sys_cpu" : 0.036233,
      "ctx" : 5871,
      "majf" : 0,
      "minf" : 175,
      "iodepth_level" : {
        "1" : 0.107411,
        "2" : 0.214823,
        "4" : 99.677766,
        "8" : 0.000000,
        "16" : 0.000000,
        "32" : 0.000000,
        ">=64" : 0.000000
      },
      "iodepth_submit" : {
        "0" : 0.000000,
        "4" : 100.000000,
        "8" : 0.000000,
        "16" : 0.000000,
        "32" : 0.000000,
        "64" : 0.000000,
        ">=64" : 0.000000
      },
      "iodepth_complete" : {
        "0" : 0.000000,
        "4" : 100.000000,
        "8" : 0.000000,
        "16" : 0.000000,
        "32" : 0.000000,
        "64" : 0.000000,
        ">=64" : 0.000000
      },
      "latency_ns" : {
        "2" : 0.000000,
        "4" : 0.000000,
        "10" : 0.000000,
        "20" : 0.000000,
        "50" : 0.000000,
        "100" : 0.000000,
        "250" : 0.000000,
        "500" : 0.000000,
        "750" : 0.000000,
        "1000" : 0.000000
      },
      "latency_us" : {
        "2" : 0.000000,
        "4" : 0.000000,
        "10" : 0.000000,
        "20" : 0.107411,
        "50" : 0.000000,
        "100" : 0.000000,
        "250" : 14.070892,
        "500" : 9.129968,
        "750" : 0.000000,
        "1000" : 0.000000
      },
      "latency_ms" : {
        "2" : 0.026853,
        "4" : 0.080559,
        "10" : 0.026853,
        "20" : 0.912997,
        "50" : 9.667025,
        "100" : 8.378088,
        "250" : 24.543502,
        "500" : 25.053706,
        "750" : 7.169710,
        "1000" : 0.644468,
        "2000" : 0.187970,
        ">=2000" : 0.000000
      },
      "latency_depth" : 4,
      "latency_target" : 0,
      "latency_percentile" : 100.000000,
      "latency_window" : 0
    }
  ]
}
