{
  "fio version" : "fio-3.29-112-gc3773",
  "timestamp" : 1649848017,
  "timestamp_ms" : 1649848017716,
  "time" : "Wed Apr 13 11:06:57 2022",
  "global options" : {
    "size" : "50M",
    "runtime" : "60",
    "rwmixread" : "50",
    "directory" : "/mnt/mfs"
  },
  "jobs" : [
    {
      "jobname" : "iotest",
      "groupid" : 0,
      "error" : 0,
      "eta" : 0,
      "elapsed" : 61,
      "job options" : {
        "rw" : "readwrite",
        "bs" : "4k",
        "ioengine" : "libaio",
        "iodepth" : "1",
        "numjobs" : "8",
        "direct" : "1",
        "group_reporting" : "1",
        "invalidate" : "1",
        "loops" : "1",
        "write_bw_log" : "./fio-bench-13-04-2022--09-45-32-seq-mfs/seqrw/mfs/readwrite50/4k/readwrite-iodepth-1-numjobs-8",
        "write_lat_log" : "./fio-bench-13-04-2022--09-45-32-seq-mfs/seqrw/mfs/readwrite50/4k/readwrite-iodepth-1-numjobs-8",
        "write_iops_log" : "./fio-bench-13-04-2022--09-45-32-seq-mfs/seqrw/mfs/readwrite50/4k/readwrite-iodepth-1-numjobs-8",
        "log_avg_msec" : "500"
      },
      "read" : {
        "io_bytes" : 8675328,
        "io_kbytes" : 8472,
        "bw_bytes" : 143001,
        "bw" : 139,
        "iops" : 34.912472,
        "runtime" : 60666,
        "total_ios" : 2118,
        "short_ios" : 0,
        "drop_ios" : 0,
        "slat_ns" : {
          "min" : 24444,
          "max" : 2536491215,
          "mean" : 227340270.522663,
          "stddev" : 267091673.574228,
          "N" : 2118
        },
        "clat_ns" : {
          "min" : 1885,
          "max" : 53149,
          "mean" : 3529.947592,
          "stddev" : 1755.599965,
          "N" : 2118,
          "percentile" : {
            "1.000000" : 2576,
            "5.000000" : 2576,
            "10.000000" : 2576,
            "20.000000" : 2640,
            "30.000000" : 2800,
            "40.000000" : 3280,
            "50.000000" : 3504,
            "60.000000" : 3632,
            "70.000000" : 3760,
            "80.000000" : 3920,
            "90.000000" : 4256,
            "95.000000" : 4704,
            "99.000000" : 5664,
            "99.500000" : 12864,
            "99.900000" : 25728,
            "99.950000" : 28800,
            "99.990000" : 52992
          }
        },
        "lat_ns" : {
          "min" : 28425,
          "max" : 2536500923,
          "mean" : 227347941.607649,
          "stddev" : 267092981.417375,
          "N" : 2118
        },
        "bw_min" : 64,
        "bw_max" : 648,
        "bw_agg" : 100.000000,
        "bw_mean" : 162.575582,
        "bw_dev" : 15.786018,
        "bw_samples" : 828,
        "iops_min" : 16,
        "iops_max" : 162,
        "iops_mean" : 40.643896,
        "iops_stddev" : 3.946504,
        "iops_samples" : 828
      },
      "write" : {
        "io_bytes" : 8867840,
        "io_kbytes" : 8660,
        "bw_bytes" : 146174,
        "bw" : 142,
        "iops" : 35.687205,
        "runtime" : 60666,
        "total_ios" : 2165,
        "short_ios" : 0,
        "drop_ios" : 0,
        "slat_ns" : {
          "min" : 37924,
          "max" : 6093804,
          "mean" : 117013.300231,
          "stddev" : 443105.499057,
          "N" : 2165
        },
        "clat_ns" : {
          "min" : 1885,
          "max" : 59086,
          "mean" : 2965.513164,
          "stddev" : 2322.520823,
          "N" : 2165,
          "percentile" : {
            "1.000000" : 2384,
            "5.000000" : 2576,
            "10.000000" : 2576,
            "20.000000" : 2640,
            "30.000000" : 2640,
            "40.000000" : 2736,
            "50.000000" : 2736,
            "60.000000" : 2800,
            "70.000000" : 2800,
            "80.000000" : 2864,
            "90.000000" : 2928,
            "95.000000" : 2992,
            "99.000000" : 13632,
            "99.500000" : 20608,
            "99.900000" : 37120,
            "99.950000" : 38656,
            "99.990000" : 59136
          }
        },
        "lat_ns" : {
          "min" : 41835,
          "max" : 6099531,
          "mean" : 123094.309007,
          "stddev" : 443120.611603,
          "N" : 2165
        },
        "bw_min" : 64,
        "bw_max" : 744,
        "bw_agg" : 100.000000,
        "bw_mean" : 191.706005,
        "bw_dev" : 18.408276,
        "bw_samples" : 719,
        "iops_min" : 16,
        "iops_max" : 186,
        "iops_mean" : 47.926501,
        "iops_stddev" : 4.602069,
        "iops_samples" : 719
      },
      "trim" : {
        "io_bytes" : 0,
        "io_kbytes" : 0,
        "bw_bytes" : 0,
        "bw" : 0,
        "iops" : 0.000000,
        "runtime" : 0,
        "total_ios" : 0,
        "short_ios" : 0,
        "drop_ios" : 0,
        "slat_ns" : {
          "min" : 0,
          "max" : 0,
          "mean" : 0.000000,
          "stddev" : 0.000000,
          "N" : 0
        },
        "clat_ns" : {
          "min" : 0,
          "max" : 0,
          "mean" : 0.000000,
          "stddev" : 0.000000,
          "N" : 0
        },
        "lat_ns" : {
          "min" : 0,
          "max" : 0,
          "mean" : 0.000000,
          "stddev" : 0.000000,
          "N" : 0
        },
        "bw_min" : 0,
        "bw_max" : 0,
        "bw_agg" : 0.000000,
        "bw_mean" : 0.000000,
        "bw_dev" : 0.000000,
        "bw_samples" : 0,
        "iops_min" : 0,
        "iops_max" : 0,
        "iops_mean" : 0.000000,
        "iops_stddev" : 0.000000,
        "iops_samples" : 0
      },
      "sync" : {
        "total_ios" : 0,
        "lat_ns" : {
          "min" : 0,
          "max" : 0,
          "mean" : 0.000000,
          "stddev" : 0.000000,
          "N" : 0
        }
      },
      "job_runtime" : 481902,
      "usr_cpu" : 0.011621,
      "sys_cpu" : 0.019921,
      "ctx" : 6755,
      "majf" : 0,
      "minf" : 328,
      "iodepth_level" : {
        "1" : 100.000000,
        "2" : 0.000000,
        "4" : 0.000000,
        "8" : 0.000000,
        "16" : 0.000000,
        "32" : 0.000000,
        ">=64" : 0.000000
      },
      "iodepth_submit" : {
        "0" : 0.000000,
        "4" : 100.000000,
        "8" : 0.000000,
        "16" : 0.000000,
        "32" : 0.000000,
        "64" : 0.000000,
        ">=64" : 0.000000
      },
      "iodepth_complete" : {
        "0" : 0.000000,
        "4" : 100.000000,
        "8" : 0.000000,
        "16" : 0.000000,
        "32" : 0.000000,
        "64" : 0.000000,
        ">=64" : 0.000000
      },
      "latency_ns" : {
        "2" : 0.000000,
        "4" : 0.000000,
        "10" : 0.000000,
        "20" : 0.000000,
        "50" : 0.000000,
        "100" : 0.000000,
        "250" : 0.000000,
        "500" : 0.000000,
        "750" : 0.000000,
        "1000" : 0.000000
      },
      "latency_us" : {
        "2" : 0.186785,
        "4" : 91.618025,
        "10" : 7.354658,
        "20" : 0.466962,
        "50" : 0.326874,
        "100" : 0.046696,
        "250" : 0.000000,
        "500" : 0.000000,
        "750" : 0.000000,
        "1000" : 0.000000
      },
      "latency_ms" : {
        "2" : 0.000000,
        "4" : 0.000000,
        "10" : 0.000000,
        "20" : 0.000000,
        "50" : 0.000000,
        "100" : 0.000000,
        "250" : 0.000000,
        "500" : 0.000000,
        "750" : 0.000000,
        "1000" : 0.000000,
        "2000" : 0.000000,
        ">=2000" : 0.000000
      },
      "latency_depth" : 1,
      "latency_target" : 0,
      "latency_percentile" : 100.000000,
      "latency_window" : 0
    }
  ]
}
