{
  "fio version" : "fio-3.29-112-gc3773",
  "timestamp" : 1649850485,
  "timestamp_ms" : 1649850485613,
  "time" : "Wed Apr 13 11:48:05 2022",
  "global options" : {
    "size" : "50M",
    "runtime" : "60",
    "rwmixread" : "50",
    "directory" : "/mnt/mfs"
  },
  "jobs" : [
    {
      "jobname" : "iotest",
      "groupid" : 0,
      "error" : 0,
      "eta" : 0,
      "elapsed" : 61,
      "job options" : {
        "rw" : "readwrite",
        "bs" : "4k",
        "ioengine" : "libaio",
        "iodepth" : "32",
        "numjobs" : "8",
        "direct" : "1",
        "group_reporting" : "1",
        "invalidate" : "1",
        "loops" : "1",
        "write_bw_log" : "./fio-bench-13-04-2022--09-45-32-seq-mfs/seqrw/mfs/readwrite50/4k/readwrite-iodepth-32-numjobs-8",
        "write_lat_log" : "./fio-bench-13-04-2022--09-45-32-seq-mfs/seqrw/mfs/readwrite50/4k/readwrite-iodepth-32-numjobs-8",
        "write_iops_log" : "./fio-bench-13-04-2022--09-45-32-seq-mfs/seqrw/mfs/readwrite50/4k/readwrite-iodepth-32-numjobs-8",
        "log_avg_msec" : "500"
      },
      "read" : {
        "io_bytes" : 8515584,
        "io_kbytes" : 8316,
        "bw_bytes" : 141194,
        "bw" : 137,
        "iops" : 34.471324,
        "runtime" : 60311,
        "total_ios" : 2079,
        "short_ios" : 0,
        "drop_ios" : 0,
        "slat_ns" : {
          "min" : 32337,
          "max" : 1426199706,
          "mean" : 231460810.308321,
          "stddev" : 253159029.544768,
          "N" : 2079
        },
        "clat_ns" : {
          "min" : 15156,
          "max" : 7114396970,
          "mean" : 3319448242.257336,
          "stddev" : 1279892811.434625,
          "N" : 2079,
          "percentile" : {
            "1.000000" : 408944640,
            "5.000000" : 1233125376,
            "10.000000" : 1736441856,
            "20.000000" : 2197815296,
            "30.000000" : 2600468480,
            "40.000000" : 3003121664,
            "50.000000" : 3305111552,
            "60.000000" : 3607101440,
            "70.000000" : 3976200192,
            "80.000000" : 4462739456,
            "90.000000" : 5066719232,
            "95.000000" : 5469372416,
            "99.000000" : 6207569920,
            "99.500000" : 6341787648,
            "99.900000" : 7012876288,
            "99.950000" : 7012876288,
            "99.990000" : 7147094016
          }
        },
        "lat_ns" : {
          "min" : 193565926,
          "max" : 7455136384,
          "mean" : 3550913231.652719,
          "stddev" : 1340585772.044323,
          "N" : 2079
        },
        "bw_min" : 64,
        "bw_max" : 696,
        "bw_agg" : 100.000000,
        "bw_mean" : 183.274999,
        "bw_dev" : 16.107622,
        "bw_samples" : 683,
        "iops_min" : 16,
        "iops_max" : 174,
        "iops_mean" : 45.818750,
        "iops_stddev" : 4.026906,
        "iops_samples" : 683
      },
      "write" : {
        "io_bytes" : 8765440,
        "io_kbytes" : 8560,
        "bw_bytes" : 145337,
        "bw" : 141,
        "iops" : 35.482748,
        "runtime" : 60311,
        "total_ios" : 2140,
        "short_ios" : 0,
        "drop_ios" : 0,
        "slat_ns" : {
          "min" : 40718,
          "max" : 6280220,
          "mean" : 110801.014019,
          "stddev" : 412555.452598,
          "N" : 2140
        },
        "clat_ns" : {
          "min" : 193576612,
          "max" : 7238501596,
          "mean" : 3520902646.720561,
          "stddev" : 1318508556.602118,
          "N" : 2140,
          "percentile" : {
            "1.000000" : 566231040,
            "5.000000" : 1434451968,
            "10.000000" : 1803550720,
            "20.000000" : 2298478592,
            "30.000000" : 2801795072,
            "40.000000" : 3238002688,
            "50.000000" : 3506438144,
            "60.000000" : 3841982464,
            "70.000000" : 4211081216,
            "80.000000" : 4731174912,
            "90.000000" : 5268045824,
            "95.000000" : 5670699008,
            "99.000000" : 6476005376,
            "99.500000" : 6677331968,
            "99.900000" : 6945767424,
            "99.950000" : 7012876288,
            "99.990000" : 7214202880
          }
        },
        "lat_ns" : {
          "min" : 193677812,
          "max" : 7238597209,
          "mean" : 3521016698.025235,
          "stddev" : 1318511590.337456,
          "N" : 2140
        },
        "bw_min" : 64,
        "bw_max" : 624,
        "bw_agg" : 100.000000,
        "bw_mean" : 188.910228,
        "bw_dev" : 15.723274,
        "bw_samples" : 681,
        "iops_min" : 16,
        "iops_max" : 156,
        "iops_mean" : 47.227557,
        "iops_stddev" : 3.930818,
        "iops_samples" : 681
      },
      "trim" : {
        "io_bytes" : 0,
        "io_kbytes" : 0,
        "bw_bytes" : 0,
        "bw" : 0,
        "iops" : 0.000000,
        "runtime" : 0,
        "total_ios" : 0,
        "short_ios" : 0,
        "drop_ios" : 0,
        "slat_ns" : {
          "min" : 0,
          "max" : 0,
          "mean" : 0.000000,
          "stddev" : 0.000000,
          "N" : 0
        },
        "clat_ns" : {
          "min" : 0,
          "max" : 0,
          "mean" : 0.000000,
          "stddev" : 0.000000,
          "N" : 0
        },
        "lat_ns" : {
          "min" : 0,
          "max" : 0,
          "mean" : 0.000000,
          "stddev" : 0.000000,
          "N" : 0
        },
        "bw_min" : 0,
        "bw_max" : 0,
        "bw_agg" : 0.000000,
        "bw_mean" : 0.000000,
        "bw_dev" : 0.000000,
        "bw_samples" : 0,
        "iops_min" : 0,
        "iops_max" : 0,
        "iops_mean" : 0.000000,
        "iops_stddev" : 0.000000,
        "iops_samples" : 0
      },
      "sync" : {
        "total_ios" : 0,
        "lat_ns" : {
          "min" : 0,
          "max" : 0,
          "mean" : 0.000000,
          "stddev" : 0.000000,
          "N" : 0
        }
      },
      "job_runtime" : 481587,
      "usr_cpu" : 0.014120,
      "sys_cpu" : 0.017650,
      "ctx" : 6672,
      "majf" : 0,
      "minf" : 328,
      "iodepth_level" : {
        "1" : 0.189618,
        "2" : 0.379237,
        "4" : 0.758474,
        "8" : 1.516947,
        "16" : 3.033894,
        "32" : 94.121830,
        ">=64" : 0.000000
      },
      "iodepth_submit" : {
        "0" : 0.000000,
        "4" : 100.000000,
        "8" : 0.000000,
        "16" : 0.000000,
        "32" : 0.000000,
        "64" : 0.000000,
        ">=64" : 0.000000
      },
      "iodepth_complete" : {
        "0" : 0.000000,
        "4" : 99.798944,
        "8" : 0.000000,
        "16" : 0.000000,
        "32" : 0.201056,
        "64" : 0.000000,
        ">=64" : 0.000000
      },
      "latency_ns" : {
        "2" : 0.000000,
        "4" : 0.000000,
        "10" : 0.000000,
        "20" : 0.000000,
        "50" : 0.000000,
        "100" : 0.000000,
        "250" : 0.000000,
        "500" : 0.000000,
        "750" : 0.000000,
        "1000" : 0.000000
      },
      "latency_us" : {
        "2" : 0.000000,
        "4" : 0.000000,
        "10" : 0.000000,
        "20" : 0.189618,
        "50" : 0.000000,
        "100" : 0.000000,
        "250" : 0.000000,
        "500" : 0.000000,
        "750" : 0.000000,
        "1000" : 0.000000
      },
      "latency_ms" : {
        "2" : 0.000000,
        "4" : 0.000000,
        "10" : 0.000000,
        "20" : 0.000000,
        "50" : 0.000000,
        "100" : 0.000000,
        "250" : 0.118511,
        "500" : 0.734771,
        "750" : 1.114008,
        "1000" : 1.042901,
        "2000" : 11.021569,
        ">=2000" : 85.778621
      },
      "latency_depth" : 32,
      "latency_target" : 0,
      "latency_percentile" : 100.000000,
      "latency_window" : 0
    }
  ]
}
