{
  "fio version" : "fio-3.29-112-gc3773",
  "timestamp" : 1649847847,
  "timestamp_ms" : 1649847847371,
  "time" : "Wed Apr 13 11:04:07 2022",
  "global options" : {
    "size" : "50M",
    "runtime" : "60",
    "rwmixread" : "50",
    "directory" : "/mnt/mfs"
  },
  "jobs" : [
    {
      "jobname" : "iotest",
      "groupid" : 0,
      "error" : 0,
      "eta" : 0,
      "elapsed" : 61,
      "job options" : {
        "rw" : "readwrite",
        "bs" : "4k",
        "ioengine" : "libaio",
        "iodepth" : "1",
        "numjobs" : "2",
        "direct" : "1",
        "group_reporting" : "1",
        "invalidate" : "1",
        "loops" : "1",
        "write_bw_log" : "./fio-bench-13-04-2022--09-45-32-seq-mfs/seqrw/mfs/readwrite50/4k/readwrite-iodepth-1-numjobs-2",
        "write_lat_log" : "./fio-bench-13-04-2022--09-45-32-seq-mfs/seqrw/mfs/readwrite50/4k/readwrite-iodepth-1-numjobs-2",
        "write_iops_log" : "./fio-bench-13-04-2022--09-45-32-seq-mfs/seqrw/mfs/readwrite50/4k/readwrite-iodepth-1-numjobs-2",
        "log_avg_msec" : "500"
      },
      "read" : {
        "io_bytes" : 5894144,
        "io_kbytes" : 5756,
        "bw_bytes" : 98140,
        "bw" : 95,
        "iops" : 23.960172,
        "runtime" : 60058,
        "total_ios" : 1439,
        "short_ios" : 0,
        "drop_ios" : 0,
        "slat_ns" : {
          "min" : 32616,
          "max" : 1384122137,
          "mean" : 83314994.861014,
          "stddev" : 118052091.079335,
          "N" : 1439
        },
        "clat_ns" : {
          "min" : 2235,
          "max" : 35689,
          "mean" : 3295.455872,
          "stddev" : 1180.063540,
          "N" : 1439,
          "percentile" : {
            "1.000000" : 2576,
            "5.000000" : 2576,
            "10.000000" : 2640,
            "20.000000" : 2736,
            "30.000000" : 2928,
            "40.000000" : 2992,
            "50.000000" : 3088,
            "60.000000" : 3216,
            "70.000000" : 3408,
            "80.000000" : 3696,
            "90.000000" : 4128,
            "95.000000" : 4384,
            "99.000000" : 5600,
            "99.500000" : 6240,
            "99.900000" : 14784,
            "99.950000" : 35584,
            "99.990000" : 35584
          }
        },
        "lat_ns" : {
          "min" : 37994,
          "max" : 1384130239,
          "mean" : 83321810.489229,
          "stddev" : 118052861.305255,
          "N" : 1439
        },
        "bw_min" : 16,
        "bw_max" : 280,
        "bw_agg" : 100.000000,
        "bw_mean" : 101.141348,
        "bw_dev" : 24.151818,
        "bw_samples" : 227,
        "iops_min" : 4,
        "iops_max" : 70,
        "iops_mean" : 25.285337,
        "iops_stddev" : 6.037955,
        "iops_samples" : 227
      },
      "write" : {
        "io_bytes" : 6238208,
        "io_kbytes" : 6092,
        "bw_bytes" : 103869,
        "bw" : 101,
        "iops" : 25.358820,
        "runtime" : 60058,
        "total_ios" : 1523,
        "short_ios" : 0,
        "drop_ios" : 0,
        "slat_ns" : {
          "min" : 42883,
          "max" : 5264018,
          "mean" : 87775.919895,
          "stddev" : 212716.029417,
          "N" : 1523
        },
        "clat_ns" : {
          "min" : 1886,
          "max" : 40369,
          "mean" : 2954.860801,
          "stddev" : 2174.477846,
          "N" : 1523,
          "percentile" : {
            "1.000000" : 2512,
            "5.000000" : 2576,
            "10.000000" : 2640,
            "20.000000" : 2640,
            "30.000000" : 2640,
            "40.000000" : 2736,
            "50.000000" : 2736,
            "60.000000" : 2736,
            "70.000000" : 2800,
            "80.000000" : 2800,
            "90.000000" : 2864,
            "95.000000" : 2928,
            "99.000000" : 15040,
            "99.500000" : 21632,
            "99.900000" : 36608,
            "99.950000" : 40192,
            "99.990000" : 40192
          }
        },
        "lat_ns" : {
          "min" : 46864,
          "max" : 5269885,
          "mean" : 93736.605384,
          "stddev" : 212730.561456,
          "N" : 1523
        },
        "bw_min" : 16,
        "bw_max" : 360,
        "bw_agg" : 100.000000,
        "bw_mean" : 108.670443,
        "bw_dev" : 36.111503,
        "bw_samples" : 224,
        "iops_min" : 4,
        "iops_max" : 90,
        "iops_mean" : 27.167611,
        "iops_stddev" : 9.027876,
        "iops_samples" : 224
      },
      "trim" : {
        "io_bytes" : 0,
        "io_kbytes" : 0,
        "bw_bytes" : 0,
        "bw" : 0,
        "iops" : 0.000000,
        "runtime" : 0,
        "total_ios" : 0,
        "short_ios" : 0,
        "drop_ios" : 0,
        "slat_ns" : {
          "min" : 0,
          "max" : 0,
          "mean" : 0.000000,
          "stddev" : 0.000000,
          "N" : 0
        },
        "clat_ns" : {
          "min" : 0,
          "max" : 0,
          "mean" : 0.000000,
          "stddev" : 0.000000,
          "N" : 0
        },
        "lat_ns" : {
          "min" : 0,
          "max" : 0,
          "mean" : 0.000000,
          "stddev" : 0.000000,
          "N" : 0
        },
        "bw_min" : 0,
        "bw_max" : 0,
        "bw_agg" : 0.000000,
        "bw_mean" : 0.000000,
        "bw_dev" : 0.000000,
        "bw_samples" : 0,
        "iops_min" : 0,
        "iops_max" : 0,
        "iops_mean" : 0.000000,
        "iops_stddev" : 0.000000,
        "iops_samples" : 0
      },
      "sync" : {
        "total_ios" : 0,
        "lat_ns" : {
          "min" : 0,
          "max" : 0,
          "mean" : 0.000000,
          "stddev" : 0.000000,
          "N" : 0
        }
      },
      "job_runtime" : 120072,
      "usr_cpu" : 0.029149,
      "sys_cpu" : 0.059131,
      "ctx" : 4598,
      "majf" : 0,
      "minf" : 81,
      "iodepth_level" : {
        "1" : 100.000000,
        "2" : 0.000000,
        "4" : 0.000000,
        "8" : 0.000000,
        "16" : 0.000000,
        "32" : 0.000000,
        ">=64" : 0.000000
      },
      "iodepth_submit" : {
        "0" : 0.000000,
        "4" : 100.000000,
        "8" : 0.000000,
        "16" : 0.000000,
        "32" : 0.000000,
        "64" : 0.000000,
        ">=64" : 0.000000
      },
      "iodepth_complete" : {
        "0" : 0.000000,
        "4" : 100.000000,
        "8" : 0.000000,
        "16" : 0.000000,
        "32" : 0.000000,
        "64" : 0.000000,
        ">=64" : 0.000000
      },
      "latency_ns" : {
        "2" : 0.000000,
        "4" : 0.000000,
        "10" : 0.000000,
        "20" : 0.000000,
        "50" : 0.000000,
        "100" : 0.000000,
        "250" : 0.000000,
        "500" : 0.000000,
        "750" : 0.000000,
        "1000" : 0.000000
      },
      "latency_us" : {
        "2" : 0.101283,
        "4" : 93.619176,
        "10" : 5.536799,
        "20" : 0.337610,
        "50" : 0.405132,
        "100" : 0.000000,
        "250" : 0.000000,
        "500" : 0.000000,
        "750" : 0.000000,
        "1000" : 0.000000
      },
      "latency_ms" : {
        "2" : 0.000000,
        "4" : 0.000000,
        "10" : 0.000000,
        "20" : 0.000000,
        "50" : 0.000000,
        "100" : 0.000000,
        "250" : 0.000000,
        "500" : 0.000000,
        "750" : 0.000000,
        "1000" : 0.000000,
        "2000" : 0.000000,
        ">=2000" : 0.000000
      },
      "latency_depth" : 1,
      "latency_target" : 0,
      "latency_percentile" : 100.000000,
      "latency_window" : 0
    }
  ]
}
