{
  "fio version" : "fio-3.29-112-gc3773",
  "timestamp" : 1649847782,
  "timestamp_ms" : 1649847782409,
  "time" : "Wed Apr 13 11:03:02 2022",
  "global options" : {
    "size" : "50M",
    "runtime" : "60",
    "rwmixread" : "50",
    "directory" : "/mnt/mfs"
  },
  "jobs" : [
    {
      "jobname" : "iotest",
      "groupid" : 0,
      "error" : 0,
      "eta" : 0,
      "elapsed" : 61,
      "job options" : {
        "rw" : "readwrite",
        "bs" : "4k",
        "ioengine" : "libaio",
        "iodepth" : "1",
        "numjobs" : "1",
        "direct" : "1",
        "group_reporting" : "1",
        "invalidate" : "1",
        "loops" : "1",
        "write_bw_log" : "./fio-bench-13-04-2022--09-45-32-seq-mfs/seqrw/mfs/readwrite50/4k/readwrite-iodepth-1-numjobs-1",
        "write_lat_log" : "./fio-bench-13-04-2022--09-45-32-seq-mfs/seqrw/mfs/readwrite50/4k/readwrite-iodepth-1-numjobs-1",
        "write_iops_log" : "./fio-bench-13-04-2022--09-45-32-seq-mfs/seqrw/mfs/readwrite50/4k/readwrite-iodepth-1-numjobs-1",
        "log_avg_msec" : "500"
      },
      "read" : {
        "io_bytes" : 5091328,
        "io_kbytes" : 4972,
        "bw_bytes" : 84845,
        "bw" : 82,
        "iops" : 20.714250,
        "runtime" : 60007,
        "total_ios" : 1243,
        "short_ios" : 0,
        "drop_ios" : 0,
        "slat_ns" : {
          "min" : 27378,
          "max" : 2232085332,
          "mean" : 48159716.149638,
          "stddev" : 80096636.545859,
          "N" : 1243
        },
        "clat_ns" : {
          "min" : 1886,
          "max" : 18648,
          "mean" : 3176.036203,
          "stddev" : 865.119527,
          "N" : 1243,
          "percentile" : {
            "1.000000" : 2576,
            "5.000000" : 2640,
            "10.000000" : 2640,
            "20.000000" : 2736,
            "30.000000" : 2928,
            "40.000000" : 2992,
            "50.000000" : 3088,
            "60.000000" : 3152,
            "70.000000" : 3280,
            "80.000000" : 3408,
            "90.000000" : 3632,
            "95.000000" : 3856,
            "99.000000" : 4832,
            "99.500000" : 5728,
            "99.900000" : 15680,
            "99.950000" : 18560,
            "99.990000" : 18560
          }
        },
        "lat_ns" : {
          "min" : 31429,
          "max" : 2232095948,
          "mean" : 48166050.145615,
          "stddev" : 80097166.619978,
          "N" : 1243
        },
        "bw_min" : 8,
        "bw_max" : 208,
        "bw_agg" : 100.000000,
        "bw_mean" : 84.923077,
        "bw_dev" : 34.310487,
        "bw_samples" : 117,
        "iops_min" : 2,
        "iops_max" : 52,
        "iops_mean" : 21.230769,
        "iops_stddev" : 8.577622,
        "iops_samples" : 117
      },
      "write" : {
        "io_bytes" : 5255168,
        "io_kbytes" : 5132,
        "bw_bytes" : 87575,
        "bw" : 85,
        "iops" : 21.380839,
        "runtime" : 60007,
        "total_ios" : 1283,
        "short_ios" : 0,
        "drop_ios" : 0,
        "slat_ns" : {
          "min" : 52242,
          "max" : 4470200,
          "mean" : 82277.011691,
          "stddev" : 166142.282146,
          "N" : 1283
        },
        "clat_ns" : {
          "min" : 1816,
          "max" : 28425,
          "mean" : 2954.571317,
          "stddev" : 1862.266585,
          "N" : 1283,
          "percentile" : {
            "1.000000" : 2512,
            "5.000000" : 2640,
            "10.000000" : 2640,
            "20.000000" : 2640,
            "30.000000" : 2736,
            "40.000000" : 2736,
            "50.000000" : 2736,
            "60.000000" : 2800,
            "70.000000" : 2800,
            "80.000000" : 2864,
            "90.000000" : 2928,
            "95.000000" : 2992,
            "99.000000" : 14784,
            "99.500000" : 19584,
            "99.900000" : 27520,
            "99.950000" : 28544,
            "99.990000" : 28544
          }
        },
        "lat_ns" : {
          "min" : 57550,
          "max" : 4476067,
          "mean" : 88201.928293,
          "stddev" : 166151.844777,
          "N" : 1283
        },
        "bw_min" : 8,
        "bw_max" : 256,
        "bw_agg" : 100.000000,
        "bw_mean" : 87.726496,
        "bw_dev" : 48.171322,
        "bw_samples" : 117,
        "iops_min" : 2,
        "iops_max" : 64,
        "iops_mean" : 21.931624,
        "iops_stddev" : 12.042831,
        "iops_samples" : 117
      },
      "trim" : {
        "io_bytes" : 0,
        "io_kbytes" : 0,
        "bw_bytes" : 0,
        "bw" : 0,
        "iops" : 0.000000,
        "runtime" : 0,
        "total_ios" : 0,
        "short_ios" : 0,
        "drop_ios" : 0,
        "slat_ns" : {
          "min" : 0,
          "max" : 0,
          "mean" : 0.000000,
          "stddev" : 0.000000,
          "N" : 0
        },
        "clat_ns" : {
          "min" : 0,
          "max" : 0,
          "mean" : 0.000000,
          "stddev" : 0.000000,
          "N" : 0
        },
        "lat_ns" : {
          "min" : 0,
          "max" : 0,
          "mean" : 0.000000,
          "stddev" : 0.000000,
          "N" : 0
        },
        "bw_min" : 0,
        "bw_max" : 0,
        "bw_agg" : 0.000000,
        "bw_mean" : 0.000000,
        "bw_dev" : 0.000000,
        "bw_samples" : 0,
        "iops_min" : 0,
        "iops_max" : 0,
        "iops_mean" : 0.000000,
        "iops_stddev" : 0.000000,
        "iops_samples" : 0
      },
      "sync" : {
        "total_ios" : 0,
        "lat_ns" : {
          "min" : 0,
          "max" : 0,
          "mean" : 0.000000,
          "stddev" : 0.000000,
          "N" : 0
        }
      },
      "job_runtime" : 60006,
      "usr_cpu" : 0.023331,
      "sys_cpu" : 0.124988,
      "ctx" : 3888,
      "majf" : 0,
      "minf" : 39,
      "iodepth_level" : {
        "1" : 100.000000,
        "2" : 0.000000,
        "4" : 0.000000,
        "8" : 0.000000,
        "16" : 0.000000,
        "32" : 0.000000,
        ">=64" : 0.000000
      },
      "iodepth_submit" : {
        "0" : 0.000000,
        "4" : 100.000000,
        "8" : 0.000000,
        "16" : 0.000000,
        "32" : 0.000000,
        "64" : 0.000000,
        ">=64" : 0.000000
      },
      "iodepth_complete" : {
        "0" : 0.000000,
        "4" : 100.000000,
        "8" : 0.000000,
        "16" : 0.000000,
        "32" : 0.000000,
        "64" : 0.000000,
        ">=64" : 0.000000
      },
      "latency_ns" : {
        "2" : 0.000000,
        "4" : 0.000000,
        "10" : 0.000000,
        "20" : 0.000000,
        "50" : 0.000000,
        "100" : 0.000000,
        "250" : 0.000000,
        "500" : 0.000000,
        "750" : 0.000000,
        "1000" : 0.000000
      },
      "latency_us" : {
        "2" : 0.158353,
        "4" : 97.703880,
        "10" : 1.306413,
        "20" : 0.593824,
        "50" : 0.237530,
        "100" : 0.000000,
        "250" : 0.000000,
        "500" : 0.000000,
        "750" : 0.000000,
        "1000" : 0.000000
      },
      "latency_ms" : {
        "2" : 0.000000,
        "4" : 0.000000,
        "10" : 0.000000,
        "20" : 0.000000,
        "50" : 0.000000,
        "100" : 0.000000,
        "250" : 0.000000,
        "500" : 0.000000,
        "750" : 0.000000,
        "1000" : 0.000000,
        "2000" : 0.000000,
        ">=2000" : 0.000000
      },
      "latency_depth" : 1,
      "latency_target" : 0,
      "latency_percentile" : 100.000000,
      "latency_window" : 0
    }
  ]
}
