{
  "fio version" : "fio-3.29-112-gc3773",
  "timestamp" : 1649850364,
  "timestamp_ms" : 1649850364695,
  "time" : "Wed Apr 13 11:46:04 2022",
  "global options" : {
    "size" : "50M",
    "runtime" : "60",
    "rwmixread" : "50",
    "directory" : "/mnt/mfs"
  },
  "jobs" : [
    {
      "jobname" : "iotest",
      "groupid" : 0,
      "error" : 0,
      "eta" : 0,
      "elapsed" : 61,
      "job options" : {
        "rw" : "readwrite",
        "bs" : "4k",
        "ioengine" : "libaio",
        "iodepth" : "32",
        "numjobs" : "2",
        "direct" : "1",
        "group_reporting" : "1",
        "invalidate" : "1",
        "loops" : "1",
        "write_bw_log" : "./fio-bench-13-04-2022--09-45-32-seq-mfs/seqrw/mfs/readwrite50/4k/readwrite-iodepth-32-numjobs-2",
        "write_lat_log" : "./fio-bench-13-04-2022--09-45-32-seq-mfs/seqrw/mfs/readwrite50/4k/readwrite-iodepth-32-numjobs-2",
        "write_iops_log" : "./fio-bench-13-04-2022--09-45-32-seq-mfs/seqrw/mfs/readwrite50/4k/readwrite-iodepth-32-numjobs-2",
        "log_avg_msec" : "500"
      },
      "read" : {
        "io_bytes" : 6660096,
        "io_kbytes" : 6504,
        "bw_bytes" : 110835,
        "bw" : 108,
        "iops" : 27.059411,
        "runtime" : 60090,
        "total_ios" : 1626,
        "short_ios" : 0,
        "drop_ios" : 0,
        "slat_ns" : {
          "min" : 32895,
          "max" : 384109895,
          "mean" : 73760101.356088,
          "stddev" : 68090721.337090,
          "N" : 1626
        },
        "clat_ns" : {
          "min" : 15225,
          "max" : 2021490280,
          "mean" : 1096585044.325954,
          "stddev" : 303351844.905488,
          "N" : 1626,
          "percentile" : {
            "1.000000" : 387973120,
            "5.000000" : 591396864,
            "10.000000" : 692060160,
            "20.000000" : 826277888,
            "30.000000" : 935329792,
            "40.000000" : 1035993088,
            "50.000000" : 1115684864,
            "60.000000" : 1199570944,
            "70.000000" : 1283457024,
            "80.000000" : 1350565888,
            "90.000000" : 1451229184,
            "95.000000" : 1551892480,
            "99.000000" : 1769996288,
            "99.500000" : 1870659584,
            "99.900000" : 1988100096,
            "99.950000" : 2021654528,
            "99.990000" : 2021654528
          }
        },
        "lat_ns" : {
          "min" : 154030321,
          "max" : 2102601437,
          "mean" : 1170348681.742927,
          "stddev" : 310272346.081987,
          "N" : 1626
        },
        "bw_min" : 16,
        "bw_max" : 368,
        "bw_agg" : 99.780755,
        "bw_mean" : 108.193924,
        "bw_dev" : 28.003947,
        "bw_samples" : 236,
        "iops_min" : 4,
        "iops_max" : 92,
        "iops_mean" : 27.048481,
        "iops_stddev" : 7.000987,
        "iops_samples" : 236
      },
      "write" : {
        "io_bytes" : 7118848,
        "io_kbytes" : 6952,
        "bw_bytes" : 118469,
        "bw" : 115,
        "iops" : 28.923282,
        "runtime" : 60090,
        "total_ios" : 1738,
        "short_ios" : 0,
        "drop_ios" : 0,
        "slat_ns" : {
          "min" : 53009,
          "max" : 3926910,
          "mean" : 84428.978136,
          "stddev" : 153375.205720,
          "N" : 1738
        },
        "clat_ns" : {
          "min" : 183291407,
          "max" : 1986912996,
          "mean" : 1103305153.109321,
          "stddev" : 296442926.129530,
          "N" : 1738,
          "percentile" : {
            "1.000000" : 455081984,
            "5.000000" : 616562688,
            "10.000000" : 717225984,
            "20.000000" : 826277888,
            "30.000000" : 935329792,
            "40.000000" : 1019215872,
            "50.000000" : 1115684864,
            "60.000000" : 1199570944,
            "70.000000" : 1283457024,
            "80.000000" : 1367343104,
            "90.000000" : 1468006400,
            "95.000000" : 1568669696,
            "99.000000" : 1803550720,
            "99.500000" : 1937768448,
            "99.900000" : 1971322880,
            "99.950000" : 1988100096,
            "99.990000" : 1988100096
          }
        },
        "lat_ns" : {
          "min" : 183391560,
          "max" : 1986998551,
          "mean" : 1103392616.332565,
          "stddev" : 296440787.305020,
          "N" : 1738
        },
        "bw_min" : 24,
        "bw_max" : 288,
        "bw_agg" : 99.401531,
        "bw_mean" : 115.017234,
        "bw_dev" : 26.193993,
        "bw_samples" : 237,
        "iops_min" : 6,
        "iops_max" : 72,
        "iops_mean" : 28.754309,
        "iops_stddev" : 6.548498,
        "iops_samples" : 237
      },
      "trim" : {
        "io_bytes" : 0,
        "io_kbytes" : 0,
        "bw_bytes" : 0,
        "bw" : 0,
        "iops" : 0.000000,
        "runtime" : 0,
        "total_ios" : 0,
        "short_ios" : 0,
        "drop_ios" : 0,
        "slat_ns" : {
          "min" : 0,
          "max" : 0,
          "mean" : 0.000000,
          "stddev" : 0.000000,
          "N" : 0
        },
        "clat_ns" : {
          "min" : 0,
          "max" : 0,
          "mean" : 0.000000,
          "stddev" : 0.000000,
          "N" : 0
        },
        "lat_ns" : {
          "min" : 0,
          "max" : 0,
          "mean" : 0.000000,
          "stddev" : 0.000000,
          "N" : 0
        },
        "bw_min" : 0,
        "bw_max" : 0,
        "bw_agg" : 0.000000,
        "bw_mean" : 0.000000,
        "bw_dev" : 0.000000,
        "bw_samples" : 0,
        "iops_min" : 0,
        "iops_max" : 0,
        "iops_mean" : 0.000000,
        "iops_stddev" : 0.000000,
        "iops_samples" : 0
      },
      "sync" : {
        "total_ios" : 0,
        "lat_ns" : {
          "min" : 0,
          "max" : 0,
          "mean" : 0.000000,
          "stddev" : 0.000000,
          "N" : 0
        }
      },
      "job_runtime" : 120134,
      "usr_cpu" : 0.049112,
      "sys_cpu" : 0.050777,
      "ctx" : 5244,
      "majf" : 0,
      "minf" : 83,
      "iodepth_level" : {
        "1" : 0.100000,
        "2" : 0.118906,
        "4" : 0.237812,
        "8" : 0.475624,
        "16" : 0.951249,
        "32" : 98.156956,
        ">=64" : 0.000000
      },
      "iodepth_submit" : {
        "0" : 0.000000,
        "4" : 100.000000,
        "8" : 0.000000,
        "16" : 0.000000,
        "32" : 0.000000,
        "64" : 0.000000,
        ">=64" : 0.000000
      },
      "iodepth_complete" : {
        "0" : 0.000000,
        "4" : 99.939467,
        "8" : 0.000000,
        "16" : 0.000000,
        "32" : 0.100000,
        "64" : 0.000000,
        ">=64" : 0.000000
      },
      "latency_ns" : {
        "2" : 0.000000,
        "4" : 0.000000,
        "10" : 0.000000,
        "20" : 0.000000,
        "50" : 0.000000,
        "100" : 0.000000,
        "250" : 0.000000,
        "500" : 0.000000,
        "750" : 0.000000,
        "1000" : 0.000000
      },
      "latency_us" : {
        "2" : 0.000000,
        "4" : 0.000000,
        "10" : 0.000000,
        "20" : 0.029727,
        "50" : 0.029727,
        "100" : 0.000000,
        "250" : 0.000000,
        "500" : 0.000000,
        "750" : 0.000000,
        "1000" : 0.000000
      },
      "latency_ms" : {
        "2" : 0.000000,
        "4" : 0.000000,
        "10" : 0.000000,
        "20" : 0.000000,
        "50" : 0.000000,
        "100" : 0.000000,
        "250" : 0.208086,
        "500" : 1.516052,
        "750" : 11.831153,
        "1000" : 23.008323,
        "2000" : 63.347206,
        ">=2000" : 0.029727
      },
      "latency_depth" : 32,
      "latency_target" : 0,
      "latency_percentile" : 100.000000,
      "latency_window" : 0
    }
  ]
}
