{
  "fio version" : "fio-3.29-112-gc3773",
  "timestamp" : 1649848281,
  "timestamp_ms" : 1649848281449,
  "time" : "Wed Apr 13 11:11:21 2022",
  "global options" : {
    "size" : "50M",
    "runtime" : "60",
    "rwmixread" : "50",
    "directory" : "/mnt/mfs"
  },
  "jobs" : [
    {
      "jobname" : "iotest",
      "groupid" : 0,
      "error" : 0,
      "eta" : 0,
      "elapsed" : 61,
      "job options" : {
        "rw" : "readwrite",
        "bs" : "4k",
        "ioengine" : "libaio",
        "iodepth" : "1",
        "numjobs" : "32",
        "direct" : "1",
        "group_reporting" : "1",
        "invalidate" : "1",
        "loops" : "1",
        "write_bw_log" : "./fio-bench-13-04-2022--09-45-32-seq-mfs/seqrw/mfs/readwrite50/4k/readwrite-iodepth-1-numjobs-32",
        "write_lat_log" : "./fio-bench-13-04-2022--09-45-32-seq-mfs/seqrw/mfs/readwrite50/4k/readwrite-iodepth-1-numjobs-32",
        "write_iops_log" : "./fio-bench-13-04-2022--09-45-32-seq-mfs/seqrw/mfs/readwrite50/4k/readwrite-iodepth-1-numjobs-32",
        "log_avg_msec" : "500"
      },
      "read" : {
        "io_bytes" : 8990720,
        "io_kbytes" : 8780,
        "bw_bytes" : 148068,
        "bw" : 144,
        "iops" : 36.149539,
        "runtime" : 60720,
        "total_ios" : 2195,
        "short_ios" : 0,
        "drop_ios" : 0,
        "slat_ns" : {
          "min" : 23118,
          "max" : 5255577810,
          "mean" : 878721323.948975,
          "stddev" : 900737017.943429,
          "N" : 2195
        },
        "clat_ns" : {
          "min" : 1885,
          "max" : 24095,
          "mean" : 3601.975399,
          "stddev" : 1126.897907,
          "N" : 2195,
          "percentile" : {
            "1.000000" : 2512,
            "5.000000" : 2576,
            "10.000000" : 2576,
            "20.000000" : 2640,
            "30.000000" : 2736,
            "40.000000" : 3568,
            "50.000000" : 3696,
            "60.000000" : 3760,
            "70.000000" : 3920,
            "80.000000" : 4128,
            "90.000000" : 4448,
            "95.000000" : 4960,
            "99.000000" : 5728,
            "99.500000" : 6048,
            "99.900000" : 19328,
            "99.950000" : 22144,
            "99.990000" : 24192
          }
        },
        "lat_ns" : {
          "min" : 27169,
          "max" : 5255586680,
          "mean" : 878729938.128929,
          "stddev" : 900738335.507973,
          "N" : 2195
        },
        "bw_min" : 253,
        "bw_max" : 1480,
        "bw_agg" : 100.000000,
        "bw_mean" : 396.823314,
        "bw_dev" : 9.048766,
        "bw_samples" : 1396,
        "iops_min" : 61,
        "iops_max" : 370,
        "iops_mean" : 99.153344,
        "iops_stddev" : 2.263478,
        "iops_samples" : 1396
      },
      "write" : {
        "io_bytes" : 8761344,
        "io_kbytes" : 8556,
        "bw_bytes" : 144290,
        "bw" : 140,
        "iops" : 35.227273,
        "runtime" : 60720,
        "total_ios" : 2139,
        "short_ios" : 0,
        "drop_ios" : 0,
        "slat_ns" : {
          "min" : 38693,
          "max" : 41594970,
          "mean" : 248607.595138,
          "stddev" : 1247751.340177,
          "N" : 2139
        },
        "clat_ns" : {
          "min" : 1886,
          "max" : 55664,
          "mean" : 2888.739130,
          "stddev" : 1919.559161,
          "N" : 2139,
          "percentile" : {
            "1.000000" : 2512,
            "5.000000" : 2576,
            "10.000000" : 2576,
            "20.000000" : 2640,
            "30.000000" : 2640,
            "40.000000" : 2736,
            "50.000000" : 2736,
            "60.000000" : 2800,
            "70.000000" : 2800,
            "80.000000" : 2864,
            "90.000000" : 2928,
            "95.000000" : 2992,
            "99.000000" : 3216,
            "99.500000" : 14784,
            "99.900000" : 38144,
            "99.950000" : 38656,
            "99.990000" : 55552
          }
        },
        "lat_ns" : {
          "min" : 42674,
          "max" : 41601674,
          "mean" : 254649.382422,
          "stddev" : 1247800.541807,
          "N" : 2139
        },
        "bw_min" : 252,
        "bw_max" : 1688,
        "bw_agg" : 100.000000,
        "bw_mean" : 516.473785,
        "bw_dev" : 11.246451,
        "bw_samples" : 1075,
        "iops_min" : 60,
        "iops_max" : 422,
        "iops_mean" : 128.985606,
        "iops_stddev" : 2.812584,
        "iops_samples" : 1075
      },
      "trim" : {
        "io_bytes" : 0,
        "io_kbytes" : 0,
        "bw_bytes" : 0,
        "bw" : 0,
        "iops" : 0.000000,
        "runtime" : 0,
        "total_ios" : 0,
        "short_ios" : 0,
        "drop_ios" : 0,
        "slat_ns" : {
          "min" : 0,
          "max" : 0,
          "mean" : 0.000000,
          "stddev" : 0.000000,
          "N" : 0
        },
        "clat_ns" : {
          "min" : 0,
          "max" : 0,
          "mean" : 0.000000,
          "stddev" : 0.000000,
          "N" : 0
        },
        "lat_ns" : {
          "min" : 0,
          "max" : 0,
          "mean" : 0.000000,
          "stddev" : 0.000000,
          "N" : 0
        },
        "bw_min" : 0,
        "bw_max" : 0,
        "bw_agg" : 0.000000,
        "bw_mean" : 0.000000,
        "bw_dev" : 0.000000,
        "bw_samples" : 0,
        "iops_min" : 0,
        "iops_max" : 0,
        "iops_mean" : 0.000000,
        "iops_stddev" : 0.000000,
        "iops_samples" : 0
      },
      "sync" : {
        "total_ios" : 0,
        "lat_ns" : {
          "min" : 0,
          "max" : 0,
          "mean" : 0.000000,
          "stddev" : 0.000000,
          "N" : 0
        }
      },
      "job_runtime" : 1931657,
      "usr_cpu" : 0.005022,
      "sys_cpu" : 0.003003,
      "ctx" : 6856,
      "majf" : 0,
      "minf" : 1283,
      "iodepth_level" : {
        "1" : 100.000000,
        "2" : 0.000000,
        "4" : 0.000000,
        "8" : 0.000000,
        "16" : 0.000000,
        "32" : 0.000000,
        ">=64" : 0.000000
      },
      "iodepth_submit" : {
        "0" : 0.000000,
        "4" : 100.000000,
        "8" : 0.000000,
        "16" : 0.000000,
        "32" : 0.000000,
        "64" : 0.000000,
        ">=64" : 0.000000
      },
      "iodepth_complete" : {
        "0" : 0.000000,
        "4" : 100.000000,
        "8" : 0.000000,
        "16" : 0.000000,
        "32" : 0.000000,
        "64" : 0.000000,
        ">=64" : 0.000000
      },
      "latency_ns" : {
        "2" : 0.000000,
        "4" : 0.000000,
        "10" : 0.000000,
        "20" : 0.000000,
        "50" : 0.000000,
        "100" : 0.000000,
        "250" : 0.000000,
        "500" : 0.000000,
        "750" : 0.000000,
        "1000" : 0.000000
      },
      "latency_us" : {
        "2" : 0.161514,
        "4" : 87.586525,
        "10" : 11.767420,
        "20" : 0.276880,
        "50" : 0.184587,
        "100" : 0.023073,
        "250" : 0.000000,
        "500" : 0.000000,
        "750" : 0.000000,
        "1000" : 0.000000
      },
      "latency_ms" : {
        "2" : 0.000000,
        "4" : 0.000000,
        "10" : 0.000000,
        "20" : 0.000000,
        "50" : 0.000000,
        "100" : 0.000000,
        "250" : 0.000000,
        "500" : 0.000000,
        "750" : 0.000000,
        "1000" : 0.000000,
        "2000" : 0.000000,
        ">=2000" : 0.000000
      },
      "latency_depth" : 1,
      "latency_target" : 0,
      "latency_percentile" : 100.000000,
      "latency_window" : 0
    }
  ]
}
