{
  "fio version" : "fio-3.29-112-gc3773",
  "timestamp" : 1649849512,
  "timestamp_ms" : 1649849512740,
  "time" : "Wed Apr 13 11:31:52 2022",
  "global options" : {
    "size" : "50M",
    "runtime" : "60",
    "rwmixread" : "50",
    "directory" : "/mnt/mfs"
  },
  "jobs" : [
    {
      "jobname" : "iotest",
      "groupid" : 0,
      "error" : 0,
      "eta" : 0,
      "elapsed" : 61,
      "job options" : {
        "rw" : "readwrite",
        "bs" : "4k",
        "ioengine" : "libaio",
        "iodepth" : "8",
        "numjobs" : "2",
        "direct" : "1",
        "group_reporting" : "1",
        "invalidate" : "1",
        "loops" : "1",
        "write_bw_log" : "./fio-bench-13-04-2022--09-45-32-seq-mfs/seqrw/mfs/readwrite50/4k/readwrite-iodepth-8-numjobs-2",
        "write_lat_log" : "./fio-bench-13-04-2022--09-45-32-seq-mfs/seqrw/mfs/readwrite50/4k/readwrite-iodepth-8-numjobs-2",
        "write_iops_log" : "./fio-bench-13-04-2022--09-45-32-seq-mfs/seqrw/mfs/readwrite50/4k/readwrite-iodepth-8-numjobs-2",
        "log_avg_msec" : "500"
      },
      "read" : {
        "io_bytes" : 6660096,
        "io_kbytes" : 6504,
        "bw_bytes" : 110826,
        "bw" : 108,
        "iops" : 27.057159,
        "runtime" : 60095,
        "total_ios" : 1626,
        "short_ios" : 0,
        "drop_ios" : 0,
        "slat_ns" : {
          "min" : 31638,
          "max" : 387553023,
          "mean" : 73745683.801968,
          "stddev" : 67514803.849083,
          "N" : 1626
        },
        "clat_ns" : {
          "min" : 14807,
          "max" : 744792148,
          "mean" : 240567211.504305,
          "stddev" : 136559884.329861,
          "N" : 1626,
          "percentile" : {
            "1.000000" : 468992,
            "5.000000" : 19005440,
            "10.000000" : 53739520,
            "20.000000" : 121110528,
            "30.000000" : 160432128,
            "40.000000" : 198180864,
            "50.000000" : 238026752,
            "60.000000" : 274726912,
            "70.000000" : 304087040,
            "80.000000" : 358612992,
            "90.000000" : 417333248,
            "95.000000" : 480247808,
            "99.000000" : 574619648,
            "99.500000" : 599785472,
            "99.900000" : 692060160,
            "99.950000" : 742391808,
            "99.990000" : 742391808
          }
        },
        "lat_ns" : {
          "min" : 483653,
          "max" : 966748857,
          "mean" : 314316510.579951,
          "stddev" : 150336592.975618,
          "N" : 1626
        },
        "bw_min" : 24,
        "bw_max" : 248,
        "bw_agg" : 98.864887,
        "bw_mean" : 107.933333,
        "bw_dev" : 21.353634,
        "bw_samples" : 240,
        "iops_min" : 6,
        "iops_max" : 62,
        "iops_mean" : 26.983333,
        "iops_stddev" : 5.338408,
        "iops_samples" : 240
      },
      "write" : {
        "io_bytes" : 7151616,
        "io_kbytes" : 6984,
        "bw_bytes" : 119005,
        "bw" : 116,
        "iops" : 29.053998,
        "runtime" : 60095,
        "total_ios" : 1746,
        "short_ios" : 0,
        "drop_ios" : 0,
        "slat_ns" : {
          "min" : 39321,
          "max" : 4528040,
          "mean" : 85540.662085,
          "stddev" : 178746.916538,
          "N" : 1746
        },
        "clat_ns" : {
          "min" : 526535,
          "max" : 825511090,
          "mean" : 256897830.448454,
          "stddev" : 141480747.472958,
          "N" : 1746,
          "percentile" : {
            "1.000000" : 643072,
            "5.000000" : 44826624,
            "10.000000" : 70778880,
            "20.000000" : 132644864,
            "30.000000" : 170917888,
            "40.000000" : 212860928,
            "50.000000" : 248512512,
            "60.000000" : 287309824,
            "70.000000" : 320864256,
            "80.000000" : 371195904,
            "90.000000" : 446693376,
            "95.000000" : 517996544,
            "99.000000" : 608174080,
            "99.500000" : 666894336,
            "99.900000" : 742391808,
            "99.950000" : 826277888,
            "99.990000" : 826277888
          }
        },
        "lat_ns" : {
          "min" : 592466,
          "max" : 825586309,
          "mean" : 256986460.664376,
          "stddev" : 141479586.137376,
          "N" : 1746
        },
        "bw_min" : 16,
        "bw_max" : 296,
        "bw_agg" : 98.953825,
        "bw_mean" : 115.800000,
        "bw_dev" : 31.146605,
        "bw_samples" : 240,
        "iops_min" : 4,
        "iops_max" : 74,
        "iops_mean" : 28.950000,
        "iops_stddev" : 7.786651,
        "iops_samples" : 240
      },
      "trim" : {
        "io_bytes" : 0,
        "io_kbytes" : 0,
        "bw_bytes" : 0,
        "bw" : 0,
        "iops" : 0.000000,
        "runtime" : 0,
        "total_ios" : 0,
        "short_ios" : 0,
        "drop_ios" : 0,
        "slat_ns" : {
          "min" : 0,
          "max" : 0,
          "mean" : 0.000000,
          "stddev" : 0.000000,
          "N" : 0
        },
        "clat_ns" : {
          "min" : 0,
          "max" : 0,
          "mean" : 0.000000,
          "stddev" : 0.000000,
          "N" : 0
        },
        "lat_ns" : {
          "min" : 0,
          "max" : 0,
          "mean" : 0.000000,
          "stddev" : 0.000000,
          "N" : 0
        },
        "bw_min" : 0,
        "bw_max" : 0,
        "bw_agg" : 0.000000,
        "bw_mean" : 0.000000,
        "bw_dev" : 0.000000,
        "bw_samples" : 0,
        "iops_min" : 0,
        "iops_max" : 0,
        "iops_mean" : 0.000000,
        "iops_stddev" : 0.000000,
        "iops_samples" : 0
      },
      "sync" : {
        "total_ios" : 0,
        "lat_ns" : {
          "min" : 0,
          "max" : 0,
          "mean" : 0.000000,
          "stddev" : 0.000000,
          "N" : 0
        }
      },
      "job_runtime" : 120114,
      "usr_cpu" : 0.038297,
      "sys_cpu" : 0.064106,
      "ctx" : 5289,
      "majf" : 0,
      "minf" : 86,
      "iodepth_level" : {
        "1" : 0.100000,
        "2" : 0.118624,
        "4" : 0.237248,
        "8" : 99.584816,
        "16" : 0.000000,
        "32" : 0.000000,
        ">=64" : 0.000000
      },
      "iodepth_submit" : {
        "0" : 0.000000,
        "4" : 100.000000,
        "8" : 0.000000,
        "16" : 0.000000,
        "32" : 0.000000,
        "64" : 0.000000,
        ">=64" : 0.000000
      },
      "iodepth_complete" : {
        "0" : 0.000000,
        "4" : 99.940476,
        "8" : 0.100000,
        "16" : 0.000000,
        "32" : 0.000000,
        "64" : 0.000000,
        ">=64" : 0.000000
      },
      "latency_ns" : {
        "2" : 0.000000,
        "4" : 0.000000,
        "10" : 0.000000,
        "20" : 0.000000,
        "50" : 0.000000,
        "100" : 0.000000,
        "250" : 0.000000,
        "500" : 0.000000,
        "750" : 0.000000,
        "1000" : 0.000000
      },
      "latency_us" : {
        "2" : 0.000000,
        "4" : 0.000000,
        "10" : 0.000000,
        "20" : 0.059312,
        "50" : 0.000000,
        "100" : 0.000000,
        "250" : 0.000000,
        "500" : 0.652432,
        "750" : 1.482800,
        "1000" : 0.000000
      },
      "latency_ms" : {
        "2" : 0.000000,
        "4" : 0.000000,
        "10" : 0.148280,
        "20" : 0.948992,
        "50" : 4.389087,
        "100" : 7.829181,
        "250" : 36.150652,
        "500" : 43.416370,
        "750" : 4.893238,
        "1000" : 0.029656,
        "2000" : 0.000000,
        ">=2000" : 0.000000
      },
      "latency_depth" : 8,
      "latency_target" : 0,
      "latency_percentile" : 100.000000,
      "latency_window" : 0
    }
  ]
}
