{
  "fio version" : "fio-3.29-112-gc3773",
  "timestamp" : 1649850607,
  "timestamp_ms" : 1649850607183,
  "time" : "Wed Apr 13 11:50:07 2022",
  "global options" : {
    "size" : "50M",
    "runtime" : "60",
    "rwmixread" : "50",
    "directory" : "/mnt/mfs"
  },
  "jobs" : [
    {
      "jobname" : "iotest",
      "groupid" : 0,
      "error" : 0,
      "eta" : 0,
      "elapsed" : 61,
      "job options" : {
        "rw" : "readwrite",
        "bs" : "4k",
        "ioengine" : "libaio",
        "iodepth" : "32",
        "numjobs" : "32",
        "direct" : "1",
        "group_reporting" : "1",
        "invalidate" : "1",
        "loops" : "1",
        "write_bw_log" : "./fio-bench-13-04-2022--09-45-32-seq-mfs/seqrw/mfs/readwrite50/4k/readwrite-iodepth-32-numjobs-32",
        "write_lat_log" : "./fio-bench-13-04-2022--09-45-32-seq-mfs/seqrw/mfs/readwrite50/4k/readwrite-iodepth-32-numjobs-32",
        "write_iops_log" : "./fio-bench-13-04-2022--09-45-32-seq-mfs/seqrw/mfs/readwrite50/4k/readwrite-iodepth-32-numjobs-32",
        "log_avg_msec" : "500"
      },
      "read" : {
        "io_bytes" : 8916992,
        "io_kbytes" : 8708,
        "bw_bytes" : 147174,
        "bw" : 143,
        "iops" : 35.931207,
        "runtime" : 60588,
        "total_ios" : 2177,
        "short_ios" : 0,
        "drop_ios" : 0,
        "slat_ns" : {
          "min" : 32128,
          "max" : 5514109606,
          "mean" : 884937512.827745,
          "stddev" : 908731859.424251,
          "N" : 2177
        },
        "clat_ns" : {
          "min" : 14388,
          "max" : 26231875550,
          "mean" : 11460829740.131374,
          "stddev" : 4816537324.656663,
          "N" : 2177,
          "percentile" : {
            "1.000000" : 17024,
            "5.000000" : 2466250752,
            "10.000000" : 5066719232,
            "20.000000" : 7751073792,
            "30.000000" : 9193914368,
            "40.000000" : 10536091648,
            "50.000000" : 11744051200,
            "60.000000" : 12817793024,
            "70.000000" : 13891534848,
            "80.000000" : 15367929856,
            "90.000000" : 17112760320,
            "95.000000" : 17112760320,
            "99.000000" : 17112760320,
            "99.500000" : 17112760320,
            "99.900000" : 17112760320,
            "99.950000" : 17112760320,
            "99.990000" : 17112760320
          }
        },
        "lat_ns" : {
          "min" : 305390580,
          "max" : 27634552098,
          "mean" : 12345772394.350943,
          "stddev" : 4978762623.536729,
          "N" : 2177
        },
        "bw_min" : 256,
        "bw_max" : 1344,
        "bw_agg" : 100.000000,
        "bw_mean" : 508.717678,
        "bw_dev" : 9.889213,
        "bw_samples" : 835,
        "iops_min" : 64,
        "iops_max" : 336,
        "iops_mean" : 127.179420,
        "iops_stddev" : 2.472303,
        "iops_samples" : 835
      },
      "write" : {
        "io_bytes" : 8876032,
        "io_kbytes" : 8668,
        "bw_bytes" : 146498,
        "bw" : 143,
        "iops" : 35.766158,
        "runtime" : 60588,
        "total_ios" : 2167,
        "short_ios" : 0,
        "drop_ios" : 0,
        "slat_ns" : {
          "min" : 38622,
          "max" : 7163575,
          "mean" : 227430.925704,
          "stddev" : 845580.268930,
          "N" : 2167
        },
        "clat_ns" : {
          "min" : 305401964,
          "max" : 27634525907,
          "mean" : 12232122152.779881,
          "stddev" : 5018891141.467881,
          "N" : 2167,
          "percentile" : {
            "1.000000" : 522190848,
            "5.000000" : 3070230528,
            "10.000000" : 5268045824,
            "20.000000" : 8153726976,
            "30.000000" : 9730785280,
            "40.000000" : 11341398016,
            "50.000000" : 12683575296,
            "60.000000" : 13757317120,
            "70.000000" : 14965276672,
            "80.000000" : 16173236224,
            "90.000000" : 17112760320,
            "95.000000" : 17112760320,
            "99.000000" : 17112760320,
            "99.500000" : 17112760320,
            "99.900000" : 17112760320,
            "99.950000" : 17112760320,
            "99.990000" : 17112760320
          }
        },
        "lat_ns" : {
          "min" : 305483818,
          "max" : 27634592396,
          "mean" : 12232352997.993540,
          "stddev" : 5018990958.000339,
          "N" : 2167
        },
        "bw_min" : 256,
        "bw_max" : 1312,
        "bw_agg" : 100.000000,
        "bw_mean" : 498.086229,
        "bw_dev" : 9.420969,
        "bw_samples" : 847,
        "iops_min" : 64,
        "iops_max" : 328,
        "iops_mean" : 124.521557,
        "iops_stddev" : 2.355242,
        "iops_samples" : 847
      },
      "trim" : {
        "io_bytes" : 0,
        "io_kbytes" : 0,
        "bw_bytes" : 0,
        "bw" : 0,
        "iops" : 0.000000,
        "runtime" : 0,
        "total_ios" : 0,
        "short_ios" : 0,
        "drop_ios" : 0,
        "slat_ns" : {
          "min" : 0,
          "max" : 0,
          "mean" : 0.000000,
          "stddev" : 0.000000,
          "N" : 0
        },
        "clat_ns" : {
          "min" : 0,
          "max" : 0,
          "mean" : 0.000000,
          "stddev" : 0.000000,
          "N" : 0
        },
        "lat_ns" : {
          "min" : 0,
          "max" : 0,
          "mean" : 0.000000,
          "stddev" : 0.000000,
          "N" : 0
        },
        "bw_min" : 0,
        "bw_max" : 0,
        "bw_agg" : 0.000000,
        "bw_mean" : 0.000000,
        "bw_dev" : 0.000000,
        "bw_samples" : 0,
        "iops_min" : 0,
        "iops_max" : 0,
        "iops_mean" : 0.000000,
        "iops_stddev" : 0.000000,
        "iops_samples" : 0
      },
      "sync" : {
        "total_ios" : 0,
        "lat_ns" : {
          "min" : 0,
          "max" : 0,
          "mean" : 0.000000,
          "stddev" : 0.000000,
          "N" : 0
        }
      },
      "job_runtime" : 1929206,
      "usr_cpu" : 0.002903,
      "sys_cpu" : 0.004821,
      "ctx" : 6928,
      "majf" : 0,
      "minf" : 1357,
      "iodepth_level" : {
        "1" : 0.736648,
        "2" : 1.473297,
        "4" : 2.946593,
        "8" : 5.893186,
        "16" : 11.786372,
        "32" : 77.163904,
        ">=64" : 0.000000
      },
      "iodepth_submit" : {
        "0" : 0.000000,
        "4" : 100.000000,
        "8" : 0.000000,
        "16" : 0.000000,
        "32" : 0.000000,
        "64" : 0.000000,
        ">=64" : 0.000000
      },
      "iodepth_complete" : {
        "0" : 0.000000,
        "4" : 99.054374,
        "8" : 0.000000,
        "16" : 0.000000,
        "32" : 0.945626,
        "64" : 0.000000,
        ">=64" : 0.000000
      },
      "latency_ns" : {
        "2" : 0.000000,
        "4" : 0.000000,
        "10" : 0.000000,
        "20" : 0.000000,
        "50" : 0.000000,
        "100" : 0.000000,
        "250" : 0.000000,
        "500" : 0.000000,
        "750" : 0.000000,
        "1000" : 0.000000
      },
      "latency_us" : {
        "2" : 0.000000,
        "4" : 0.000000,
        "10" : 0.000000,
        "20" : 0.736648,
        "50" : 0.000000,
        "100" : 0.000000,
        "250" : 0.000000,
        "500" : 0.000000,
        "750" : 0.000000,
        "1000" : 0.000000
      },
      "latency_ms" : {
        "2" : 0.000000,
        "4" : 0.000000,
        "10" : 0.000000,
        "20" : 0.000000,
        "50" : 0.000000,
        "100" : 0.000000,
        "250" : 0.000000,
        "500" : 0.805709,
        "750" : 0.115101,
        "1000" : 0.368324,
        "2000" : 2.025783,
        ">=2000" : 95.948435
      },
      "latency_depth" : 32,
      "latency_target" : 0,
      "latency_percentile" : 100.000000,
      "latency_window" : 0
    }
  ]
}
