{
  "fio version" : "fio-3.29-112-gc3773",
  "timestamp" : 1649850546,
  "timestamp_ms" : 1649850546233,
  "time" : "Wed Apr 13 11:49:06 2022",
  "global options" : {
    "size" : "50M",
    "runtime" : "60",
    "rwmixread" : "50",
    "directory" : "/mnt/mfs"
  },
  "jobs" : [
    {
      "jobname" : "iotest",
      "groupid" : 0,
      "error" : 0,
      "eta" : 0,
      "elapsed" : 61,
      "job options" : {
        "rw" : "readwrite",
        "bs" : "4k",
        "ioengine" : "libaio",
        "iodepth" : "32",
        "numjobs" : "16",
        "direct" : "1",
        "group_reporting" : "1",
        "invalidate" : "1",
        "loops" : "1",
        "write_bw_log" : "./fio-bench-13-04-2022--09-45-32-seq-mfs/seqrw/mfs/readwrite50/4k/readwrite-iodepth-32-numjobs-16",
        "write_lat_log" : "./fio-bench-13-04-2022--09-45-32-seq-mfs/seqrw/mfs/readwrite50/4k/readwrite-iodepth-32-numjobs-16",
        "write_iops_log" : "./fio-bench-13-04-2022--09-45-32-seq-mfs/seqrw/mfs/readwrite50/4k/readwrite-iodepth-32-numjobs-16",
        "log_avg_msec" : "500"
      },
      "read" : {
        "io_bytes" : 9584640,
        "io_kbytes" : 9360,
        "bw_bytes" : 158909,
        "bw" : 155,
        "iops" : 38.796319,
        "runtime" : 60315,
        "total_ios" : 2340,
        "short_ios" : 0,
        "drop_ios" : 0,
        "slat_ns" : {
          "min" : 24235,
          "max" : 2692100725,
          "mean" : 411203604.432051,
          "stddev" : 452837552.784983,
          "N" : 2340
        },
        "clat_ns" : {
          "min" : 15225,
          "max" : 12789694736,
          "mean" : 5742616537.932480,
          "stddev" : 2223437726.981869,
          "N" : 2340,
          "percentile" : {
            "1.000000" : 641728512,
            "5.000000" : 2264924160,
            "10.000000" : 2902458368,
            "20.000000" : 3707764736,
            "30.000000" : 4462739456,
            "40.000000" : 5200936960,
            "50.000000" : 5737807872,
            "60.000000" : 6341787648,
            "70.000000" : 6945767424,
            "80.000000" : 7683964928,
            "90.000000" : 8657043456,
            "95.000000" : 9328132096,
            "99.000000" : 10804527104,
            "99.500000" : 11072962560,
            "99.900000" : 12146704384,
            "99.950000" : 12146704384,
            "99.990000" : 12817793024
          }
        },
        "lat_ns" : {
          "min" : 327488094,
          "max" : 13452563094,
          "mean" : 6153824851.266666,
          "stddev" : 2328049826.314916,
          "N" : 2340
        },
        "bw_min" : 128,
        "bw_max" : 952,
        "bw_agg" : 100.000000,
        "bw_mean" : 286.963579,
        "bw_dev" : 12.122814,
        "bw_samples" : 910,
        "iops_min" : 32,
        "iops_max" : 238,
        "iops_mean" : 71.740895,
        "iops_stddev" : 3.030704,
        "iops_samples" : 910
      },
      "write" : {
        "io_bytes" : 9490432,
        "io_kbytes" : 9268,
        "bw_bytes" : 157347,
        "bw" : 153,
        "iops" : 38.414988,
        "runtime" : 60315,
        "total_ios" : 2317,
        "short_ios" : 0,
        "drop_ios" : 0,
        "slat_ns" : {
          "min" : 43511,
          "max" : 6990299,
          "mean" : 145849.011221,
          "stddev" : 589894.682767,
          "N" : 2317
        },
        "clat_ns" : {
          "min" : 327498779,
          "max" : 13452514066,
          "mean" : 6233916923.529996,
          "stddev" : 2314889165.580133,
          "N" : 2317,
          "percentile" : {
            "1.000000" : 910163968,
            "5.000000" : 2566914048,
            "10.000000" : 3137339392,
            "20.000000" : 4043309056,
            "30.000000" : 4999610368,
            "40.000000" : 5737807872,
            "50.000000" : 6274678784,
            "60.000000" : 6878658560,
            "70.000000" : 7549747200,
            "80.000000" : 8287944704,
            "90.000000" : 9193914368,
            "95.000000" : 9999220736,
            "99.000000" : 11341398016,
            "99.500000" : 11609833472,
            "99.900000" : 12549357568,
            "99.950000" : 12549357568,
            "99.990000" : 13488881664
          }
        },
        "lat_ns" : {
          "min" : 327574348,
          "max" : 13452594733,
          "mean" : 6234065958.861027,
          "stddev" : 2314931925.211644,
          "N" : 2317
        },
        "bw_min" : 128,
        "bw_max" : 896,
        "bw_agg" : 100.000000,
        "bw_mean" : 283.302083,
        "bw_dev" : 11.449454,
        "bw_samples" : 933,
        "iops_min" : 32,
        "iops_max" : 224,
        "iops_mean" : 70.825521,
        "iops_stddev" : 2.862363,
        "iops_samples" : 933
      },
      "trim" : {
        "io_bytes" : 0,
        "io_kbytes" : 0,
        "bw_bytes" : 0,
        "bw" : 0,
        "iops" : 0.000000,
        "runtime" : 0,
        "total_ios" : 0,
        "short_ios" : 0,
        "drop_ios" : 0,
        "slat_ns" : {
          "min" : 0,
          "max" : 0,
          "mean" : 0.000000,
          "stddev" : 0.000000,
          "N" : 0
        },
        "clat_ns" : {
          "min" : 0,
          "max" : 0,
          "mean" : 0.000000,
          "stddev" : 0.000000,
          "N" : 0
        },
        "lat_ns" : {
          "min" : 0,
          "max" : 0,
          "mean" : 0.000000,
          "stddev" : 0.000000,
          "N" : 0
        },
        "bw_min" : 0,
        "bw_max" : 0,
        "bw_agg" : 0.000000,
        "bw_mean" : 0.000000,
        "bw_dev" : 0.000000,
        "bw_samples" : 0,
        "iops_min" : 0,
        "iops_max" : 0,
        "iops_mean" : 0.000000,
        "iops_stddev" : 0.000000,
        "iops_samples" : 0
      },
      "sync" : {
        "total_ios" : 0,
        "lat_ns" : {
          "min" : 0,
          "max" : 0,
          "mean" : 0.000000,
          "stddev" : 0.000000,
          "N" : 0
        }
      },
      "job_runtime" : 963039,
      "usr_cpu" : 0.010384,
      "sys_cpu" : 0.006957,
      "ctx" : 7327,
      "majf" : 0,
      "minf" : 668,
      "iodepth_level" : {
        "1" : 0.343569,
        "2" : 0.687138,
        "4" : 1.374275,
        "8" : 2.748551,
        "16" : 5.497101,
        "32" : 89.349367,
        ">=64" : 0.000000
      },
      "iodepth_submit" : {
        "0" : 0.000000,
        "4" : 100.000000,
        "8" : 0.000000,
        "16" : 0.000000,
        "32" : 0.000000,
        "64" : 0.000000,
        ">=64" : 0.000000
      },
      "iodepth_complete" : {
        "0" : 0.000000,
        "4" : 99.616950,
        "8" : 0.000000,
        "16" : 0.000000,
        "32" : 0.383050,
        "64" : 0.000000,
        ">=64" : 0.000000
      },
      "latency_ns" : {
        "2" : 0.000000,
        "4" : 0.000000,
        "10" : 0.000000,
        "20" : 0.000000,
        "50" : 0.000000,
        "100" : 0.000000,
        "250" : 0.000000,
        "500" : 0.000000,
        "750" : 0.000000,
        "1000" : 0.000000
      },
      "latency_us" : {
        "2" : 0.000000,
        "4" : 0.000000,
        "10" : 0.000000,
        "20" : 0.322096,
        "50" : 0.021473,
        "100" : 0.000000,
        "250" : 0.000000,
        "500" : 0.000000,
        "750" : 0.000000,
        "1000" : 0.000000
      },
      "latency_ms" : {
        "2" : 0.000000,
        "4" : 0.000000,
        "10" : 0.000000,
        "20" : 0.000000,
        "50" : 0.000000,
        "100" : 0.000000,
        "250" : 0.000000,
        "500" : 0.257677,
        "750" : 0.236204,
        "1000" : 0.515353,
        "2000" : 2.362036,
        ">=2000" : 96.285162
      },
      "latency_depth" : 32,
      "latency_target" : 0,
      "latency_percentile" : 100.000000,
      "latency_window" : 0
    }
  ]
}
