{
  "fio version" : "fio-3.29-112-gc3773",
  "timestamp" : 1649849633,
  "timestamp_ms" : 1649849633583,
  "time" : "Wed Apr 13 11:33:53 2022",
  "global options" : {
    "size" : "50M",
    "runtime" : "60",
    "rwmixread" : "50",
    "directory" : "/mnt/mfs"
  },
  "jobs" : [
    {
      "jobname" : "iotest",
      "groupid" : 0,
      "error" : 0,
      "eta" : 0,
      "elapsed" : 61,
      "job options" : {
        "rw" : "readwrite",
        "bs" : "4k",
        "ioengine" : "libaio",
        "iodepth" : "8",
        "numjobs" : "8",
        "direct" : "1",
        "group_reporting" : "1",
        "invalidate" : "1",
        "loops" : "1",
        "write_bw_log" : "./fio-bench-13-04-2022--09-45-32-seq-mfs/seqrw/mfs/readwrite50/4k/readwrite-iodepth-8-numjobs-8",
        "write_lat_log" : "./fio-bench-13-04-2022--09-45-32-seq-mfs/seqrw/mfs/readwrite50/4k/readwrite-iodepth-8-numjobs-8",
        "write_iops_log" : "./fio-bench-13-04-2022--09-45-32-seq-mfs/seqrw/mfs/readwrite50/4k/readwrite-iodepth-8-numjobs-8",
        "log_avg_msec" : "500"
      },
      "read" : {
        "io_bytes" : 8609792,
        "io_kbytes" : 8408,
        "bw_bytes" : 143048,
        "bw" : 139,
        "iops" : 34.923905,
        "runtime" : 60188,
        "total_ios" : 2102,
        "short_ios" : 0,
        "drop_ios" : 0,
        "slat_ns" : {
          "min" : 25282,
          "max" : 1454502770,
          "mean" : 228709376.121313,
          "stddev" : 248175956.111355,
          "N" : 2102
        },
        "clat_ns" : {
          "min" : 14876,
          "max" : 2633308012,
          "mean" : 703551838.664605,
          "stddev" : 473590042.015901,
          "N" : 2102,
          "percentile" : {
            "1.000000" : 423936,
            "5.000000" : 21889024,
            "10.000000" : 108527616,
            "20.000000" : 254803968,
            "30.000000" : 375390208,
            "40.000000" : 509607936,
            "50.000000" : 666894336,
            "60.000000" : 809500672,
            "70.000000" : 960495616,
            "80.000000" : 1115684864,
            "90.000000" : 1350565888,
            "95.000000" : 1568669696,
            "99.000000" : 1904214016,
            "99.500000" : 1971322880,
            "99.900000" : 2197815296,
            "99.950000" : 2399141888,
            "99.990000" : 2634022912
          }
        },
        "lat_ns" : {
          "min" : 402916,
          "max" : 3051731829,
          "mean" : 932265516.323977,
          "stddev" : 558290958.276908,
          "N" : 2102
        },
        "bw_min" : 64,
        "bw_max" : 760,
        "bw_agg" : 100.000000,
        "bw_mean" : 182.412191,
        "bw_dev" : 17.560494,
        "bw_samples" : 725,
        "iops_min" : 16,
        "iops_max" : 190,
        "iops_mean" : 45.603048,
        "iops_stddev" : 4.390124,
        "iops_samples" : 725
      },
      "write" : {
        "io_bytes" : 8826880,
        "io_kbytes" : 8620,
        "bw_bytes" : 146655,
        "bw" : 143,
        "iops" : 35.804479,
        "runtime" : 60188,
        "total_ios" : 2155,
        "short_ios" : 0,
        "drop_ios" : 0,
        "slat_ns" : {
          "min" : 40718,
          "max" : 5162479,
          "mean" : 105858.274710,
          "stddev" : 350166.479108,
          "N" : 2155
        },
        "clat_ns" : {
          "min" : 533520,
          "max" : 2722059967,
          "mean" : 867134173.828770,
          "stddev" : 499101243.202093,
          "N" : 2155,
          "percentile" : {
            "1.000000" : 29753344,
            "5.000000" : 139460608,
            "10.000000" : 256901120,
            "20.000000" : 408944640,
            "30.000000" : 549453824,
            "40.000000" : 683671552,
            "50.000000" : 809500672,
            "60.000000" : 960495616,
            "70.000000" : 1115684864,
            "80.000000" : 1300234240,
            "90.000000" : 1568669696,
            "95.000000" : 1786773504,
            "99.000000" : 2139095040,
            "99.500000" : 2231369728,
            "99.900000" : 2634022912,
            "99.950000" : 2634022912,
            "99.990000" : 2734686208
          }
        },
        "lat_ns" : {
          "min" : 608739,
          "max" : 2722133930,
          "mean" : 867243250.079350,
          "stddev" : 499100767.821034,
          "N" : 2155
        },
        "bw_min" : 64,
        "bw_max" : 656,
        "bw_agg" : 100.000000,
        "bw_mean" : 186.792058,
        "bw_dev" : 16.177775,
        "bw_samples" : 726,
        "iops_min" : 16,
        "iops_max" : 164,
        "iops_mean" : 46.698015,
        "iops_stddev" : 4.044444,
        "iops_samples" : 726
      },
      "trim" : {
        "io_bytes" : 0,
        "io_kbytes" : 0,
        "bw_bytes" : 0,
        "bw" : 0,
        "iops" : 0.000000,
        "runtime" : 0,
        "total_ios" : 0,
        "short_ios" : 0,
        "drop_ios" : 0,
        "slat_ns" : {
          "min" : 0,
          "max" : 0,
          "mean" : 0.000000,
          "stddev" : 0.000000,
          "N" : 0
        },
        "clat_ns" : {
          "min" : 0,
          "max" : 0,
          "mean" : 0.000000,
          "stddev" : 0.000000,
          "N" : 0
        },
        "lat_ns" : {
          "min" : 0,
          "max" : 0,
          "mean" : 0.000000,
          "stddev" : 0.000000,
          "N" : 0
        },
        "bw_min" : 0,
        "bw_max" : 0,
        "bw_agg" : 0.000000,
        "bw_mean" : 0.000000,
        "bw_dev" : 0.000000,
        "bw_samples" : 0,
        "iops_min" : 0,
        "iops_max" : 0,
        "iops_mean" : 0.000000,
        "iops_stddev" : 0.000000,
        "iops_samples" : 0
      },
      "sync" : {
        "total_ios" : 0,
        "lat_ns" : {
          "min" : 0,
          "max" : 0,
          "mean" : 0.000000,
          "stddev" : 0.000000,
          "N" : 0
        }
      },
      "job_runtime" : 481086,
      "usr_cpu" : 0.013303,
      "sys_cpu" : 0.018500,
      "ctx" : 6733,
      "majf" : 0,
      "minf" : 351,
      "iodepth_level" : {
        "1" : 0.187926,
        "2" : 0.375852,
        "4" : 0.751703,
        "8" : 98.684520,
        "16" : 0.000000,
        "32" : 0.000000,
        ">=64" : 0.000000
      },
      "iodepth_submit" : {
        "0" : 0.000000,
        "4" : 100.000000,
        "8" : 0.000000,
        "16" : 0.000000,
        "32" : 0.000000,
        "64" : 0.000000,
        ">=64" : 0.000000
      },
      "iodepth_complete" : {
        "0" : 0.000000,
        "4" : 99.809931,
        "8" : 0.190069,
        "16" : 0.000000,
        "32" : 0.000000,
        "64" : 0.000000,
        ">=64" : 0.000000
      },
      "latency_ns" : {
        "2" : 0.000000,
        "4" : 0.000000,
        "10" : 0.000000,
        "20" : 0.000000,
        "50" : 0.000000,
        "100" : 0.000000,
        "250" : 0.000000,
        "500" : 0.000000,
        "750" : 0.000000,
        "1000" : 0.000000
      },
      "latency_us" : {
        "2" : 0.000000,
        "4" : 0.000000,
        "10" : 0.000000,
        "20" : 0.187926,
        "50" : 0.000000,
        "100" : 0.000000,
        "250" : 0.000000,
        "500" : 0.845666,
        "750" : 1.550388,
        "1000" : 0.000000
      },
      "latency_ms" : {
        "2" : 0.000000,
        "4" : 0.000000,
        "10" : 0.046981,
        "20" : 0.000000,
        "50" : 1.503406,
        "100" : 2.443035,
        "250" : 7.517031,
        "500" : 18.980503,
        "750" : 17.641532,
        "1000" : 17.312661,
        "2000" : 30.702373,
        ">=2000" : 1.268499
      },
      "latency_depth" : 8,
      "latency_target" : 0,
      "latency_percentile" : 100.000000,
      "latency_window" : 0
    }
  ]
}
