{
  "fio version" : "fio-3.29-112-gc3773",
  "timestamp" : 1649849268,
  "timestamp_ms" : 1649849268862,
  "time" : "Wed Apr 13 11:27:48 2022",
  "global options" : {
    "size" : "50M",
    "runtime" : "60",
    "rwmixread" : "50",
    "directory" : "/mnt/mfs"
  },
  "jobs" : [
    {
      "jobname" : "iotest",
      "groupid" : 0,
      "error" : 0,
      "eta" : 0,
      "elapsed" : 61,
      "job options" : {
        "rw" : "readwrite",
        "bs" : "4k",
        "ioengine" : "libaio",
        "iodepth" : "4",
        "numjobs" : "16",
        "direct" : "1",
        "group_reporting" : "1",
        "invalidate" : "1",
        "loops" : "1",
        "write_bw_log" : "./fio-bench-13-04-2022--09-45-32-seq-mfs/seqrw/mfs/readwrite50/4k/readwrite-iodepth-4-numjobs-16",
        "write_lat_log" : "./fio-bench-13-04-2022--09-45-32-seq-mfs/seqrw/mfs/readwrite50/4k/readwrite-iodepth-4-numjobs-16",
        "write_iops_log" : "./fio-bench-13-04-2022--09-45-32-seq-mfs/seqrw/mfs/readwrite50/4k/readwrite-iodepth-4-numjobs-16",
        "log_avg_msec" : "500"
      },
      "read" : {
        "io_bytes" : 9551872,
        "io_kbytes" : 9328,
        "bw_bytes" : 157515,
        "bw" : 153,
        "iops" : 38.455830,
        "runtime" : 60641,
        "total_ios" : 2332,
        "short_ios" : 0,
        "drop_ios" : 0,
        "slat_ns" : {
          "min" : 31498,
          "max" : 3205497100,
          "mean" : 414057042.424957,
          "stddev" : 460024144.921919,
          "N" : 2332
        },
        "clat_ns" : {
          "min" : 14806,
          "max" : 4039980618,
          "mean" : 475117238.237993,
          "stddev" : 570651132.489789,
          "N" : 2332,
          "percentile" : {
            "1.000000" : 148480,
            "5.000000" : 173056,
            "10.000000" : 199680,
            "20.000000" : 236544,
            "30.000000" : 268288,
            "40.000000" : 53739520,
            "50.000000" : 312475648,
            "60.000000" : 476053504,
            "70.000000" : 650117120,
            "80.000000" : 910163968,
            "90.000000" : 1283457024,
            "95.000000" : 1619001344,
            "99.000000" : 2264924160,
            "99.500000" : 2566914048,
            "99.900000" : 3204448256,
            "99.950000" : 3472883712,
            "99.990000" : 4043309056
          }
        },
        "lat_ns" : {
          "min" : 181867,
          "max" : 4627252401,
          "mean" : 889178856.704117,
          "stddev" : 754384417.274664,
          "N" : 2332
        },
        "bw_min" : 127,
        "bw_max" : 1024,
        "bw_agg" : 100.000000,
        "bw_mean" : 299.474576,
        "bw_dev" : 13.394702,
        "bw_samples" : 974,
        "iops_min" : 31,
        "iops_max" : 256,
        "iops_mean" : 74.845562,
        "iops_stddev" : 3.349656,
        "iops_samples" : 974
      },
      "write" : {
        "io_bytes" : 9465856,
        "io_kbytes" : 9244,
        "bw_bytes" : 156096,
        "bw" : 152,
        "iops" : 38.109530,
        "runtime" : 60641,
        "total_ios" : 2311,
        "short_ios" : 0,
        "drop_ios" : 0,
        "slat_ns" : {
          "min" : 52660,
          "max" : 10915339,
          "mean" : 145929.276071,
          "stddev" : 606332.670032,
          "N" : 2311
        },
        "clat_ns" : {
          "min" : 191715,
          "max" : 4039988300,
          "mean" : 771798559.361748,
          "stddev" : 604762844.574089,
          "N" : 2311,
          "percentile" : {
            "1.000000" : 216064,
            "5.000000" : 238592,
            "10.000000" : 261120,
            "20.000000" : 238026752,
            "30.000000" : 408944640,
            "40.000000" : 530579456,
            "50.000000" : 650117120,
            "60.000000" : 843055104,
            "70.000000" : 1044381696,
            "80.000000" : 1249902592,
            "90.000000" : 1585446912,
            "95.000000" : 1920991232,
            "99.000000" : 2634022912,
            "99.500000" : 2734686208,
            "99.900000" : 3305111552,
            "99.950000" : 3976200192,
            "99.990000" : 4043309056
          }
        },
        "lat_ns" : {
          "min" : 258484,
          "max" : 4040061284,
          "mean" : 771947722.872350,
          "stddev" : 604762900.143867,
          "N" : 2311
        },
        "bw_min" : 128,
        "bw_max" : 984,
        "bw_agg" : 100.000000,
        "bw_mean" : 272.905705,
        "bw_dev" : 11.639269,
        "bw_samples" : 1066,
        "iops_min" : 32,
        "iops_max" : 246,
        "iops_mean" : 68.204144,
        "iops_stddev" : 2.909777,
        "iops_samples" : 1066
      },
      "trim" : {
        "io_bytes" : 0,
        "io_kbytes" : 0,
        "bw_bytes" : 0,
        "bw" : 0,
        "iops" : 0.000000,
        "runtime" : 0,
        "total_ios" : 0,
        "short_ios" : 0,
        "drop_ios" : 0,
        "slat_ns" : {
          "min" : 0,
          "max" : 0,
          "mean" : 0.000000,
          "stddev" : 0.000000,
          "N" : 0
        },
        "clat_ns" : {
          "min" : 0,
          "max" : 0,
          "mean" : 0.000000,
          "stddev" : 0.000000,
          "N" : 0
        },
        "lat_ns" : {
          "min" : 0,
          "max" : 0,
          "mean" : 0.000000,
          "stddev" : 0.000000,
          "N" : 0
        },
        "bw_min" : 0,
        "bw_max" : 0,
        "bw_agg" : 0.000000,
        "bw_mean" : 0.000000,
        "bw_dev" : 0.000000,
        "bw_samples" : 0,
        "iops_min" : 0,
        "iops_max" : 0,
        "iops_mean" : 0.000000,
        "iops_stddev" : 0.000000,
        "iops_samples" : 0
      },
      "sync" : {
        "total_ios" : 0,
        "lat_ns" : {
          "min" : 0,
          "max" : 0,
          "mean" : 0.000000,
          "stddev" : 0.000000,
          "N" : 0
        }
      },
      "job_runtime" : 966462,
      "usr_cpu" : 0.009623,
      "sys_cpu" : 0.007553,
      "ctx" : 7348,
      "majf" : 0,
      "minf" : 670,
      "iodepth_level" : {
        "1" : 0.344605,
        "2" : 0.689210,
        "4" : 98.966186,
        "8" : 0.000000,
        "16" : 0.000000,
        "32" : 0.000000,
        ">=64" : 0.000000
      },
      "iodepth_submit" : {
        "0" : 0.000000,
        "4" : 100.000000,
        "8" : 0.000000,
        "16" : 0.000000,
        "32" : 0.000000,
        "64" : 0.000000,
        ">=64" : 0.000000
      },
      "iodepth_complete" : {
        "0" : 0.000000,
        "4" : 100.000000,
        "8" : 0.000000,
        "16" : 0.000000,
        "32" : 0.000000,
        "64" : 0.000000,
        ">=64" : 0.000000
      },
      "latency_ns" : {
        "2" : 0.000000,
        "4" : 0.000000,
        "10" : 0.000000,
        "20" : 0.000000,
        "50" : 0.000000,
        "100" : 0.000000,
        "250" : 0.000000,
        "500" : 0.000000,
        "750" : 0.000000,
        "1000" : 0.000000
      },
      "latency_us" : {
        "2" : 0.000000,
        "4" : 0.000000,
        "10" : 0.000000,
        "20" : 0.344605,
        "50" : 0.000000,
        "100" : 0.000000,
        "250" : 15.937971,
        "500" : 8.765884,
        "750" : 0.043076,
        "1000" : 0.000000
      },
      "latency_ms" : {
        "2" : 0.000000,
        "4" : 0.021538,
        "10" : 0.129227,
        "20" : 0.236916,
        "50" : 1.270730,
        "100" : 1.184579,
        "250" : 6.116735,
        "500" : 15.205686,
        "750" : 15.981047,
        "1000" : 9.885850,
        "2000" : 21.968555,
        ">=2000" : 2.907603
      },
      "latency_depth" : 4,
      "latency_target" : 0,
      "latency_percentile" : 100.000000,
      "latency_window" : 0
    }
  ]
}
