{
  "fio version" : "fio-3.29-112-gc3773",
  "timestamp" : 1649848782,
  "timestamp_ms" : 1649848782667,
  "time" : "Wed Apr 13 11:19:42 2022",
  "global options" : {
    "size" : "50M",
    "runtime" : "60",
    "rwmixread" : "50",
    "directory" : "/mnt/mfs"
  },
  "jobs" : [
    {
      "jobname" : "iotest",
      "groupid" : 0,
      "error" : 0,
      "eta" : 0,
      "elapsed" : 61,
      "job options" : {
        "rw" : "readwrite",
        "bs" : "4k",
        "ioengine" : "libaio",
        "iodepth" : "2",
        "numjobs" : "8",
        "direct" : "1",
        "group_reporting" : "1",
        "invalidate" : "1",
        "loops" : "1",
        "write_bw_log" : "./fio-bench-13-04-2022--09-45-32-seq-mfs/seqrw/mfs/readwrite50/4k/readwrite-iodepth-2-numjobs-8",
        "write_lat_log" : "./fio-bench-13-04-2022--09-45-32-seq-mfs/seqrw/mfs/readwrite50/4k/readwrite-iodepth-2-numjobs-8",
        "write_iops_log" : "./fio-bench-13-04-2022--09-45-32-seq-mfs/seqrw/mfs/readwrite50/4k/readwrite-iodepth-2-numjobs-8",
        "log_avg_msec" : "500"
      },
      "read" : {
        "io_bytes" : 8331264,
        "io_kbytes" : 8136,
        "bw_bytes" : 138117,
        "bw" : 134,
        "iops" : 33.720159,
        "runtime" : 60320,
        "total_ios" : 2034,
        "short_ios" : 0,
        "drop_ios" : 0,
        "slat_ns" : {
          "min" : 31499,
          "max" : 1816491169,
          "mean" : 236787903.607178,
          "stddev" : 260049429.554810,
          "N" : 2034
        },
        "clat_ns" : {
          "min" : 14457,
          "max" : 1816515193,
          "mean" : 62586244.400688,
          "stddev" : 155665057.020073,
          "N" : 2034,
          "percentile" : {
            "1.000000" : 48896,
            "5.000000" : 50944,
            "10.000000" : 54528,
            "20.000000" : 62208,
            "30.000000" : 82432,
            "40.000000" : 90624,
            "50.000000" : 96768,
            "60.000000" : 103936,
            "70.000000" : 113152,
            "80.000000" : 148480,
            "90.000000" : 274726912,
            "95.000000" : 425721856,
            "99.000000" : 692060160,
            "99.500000" : 742391808,
            "99.900000" : 960495616,
            "99.950000" : 985661440,
            "99.990000" : 1820327936
          }
        },
        "lat_ns" : {
          "min" : 81505,
          "max" : 2315704012,
          "mean" : 299378378.690757,
          "stddev" : 326241197.137997,
          "N" : 2034
        },
        "bw_min" : 64,
        "bw_max" : 688,
        "bw_agg" : 100.000000,
        "bw_mean" : 179.269413,
        "bw_dev" : 15.002059,
        "bw_samples" : 722,
        "iops_min" : 16,
        "iops_max" : 172,
        "iops_mean" : 44.817353,
        "iops_stddev" : 3.750515,
        "iops_samples" : 722
      },
      "write" : {
        "io_bytes" : 8568832,
        "io_kbytes" : 8368,
        "bw_bytes" : 142056,
        "bw" : 138,
        "iops" : 34.681698,
        "runtime" : 60320,
        "total_ios" : 2092,
        "short_ios" : 0,
        "drop_ios" : 0,
        "slat_ns" : {
          "min" : 52451,
          "max" : 6089296,
          "mean" : 110815.838432,
          "stddev" : 392163.423153,
          "N" : 2092
        },
        "clat_ns" : {
          "min" : 68026,
          "max" : 1743615801,
          "mean" : 169508764.273423,
          "stddev" : 253344381.795799,
          "N" : 2092,
          "percentile" : {
            "1.000000" : 69120,
            "5.000000" : 71168,
            "10.000000" : 74240,
            "20.000000" : 78336,
            "30.000000" : 88576,
            "40.000000" : 100864,
            "50.000000" : 138240,
            "60.000000" : 107479040,
            "70.000000" : 219152384,
            "80.000000" : 341835776,
            "90.000000" : 557842432,
            "95.000000" : 683671552,
            "99.000000" : 1035993088,
            "99.500000" : 1166016512,
            "99.900000" : 1585446912,
            "99.950000" : 1652555776,
            "99.990000" : 1736441856
          }
        },
        "lat_ns" : {
          "min" : 123690,
          "max" : 1743704082,
          "mean" : 169622900.370937,
          "stddev" : 253345115.819317,
          "N" : 2092
        },
        "bw_min" : 64,
        "bw_max" : 704,
        "bw_agg" : 100.000000,
        "bw_mean" : 176.860382,
        "bw_dev" : 16.797286,
        "bw_samples" : 756,
        "iops_min" : 16,
        "iops_max" : 176,
        "iops_mean" : 44.215095,
        "iops_stddev" : 4.199321,
        "iops_samples" : 756
      },
      "trim" : {
        "io_bytes" : 0,
        "io_kbytes" : 0,
        "bw_bytes" : 0,
        "bw" : 0,
        "iops" : 0.000000,
        "runtime" : 0,
        "total_ios" : 0,
        "short_ios" : 0,
        "drop_ios" : 0,
        "slat_ns" : {
          "min" : 0,
          "max" : 0,
          "mean" : 0.000000,
          "stddev" : 0.000000,
          "N" : 0
        },
        "clat_ns" : {
          "min" : 0,
          "max" : 0,
          "mean" : 0.000000,
          "stddev" : 0.000000,
          "N" : 0
        },
        "lat_ns" : {
          "min" : 0,
          "max" : 0,
          "mean" : 0.000000,
          "stddev" : 0.000000,
          "N" : 0
        },
        "bw_min" : 0,
        "bw_max" : 0,
        "bw_agg" : 0.000000,
        "bw_mean" : 0.000000,
        "bw_dev" : 0.000000,
        "bw_samples" : 0,
        "iops_min" : 0,
        "iops_max" : 0,
        "iops_mean" : 0.000000,
        "iops_stddev" : 0.000000,
        "iops_samples" : 0
      },
      "sync" : {
        "total_ios" : 0,
        "lat_ns" : {
          "min" : 0,
          "max" : 0,
          "mean" : 0.000000,
          "stddev" : 0.000000,
          "N" : 0
        }
      },
      "job_runtime" : 481970,
      "usr_cpu" : 0.011619,
      "sys_cpu" : 0.019503,
      "ctx" : 6563,
      "majf" : 0,
      "minf" : 343,
      "iodepth_level" : {
        "1" : 0.193892,
        "2" : 99.806108,
        "4" : 0.000000,
        "8" : 0.000000,
        "16" : 0.000000,
        "32" : 0.000000,
        ">=64" : 0.000000
      },
      "iodepth_submit" : {
        "0" : 0.000000,
        "4" : 100.000000,
        "8" : 0.000000,
        "16" : 0.000000,
        "32" : 0.000000,
        "64" : 0.000000,
        ">=64" : 0.000000
      },
      "iodepth_complete" : {
        "0" : 0.000000,
        "4" : 100.000000,
        "8" : 0.000000,
        "16" : 0.000000,
        "32" : 0.000000,
        "64" : 0.000000,
        ">=64" : 0.000000
      },
      "latency_ns" : {
        "2" : 0.000000,
        "4" : 0.000000,
        "10" : 0.000000,
        "20" : 0.000000,
        "50" : 0.000000,
        "100" : 0.000000,
        "250" : 0.000000,
        "500" : 0.000000,
        "750" : 0.000000,
        "1000" : 0.000000
      },
      "latency_us" : {
        "2" : 0.000000,
        "4" : 0.000000,
        "10" : 0.000000,
        "20" : 0.193892,
        "50" : 1.502666,
        "100" : 45.346583,
        "250" : 18.444014,
        "500" : 0.048473,
        "750" : 0.000000,
        "1000" : 0.000000
      },
      "latency_ms" : {
        "2" : 0.000000,
        "4" : 0.072710,
        "10" : 0.218129,
        "20" : 0.048473,
        "50" : 2.496365,
        "100" : 2.472128,
        "250" : 9.936985,
        "500" : 11.415414,
        "750" : 5.841008,
        "1000" : 1.308774,
        "2000" : 0.654387,
        ">=2000" : 0.000000
      },
      "latency_depth" : 2,
      "latency_target" : 0,
      "latency_percentile" : 100.000000,
      "latency_window" : 0
    }
  ]
}
