{
  "fio version" : "fio-3.29-112-gc3773",
  "timestamp" : 1649850425,
  "timestamp_ms" : 1649850425030,
  "time" : "Wed Apr 13 11:47:05 2022",
  "global options" : {
    "size" : "50M",
    "runtime" : "60",
    "rwmixread" : "50",
    "directory" : "/mnt/mfs"
  },
  "jobs" : [
    {
      "jobname" : "iotest",
      "groupid" : 0,
      "error" : 0,
      "eta" : 0,
      "elapsed" : 61,
      "job options" : {
        "rw" : "readwrite",
        "bs" : "4k",
        "ioengine" : "libaio",
        "iodepth" : "32",
        "numjobs" : "4",
        "direct" : "1",
        "group_reporting" : "1",
        "invalidate" : "1",
        "loops" : "1",
        "write_bw_log" : "./fio-bench-13-04-2022--09-45-32-seq-mfs/seqrw/mfs/readwrite50/4k/readwrite-iodepth-32-numjobs-4",
        "write_lat_log" : "./fio-bench-13-04-2022--09-45-32-seq-mfs/seqrw/mfs/readwrite50/4k/readwrite-iodepth-32-numjobs-4",
        "write_iops_log" : "./fio-bench-13-04-2022--09-45-32-seq-mfs/seqrw/mfs/readwrite50/4k/readwrite-iodepth-32-numjobs-4",
        "log_avg_msec" : "500"
      },
      "read" : {
        "io_bytes" : 7323648,
        "io_kbytes" : 7152,
        "bw_bytes" : 121877,
        "bw" : 119,
        "iops" : 29.755367,
        "runtime" : 60090,
        "total_ios" : 1788,
        "short_ios" : 0,
        "drop_ios" : 0,
        "slat_ns" : {
          "min" : 32895,
          "max" : 838803652,
          "mean" : 134220355.137584,
          "stddev" : 141333097.338192,
          "N" : 1788
        },
        "clat_ns" : {
          "min" : 13899,
          "max" : 4059112013,
          "mean" : 1959061379.391498,
          "stddev" : 672908795.265553,
          "N" : 1788,
          "percentile" : {
            "1.000000" : 408944640,
            "5.000000" : 826277888,
            "10.000000" : 1082130432,
            "20.000000" : 1400897536,
            "30.000000" : 1652555776,
            "40.000000" : 1803550720,
            "50.000000" : 1954545664,
            "60.000000" : 2105540608,
            "70.000000" : 2264924160,
            "80.000000" : 2499805184,
            "90.000000" : 2868903936,
            "95.000000" : 3103784960,
            "99.000000" : 3506438144,
            "99.500000" : 3741319168,
            "99.900000" : 4009754624,
            "99.950000" : 4043309056,
            "99.990000" : 4043309056
          }
        },
        "lat_ns" : {
          "min" : 32443834,
          "max" : 4260814692,
          "mean" : 2093285651.585571,
          "stddev" : 700939743.949871,
          "N" : 1788
        },
        "bw_min" : 32,
        "bw_max" : 464,
        "bw_agg" : 100.000000,
        "bw_mean" : 127.387029,
        "bw_dev" : 21.660464,
        "bw_samples" : 434,
        "iops_min" : 8,
        "iops_max" : 116,
        "iops_mean" : 31.846757,
        "iops_stddev" : 5.415116,
        "iops_samples" : 434
      },
      "write" : {
        "io_bytes" : 7696384,
        "io_kbytes" : 7516,
        "bw_bytes" : 128080,
        "bw" : 125,
        "iops" : 31.269762,
        "runtime" : 60090,
        "total_ios" : 1879,
        "short_ios" : 0,
        "drop_ios" : 0,
        "slat_ns" : {
          "min" : 46514,
          "max" : 5705285,
          "mean" : 95053.984566,
          "stddev" : 280814.004958,
          "N" : 1879
        },
        "clat_ns" : {
          "min" : 32465415,
          "max" : 4059076743,
          "mean" : 2036370062.920171,
          "stddev" : 691036842.541420,
          "N" : 1879,
          "percentile" : {
            "1.000000" : 480247808,
            "5.000000" : 884998144,
            "10.000000" : 1132462080,
            "20.000000" : 1484783616,
            "30.000000" : 1702887424,
            "40.000000" : 1853882368,
            "50.000000" : 2004877312,
            "60.000000" : 2197815296,
            "70.000000" : 2399141888,
            "80.000000" : 2600468480,
            "90.000000" : 3003121664,
            "95.000000" : 3271557120,
            "99.000000" : 3607101440,
            "99.500000" : 3707764736,
            "99.900000" : 4043309056,
            "99.950000" : 4043309056,
            "99.990000" : 4043309056
          }
        },
        "lat_ns" : {
          "min" : 32540704,
          "max" : 4059164184,
          "mean" : 2036468243.158062,
          "stddev" : 691047031.337115,
          "N" : 1879
        },
        "bw_min" : 32,
        "bw_max" : 392,
        "bw_agg" : 100.000000,
        "bw_mean" : 131.711496,
        "bw_dev" : 20.590652,
        "bw_samples" : 440,
        "iops_min" : 8,
        "iops_max" : 98,
        "iops_mean" : 32.927874,
        "iops_stddev" : 5.147663,
        "iops_samples" : 440
      },
      "trim" : {
        "io_bytes" : 0,
        "io_kbytes" : 0,
        "bw_bytes" : 0,
        "bw" : 0,
        "iops" : 0.000000,
        "runtime" : 0,
        "total_ios" : 0,
        "short_ios" : 0,
        "drop_ios" : 0,
        "slat_ns" : {
          "min" : 0,
          "max" : 0,
          "mean" : 0.000000,
          "stddev" : 0.000000,
          "N" : 0
        },
        "clat_ns" : {
          "min" : 0,
          "max" : 0,
          "mean" : 0.000000,
          "stddev" : 0.000000,
          "N" : 0
        },
        "lat_ns" : {
          "min" : 0,
          "max" : 0,
          "mean" : 0.000000,
          "stddev" : 0.000000,
          "N" : 0
        },
        "bw_min" : 0,
        "bw_max" : 0,
        "bw_agg" : 0.000000,
        "bw_mean" : 0.000000,
        "bw_dev" : 0.000000,
        "bw_samples" : 0,
        "iops_min" : 0,
        "iops_max" : 0,
        "iops_mean" : 0.000000,
        "iops_stddev" : 0.000000,
        "iops_samples" : 0
      },
      "sync" : {
        "total_ios" : 0,
        "lat_ns" : {
          "min" : 0,
          "max" : 0,
          "mean" : 0.000000,
          "stddev" : 0.000000,
          "N" : 0
        }
      },
      "job_runtime" : 240229,
      "usr_cpu" : 0.020813,
      "sys_cpu" : 0.034967,
      "ctx" : 5796,
      "majf" : 0,
      "minf" : 172,
      "iodepth_level" : {
        "1" : 0.109081,
        "2" : 0.218162,
        "4" : 0.436324,
        "8" : 0.872648,
        "16" : 1.745296,
        "32" : 96.618489,
        ">=64" : 0.000000
      },
      "iodepth_submit" : {
        "0" : 0.000000,
        "4" : 100.000000,
        "8" : 0.000000,
        "16" : 0.000000,
        "32" : 0.000000,
        "64" : 0.000000,
        ">=64" : 0.000000
      },
      "iodepth_complete" : {
        "0" : 0.000000,
        "4" : 99.887229,
        "8" : 0.000000,
        "16" : 0.000000,
        "32" : 0.112771,
        "64" : 0.000000,
        ">=64" : 0.000000
      },
      "latency_ns" : {
        "2" : 0.000000,
        "4" : 0.000000,
        "10" : 0.000000,
        "20" : 0.000000,
        "50" : 0.000000,
        "100" : 0.000000,
        "250" : 0.000000,
        "500" : 0.000000,
        "750" : 0.000000,
        "1000" : 0.000000
      },
      "latency_us" : {
        "2" : 0.000000,
        "4" : 0.000000,
        "10" : 0.000000,
        "20" : 0.109081,
        "50" : 0.000000,
        "100" : 0.000000,
        "250" : 0.000000,
        "500" : 0.000000,
        "750" : 0.000000,
        "1000" : 0.000000
      },
      "latency_ms" : {
        "2" : 0.000000,
        "4" : 0.000000,
        "10" : 0.000000,
        "20" : 0.000000,
        "50" : 0.163621,
        "100" : 0.109081,
        "250" : 0.272702,
        "500" : 0.599945,
        "750" : 1.936188,
        "1000" : 4.008726,
        "2000" : 43.741478,
        ">=2000" : 49.059176
      },
      "latency_depth" : 32,
      "latency_target" : 0,
      "latency_percentile" : 100.000000,
      "latency_window" : 0
    }
  ]
}
