{
  "fio version" : "fio-3.29-112-gc3773",
  "timestamp" : 1649847922,
  "timestamp_ms" : 1649847922970,
  "time" : "Wed Apr 13 11:05:22 2022",
  "global options" : {
    "size" : "50M",
    "runtime" : "60",
    "rwmixread" : "50",
    "directory" : "/mnt/mfs"
  },
  "jobs" : [
    {
      "jobname" : "iotest",
      "groupid" : 0,
      "error" : 0,
      "eta" : 0,
      "elapsed" : 61,
      "job options" : {
        "rw" : "readwrite",
        "bs" : "4k",
        "ioengine" : "libaio",
        "iodepth" : "1",
        "numjobs" : "4",
        "direct" : "1",
        "group_reporting" : "1",
        "invalidate" : "1",
        "loops" : "1",
        "write_bw_log" : "./fio-bench-13-04-2022--09-45-32-seq-mfs/seqrw/mfs/readwrite50/4k/readwrite-iodepth-1-numjobs-4",
        "write_lat_log" : "./fio-bench-13-04-2022--09-45-32-seq-mfs/seqrw/mfs/readwrite50/4k/readwrite-iodepth-1-numjobs-4",
        "write_iops_log" : "./fio-bench-13-04-2022--09-45-32-seq-mfs/seqrw/mfs/readwrite50/4k/readwrite-iodepth-1-numjobs-4",
        "log_avg_msec" : "500"
      },
      "read" : {
        "io_bytes" : 6934528,
        "io_kbytes" : 6772,
        "bw_bytes" : 114973,
        "bw" : 112,
        "iops" : 28.069768,
        "runtime" : 60314,
        "total_ios" : 1693,
        "short_ios" : 0,
        "drop_ios" : 0,
        "slat_ns" : {
          "min" : 31987,
          "max" : 2473924472,
          "mean" : 142074639.360307,
          "stddev" : 191206568.310111,
          "N" : 1693
        },
        "clat_ns" : {
          "min" : 2234,
          "max" : 48959,
          "mean" : 3449.495570,
          "stddev" : 1788.184402,
          "N" : 1693,
          "percentile" : {
            "1.000000" : 2576,
            "5.000000" : 2576,
            "10.000000" : 2640,
            "20.000000" : 2640,
            "30.000000" : 2928,
            "40.000000" : 3152,
            "50.000000" : 3344,
            "60.000000" : 3504,
            "70.000000" : 3632,
            "80.000000" : 3856,
            "90.000000" : 4192,
            "95.000000" : 4448,
            "99.000000" : 5216,
            "99.500000" : 5792,
            "99.900000" : 42240,
            "99.950000" : 48896,
            "99.990000" : 48896
          }
        },
        "lat_ns" : {
          "min" : 37295,
          "max" : 2473933272,
          "mean" : 142081860.310691,
          "stddev" : 191207465.920092,
          "N" : 1693
        },
        "bw_min" : 32,
        "bw_max" : 424,
        "bw_agg" : 100.000000,
        "bw_mean" : 121.527434,
        "bw_dev" : 19.707594,
        "bw_samples" : 443,
        "iops_min" : 8,
        "iops_max" : 106,
        "iops_mean" : 30.381859,
        "iops_stddev" : 4.926898,
        "iops_samples" : 443
      },
      "write" : {
        "io_bytes" : 7290880,
        "io_kbytes" : 7120,
        "bw_bytes" : 120882,
        "bw" : 118,
        "iops" : 29.512219,
        "runtime" : 60314,
        "total_ios" : 1780,
        "short_ios" : 0,
        "drop_ios" : 0,
        "slat_ns" : {
          "min" : 52311,
          "max" : 6197519,
          "mean" : 100456.235955,
          "stddev" : 331894.122367,
          "N" : 1780
        },
        "clat_ns" : {
          "min" : 2095,
          "max" : 45117,
          "mean" : 3043.247753,
          "stddev" : 2603.518177,
          "N" : 1780,
          "percentile" : {
            "1.000000" : 2512,
            "5.000000" : 2576,
            "10.000000" : 2576,
            "20.000000" : 2640,
            "30.000000" : 2640,
            "40.000000" : 2736,
            "50.000000" : 2736,
            "60.000000" : 2736,
            "70.000000" : 2800,
            "80.000000" : 2864,
            "90.000000" : 2928,
            "95.000000" : 2992,
            "99.000000" : 18816,
            "99.500000" : 23680,
            "99.900000" : 38144,
            "99.950000" : 45312,
            "99.990000" : 45312
          }
        },
        "lat_ns" : {
          "min" : 57619,
          "max" : 6203595,
          "mean" : 106607.392135,
          "stddev" : 331904.895911,
          "N" : 1780
        },
        "bw_min" : 32,
        "bw_max" : 544,
        "bw_agg" : 100.000000,
        "bw_mean" : 136.779766,
        "bw_dev" : 25.842886,
        "bw_samples" : 416,
        "iops_min" : 8,
        "iops_max" : 136,
        "iops_mean" : 34.194942,
        "iops_stddev" : 6.460721,
        "iops_samples" : 416
      },
      "trim" : {
        "io_bytes" : 0,
        "io_kbytes" : 0,
        "bw_bytes" : 0,
        "bw" : 0,
        "iops" : 0.000000,
        "runtime" : 0,
        "total_ios" : 0,
        "short_ios" : 0,
        "drop_ios" : 0,
        "slat_ns" : {
          "min" : 0,
          "max" : 0,
          "mean" : 0.000000,
          "stddev" : 0.000000,
          "N" : 0
        },
        "clat_ns" : {
          "min" : 0,
          "max" : 0,
          "mean" : 0.000000,
          "stddev" : 0.000000,
          "N" : 0
        },
        "lat_ns" : {
          "min" : 0,
          "max" : 0,
          "mean" : 0.000000,
          "stddev" : 0.000000,
          "N" : 0
        },
        "bw_min" : 0,
        "bw_max" : 0,
        "bw_agg" : 0.000000,
        "bw_mean" : 0.000000,
        "bw_dev" : 0.000000,
        "bw_samples" : 0,
        "iops_min" : 0,
        "iops_max" : 0,
        "iops_mean" : 0.000000,
        "iops_stddev" : 0.000000,
        "iops_samples" : 0
      },
      "sync" : {
        "total_ios" : 0,
        "lat_ns" : {
          "min" : 0,
          "max" : 0,
          "mean" : 0.000000,
          "stddev" : 0.000000,
          "N" : 0
        }
      },
      "job_runtime" : 240775,
      "usr_cpu" : 0.017444,
      "sys_cpu" : 0.034472,
      "ctx" : 5422,
      "majf" : 0,
      "minf" : 155,
      "iodepth_level" : {
        "1" : 100.000000,
        "2" : 0.000000,
        "4" : 0.000000,
        "8" : 0.000000,
        "16" : 0.000000,
        "32" : 0.000000,
        ">=64" : 0.000000
      },
      "iodepth_submit" : {
        "0" : 0.000000,
        "4" : 100.000000,
        "8" : 0.000000,
        "16" : 0.000000,
        "32" : 0.000000,
        "64" : 0.000000,
        ">=64" : 0.000000
      },
      "iodepth_complete" : {
        "0" : 0.000000,
        "4" : 100.000000,
        "8" : 0.000000,
        "16" : 0.000000,
        "32" : 0.000000,
        "64" : 0.000000,
        ">=64" : 0.000000
      },
      "latency_ns" : {
        "2" : 0.000000,
        "4" : 0.000000,
        "10" : 0.000000,
        "20" : 0.000000,
        "50" : 0.000000,
        "100" : 0.000000,
        "250" : 0.000000,
        "500" : 0.000000,
        "750" : 0.000000,
        "1000" : 0.000000
      },
      "latency_us" : {
        "2" : 0.000000,
        "4" : 92.312122,
        "10" : 6.795278,
        "20" : 0.287936,
        "50" : 0.604665,
        "100" : 0.000000,
        "250" : 0.000000,
        "500" : 0.000000,
        "750" : 0.000000,
        "1000" : 0.000000
      },
      "latency_ms" : {
        "2" : 0.000000,
        "4" : 0.000000,
        "10" : 0.000000,
        "20" : 0.000000,
        "50" : 0.000000,
        "100" : 0.000000,
        "250" : 0.000000,
        "500" : 0.000000,
        "750" : 0.000000,
        "1000" : 0.000000,
        "2000" : 0.000000,
        ">=2000" : 0.000000
      },
      "latency_depth" : 1,
      "latency_target" : 0,
      "latency_percentile" : 100.000000,
      "latency_window" : 0
    }
  ]
}
