{
  "fio version" : "fio-3.29-112-gc3773",
  "timestamp" : 1649849755,
  "timestamp_ms" : 1649849755411,
  "time" : "Wed Apr 13 11:35:55 2022",
  "global options" : {
    "size" : "50M",
    "runtime" : "60",
    "rwmixread" : "50",
    "directory" : "/mnt/mfs"
  },
  "jobs" : [
    {
      "jobname" : "iotest",
      "groupid" : 0,
      "error" : 0,
      "eta" : 0,
      "elapsed" : 62,
      "job options" : {
        "rw" : "readwrite",
        "bs" : "4k",
        "ioengine" : "libaio",
        "iodepth" : "8",
        "numjobs" : "32",
        "direct" : "1",
        "group_reporting" : "1",
        "invalidate" : "1",
        "loops" : "1",
        "write_bw_log" : "./fio-bench-13-04-2022--09-45-32-seq-mfs/seqrw/mfs/readwrite50/4k/readwrite-iodepth-8-numjobs-32",
        "write_lat_log" : "./fio-bench-13-04-2022--09-45-32-seq-mfs/seqrw/mfs/readwrite50/4k/readwrite-iodepth-8-numjobs-32",
        "write_iops_log" : "./fio-bench-13-04-2022--09-45-32-seq-mfs/seqrw/mfs/readwrite50/4k/readwrite-iodepth-8-numjobs-32",
        "log_avg_msec" : "500"
      },
      "read" : {
        "io_bytes" : 8990720,
        "io_kbytes" : 8780,
        "bw_bytes" : 147890,
        "bw" : 144,
        "iops" : 36.106131,
        "runtime" : 60793,
        "total_ios" : 2195,
        "short_ios" : 0,
        "drop_ios" : 0,
        "slat_ns" : {
          "min" : 31568,
          "max" : 5579611079,
          "mean" : 879804128.242825,
          "stddev" : 897965029.793176,
          "N" : 2195
        },
        "clat_ns" : {
          "min" : 14946,
          "max" : 8725960112,
          "mean" : 2657788985.518907,
          "stddev" : 1550975858.973036,
          "N" : 2195,
          "percentile" : {
            "1.000000" : 17536,
            "5.000000" : 577536,
            "10.000000" : 767557632,
            "20.000000" : 1283457024,
            "30.000000" : 1769996288,
            "40.000000" : 2164260864,
            "50.000000" : 2533359616,
            "60.000000" : 2936012800,
            "70.000000" : 3372220416,
            "80.000000" : 3909091328,
            "90.000000" : 4798283776,
            "95.000000" : 5402263552,
            "99.000000" : 6744440832,
            "99.500000" : 7012876288,
            "99.900000" : 8657043456,
            "99.950000" : 8791261184,
            "99.990000" : 8791261184
          }
        },
        "lat_ns" : {
          "min" : 379589,
          "max" : 10205323134,
          "mean" : 3537598386.512073,
          "stddev" : 1825131846.246160,
          "N" : 2195
        },
        "bw_min" : 256,
        "bw_max" : 1432,
        "bw_agg" : 100.000000,
        "bw_mean" : 505.713268,
        "bw_dev" : 9.725545,
        "bw_samples" : 1046,
        "iops_min" : 64,
        "iops_max" : 358,
        "iops_mean" : 126.428317,
        "iops_stddev" : 2.431386,
        "iops_samples" : 1046
      },
      "write" : {
        "io_bytes" : 8912896,
        "io_kbytes" : 8704,
        "bw_bytes" : 146610,
        "bw" : 143,
        "iops" : 35.793595,
        "runtime" : 60793,
        "total_ios" : 2176,
        "short_ios" : 0,
        "drop_ios" : 0,
        "slat_ns" : {
          "min" : 37644,
          "max" : 7302843,
          "mean" : 234390.722426,
          "stddev" : 892630.945337,
          "N" : 2176
        },
        "clat_ns" : {
          "min" : 521926,
          "max" : 9681295334,
          "mean" : 3386706104.009192,
          "stddev" : 1676944008.773891,
          "N" : 2176,
          "percentile" : {
            "1.000000" : 626688,
            "5.000000" : 1010827264,
            "10.000000" : 1384120320,
            "20.000000" : 1971322880,
            "30.000000" : 2399141888,
            "40.000000" : 2768240640,
            "50.000000" : 3137339392,
            "60.000000" : 3607101440,
            "70.000000" : 4076863488,
            "80.000000" : 4664066048,
            "90.000000" : 5737807872,
            "95.000000" : 6476005376,
            "99.000000" : 8086618112,
            "99.500000" : 8791261184,
            "99.900000" : 9462349824,
            "99.950000" : 9596567552,
            "99.990000" : 9730785280
          }
        },
        "lat_ns" : {
          "min" : 600707,
          "max" : 9681367341,
          "mean" : 3386943691.801471,
          "stddev" : 1676994199.475870,
          "N" : 2176
        },
        "bw_min" : 256,
        "bw_max" : 1328,
        "bw_agg" : 100.000000,
        "bw_mean" : 501.690793,
        "bw_dev" : 9.391496,
        "bw_samples" : 1052,
        "iops_min" : 64,
        "iops_max" : 332,
        "iops_mean" : 125.422698,
        "iops_stddev" : 2.347874,
        "iops_samples" : 1052
      },
      "trim" : {
        "io_bytes" : 0,
        "io_kbytes" : 0,
        "bw_bytes" : 0,
        "bw" : 0,
        "iops" : 0.000000,
        "runtime" : 0,
        "total_ios" : 0,
        "short_ios" : 0,
        "drop_ios" : 0,
        "slat_ns" : {
          "min" : 0,
          "max" : 0,
          "mean" : 0.000000,
          "stddev" : 0.000000,
          "N" : 0
        },
        "clat_ns" : {
          "min" : 0,
          "max" : 0,
          "mean" : 0.000000,
          "stddev" : 0.000000,
          "N" : 0
        },
        "lat_ns" : {
          "min" : 0,
          "max" : 0,
          "mean" : 0.000000,
          "stddev" : 0.000000,
          "N" : 0
        },
        "bw_min" : 0,
        "bw_max" : 0,
        "bw_agg" : 0.000000,
        "bw_mean" : 0.000000,
        "bw_dev" : 0.000000,
        "bw_samples" : 0,
        "iops_min" : 0,
        "iops_max" : 0,
        "iops_mean" : 0.000000,
        "iops_stddev" : 0.000000,
        "iops_samples" : 0
      },
      "sync" : {
        "total_ios" : 0,
        "lat_ns" : {
          "min" : 0,
          "max" : 0,
          "mean" : 0.000000,
          "stddev" : 0.000000,
          "N" : 0
        }
      },
      "job_runtime" : 1934032,
      "usr_cpu" : 0.004653,
      "sys_cpu" : 0.003361,
      "ctx" : 6970,
      "majf" : 0,
      "minf" : 1411,
      "iodepth_level" : {
        "1" : 0.732098,
        "2" : 1.464196,
        "4" : 2.928392,
        "8" : 94.875315,
        "16" : 0.000000,
        "32" : 0.000000,
        ">=64" : 0.000000
      },
      "iodepth_submit" : {
        "0" : 0.000000,
        "4" : 100.000000,
        "8" : 0.000000,
        "16" : 0.000000,
        "32" : 0.000000,
        "64" : 0.000000,
        ">=64" : 0.000000
      },
      "iodepth_complete" : {
        "0" : 0.000000,
        "4" : 99.234267,
        "8" : 0.765733,
        "16" : 0.000000,
        "32" : 0.000000,
        "64" : 0.000000,
        ">=64" : 0.000000
      },
      "latency_ns" : {
        "2" : 0.000000,
        "4" : 0.000000,
        "10" : 0.000000,
        "20" : 0.000000,
        "50" : 0.000000,
        "100" : 0.000000,
        "250" : 0.000000,
        "500" : 0.000000,
        "750" : 0.000000,
        "1000" : 0.000000
      },
      "latency_us" : {
        "2" : 0.000000,
        "4" : 0.000000,
        "10" : 0.000000,
        "20" : 0.709220,
        "50" : 0.022878,
        "100" : 0.000000,
        "250" : 0.000000,
        "500" : 0.938000,
        "750" : 1.898879,
        "1000" : 0.000000
      },
      "latency_ms" : {
        "2" : 0.000000,
        "4" : 0.000000,
        "10" : 0.091512,
        "20" : 0.000000,
        "50" : 0.000000,
        "100" : 0.022878,
        "250" : 0.022878,
        "500" : 0.594830,
        "750" : 1.830245,
        "1000" : 3.546099,
        "2000" : 18.142302,
        ">=2000" : 72.180279
      },
      "latency_depth" : 8,
      "latency_target" : 0,
      "latency_percentile" : 100.000000,
      "latency_window" : 0
    }
  ]
}
