{
  "fio version" : "fio-3.29-112-gc3773",
  "timestamp" : 1649849087,
  "timestamp_ms" : 1649849087181,
  "time" : "Wed Apr 13 11:24:47 2022",
  "global options" : {
    "size" : "50M",
    "runtime" : "60",
    "rwmixread" : "50",
    "directory" : "/mnt/mfs"
  },
  "jobs" : [
    {
      "jobname" : "iotest",
      "groupid" : 0,
      "error" : 0,
      "eta" : 0,
      "elapsed" : 61,
      "job options" : {
        "rw" : "readwrite",
        "bs" : "4k",
        "ioengine" : "libaio",
        "iodepth" : "4",
        "numjobs" : "2",
        "direct" : "1",
        "group_reporting" : "1",
        "invalidate" : "1",
        "loops" : "1",
        "write_bw_log" : "./fio-bench-13-04-2022--09-45-32-seq-mfs/seqrw/mfs/readwrite50/4k/readwrite-iodepth-4-numjobs-2",
        "write_lat_log" : "./fio-bench-13-04-2022--09-45-32-seq-mfs/seqrw/mfs/readwrite50/4k/readwrite-iodepth-4-numjobs-2",
        "write_iops_log" : "./fio-bench-13-04-2022--09-45-32-seq-mfs/seqrw/mfs/readwrite50/4k/readwrite-iodepth-4-numjobs-2",
        "log_avg_msec" : "500"
      },
      "read" : {
        "io_bytes" : 6250496,
        "io_kbytes" : 6104,
        "bw_bytes" : 103982,
        "bw" : 101,
        "iops" : 25.386369,
        "runtime" : 60111,
        "total_ios" : 1526,
        "short_ios" : 0,
        "drop_ios" : 0,
        "slat_ns" : {
          "min" : 31987,
          "max" : 1435582184,
          "mean" : 78612320.330275,
          "stddev" : 104659263.390555,
          "N" : 1526
        },
        "clat_ns" : {
          "min" : 14108,
          "max" : 1535229000,
          "mean" : 96923459.719528,
          "stddev" : 127874479.349922,
          "N" : 1526,
          "percentile" : {
            "1.000000" : 154624,
            "5.000000" : 189440,
            "10.000000" : 216064,
            "20.000000" : 254976,
            "30.000000" : 292864,
            "40.000000" : 28180480,
            "50.000000" : 73924608,
            "60.000000" : 109576192,
            "70.000000" : 137363456,
            "80.000000" : 173015040,
            "90.000000" : 235929600,
            "95.000000" : 274726912,
            "99.000000" : 358612992,
            "99.500000" : 497025024,
            "99.900000" : 1434451968,
            "99.950000" : 1535115264,
            "99.990000" : 1535115264
          }
        },
        "lat_ns" : {
          "min" : 180052,
          "max" : 1574696251,
          "mean" : 175539309.235911,
          "stddev" : 162529718.530554,
          "N" : 1526
        },
        "bw_min" : 16,
        "bw_max" : 248,
        "bw_agg" : 100.000000,
        "bw_mean" : 106.277346,
        "bw_dev" : 20.234362,
        "bw_samples" : 229,
        "iops_min" : 4,
        "iops_max" : 62,
        "iops_mean" : 26.569336,
        "iops_stddev" : 5.058590,
        "iops_samples" : 229
      },
      "write" : {
        "io_bytes" : 6594560,
        "io_kbytes" : 6440,
        "bw_bytes" : 109706,
        "bw" : 107,
        "iops" : 26.783783,
        "runtime" : 60111,
        "total_ios" : 1610,
        "short_ios" : 0,
        "drop_ios" : 0,
        "slat_ns" : {
          "min" : 52102,
          "max" : 5523498,
          "mean" : 88591.092547,
          "stddev" : 228522.396604,
          "N" : 1610
        },
        "clat_ns" : {
          "min" : 200585,
          "max" : 1458132314,
          "mean" : 131907485.870186,
          "stddev" : 143129834.132004,
          "N" : 1610,
          "percentile" : {
            "1.000000" : 216064,
            "5.000000" : 234496,
            "10.000000" : 250880,
            "20.000000" : 25296896,
            "30.000000" : 43253760,
            "40.000000" : 82313216,
            "50.000000" : 114819072,
            "60.000000" : 145752064,
            "70.000000" : 173015040,
            "80.000000" : 204472320,
            "90.000000" : 270532608,
            "95.000000" : 312475648,
            "99.000000" : 446693376,
            "99.500000" : 1317011456,
            "99.900000" : 1451229184,
            "99.950000" : 1451229184,
            "99.990000" : 1451229184
          }
        },
        "lat_ns" : {
          "min" : 256179,
          "max" : 1458191539,
          "mean" : 131999177.790683,
          "stddev" : 143121198.933333,
          "N" : 1610
        },
        "bw_min" : 16,
        "bw_max" : 352,
        "bw_agg" : 100.000000,
        "bw_mean" : 111.791304,
        "bw_dev" : 32.639071,
        "bw_samples" : 230,
        "iops_min" : 4,
        "iops_max" : 88,
        "iops_mean" : 27.947826,
        "iops_stddev" : 8.159768,
        "iops_samples" : 230
      },
      "trim" : {
        "io_bytes" : 0,
        "io_kbytes" : 0,
        "bw_bytes" : 0,
        "bw" : 0,
        "iops" : 0.000000,
        "runtime" : 0,
        "total_ios" : 0,
        "short_ios" : 0,
        "drop_ios" : 0,
        "slat_ns" : {
          "min" : 0,
          "max" : 0,
          "mean" : 0.000000,
          "stddev" : 0.000000,
          "N" : 0
        },
        "clat_ns" : {
          "min" : 0,
          "max" : 0,
          "mean" : 0.000000,
          "stddev" : 0.000000,
          "N" : 0
        },
        "lat_ns" : {
          "min" : 0,
          "max" : 0,
          "mean" : 0.000000,
          "stddev" : 0.000000,
          "N" : 0
        },
        "bw_min" : 0,
        "bw_max" : 0,
        "bw_agg" : 0.000000,
        "bw_mean" : 0.000000,
        "bw_dev" : 0.000000,
        "bw_samples" : 0,
        "iops_min" : 0,
        "iops_max" : 0,
        "iops_mean" : 0.000000,
        "iops_stddev" : 0.000000,
        "iops_samples" : 0
      },
      "sync" : {
        "total_ios" : 0,
        "lat_ns" : {
          "min" : 0,
          "max" : 0,
          "mean" : 0.000000,
          "stddev" : 0.000000,
          "N" : 0
        }
      },
      "job_runtime" : 120155,
      "usr_cpu" : 0.033290,
      "sys_cpu" : 0.060755,
      "ctx" : 4895,
      "majf" : 0,
      "minf" : 89,
      "iodepth_level" : {
        "1" : 0.100000,
        "2" : 0.127551,
        "4" : 99.808673,
        "8" : 0.000000,
        "16" : 0.000000,
        "32" : 0.000000,
        ">=64" : 0.000000
      },
      "iodepth_submit" : {
        "0" : 0.000000,
        "4" : 100.000000,
        "8" : 0.000000,
        "16" : 0.000000,
        "32" : 0.000000,
        "64" : 0.000000,
        ">=64" : 0.000000
      },
      "iodepth_complete" : {
        "0" : 0.000000,
        "4" : 100.000000,
        "8" : 0.000000,
        "16" : 0.000000,
        "32" : 0.000000,
        "64" : 0.000000,
        ">=64" : 0.000000
      },
      "latency_ns" : {
        "2" : 0.000000,
        "4" : 0.000000,
        "10" : 0.000000,
        "20" : 0.000000,
        "50" : 0.000000,
        "100" : 0.000000,
        "250" : 0.000000,
        "500" : 0.000000,
        "750" : 0.000000,
        "1000" : 0.000000
      },
      "latency_us" : {
        "2" : 0.000000,
        "4" : 0.000000,
        "10" : 0.000000,
        "20" : 0.063776,
        "50" : 0.000000,
        "100" : 0.000000,
        "250" : 13.903061,
        "500" : 8.737245,
        "750" : 0.000000,
        "1000" : 0.000000
      },
      "latency_ms" : {
        "2" : 0.000000,
        "4" : 0.031888,
        "10" : 0.286990,
        "20" : 3.858418,
        "50" : 12.053571,
        "100" : 11.065051,
        "250" : 39.126276,
        "500" : 10.235969,
        "750" : 0.063776,
        "1000" : 0.000000,
        "2000" : 0.573980,
        ">=2000" : 0.000000
      },
      "latency_depth" : 4,
      "latency_target" : 0,
      "latency_percentile" : 100.000000,
      "latency_window" : 0
    }
  ]
}
