{
  "fio version" : "fio-3.29-112-gc3773",
  "timestamp" : 1649851032,
  "timestamp_ms" : 1649851032350,
  "time" : "Wed Apr 13 11:57:12 2022",
  "global options" : {
    "size" : "50M",
    "runtime" : "60",
    "rwmixread" : "50",
    "directory" : "/mnt/mfs"
  },
  "jobs" : [
    {
      "jobname" : "iotest",
      "groupid" : 0,
      "error" : 0,
      "eta" : 0,
      "elapsed" : 62,
      "job options" : {
        "rw" : "readwrite",
        "bs" : "4k",
        "ioengine" : "libaio",
        "iodepth" : "64",
        "numjobs" : "32",
        "direct" : "1",
        "group_reporting" : "1",
        "invalidate" : "1",
        "loops" : "1",
        "write_bw_log" : "./fio-bench-13-04-2022--09-45-32-seq-mfs/seqrw/mfs/readwrite50/4k/readwrite-iodepth-64-numjobs-32",
        "write_lat_log" : "./fio-bench-13-04-2022--09-45-32-seq-mfs/seqrw/mfs/readwrite50/4k/readwrite-iodepth-64-numjobs-32",
        "write_iops_log" : "./fio-bench-13-04-2022--09-45-32-seq-mfs/seqrw/mfs/readwrite50/4k/readwrite-iodepth-64-numjobs-32",
        "log_avg_msec" : "500"
      },
      "read" : {
        "io_bytes" : 9007104,
        "io_kbytes" : 8796,
        "bw_bytes" : 147895,
        "bw" : 144,
        "iops" : 36.107189,
        "runtime" : 60902,
        "total_ios" : 2199,
        "short_ios" : 0,
        "drop_ios" : 0,
        "slat_ns" : {
          "min" : 31289,
          "max" : 5180974267,
          "mean" : 877693397.912688,
          "stddev" : 902072131.899376,
          "N" : 2199
        },
        "clat_ns" : {
          "min" : 15296,
          "max" : 47374330831,
          "mean" : 19797964589.741695,
          "stddev" : 9920758838.537310,
          "N" : 2199,
          "percentile" : {
            "1.000000" : 17792,
            "5.000000" : 1937768448,
            "10.000000" : 4328521728,
            "20.000000" : 10670309376,
            "30.000000" : 14428405760,
            "40.000000" : 17112760320,
            "50.000000" : 17112760320,
            "60.000000" : 17112760320,
            "70.000000" : 17112760320,
            "80.000000" : 17112760320,
            "90.000000" : 17112760320,
            "95.000000" : 17112760320,
            "99.000000" : 17112760320,
            "99.500000" : 17112760320,
            "99.900000" : 17112760320,
            "99.950000" : 17112760320,
            "99.990000" : 17112760320
          }
        },
        "lat_ns" : {
          "min" : 384111172,
          "max" : 48242382408,
          "mean" : 20675663340.102776,
          "stddev" : 10045793449.879267,
          "N" : 2199
        },
        "bw_min" : 256,
        "bw_max" : 1336,
        "bw_agg" : 100.000000,
        "bw_mean" : 521.577144,
        "bw_dev" : 10.331021,
        "bw_samples" : 573,
        "iops_min" : 64,
        "iops_max" : 334,
        "iops_mean" : 130.394286,
        "iops_stddev" : 2.582755,
        "iops_samples" : 573
      },
      "write" : {
        "io_bytes" : 8843264,
        "io_kbytes" : 8636,
        "bw_bytes" : 145204,
        "bw" : 141,
        "iops" : 35.450396,
        "runtime" : 60902,
        "total_ios" : 2159,
        "short_ios" : 0,
        "drop_ios" : 0,
        "slat_ns" : {
          "min" : 37155,
          "max" : 86697281,
          "mean" : 267310.429365,
          "stddev" : 2046904.096685,
          "N" : 2159
        },
        "clat_ns" : {
          "min" : 563403499,
          "max" : 47374363447,
          "mean" : 20932771118.754974,
          "stddev" : 10151812460.693768,
          "N" : 2159,
          "percentile" : {
            "1.000000" : 1149239296,
            "5.000000" : 2969567232,
            "10.000000" : 5268045824,
            "20.000000" : 10938744832,
            "30.000000" : 15233712128,
            "40.000000" : 17112760320,
            "50.000000" : 17112760320,
            "60.000000" : 17112760320,
            "70.000000" : 17112760320,
            "80.000000" : 17112760320,
            "90.000000" : 17112760320,
            "95.000000" : 17112760320,
            "99.000000" : 17112760320,
            "99.500000" : 17112760320,
            "99.900000" : 17112760320,
            "99.950000" : 17112760320,
            "99.990000" : 17112760320
          }
        },
        "lat_ns" : {
          "min" : 563493525,
          "max" : 47374423162,
          "mean" : 20933041760.390003,
          "stddev" : 10152001056.946981,
          "N" : 2159
        },
        "bw_min" : 256,
        "bw_max" : 1240,
        "bw_agg" : 100.000000,
        "bw_mean" : 499.501685,
        "bw_dev" : 9.234765,
        "bw_samples" : 584,
        "iops_min" : 64,
        "iops_max" : 310,
        "iops_mean" : 124.875421,
        "iops_stddev" : 2.308691,
        "iops_samples" : 584
      },
      "trim" : {
        "io_bytes" : 0,
        "io_kbytes" : 0,
        "bw_bytes" : 0,
        "bw" : 0,
        "iops" : 0.000000,
        "runtime" : 0,
        "total_ios" : 0,
        "short_ios" : 0,
        "drop_ios" : 0,
        "slat_ns" : {
          "min" : 0,
          "max" : 0,
          "mean" : 0.000000,
          "stddev" : 0.000000,
          "N" : 0
        },
        "clat_ns" : {
          "min" : 0,
          "max" : 0,
          "mean" : 0.000000,
          "stddev" : 0.000000,
          "N" : 0
        },
        "lat_ns" : {
          "min" : 0,
          "max" : 0,
          "mean" : 0.000000,
          "stddev" : 0.000000,
          "N" : 0
        },
        "bw_min" : 0,
        "bw_max" : 0,
        "bw_agg" : 0.000000,
        "bw_mean" : 0.000000,
        "bw_dev" : 0.000000,
        "bw_samples" : 0,
        "iops_min" : 0,
        "iops_max" : 0,
        "iops_mean" : 0.000000,
        "iops_stddev" : 0.000000,
        "iops_samples" : 0
      },
      "sync" : {
        "total_ios" : 0,
        "lat_ns" : {
          "min" : 0,
          "max" : 0,
          "mean" : 0.000000,
          "stddev" : 0.000000,
          "N" : 0
        }
      },
      "job_runtime" : 1934547,
      "usr_cpu" : 0.003773,
      "sys_cpu" : 0.004187,
      "ctx" : 6962,
      "majf" : 0,
      "minf" : 1354,
      "iodepth_level" : {
        "1" : 0.734282,
        "2" : 1.468564,
        "4" : 2.937127,
        "8" : 5.874254,
        "16" : 11.748508,
        "32" : 23.497017,
        ">=64" : 53.740248
      },
      "iodepth_submit" : {
        "0" : 0.000000,
        "4" : 100.000000,
        "8" : 0.000000,
        "16" : 0.000000,
        "32" : 0.000000,
        "64" : 0.000000,
        ">=64" : 0.000000
      },
      "iodepth_complete" : {
        "0" : 0.000000,
        "4" : 98.652064,
        "8" : 0.000000,
        "16" : 0.000000,
        "32" : 0.000000,
        "64" : 1.347936,
        ">=64" : 0.000000
      },
      "latency_ns" : {
        "2" : 0.000000,
        "4" : 0.000000,
        "10" : 0.000000,
        "20" : 0.000000,
        "50" : 0.000000,
        "100" : 0.000000,
        "250" : 0.000000,
        "500" : 0.000000,
        "750" : 0.000000,
        "1000" : 0.000000
      },
      "latency_us" : {
        "2" : 0.000000,
        "4" : 0.000000,
        "10" : 0.000000,
        "20" : 0.665443,
        "50" : 0.068839,
        "100" : 0.000000,
        "250" : 0.000000,
        "500" : 0.000000,
        "750" : 0.000000,
        "1000" : 0.000000
      },
      "latency_ms" : {
        "2" : 0.000000,
        "4" : 0.000000,
        "10" : 0.000000,
        "20" : 0.000000,
        "50" : 0.000000,
        "100" : 0.000000,
        "250" : 0.000000,
        "500" : 0.022946,
        "750" : 0.367141,
        "1000" : 0.527765,
        "2000" : 2.363469,
        ">=2000" : 95.984397
      },
      "latency_depth" : 64,
      "latency_target" : 0,
      "latency_percentile" : 100.000000,
      "latency_window" : 0
    }
  ]
}
