{
  "fio version" : "fio-3.29-112-gc3773",
  "timestamp" : 1649848904,
  "timestamp_ms" : 1649848904824,
  "time" : "Wed Apr 13 11:21:44 2022",
  "global options" : {
    "size" : "50M",
    "runtime" : "60",
    "rwmixread" : "50",
    "directory" : "/mnt/mfs"
  },
  "jobs" : [
    {
      "jobname" : "iotest",
      "groupid" : 0,
      "error" : 0,
      "eta" : 0,
      "elapsed" : 62,
      "job options" : {
        "rw" : "readwrite",
        "bs" : "4k",
        "ioengine" : "libaio",
        "iodepth" : "2",
        "numjobs" : "32",
        "direct" : "1",
        "group_reporting" : "1",
        "invalidate" : "1",
        "loops" : "1",
        "write_bw_log" : "./fio-bench-13-04-2022--09-45-32-seq-mfs/seqrw/mfs/readwrite50/4k/readwrite-iodepth-2-numjobs-32",
        "write_lat_log" : "./fio-bench-13-04-2022--09-45-32-seq-mfs/seqrw/mfs/readwrite50/4k/readwrite-iodepth-2-numjobs-32",
        "write_iops_log" : "./fio-bench-13-04-2022--09-45-32-seq-mfs/seqrw/mfs/readwrite50/4k/readwrite-iodepth-2-numjobs-32",
        "log_avg_msec" : "500"
      },
      "read" : {
        "io_bytes" : 8953856,
        "io_kbytes" : 8744,
        "bw_bytes" : 146989,
        "bw" : 143,
        "iops" : 35.886071,
        "runtime" : 60915,
        "total_ios" : 2186,
        "short_ios" : 0,
        "drop_ios" : 0,
        "slat_ns" : {
          "min" : 30032,
          "max" : 7415124922,
          "mean" : 885134080.147301,
          "stddev" : 916581078.214211,
          "N" : 2186
        },
        "clat_ns" : {
          "min" : 14387,
          "max" : 3875556528,
          "mean" : 161063538.028362,
          "stddev" : 449421585.689451,
          "N" : 2186,
          "percentile" : {
            "1.000000" : 16192,
            "5.000000" : 50432,
            "10.000000" : 52480,
            "20.000000" : 62208,
            "30.000000" : 73216,
            "40.000000" : 89600,
            "50.000000" : 97792,
            "60.000000" : 103936,
            "70.000000" : 116224,
            "80.000000" : 164864,
            "90.000000" : 692060160,
            "95.000000" : 1216348160,
            "99.000000" : 2021654528,
            "99.500000" : 2701131776,
            "99.900000" : 3372220416,
            "99.950000" : 3439329280,
            "99.990000" : 3875536896
          }
        },
        "lat_ns" : {
          "min" : 81156,
          "max" : 7415255037,
          "mean" : 1046202885.478957,
          "stddev" : 1098601117.001192,
          "N" : 2186
        },
        "bw_min" : 254,
        "bw_max" : 1664,
        "bw_agg" : 100.000000,
        "bw_mean" : 514.970329,
        "bw_dev" : 11.337844,
        "bw_samples" : 1067,
        "iops_min" : 62,
        "iops_max" : 416,
        "iops_mean" : 128.700118,
        "iops_stddev" : 2.835742,
        "iops_samples" : 1067
      },
      "write" : {
        "io_bytes" : 8908800,
        "io_kbytes" : 8700,
        "bw_bytes" : 146249,
        "bw" : 142,
        "iops" : 35.705491,
        "runtime" : 60915,
        "total_ios" : 2175,
        "short_ios" : 0,
        "drop_ios" : 0,
        "slat_ns" : {
          "min" : 36876,
          "max" : 7293432,
          "mean" : 234715.519540,
          "stddev" : 881079.850422,
          "N" : 2175
        },
        "clat_ns" : {
          "min" : 49029,
          "max" : 7415143360,
          "mean" : 727876269.459310,
          "stddev" : 934378351.107055,
          "N" : 2175,
          "percentile" : {
            "1.000000" : 70144,
            "5.000000" : 71168,
            "10.000000" : 73216,
            "20.000000" : 77312,
            "30.000000" : 89600,
            "40.000000" : 102912,
            "50.000000" : 283115520,
            "60.000000" : 817889280,
            "70.000000" : 1098907648,
            "80.000000" : 1417674752,
            "90.000000" : 1971322880,
            "95.000000" : 2533359616,
            "99.000000" : 3640655872,
            "99.500000" : 4278190080,
            "99.900000" : 5804916736,
            "99.950000" : 6811549696,
            "99.990000" : 7415529472
          }
        },
        "lat_ns" : {
          "min" : 88978,
          "max" : 7415217741,
          "mean" : 728114131.113563,
          "stddev" : 934366052.291735,
          "N" : 2175
        },
        "bw_min" : 255,
        "bw_max" : 1640,
        "bw_agg" : 100.000000,
        "bw_mean" : 445.583877,
        "bw_dev" : 10.494638,
        "bw_samples" : 1233,
        "iops_min" : 63,
        "iops_max" : 410,
        "iops_mean" : 111.362487,
        "iops_stddev" : 2.622845,
        "iops_samples" : 1233
      },
      "trim" : {
        "io_bytes" : 0,
        "io_kbytes" : 0,
        "bw_bytes" : 0,
        "bw" : 0,
        "iops" : 0.000000,
        "runtime" : 0,
        "total_ios" : 0,
        "short_ios" : 0,
        "drop_ios" : 0,
        "slat_ns" : {
          "min" : 0,
          "max" : 0,
          "mean" : 0.000000,
          "stddev" : 0.000000,
          "N" : 0
        },
        "clat_ns" : {
          "min" : 0,
          "max" : 0,
          "mean" : 0.000000,
          "stddev" : 0.000000,
          "N" : 0
        },
        "lat_ns" : {
          "min" : 0,
          "max" : 0,
          "mean" : 0.000000,
          "stddev" : 0.000000,
          "N" : 0
        },
        "bw_min" : 0,
        "bw_max" : 0,
        "bw_agg" : 0.000000,
        "bw_mean" : 0.000000,
        "bw_dev" : 0.000000,
        "bw_samples" : 0,
        "iops_min" : 0,
        "iops_max" : 0,
        "iops_mean" : 0.000000,
        "iops_stddev" : 0.000000,
        "iops_samples" : 0
      },
      "sync" : {
        "total_ios" : 0,
        "lat_ns" : {
          "min" : 0,
          "max" : 0,
          "mean" : 0.000000,
          "stddev" : 0.000000,
          "N" : 0
        }
      },
      "job_runtime" : 1937949,
      "usr_cpu" : 0.004025,
      "sys_cpu" : 0.003870,
      "ctx" : 6946,
      "majf" : 0,
      "minf" : 1428,
      "iodepth_level" : {
        "1" : 0.733777,
        "2" : 99.266223,
        "4" : 0.000000,
        "8" : 0.000000,
        "16" : 0.000000,
        "32" : 0.000000,
        ">=64" : 0.000000
      },
      "iodepth_submit" : {
        "0" : 0.000000,
        "4" : 100.000000,
        "8" : 0.000000,
        "16" : 0.000000,
        "32" : 0.000000,
        "64" : 0.000000,
        ">=64" : 0.000000
      },
      "iodepth_complete" : {
        "0" : 0.000000,
        "4" : 100.000000,
        "8" : 0.000000,
        "16" : 0.000000,
        "32" : 0.000000,
        "64" : 0.000000,
        ">=64" : 0.000000
      },
      "latency_ns" : {
        "2" : 0.000000,
        "4" : 0.000000,
        "10" : 0.000000,
        "20" : 0.000000,
        "50" : 0.000000,
        "100" : 0.000000,
        "250" : 0.000000,
        "500" : 0.000000,
        "750" : 0.000000,
        "1000" : 0.000000
      },
      "latency_us" : {
        "2" : 0.000000,
        "4" : 0.000000,
        "10" : 0.000000,
        "20" : 0.733777,
        "50" : 1.444623,
        "100" : 43.567989,
        "250" : 19.628526,
        "500" : 0.114653,
        "750" : 0.022931,
        "1000" : 0.000000
      },
      "latency_ms" : {
        "2" : 0.045861,
        "4" : 0.114653,
        "10" : 0.963082,
        "20" : 0.022931,
        "50" : 0.137583,
        "100" : 0.137583,
        "250" : 0.527402,
        "500" : 2.407705,
        "750" : 4.448521,
        "1000" : 5.549186,
        "2000" : 14.836047,
        ">=2000" : 5.296950
      },
      "latency_depth" : 2,
      "latency_target" : 0,
      "latency_percentile" : 100.000000,
      "latency_window" : 0
    }
  ]
}
