{
  "fio version" : "fio-3.29-112-gc3773",
  "timestamp" : 1649850121,
  "timestamp_ms" : 1649850121027,
  "time" : "Wed Apr 13 11:42:01 2022",
  "global options" : {
    "size" : "50M",
    "runtime" : "60",
    "rwmixread" : "50",
    "directory" : "/mnt/mfs"
  },
  "jobs" : [
    {
      "jobname" : "iotest",
      "groupid" : 0,
      "error" : 0,
      "eta" : 0,
      "elapsed" : 61,
      "job options" : {
        "rw" : "readwrite",
        "bs" : "4k",
        "ioengine" : "libaio",
        "iodepth" : "16",
        "numjobs" : "16",
        "direct" : "1",
        "group_reporting" : "1",
        "invalidate" : "1",
        "loops" : "1",
        "write_bw_log" : "./fio-bench-13-04-2022--09-45-32-seq-mfs/seqrw/mfs/readwrite50/4k/readwrite-iodepth-16-numjobs-16",
        "write_lat_log" : "./fio-bench-13-04-2022--09-45-32-seq-mfs/seqrw/mfs/readwrite50/4k/readwrite-iodepth-16-numjobs-16",
        "write_iops_log" : "./fio-bench-13-04-2022--09-45-32-seq-mfs/seqrw/mfs/readwrite50/4k/readwrite-iodepth-16-numjobs-16",
        "log_avg_msec" : "500"
      },
      "read" : {
        "io_bytes" : 9515008,
        "io_kbytes" : 9292,
        "bw_bytes" : 157567,
        "bw" : 153,
        "iops" : 38.468545,
        "runtime" : 60387,
        "total_ios" : 2323,
        "short_ios" : 0,
        "drop_ios" : 0,
        "slat_ns" : {
          "min" : 27098,
          "max" : 2833777297,
          "mean" : 414294264.229875,
          "stddev" : 459836518.453174,
          "N" : 2323
        },
        "clat_ns" : {
          "min" : 14458,
          "max" : 8695917340,
          "mean" : 2851699105.884202,
          "stddev" : 1388908284.918658,
          "N" : 2323,
          "percentile" : {
            "1.000000" : 80216064,
            "5.000000" : 633339904,
            "10.000000" : 1052770304,
            "20.000000" : 1635778560,
            "30.000000" : 2038431744,
            "40.000000" : 2365587456,
            "50.000000" : 2801795072,
            "60.000000" : 3204448256,
            "70.000000" : 3640655872,
            "80.000000" : 4110417920,
            "90.000000" : 4664066048,
            "95.000000" : 5200936960,
            "99.000000" : 6140461056,
            "99.500000" : 6610223104,
            "99.900000" : 7683964928,
            "99.950000" : 7751073792,
            "99.990000" : 8657043456
          }
        },
        "lat_ns" : {
          "min" : 153721,
          "max" : 9043049756,
          "mean" : 3265998005.915627,
          "stddev" : 1512993131.639787,
          "N" : 2323
        },
        "bw_min" : 128,
        "bw_max" : 1064,
        "bw_agg" : 100.000000,
        "bw_mean" : 287.579461,
        "bw_dev" : 12.701821,
        "bw_samples" : 959,
        "iops_min" : 32,
        "iops_max" : 266,
        "iops_mean" : 71.894865,
        "iops_stddev" : 3.175455,
        "iops_samples" : 959
      },
      "write" : {
        "io_bytes" : 9310208,
        "io_kbytes" : 9092,
        "bw_bytes" : 154175,
        "bw" : 150,
        "iops" : 37.640552,
        "runtime" : 60387,
        "total_ios" : 2273,
        "short_ios" : 0,
        "drop_ios" : 0,
        "slat_ns" : {
          "min" : 52800,
          "max" : 7392517,
          "mean" : 147886.069512,
          "stddev" : 598762.235247,
          "N" : 2273
        },
        "clat_ns" : {
          "min" : 13269,
          "max" : 8574325697,
          "mean" : 3263556875.747910,
          "stddev" : 1370665339.251133,
          "N" : 2273,
          "percentile" : {
            "1.000000" : 425721856,
            "5.000000" : 1002438656,
            "10.000000" : 1551892480,
            "20.000000" : 2088763392,
            "30.000000" : 2466250752,
            "40.000000" : 2835349504,
            "50.000000" : 3204448256,
            "60.000000" : 3573547008,
            "70.000000" : 4009754624,
            "80.000000" : 4462739456,
            "90.000000" : 5066719232,
            "95.000000" : 5670699008,
            "99.000000" : 6408896512,
            "99.500000" : 6945767424,
            "99.900000" : 7751073792,
            "99.950000" : 7751073792,
            "99.990000" : 8556380160
          }
        },
        "lat_ns" : {
          "min" : 104971,
          "max" : 8574402802,
          "mean" : 3263708059.776507,
          "stddev" : 1370687969.914389,
          "N" : 2273
        },
        "bw_min" : 128,
        "bw_max" : 880,
        "bw_agg" : 100.000000,
        "bw_mean" : 279.800554,
        "bw_dev" : 11.270622,
        "bw_samples" : 983,
        "iops_min" : 32,
        "iops_max" : 220,
        "iops_mean" : 69.950139,
        "iops_stddev" : 2.817656,
        "iops_samples" : 983
      },
      "trim" : {
        "io_bytes" : 0,
        "io_kbytes" : 0,
        "bw_bytes" : 0,
        "bw" : 0,
        "iops" : 0.000000,
        "runtime" : 0,
        "total_ios" : 0,
        "short_ios" : 0,
        "drop_ios" : 0,
        "slat_ns" : {
          "min" : 0,
          "max" : 0,
          "mean" : 0.000000,
          "stddev" : 0.000000,
          "N" : 0
        },
        "clat_ns" : {
          "min" : 0,
          "max" : 0,
          "mean" : 0.000000,
          "stddev" : 0.000000,
          "N" : 0
        },
        "lat_ns" : {
          "min" : 0,
          "max" : 0,
          "mean" : 0.000000,
          "stddev" : 0.000000,
          "N" : 0
        },
        "bw_min" : 0,
        "bw_max" : 0,
        "bw_agg" : 0.000000,
        "bw_mean" : 0.000000,
        "bw_dev" : 0.000000,
        "bw_samples" : 0,
        "iops_min" : 0,
        "iops_max" : 0,
        "iops_mean" : 0.000000,
        "iops_stddev" : 0.000000,
        "iops_samples" : 0
      },
      "sync" : {
        "total_ios" : 0,
        "lat_ns" : {
          "min" : 0,
          "max" : 0,
          "mean" : 0.000000,
          "stddev" : 0.000000,
          "N" : 0
        }
      },
      "job_runtime" : 963174,
      "usr_cpu" : 0.008514,
      "sys_cpu" : 0.008721,
      "ctx" : 7252,
      "majf" : 0,
      "minf" : 653,
      "iodepth_level" : {
        "1" : 0.348129,
        "2" : 0.696258,
        "4" : 1.392515,
        "8" : 2.785030,
        "16" : 94.778068,
        "32" : 0.000000,
        ">=64" : 0.000000
      },
      "iodepth_submit" : {
        "0" : 0.000000,
        "4" : 100.000000,
        "8" : 0.000000,
        "16" : 0.000000,
        "32" : 0.000000,
        "64" : 0.000000,
        ">=64" : 0.000000
      },
      "iodepth_complete" : {
        "0" : 0.000000,
        "4" : 99.634035,
        "8" : 0.000000,
        "16" : 0.365965,
        "32" : 0.000000,
        "64" : 0.000000,
        ">=64" : 0.000000
      },
      "latency_ns" : {
        "2" : 0.000000,
        "4" : 0.000000,
        "10" : 0.000000,
        "20" : 0.000000,
        "50" : 0.000000,
        "100" : 0.000000,
        "250" : 0.000000,
        "500" : 0.000000,
        "750" : 0.000000,
        "1000" : 0.000000
      },
      "latency_us" : {
        "2" : 0.000000,
        "4" : 0.000000,
        "10" : 0.000000,
        "20" : 0.348129,
        "50" : 0.000000,
        "100" : 0.000000,
        "250" : 0.065274,
        "500" : 0.000000,
        "750" : 0.000000,
        "1000" : 0.000000
      },
      "latency_ms" : {
        "2" : 0.000000,
        "4" : 0.000000,
        "10" : 0.000000,
        "20" : 0.000000,
        "50" : 0.000000,
        "100" : 0.195822,
        "250" : 0.435161,
        "500" : 1.762402,
        "750" : 1.697128,
        "1000" : 2.763272,
        "2000" : 16.840731,
        ">=2000" : 75.892080
      },
      "latency_depth" : 16,
      "latency_target" : 0,
      "latency_percentile" : 100.000000,
      "latency_window" : 0
    }
  ]
}
