{
  "fio version" : "fio-3.29-112-gc3773",
  "timestamp" : 1649849938,
  "timestamp_ms" : 1649849938652,
  "time" : "Wed Apr 13 11:38:58 2022",
  "global options" : {
    "size" : "50M",
    "runtime" : "60",
    "rwmixread" : "50",
    "directory" : "/mnt/mfs"
  },
  "jobs" : [
    {
      "jobname" : "iotest",
      "groupid" : 0,
      "error" : 0,
      "eta" : 0,
      "elapsed" : 61,
      "job options" : {
        "rw" : "readwrite",
        "bs" : "4k",
        "ioengine" : "libaio",
        "iodepth" : "16",
        "numjobs" : "2",
        "direct" : "1",
        "group_reporting" : "1",
        "invalidate" : "1",
        "loops" : "1",
        "write_bw_log" : "./fio-bench-13-04-2022--09-45-32-seq-mfs/seqrw/mfs/readwrite50/4k/readwrite-iodepth-16-numjobs-2",
        "write_lat_log" : "./fio-bench-13-04-2022--09-45-32-seq-mfs/seqrw/mfs/readwrite50/4k/readwrite-iodepth-16-numjobs-2",
        "write_iops_log" : "./fio-bench-13-04-2022--09-45-32-seq-mfs/seqrw/mfs/readwrite50/4k/readwrite-iodepth-16-numjobs-2",
        "log_avg_msec" : "500"
      },
      "read" : {
        "io_bytes" : 6537216,
        "io_kbytes" : 6384,
        "bw_bytes" : 108900,
        "bw" : 106,
        "iops" : 26.587150,
        "runtime" : 60029,
        "total_ios" : 1596,
        "short_ios" : 0,
        "drop_ios" : 0,
        "slat_ns" : {
          "min" : 33244,
          "max" : 2486196366,
          "mean" : 75077276.877193,
          "stddev" : 95352029.397517,
          "N" : 1596
        },
        "clat_ns" : {
          "min" : 13549,
          "max" : 3450610754,
          "mean" : 528919206.824562,
          "stddev" : 255004647.603629,
          "N" : 1596,
          "percentile" : {
            "1.000000" : 85458944,
            "5.000000" : 196083712,
            "10.000000" : 267386880,
            "20.000000" : 350224384,
            "30.000000" : 408944640,
            "40.000000" : 459276288,
            "50.000000" : 517996544,
            "60.000000" : 557842432,
            "70.000000" : 616562688,
            "80.000000" : 683671552,
            "90.000000" : 775946240,
            "95.000000" : 851443712,
            "99.000000" : 1166016512,
            "99.500000" : 1920991232,
            "99.900000" : 3103784960,
            "99.950000" : 3439329280,
            "99.990000" : 3439329280
          }
        },
        "lat_ns" : {
          "min" : 1154690,
          "max" : 4406408932,
          "mean" : 604000060.513784,
          "stddev" : 277903711.299839,
          "N" : 1596
        },
        "bw_min" : 16,
        "bw_max" : 264,
        "bw_agg" : 100.000000,
        "bw_mean" : 108.280702,
        "bw_dev" : 24.525059,
        "bw_samples" : 233,
        "iops_min" : 4,
        "iops_max" : 66,
        "iops_mean" : 27.070175,
        "iops_stddev" : 6.131265,
        "iops_samples" : 233
      },
      "write" : {
        "io_bytes" : 6950912,
        "io_kbytes" : 6788,
        "bw_bytes" : 115792,
        "bw" : 113,
        "iops" : 28.269670,
        "runtime" : 60029,
        "total_ios" : 1697,
        "short_ios" : 0,
        "drop_ios" : 0,
        "slat_ns" : {
          "min" : 43861,
          "max" : 4550456,
          "mean" : 94511.769004,
          "stddev" : 251782.829404,
          "N" : 1697
        },
        "clat_ns" : {
          "min" : 36932906,
          "max" : 4406363675,
          "mean" : 560602690.479081,
          "stddev" : 305080671.575485,
          "N" : 1697,
          "percentile" : {
            "1.000000" : 137363456,
            "5.000000" : 221249536,
            "10.000000" : 287309824,
            "20.000000" : 371195904,
            "30.000000" : 434110464,
            "40.000000" : 480247808,
            "50.000000" : 534773760,
            "60.000000" : 583008256,
            "70.000000" : 650117120,
            "80.000000" : 725614592,
            "90.000000" : 817889280,
            "95.000000" : 893386752,
            "99.000000" : 1283457024,
            "99.500000" : 2566914048,
            "99.900000" : 4395630592,
            "99.950000" : 4395630592,
            "99.990000" : 4395630592
          }
        },
        "lat_ns" : {
          "min" : 37043466,
          "max" : 4406433865,
          "mean" : 560700375.255156,
          "stddev" : 305075195.993341,
          "N" : 1697
        },
        "bw_min" : 24,
        "bw_max" : 272,
        "bw_agg" : 100.000000,
        "bw_mean" : 115.396460,
        "bw_dev" : 28.136453,
        "bw_samples" : 233,
        "iops_min" : 6,
        "iops_max" : 68,
        "iops_mean" : 28.849115,
        "iops_stddev" : 7.034113,
        "iops_samples" : 233
      },
      "trim" : {
        "io_bytes" : 0,
        "io_kbytes" : 0,
        "bw_bytes" : 0,
        "bw" : 0,
        "iops" : 0.000000,
        "runtime" : 0,
        "total_ios" : 0,
        "short_ios" : 0,
        "drop_ios" : 0,
        "slat_ns" : {
          "min" : 0,
          "max" : 0,
          "mean" : 0.000000,
          "stddev" : 0.000000,
          "N" : 0
        },
        "clat_ns" : {
          "min" : 0,
          "max" : 0,
          "mean" : 0.000000,
          "stddev" : 0.000000,
          "N" : 0
        },
        "lat_ns" : {
          "min" : 0,
          "max" : 0,
          "mean" : 0.000000,
          "stddev" : 0.000000,
          "N" : 0
        },
        "bw_min" : 0,
        "bw_max" : 0,
        "bw_agg" : 0.000000,
        "bw_mean" : 0.000000,
        "bw_dev" : 0.000000,
        "bw_samples" : 0,
        "iops_min" : 0,
        "iops_max" : 0,
        "iops_mean" : 0.000000,
        "iops_stddev" : 0.000000,
        "iops_samples" : 0
      },
      "sync" : {
        "total_ios" : 0,
        "lat_ns" : {
          "min" : 0,
          "max" : 0,
          "mean" : 0.000000,
          "stddev" : 0.000000,
          "N" : 0
        }
      },
      "job_runtime" : 120037,
      "usr_cpu" : 0.027492,
      "sys_cpu" : 0.071645,
      "ctx" : 5147,
      "majf" : 0,
      "minf" : 85,
      "iodepth_level" : {
        "1" : 0.100000,
        "2" : 0.121470,
        "4" : 0.242940,
        "8" : 0.485879,
        "16" : 99.088977,
        "32" : 0.000000,
        ">=64" : 0.000000
      },
      "iodepth_submit" : {
        "0" : 0.000000,
        "4" : 100.000000,
        "8" : 0.000000,
        "16" : 0.000000,
        "32" : 0.000000,
        "64" : 0.000000,
        ">=64" : 0.000000
      },
      "iodepth_complete" : {
        "0" : 0.000000,
        "4" : 99.938744,
        "8" : 0.000000,
        "16" : 0.100000,
        "32" : 0.000000,
        "64" : 0.000000,
        ">=64" : 0.000000
      },
      "latency_ns" : {
        "2" : 0.000000,
        "4" : 0.000000,
        "10" : 0.000000,
        "20" : 0.000000,
        "50" : 0.000000,
        "100" : 0.000000,
        "250" : 0.000000,
        "500" : 0.000000,
        "750" : 0.000000,
        "1000" : 0.000000
      },
      "latency_us" : {
        "2" : 0.000000,
        "4" : 0.000000,
        "10" : 0.000000,
        "20" : 0.060735,
        "50" : 0.000000,
        "100" : 0.000000,
        "250" : 0.000000,
        "500" : 0.000000,
        "750" : 0.000000,
        "1000" : 0.000000
      },
      "latency_ms" : {
        "2" : 0.121470,
        "4" : 0.000000,
        "10" : 0.000000,
        "20" : 0.000000,
        "50" : 0.212572,
        "100" : 0.546614,
        "250" : 7.166717,
        "500" : 37.109019,
        "750" : 40.115396,
        "1000" : 12.815062,
        "2000" : 1.366535,
        ">=2000" : 0.485879
      },
      "latency_depth" : 16,
      "latency_target" : 0,
      "latency_percentile" : 100.000000,
      "latency_window" : 0
    }
  ]
}
