{
  "fio version" : "fio-3.29-112-gc3773",
  "timestamp" : 1649849999,
  "timestamp_ms" : 1649849999788,
  "time" : "Wed Apr 13 11:39:59 2022",
  "global options" : {
    "size" : "50M",
    "runtime" : "60",
    "rwmixread" : "50",
    "directory" : "/mnt/mfs"
  },
  "jobs" : [
    {
      "jobname" : "iotest",
      "groupid" : 0,
      "error" : 0,
      "eta" : 0,
      "elapsed" : 62,
      "job options" : {
        "rw" : "readwrite",
        "bs" : "4k",
        "ioengine" : "libaio",
        "iodepth" : "16",
        "numjobs" : "4",
        "direct" : "1",
        "group_reporting" : "1",
        "invalidate" : "1",
        "loops" : "1",
        "write_bw_log" : "./fio-bench-13-04-2022--09-45-32-seq-mfs/seqrw/mfs/readwrite50/4k/readwrite-iodepth-16-numjobs-4",
        "write_lat_log" : "./fio-bench-13-04-2022--09-45-32-seq-mfs/seqrw/mfs/readwrite50/4k/readwrite-iodepth-16-numjobs-4",
        "write_iops_log" : "./fio-bench-13-04-2022--09-45-32-seq-mfs/seqrw/mfs/readwrite50/4k/readwrite-iodepth-16-numjobs-4",
        "log_avg_msec" : "500"
      },
      "read" : {
        "io_bytes" : 7278592,
        "io_kbytes" : 7108,
        "bw_bytes" : 119552,
        "bw" : 116,
        "iops" : 29.187609,
        "runtime" : 60882,
        "total_ios" : 1777,
        "short_ios" : 0,
        "drop_ios" : 0,
        "slat_ns" : {
          "min" : 32197,
          "max" : 1485228822,
          "mean" : 135561582.078222,
          "stddev" : 149201754.166551,
          "N" : 1777
        },
        "clat_ns" : {
          "min" : 13689,
          "max" : 3335679318,
          "mean" : 949203755.509848,
          "stddev" : 462698452.830600,
          "N" : 1777,
          "percentile" : {
            "1.000000" : 115867648,
            "5.000000" : 278921216,
            "10.000000" : 392167424,
            "20.000000" : 557842432,
            "30.000000" : 675282944,
            "40.000000" : 784334848,
            "50.000000" : 901775360,
            "60.000000" : 1019215872,
            "70.000000" : 1149239296,
            "80.000000" : 1300234240,
            "90.000000" : 1568669696,
            "95.000000" : 1769996288,
            "99.000000" : 2264924160,
            "99.500000" : 2533359616,
            "99.900000" : 3204448256,
            "99.950000" : 3338665984,
            "99.990000" : 3338665984
          }
        },
        "lat_ns" : {
          "min" : 51260059,
          "max" : 3700223178,
          "mean" : 1084769216.589758,
          "stddev" : 503761556.523598,
          "N" : 1777
        },
        "bw_min" : 32,
        "bw_max" : 416,
        "bw_agg" : 100.000000,
        "bw_mean" : 127.300918,
        "bw_dev" : 20.871308,
        "bw_samples" : 438,
        "iops_min" : 8,
        "iops_max" : 104,
        "iops_mean" : 31.825230,
        "iops_stddev" : 5.217827,
        "iops_samples" : 438
      },
      "write" : {
        "io_bytes" : 7606272,
        "io_kbytes" : 7428,
        "bw_bytes" : 124934,
        "bw" : 122,
        "iops" : 30.501626,
        "runtime" : 60882,
        "total_ios" : 1857,
        "short_ios" : 0,
        "drop_ios" : 0,
        "slat_ns" : {
          "min" : 47213,
          "max" : 5266681,
          "mean" : 93607.940226,
          "stddev" : 262602.611809,
          "N" : 1857
        },
        "clat_ns" : {
          "min" : 51270675,
          "max" : 3700124143,
          "mean" : 1026435848.502424,
          "stddev" : 475117181.064351,
          "N" : 1857,
          "percentile" : {
            "1.000000" : 189792256,
            "5.000000" : 371195904,
            "10.000000" : 467664896,
            "20.000000" : 633339904,
            "30.000000" : 734003200,
            "40.000000" : 843055104,
            "50.000000" : 977272832,
            "60.000000" : 1098907648,
            "70.000000" : 1216348160,
            "80.000000" : 1384120320,
            "90.000000" : 1652555776,
            "95.000000" : 1853882368,
            "99.000000" : 2399141888,
            "99.500000" : 2768240640,
            "99.900000" : 3305111552,
            "99.950000" : 3707764736,
            "99.990000" : 3707764736
          }
        },
        "lat_ns" : {
          "min" : 51347850,
          "max" : 3700182600,
          "mean" : 1026532615.149165,
          "stddev" : 475116117.662924,
          "N" : 1857
        },
        "bw_min" : 32,
        "bw_max" : 416,
        "bw_agg" : 100.000000,
        "bw_mean" : 130.458731,
        "bw_dev" : 20.768426,
        "bw_samples" : 448,
        "iops_min" : 8,
        "iops_max" : 104,
        "iops_mean" : 32.614683,
        "iops_stddev" : 5.192106,
        "iops_samples" : 448
      },
      "trim" : {
        "io_bytes" : 0,
        "io_kbytes" : 0,
        "bw_bytes" : 0,
        "bw" : 0,
        "iops" : 0.000000,
        "runtime" : 0,
        "total_ios" : 0,
        "short_ios" : 0,
        "drop_ios" : 0,
        "slat_ns" : {
          "min" : 0,
          "max" : 0,
          "mean" : 0.000000,
          "stddev" : 0.000000,
          "N" : 0
        },
        "clat_ns" : {
          "min" : 0,
          "max" : 0,
          "mean" : 0.000000,
          "stddev" : 0.000000,
          "N" : 0
        },
        "lat_ns" : {
          "min" : 0,
          "max" : 0,
          "mean" : 0.000000,
          "stddev" : 0.000000,
          "N" : 0
        },
        "bw_min" : 0,
        "bw_max" : 0,
        "bw_agg" : 0.000000,
        "bw_mean" : 0.000000,
        "bw_dev" : 0.000000,
        "bw_samples" : 0,
        "iops_min" : 0,
        "iops_max" : 0,
        "iops_mean" : 0.000000,
        "iops_stddev" : 0.000000,
        "iops_samples" : 0
      },
      "sync" : {
        "total_ios" : 0,
        "lat_ns" : {
          "min" : 0,
          "max" : 0,
          "mean" : 0.000000,
          "stddev" : 0.000000,
          "N" : 0
        }
      },
      "job_runtime" : 241133,
      "usr_cpu" : 0.009953,
      "sys_cpu" : 0.045203,
      "ctx" : 5714,
      "majf" : 0,
      "minf" : 161,
      "iodepth_level" : {
        "1" : 0.110072,
        "2" : 0.220143,
        "4" : 0.440286,
        "8" : 0.880572,
        "16" : 98.348927,
        "32" : 0.000000,
        ">=64" : 0.000000
      },
      "iodepth_submit" : {
        "0" : 0.000000,
        "4" : 100.000000,
        "8" : 0.000000,
        "16" : 0.000000,
        "32" : 0.000000,
        "64" : 0.000000,
        ">=64" : 0.000000
      },
      "iodepth_complete" : {
        "0" : 0.000000,
        "4" : 99.888206,
        "8" : 0.000000,
        "16" : 0.111794,
        "32" : 0.000000,
        "64" : 0.000000,
        ">=64" : 0.000000
      },
      "latency_ns" : {
        "2" : 0.000000,
        "4" : 0.000000,
        "10" : 0.000000,
        "20" : 0.000000,
        "50" : 0.000000,
        "100" : 0.000000,
        "250" : 0.000000,
        "500" : 0.000000,
        "750" : 0.000000,
        "1000" : 0.000000
      },
      "latency_us" : {
        "2" : 0.000000,
        "4" : 0.000000,
        "10" : 0.000000,
        "20" : 0.110072,
        "50" : 0.000000,
        "100" : 0.000000,
        "250" : 0.000000,
        "500" : 0.000000,
        "750" : 0.000000,
        "1000" : 0.000000
      },
      "latency_ms" : {
        "2" : 0.000000,
        "4" : 0.000000,
        "10" : 0.000000,
        "20" : 0.000000,
        "50" : 0.027518,
        "100" : 0.357733,
        "250" : 1.871216,
        "500" : 10.842047,
        "750" : 21.408916,
        "1000" : 19.950468,
        "2000" : 42.790314,
        ">=2000" : 2.641717
      },
      "latency_depth" : 16,
      "latency_target" : 0,
      "latency_percentile" : 100.000000,
      "latency_window" : 0
    }
  ]
}
