{
  "fio version" : "fio-3.29-112-gc3773",
  "timestamp" : 1649850244,
  "timestamp_ms" : 1649850244118,
  "time" : "Wed Apr 13 11:44:04 2022",
  "global options" : {
    "size" : "50M",
    "runtime" : "60",
    "rwmixread" : "50",
    "directory" : "/mnt/mfs"
  },
  "jobs" : [
    {
      "jobname" : "iotest",
      "groupid" : 0,
      "error" : 0,
      "eta" : 0,
      "elapsed" : 62,
      "job options" : {
        "rw" : "readwrite",
        "bs" : "4k",
        "ioengine" : "libaio",
        "iodepth" : "16",
        "numjobs" : "64",
        "direct" : "1",
        "group_reporting" : "1",
        "invalidate" : "1",
        "loops" : "1",
        "write_bw_log" : "./fio-bench-13-04-2022--09-45-32-seq-mfs/seqrw/mfs/readwrite50/4k/readwrite-iodepth-16-numjobs-64",
        "write_lat_log" : "./fio-bench-13-04-2022--09-45-32-seq-mfs/seqrw/mfs/readwrite50/4k/readwrite-iodepth-16-numjobs-64",
        "write_iops_log" : "./fio-bench-13-04-2022--09-45-32-seq-mfs/seqrw/mfs/readwrite50/4k/readwrite-iodepth-16-numjobs-64",
        "log_avg_msec" : "500"
      },
      "read" : {
        "io_bytes" : 8138752,
        "io_kbytes" : 7948,
        "bw_bytes" : 132550,
        "bw" : 129,
        "iops" : 32.361036,
        "runtime" : 61401,
        "total_ios" : 1987,
        "short_ios" : 0,
        "drop_ios" : 0,
        "slat_ns" : {
          "min" : 26470,
          "max" : 11921096396,
          "mean" : 1955357985.424258,
          "stddev" : 1910006458.427067,
          "N" : 1987
        },
        "clat_ns" : {
          "min" : 14946,
          "max" : 30738381023,
          "mean" : 12006279470.128836,
          "stddev" : 5967217993.025410,
          "N" : 1987,
          "percentile" : {
            "1.000000" : 15936,
            "5.000000" : 1753219072,
            "10.000000" : 3338665984,
            "20.000000" : 7214202880,
            "30.000000" : 9059696640,
            "40.000000" : 10536091648,
            "50.000000" : 12146704384,
            "60.000000" : 13488881664,
            "70.000000" : 15099494400,
            "80.000000" : 16978542592,
            "90.000000" : 17112760320,
            "95.000000" : 17112760320,
            "99.000000" : 17112760320,
            "99.500000" : 17112760320,
            "99.900000" : 17112760320,
            "99.950000" : 17112760320,
            "99.990000" : 17112760320
          }
        },
        "lat_ns" : {
          "min" : 514667199,
          "max" : 33295567591,
          "mean" : 13961643982.413185,
          "stddev" : 6378101575.674275,
          "N" : 1987
        },
        "bw_min" : 512,
        "bw_max" : 2216,
        "bw_agg" : 100.000000,
        "bw_mean" : 1013.149509,
        "bw_dev" : 9.419320,
        "bw_samples" : 737,
        "iops_min" : 128,
        "iops_max" : 554,
        "iops_mean" : 253.287377,
        "iops_stddev" : 2.354830,
        "iops_samples" : 737
      },
      "write" : {
        "io_bytes" : 7929856,
        "io_kbytes" : 7744,
        "bw_bytes" : 129148,
        "bw" : 126,
        "iops" : 31.530431,
        "runtime" : 61401,
        "total_ios" : 1936,
        "short_ios" : 0,
        "drop_ios" : 0,
        "slat_ns" : {
          "min" : 38063,
          "max" : 17521703,
          "mean" : 436573.253616,
          "stddev" : 1344842.359903,
          "N" : 1936
        },
        "clat_ns" : {
          "min" : 1223321415,
          "max" : 31718621346,
          "mean" : 14043114181.938534,
          "stddev" : 5952799263.847877,
          "N" : 1936,
          "percentile" : {
            "1.000000" : 1669332992,
            "5.000000" : 2902458368,
            "10.000000" : 5335154688,
            "20.000000" : 9328132096,
            "30.000000" : 11072962560,
            "40.000000" : 12817793024,
            "50.000000" : 14428405760,
            "60.000000" : 15770583040,
            "70.000000" : 17112760320,
            "80.000000" : 17112760320,
            "90.000000" : 17112760320,
            "95.000000" : 17112760320,
            "99.000000" : 17112760320,
            "99.500000" : 17112760320,
            "99.900000" : 17112760320,
            "99.950000" : 17112760320,
            "99.990000" : 17112760320
          }
        },
        "lat_ns" : {
          "min" : 1223400127,
          "max" : 31718703829,
          "mean" : 14043554005.586775,
          "stddev" : 5952936423.257716,
          "N" : 1936
        },
        "bw_min" : 512,
        "bw_max" : 2104,
        "bw_agg" : 100.000000,
        "bw_mean" : 956.851990,
        "bw_dev" : 8.657606,
        "bw_samples" : 778,
        "iops_min" : 128,
        "iops_max" : 526,
        "iops_mean" : 239.212998,
        "iops_stddev" : 2.164401,
        "iops_samples" : 778
      },
      "trim" : {
        "io_bytes" : 0,
        "io_kbytes" : 0,
        "bw_bytes" : 0,
        "bw" : 0,
        "iops" : 0.000000,
        "runtime" : 0,
        "total_ios" : 0,
        "short_ios" : 0,
        "drop_ios" : 0,
        "slat_ns" : {
          "min" : 0,
          "max" : 0,
          "mean" : 0.000000,
          "stddev" : 0.000000,
          "N" : 0
        },
        "clat_ns" : {
          "min" : 0,
          "max" : 0,
          "mean" : 0.000000,
          "stddev" : 0.000000,
          "N" : 0
        },
        "lat_ns" : {
          "min" : 0,
          "max" : 0,
          "mean" : 0.000000,
          "stddev" : 0.000000,
          "N" : 0
        },
        "bw_min" : 0,
        "bw_max" : 0,
        "bw_agg" : 0.000000,
        "bw_mean" : 0.000000,
        "bw_dev" : 0.000000,
        "bw_samples" : 0,
        "iops_min" : 0,
        "iops_max" : 0,
        "iops_mean" : 0.000000,
        "iops_stddev" : 0.000000,
        "iops_samples" : 0
      },
      "sync" : {
        "total_ios" : 0,
        "lat_ns" : {
          "min" : 0,
          "max" : 0,
          "mean" : 0.000000,
          "stddev" : 0.000000,
          "N" : 0
        }
      },
      "job_runtime" : 3895196,
      "usr_cpu" : 0.002157,
      "sys_cpu" : 0.001386,
      "ctx" : 6377,
      "majf" : 0,
      "minf" : 2628,
      "iodepth_level" : {
        "1" : 1.631405,
        "2" : 3.262809,
        "4" : 6.525618,
        "8" : 13.051236,
        "16" : 75.528932,
        "32" : 0.000000,
        ">=64" : 0.000000
      },
      "iodepth_submit" : {
        "0" : 0.000000,
        "4" : 100.000000,
        "8" : 0.000000,
        "16" : 0.000000,
        "32" : 0.000000,
        "64" : 0.000000,
        ">=64" : 0.000000
      },
      "iodepth_complete" : {
        "0" : 0.000000,
        "4" : 97.885695,
        "8" : 0.000000,
        "16" : 2.114305,
        "32" : 0.000000,
        "64" : 0.000000,
        ">=64" : 0.000000
      },
      "latency_ns" : {
        "2" : 0.000000,
        "4" : 0.000000,
        "10" : 0.000000,
        "20" : 0.000000,
        "50" : 0.000000,
        "100" : 0.000000,
        "250" : 0.000000,
        "500" : 0.000000,
        "750" : 0.000000,
        "1000" : 0.000000
      },
      "latency_us" : {
        "2" : 0.000000,
        "4" : 0.000000,
        "10" : 0.000000,
        "20" : 1.554932,
        "50" : 0.076472,
        "100" : 0.000000,
        "250" : 0.000000,
        "500" : 0.000000,
        "750" : 0.000000,
        "1000" : 0.000000
      },
      "latency_ms" : {
        "2" : 0.000000,
        "4" : 0.000000,
        "10" : 0.000000,
        "20" : 0.000000,
        "50" : 0.000000,
        "100" : 0.000000,
        "250" : 0.000000,
        "500" : 0.000000,
        "750" : 0.050981,
        "1000" : 0.000000,
        "2000" : 1.784349,
        ">=2000" : 96.533265
      },
      "latency_depth" : 16,
      "latency_target" : 0,
      "latency_percentile" : 100.000000,
      "latency_window" : 0
    }
  ]
}
