{
  "fio version" : "fio-3.29-112-gc3773",
  "timestamp" : 1649849330,
  "timestamp_ms" : 1649849330155,
  "time" : "Wed Apr 13 11:28:50 2022",
  "global options" : {
    "size" : "50M",
    "runtime" : "60",
    "rwmixread" : "50",
    "directory" : "/mnt/mfs"
  },
  "jobs" : [
    {
      "jobname" : "iotest",
      "groupid" : 0,
      "error" : 0,
      "eta" : 0,
      "elapsed" : 62,
      "job options" : {
        "rw" : "readwrite",
        "bs" : "4k",
        "ioengine" : "libaio",
        "iodepth" : "4",
        "numjobs" : "32",
        "direct" : "1",
        "group_reporting" : "1",
        "invalidate" : "1",
        "loops" : "1",
        "write_bw_log" : "./fio-bench-13-04-2022--09-45-32-seq-mfs/seqrw/mfs/readwrite50/4k/readwrite-iodepth-4-numjobs-32",
        "write_lat_log" : "./fio-bench-13-04-2022--09-45-32-seq-mfs/seqrw/mfs/readwrite50/4k/readwrite-iodepth-4-numjobs-32",
        "write_iops_log" : "./fio-bench-13-04-2022--09-45-32-seq-mfs/seqrw/mfs/readwrite50/4k/readwrite-iodepth-4-numjobs-32",
        "log_avg_msec" : "500"
      },
      "read" : {
        "io_bytes" : 9064448,
        "io_kbytes" : 8852,
        "bw_bytes" : 148763,
        "bw" : 145,
        "iops" : 36.319175,
        "runtime" : 60932,
        "total_ios" : 2213,
        "short_ios" : 0,
        "drop_ios" : 0,
        "slat_ns" : {
          "min" : 31638,
          "max" : 6184272076,
          "mean" : 874201616.738364,
          "stddev" : 893613565.587057,
          "N" : 2213
        },
        "clat_ns" : {
          "min" : 14807,
          "max" : 6184477830,
          "mean" : 948254730.051062,
          "stddev" : 1060103499.385732,
          "N" : 2213,
          "percentile" : {
            "1.000000" : 17536,
            "5.000000" : 168960,
            "10.000000" : 195584,
            "20.000000" : 240640,
            "30.000000" : 280576,
            "40.000000" : 287309824,
            "50.000000" : 742391808,
            "60.000000" : 1002438656,
            "70.000000" : 1300234240,
            "80.000000" : 1786773504,
            "90.000000" : 2432696320,
            "95.000000" : 3036676096,
            "99.000000" : 4143972352,
            "99.500000" : 4664066048,
            "99.900000" : 5603590144,
            "99.950000" : 6207569920,
            "99.990000" : 6207569920
          }
        },
        "lat_ns" : {
          "min" : 179842,
          "max" : 7726703562,
          "mean" : 1822461321.231812,
          "stddev" : 1426435502.027336,
          "N" : 2213
        },
        "bw_min" : 256,
        "bw_max" : 1632,
        "bw_agg" : 100.000000,
        "bw_mean" : 524.571911,
        "bw_dev" : 10.928697,
        "bw_samples" : 1047,
        "iops_min" : 64,
        "iops_max" : 408,
        "iops_mean" : 131.142978,
        "iops_stddev" : 2.732174,
        "iops_samples" : 1047
      },
      "write" : {
        "io_bytes" : 8966144,
        "io_kbytes" : 8756,
        "bw_bytes" : 147150,
        "bw" : 143,
        "iops" : 35.925294,
        "runtime" : 60932,
        "total_ios" : 2189,
        "short_ios" : 0,
        "drop_ios" : 0,
        "slat_ns" : {
          "min" : 38413,
          "max" : 10273003,
          "mean" : 232448.827775,
          "stddev" : 891083.292359,
          "N" : 2189
        },
        "clat_ns" : {
          "min" : 167411,
          "max" : 7726619961,
          "mean" : 1675420700.287346,
          "stddev" : 1177481037.362580,
          "N" : 2189,
          "percentile" : {
            "1.000000" : 222208,
            "5.000000" : 240640,
            "10.000000" : 261120,
            "20.000000" : 759169024,
            "30.000000" : 1035993088,
            "40.000000" : 1266679808,
            "50.000000" : 1535115264,
            "60.000000" : 1837105152,
            "70.000000" : 2122317824,
            "80.000000" : 2533359616,
            "90.000000" : 3204448256,
            "95.000000" : 3808428032,
            "99.000000" : 5268045824,
            "99.500000" : 5603590144,
            "99.900000" : 6945767424,
            "99.950000" : 7348420608,
            "99.990000" : 7751073792
          }
        },
        "lat_ns" : {
          "min" : 208896,
          "max" : 7726719974,
          "mean" : 1675656337.945637,
          "stddev" : 1177453246.877793,
          "N" : 2189
        },
        "bw_min" : 256,
        "bw_max" : 1488,
        "bw_agg" : 100.000000,
        "bw_mean" : 474.481434,
        "bw_dev" : 8.960813,
        "bw_samples" : 1150,
        "iops_min" : 64,
        "iops_max" : 372,
        "iops_mean" : 118.620359,
        "iops_stddev" : 2.240203,
        "iops_samples" : 1150
      },
      "trim" : {
        "io_bytes" : 0,
        "io_kbytes" : 0,
        "bw_bytes" : 0,
        "bw" : 0,
        "iops" : 0.000000,
        "runtime" : 0,
        "total_ios" : 0,
        "short_ios" : 0,
        "drop_ios" : 0,
        "slat_ns" : {
          "min" : 0,
          "max" : 0,
          "mean" : 0.000000,
          "stddev" : 0.000000,
          "N" : 0
        },
        "clat_ns" : {
          "min" : 0,
          "max" : 0,
          "mean" : 0.000000,
          "stddev" : 0.000000,
          "N" : 0
        },
        "lat_ns" : {
          "min" : 0,
          "max" : 0,
          "mean" : 0.000000,
          "stddev" : 0.000000,
          "N" : 0
        },
        "bw_min" : 0,
        "bw_max" : 0,
        "bw_agg" : 0.000000,
        "bw_mean" : 0.000000,
        "bw_dev" : 0.000000,
        "bw_samples" : 0,
        "iops_min" : 0,
        "iops_max" : 0,
        "iops_mean" : 0.000000,
        "iops_stddev" : 0.000000,
        "iops_samples" : 0
      },
      "sync" : {
        "total_ios" : 0,
        "lat_ns" : {
          "min" : 0,
          "max" : 0,
          "mean" : 0.000000,
          "stddev" : 0.000000,
          "N" : 0
        }
      },
      "job_runtime" : 1937468,
      "usr_cpu" : 0.005058,
      "sys_cpu" : 0.003200,
      "ctx" : 7032,
      "majf" : 0,
      "minf" : 1331,
      "iodepth_level" : {
        "1" : 0.726942,
        "2" : 1.453885,
        "4" : 97.819173,
        "8" : 0.000000,
        "16" : 0.000000,
        "32" : 0.000000,
        ">=64" : 0.000000
      },
      "iodepth_submit" : {
        "0" : 0.000000,
        "4" : 100.000000,
        "8" : 0.000000,
        "16" : 0.000000,
        "32" : 0.000000,
        "64" : 0.000000,
        ">=64" : 0.000000
      },
      "iodepth_complete" : {
        "0" : 0.000000,
        "4" : 100.000000,
        "8" : 0.000000,
        "16" : 0.000000,
        "32" : 0.000000,
        "64" : 0.000000,
        ">=64" : 0.000000
      },
      "latency_ns" : {
        "2" : 0.000000,
        "4" : 0.000000,
        "10" : 0.000000,
        "20" : 0.000000,
        "50" : 0.000000,
        "100" : 0.000000,
        "250" : 0.000000,
        "500" : 0.000000,
        "750" : 0.000000,
        "1000" : 0.000000
      },
      "latency_us" : {
        "2" : 0.000000,
        "4" : 0.000000,
        "10" : 0.000000,
        "20" : 0.658791,
        "50" : 0.068151,
        "100" : 0.000000,
        "250" : 14.561563,
        "500" : 9.541118,
        "750" : 0.022717,
        "1000" : 0.000000
      },
      "latency_ms" : {
        "2" : 0.000000,
        "4" : 0.045434,
        "10" : 0.613358,
        "20" : 0.000000,
        "50" : 0.227169,
        "100" : 0.272603,
        "250" : 0.590641,
        "500" : 2.339846,
        "750" : 6.156293,
        "1000" : 9.336665,
        "2000" : 30.690595,
        ">=2000" : 24.875057
      },
      "latency_depth" : 4,
      "latency_target" : 0,
      "latency_percentile" : 100.000000,
      "latency_window" : 0
    }
  ]
}
