{
  "fio version" : "fio-3.29-112-gc3773",
  "timestamp" : 1649848722,
  "timestamp_ms" : 1649848722084,
  "time" : "Wed Apr 13 11:18:42 2022",
  "global options" : {
    "size" : "50M",
    "runtime" : "60",
    "rwmixread" : "50",
    "directory" : "/mnt/mfs"
  },
  "jobs" : [
    {
      "jobname" : "iotest",
      "groupid" : 0,
      "error" : 0,
      "eta" : 0,
      "elapsed" : 61,
      "job options" : {
        "rw" : "readwrite",
        "bs" : "4k",
        "ioengine" : "libaio",
        "iodepth" : "2",
        "numjobs" : "4",
        "direct" : "1",
        "group_reporting" : "1",
        "invalidate" : "1",
        "loops" : "1",
        "write_bw_log" : "./fio-bench-13-04-2022--09-45-32-seq-mfs/seqrw/mfs/readwrite50/4k/readwrite-iodepth-2-numjobs-4",
        "write_lat_log" : "./fio-bench-13-04-2022--09-45-32-seq-mfs/seqrw/mfs/readwrite50/4k/readwrite-iodepth-2-numjobs-4",
        "write_iops_log" : "./fio-bench-13-04-2022--09-45-32-seq-mfs/seqrw/mfs/readwrite50/4k/readwrite-iodepth-2-numjobs-4",
        "log_avg_msec" : "500"
      },
      "read" : {
        "io_bytes" : 7426048,
        "io_kbytes" : 7252,
        "bw_bytes" : 123493,
        "bw" : 120,
        "iops" : 30.149835,
        "runtime" : 60133,
        "total_ios" : 1813,
        "short_ios" : 0,
        "drop_ios" : 0,
        "slat_ns" : {
          "min" : 31988,
          "max" : 1808039751,
          "mean" : 132480817.849972,
          "stddev" : 150688951.339939,
          "N" : 1813
        },
        "clat_ns" : {
          "min" : 14108,
          "max" : 911730778,
          "mean" : 48556402.525648,
          "stddev" : 108727330.629396,
          "N" : 1813,
          "percentile" : {
            "1.000000" : 48896,
            "5.000000" : 51456,
            "10.000000" : 54528,
            "20.000000" : 64768,
            "30.000000" : 85504,
            "40.000000" : 92672,
            "50.000000" : 99840,
            "60.000000" : 108032,
            "70.000000" : 116224,
            "80.000000" : 90701824,
            "90.000000" : 204472320,
            "95.000000" : 283115520,
            "99.000000" : 484442112,
            "99.500000" : 526385152,
            "99.900000" : 700448768,
            "99.950000" : 910163968,
            "99.990000" : 910163968
          }
        },
        "lat_ns" : {
          "min" : 82484,
          "max" : 1808179993,
          "mean" : 181041057.878654,
          "stddev" : 193097856.014585,
          "N" : 1813
        },
        "bw_min" : 32,
        "bw_max" : 456,
        "bw_agg" : 100.000000,
        "bw_mean" : 130.348042,
        "bw_dev" : 19.863478,
        "bw_samples" : 443,
        "iops_min" : 8,
        "iops_max" : 114,
        "iops_mean" : 32.587010,
        "iops_stddev" : 4.965870,
        "iops_samples" : 443
      },
      "write" : {
        "io_bytes" : 7823360,
        "io_kbytes" : 7640,
        "bw_bytes" : 130100,
        "bw" : 127,
        "iops" : 31.762926,
        "runtime" : 60133,
        "total_ios" : 1910,
        "short_ios" : 0,
        "drop_ios" : 0,
        "slat_ns" : {
          "min" : 52032,
          "max" : 5045794,
          "mean" : 91284.877487,
          "stddev" : 232450.160480,
          "N" : 1910
        },
        "clat_ns" : {
          "min" : 67537,
          "max" : 1808061053,
          "mean" : 79785885.407330,
          "stddev" : 135639344.039033,
          "N" : 1910,
          "percentile" : {
            "1.000000" : 70144,
            "5.000000" : 72192,
            "10.000000" : 74240,
            "20.000000" : 78336,
            "30.000000" : 85504,
            "40.000000" : 98816,
            "50.000000" : 121344,
            "60.000000" : 35913728,
            "70.000000" : 73924608,
            "80.000000" : 160432128,
            "90.000000" : 274726912,
            "95.000000" : 362807296,
            "99.000000" : 497025024,
            "99.500000" : 557842432,
            "99.900000" : 1753219072,
            "99.950000" : 1803550720,
            "99.990000" : 1803550720
          }
        },
        "lat_ns" : {
          "min" : 122432,
          "max" : 1808129707,
          "mean" : 79880233.423560,
          "stddev" : 135641901.776725,
          "N" : 1910
        },
        "bw_min" : 32,
        "bw_max" : 504,
        "bw_agg" : 100.000000,
        "bw_mean" : 132.424914,
        "bw_dev" : 25.198816,
        "bw_samples" : 461,
        "iops_min" : 8,
        "iops_max" : 126,
        "iops_mean" : 33.106228,
        "iops_stddev" : 6.299704,
        "iops_samples" : 461
      },
      "trim" : {
        "io_bytes" : 0,
        "io_kbytes" : 0,
        "bw_bytes" : 0,
        "bw" : 0,
        "iops" : 0.000000,
        "runtime" : 0,
        "total_ios" : 0,
        "short_ios" : 0,
        "drop_ios" : 0,
        "slat_ns" : {
          "min" : 0,
          "max" : 0,
          "mean" : 0.000000,
          "stddev" : 0.000000,
          "N" : 0
        },
        "clat_ns" : {
          "min" : 0,
          "max" : 0,
          "mean" : 0.000000,
          "stddev" : 0.000000,
          "N" : 0
        },
        "lat_ns" : {
          "min" : 0,
          "max" : 0,
          "mean" : 0.000000,
          "stddev" : 0.000000,
          "N" : 0
        },
        "bw_min" : 0,
        "bw_max" : 0,
        "bw_agg" : 0.000000,
        "bw_mean" : 0.000000,
        "bw_dev" : 0.000000,
        "bw_samples" : 0,
        "iops_min" : 0,
        "iops_max" : 0,
        "iops_mean" : 0.000000,
        "iops_stddev" : 0.000000,
        "iops_samples" : 0
      },
      "sync" : {
        "total_ios" : 0,
        "lat_ns" : {
          "min" : 0,
          "max" : 0,
          "mean" : 0.000000,
          "stddev" : 0.000000,
          "N" : 0
        }
      },
      "job_runtime" : 240431,
      "usr_cpu" : 0.022460,
      "sys_cpu" : 0.033274,
      "ctx" : 5864,
      "majf" : 0,
      "minf" : 168,
      "iodepth_level" : {
        "1" : 0.107440,
        "2" : 99.892560,
        "4" : 0.000000,
        "8" : 0.000000,
        "16" : 0.000000,
        "32" : 0.000000,
        ">=64" : 0.000000
      },
      "iodepth_submit" : {
        "0" : 0.000000,
        "4" : 100.000000,
        "8" : 0.000000,
        "16" : 0.000000,
        "32" : 0.000000,
        "64" : 0.000000,
        ">=64" : 0.000000
      },
      "iodepth_complete" : {
        "0" : 0.000000,
        "4" : 100.000000,
        "8" : 0.000000,
        "16" : 0.000000,
        "32" : 0.000000,
        "64" : 0.000000,
        ">=64" : 0.000000
      },
      "latency_ns" : {
        "2" : 0.000000,
        "4" : 0.000000,
        "10" : 0.000000,
        "20" : 0.000000,
        "50" : 0.000000,
        "100" : 0.000000,
        "250" : 0.000000,
        "500" : 0.000000,
        "750" : 0.000000,
        "1000" : 0.000000
      },
      "latency_us" : {
        "2" : 0.000000,
        "4" : 0.000000,
        "10" : 0.000000,
        "20" : 0.107440,
        "50" : 1.074402,
        "100" : 44.211657,
        "250" : 19.419823,
        "500" : 0.000000,
        "750" : 0.000000,
        "1000" : 0.000000
      },
      "latency_ms" : {
        "2" : 0.026860,
        "4" : 0.053720,
        "10" : 0.080580,
        "20" : 0.537201,
        "50" : 6.500134,
        "100" : 4.673650,
        "250" : 14.423852,
        "500" : 8.084878,
        "750" : 0.698362,
        "1000" : 0.053720,
        "2000" : 0.053720,
        ">=2000" : 0.000000
      },
      "latency_depth" : 2,
      "latency_target" : 0,
      "latency_percentile" : 100.000000,
      "latency_window" : 0
    }
  ]
}
