{
  "fio version" : "fio-3.29-112-gc3773",
  "timestamp" : 1649850304,
  "timestamp_ms" : 1649850304368,
  "time" : "Wed Apr 13 11:45:04 2022",
  "global options" : {
    "size" : "50M",
    "runtime" : "60",
    "rwmixread" : "50",
    "directory" : "/mnt/mfs"
  },
  "jobs" : [
    {
      "jobname" : "iotest",
      "groupid" : 0,
      "error" : 0,
      "eta" : 0,
      "elapsed" : 61,
      "job options" : {
        "rw" : "readwrite",
        "bs" : "4k",
        "ioengine" : "libaio",
        "iodepth" : "32",
        "numjobs" : "1",
        "direct" : "1",
        "group_reporting" : "1",
        "invalidate" : "1",
        "loops" : "1",
        "write_bw_log" : "./fio-bench-13-04-2022--09-45-32-seq-mfs/seqrw/mfs/readwrite50/4k/readwrite-iodepth-32-numjobs-1",
        "write_lat_log" : "./fio-bench-13-04-2022--09-45-32-seq-mfs/seqrw/mfs/readwrite50/4k/readwrite-iodepth-32-numjobs-1",
        "write_iops_log" : "./fio-bench-13-04-2022--09-45-32-seq-mfs/seqrw/mfs/readwrite50/4k/readwrite-iodepth-32-numjobs-1",
        "log_avg_msec" : "500"
      },
      "read" : {
        "io_bytes" : 5816320,
        "io_kbytes" : 5680,
        "bw_bytes" : 96924,
        "bw" : 94,
        "iops" : 23.663117,
        "runtime" : 60009,
        "total_ios" : 1420,
        "short_ios" : 0,
        "drop_ios" : 0,
        "slat_ns" : {
          "min" : 31219,
          "max" : 156570742,
          "mean" : 42142609.608451,
          "stddev" : 36249003.177649,
          "N" : 1420
        },
        "clat_ns" : {
          "min" : 13550,
          "max" : 1136434778,
          "mean" : 632182965.767605,
          "stddev" : 168736184.735151,
          "N" : 1420,
          "percentile" : {
            "1.000000" : 240123904,
            "5.000000" : 354418688,
            "10.000000" : 404750336,
            "20.000000" : 488636416,
            "30.000000" : 541065216,
            "40.000000" : 591396864,
            "50.000000" : 633339904,
            "60.000000" : 683671552,
            "70.000000" : 725614592,
            "80.000000" : 775946240,
            "90.000000" : 843055104,
            "95.000000" : 901775360,
            "99.000000" : 1002438656,
            "99.500000" : 1052770304,
            "99.900000" : 1098907648,
            "99.950000" : 1132462080,
            "99.990000" : 1132462080
          }
        },
        "lat_ns" : {
          "min" : 22595411,
          "max" : 1176560972,
          "mean" : 674328831.523943,
          "stddev" : 172702211.921789,
          "N" : 1420
        },
        "bw_min" : 32,
        "bw_max" : 232,
        "bw_agg" : 99.310800,
        "bw_mean" : 94.184874,
        "bw_dev" : 34.123397,
        "bw_samples" : 119,
        "iops_min" : 8,
        "iops_max" : 58,
        "iops_mean" : 23.546218,
        "iops_stddev" : 8.530849,
        "iops_samples" : 119
      },
      "write" : {
        "io_bytes" : 6090752,
        "io_kbytes" : 5948,
        "bw_bytes" : 101497,
        "bw" : 99,
        "iops" : 24.779616,
        "runtime" : 60009,
        "total_ios" : 1487,
        "short_ios" : 0,
        "drop_ios" : 0,
        "slat_ns" : {
          "min" : 49238,
          "max" : 4928647,
          "mean" : 81970.521856,
          "stddev" : 165184.229919,
          "N" : 1487
        },
        "clat_ns" : {
          "min" : 22606376,
          "max" : 1134567774,
          "mean" : 641248390.135845,
          "stddev" : 164899165.984099,
          "N" : 1487,
          "percentile" : {
            "1.000000" : 278921216,
            "5.000000" : 375390208,
            "10.000000" : 413138944,
            "20.000000" : 492830720,
            "30.000000" : 549453824,
            "40.000000" : 608174080,
            "50.000000" : 650117120,
            "60.000000" : 692060160,
            "70.000000" : 725614592,
            "80.000000" : 784334848,
            "90.000000" : 851443712,
            "95.000000" : 910163968,
            "99.000000" : 1027604480,
            "99.500000" : 1052770304,
            "99.900000" : 1132462080,
            "99.950000" : 1132462080,
            "99.990000" : 1132462080
          }
        },
        "lat_ns" : {
          "min" : 22721545,
          "max" : 1134634193,
          "mean" : 641333399.443847,
          "stddev" : 164890998.607926,
          "N" : 1487
        },
        "bw_min" : 24,
        "bw_max" : 248,
        "bw_agg" : 99.880785,
        "bw_mean" : 99.092437,
        "bw_dev" : 38.041679,
        "bw_samples" : 119,
        "iops_min" : 6,
        "iops_max" : 62,
        "iops_mean" : 24.773109,
        "iops_stddev" : 9.510420,
        "iops_samples" : 119
      },
      "trim" : {
        "io_bytes" : 0,
        "io_kbytes" : 0,
        "bw_bytes" : 0,
        "bw" : 0,
        "iops" : 0.000000,
        "runtime" : 0,
        "total_ios" : 0,
        "short_ios" : 0,
        "drop_ios" : 0,
        "slat_ns" : {
          "min" : 0,
          "max" : 0,
          "mean" : 0.000000,
          "stddev" : 0.000000,
          "N" : 0
        },
        "clat_ns" : {
          "min" : 0,
          "max" : 0,
          "mean" : 0.000000,
          "stddev" : 0.000000,
          "N" : 0
        },
        "lat_ns" : {
          "min" : 0,
          "max" : 0,
          "mean" : 0.000000,
          "stddev" : 0.000000,
          "N" : 0
        },
        "bw_min" : 0,
        "bw_max" : 0,
        "bw_agg" : 0.000000,
        "bw_mean" : 0.000000,
        "bw_dev" : 0.000000,
        "bw_samples" : 0,
        "iops_min" : 0,
        "iops_max" : 0,
        "iops_mean" : 0.000000,
        "iops_stddev" : 0.000000,
        "iops_samples" : 0
      },
      "sync" : {
        "total_ios" : 0,
        "lat_ns" : {
          "min" : 0,
          "max" : 0,
          "mean" : 0.000000,
          "stddev" : 0.000000,
          "N" : 0
        }
      },
      "job_runtime" : 60008,
      "usr_cpu" : 0.078323,
      "sys_cpu" : 0.093321,
      "ctx" : 4486,
      "majf" : 0,
      "minf" : 40,
      "iodepth_level" : {
        "1" : 0.100000,
        "2" : 0.100000,
        "4" : 0.137599,
        "8" : 0.275198,
        "16" : 0.550396,
        "32" : 98.933609,
        ">=64" : 0.000000
      },
      "iodepth_submit" : {
        "0" : 0.000000,
        "4" : 100.000000,
        "8" : 0.000000,
        "16" : 0.000000,
        "32" : 0.000000,
        "64" : 0.000000,
        ">=64" : 0.000000
      },
      "iodepth_complete" : {
        "0" : 0.000000,
        "4" : 99.965242,
        "8" : 0.000000,
        "16" : 0.000000,
        "32" : 0.100000,
        "64" : 0.000000,
        ">=64" : 0.000000
      },
      "latency_ns" : {
        "2" : 0.000000,
        "4" : 0.000000,
        "10" : 0.000000,
        "20" : 0.000000,
        "50" : 0.000000,
        "100" : 0.000000,
        "250" : 0.000000,
        "500" : 0.000000,
        "750" : 0.000000,
        "1000" : 0.000000
      },
      "latency_us" : {
        "2" : 0.000000,
        "4" : 0.000000,
        "10" : 0.000000,
        "20" : 0.034400,
        "50" : 0.000000,
        "100" : 0.000000,
        "250" : 0.000000,
        "500" : 0.000000,
        "750" : 0.000000,
        "1000" : 0.000000
      },
      "latency_ms" : {
        "2" : 0.000000,
        "4" : 0.000000,
        "10" : 0.000000,
        "20" : 0.000000,
        "50" : 0.103199,
        "100" : 0.068799,
        "250" : 0.584795,
        "500" : 19.848641,
        "750" : 54.592363,
        "1000" : 23.323013,
        "2000" : 1.444788,
        ">=2000" : 0.000000
      },
      "latency_depth" : 32,
      "latency_target" : 0,
      "latency_percentile" : 100.000000,
      "latency_window" : 0
    }
  ]
}
