{
  "fio version" : "fio-3.29-112-gc3773",
  "timestamp" : 1649850182,
  "timestamp_ms" : 1649850182216,
  "time" : "Wed Apr 13 11:43:02 2022",
  "global options" : {
    "size" : "50M",
    "runtime" : "60",
    "rwmixread" : "50",
    "directory" : "/mnt/mfs"
  },
  "jobs" : [
    {
      "jobname" : "iotest",
      "groupid" : 0,
      "error" : 0,
      "eta" : 0,
      "elapsed" : 62,
      "job options" : {
        "rw" : "readwrite",
        "bs" : "4k",
        "ioengine" : "libaio",
        "iodepth" : "16",
        "numjobs" : "32",
        "direct" : "1",
        "group_reporting" : "1",
        "invalidate" : "1",
        "loops" : "1",
        "write_bw_log" : "./fio-bench-13-04-2022--09-45-32-seq-mfs/seqrw/mfs/readwrite50/4k/readwrite-iodepth-16-numjobs-32",
        "write_lat_log" : "./fio-bench-13-04-2022--09-45-32-seq-mfs/seqrw/mfs/readwrite50/4k/readwrite-iodepth-16-numjobs-32",
        "write_iops_log" : "./fio-bench-13-04-2022--09-45-32-seq-mfs/seqrw/mfs/readwrite50/4k/readwrite-iodepth-16-numjobs-32",
        "log_avg_msec" : "500"
      },
      "read" : {
        "io_bytes" : 8986624,
        "io_kbytes" : 8776,
        "bw_bytes" : 147726,
        "bw" : 144,
        "iops" : 36.065951,
        "runtime" : 60833,
        "total_ios" : 2194,
        "short_ios" : 0,
        "drop_ios" : 0,
        "slat_ns" : {
          "min" : 31778,
          "max" : 4812780967,
          "mean" : 882187376.634458,
          "stddev" : 880219220.751599,
          "N" : 2194
        },
        "clat_ns" : {
          "min" : 15225,
          "max" : 15905415693,
          "mean" : 5809085078.419781,
          "stddev" : 2568468518.898148,
          "N" : 2194,
          "percentile" : {
            "1.000000" : 17280,
            "5.000000" : 1887436800,
            "10.000000" : 2667577344,
            "20.000000" : 3674210304,
            "30.000000" : 4328521728,
            "40.000000" : 5066719232,
            "50.000000" : 5670699008,
            "60.000000" : 6341787648,
            "70.000000" : 7012876288,
            "80.000000" : 7818182656,
            "90.000000" : 9059696640,
            "95.000000" : 10267656192,
            "99.000000" : 12817793024,
            "99.500000" : 14025752576,
            "99.900000" : 14831058944,
            "99.950000" : 14965276672,
            "99.990000" : 15904800768
          }
        },
        "lat_ns" : {
          "min" : 599917953,
          "max" : 17235044654,
          "mean" : 6691277720.314950,
          "stddev" : 2774755462.230685,
          "N" : 2194
        },
        "bw_min" : 256,
        "bw_max" : 1424,
        "bw_agg" : 100.000000,
        "bw_mean" : 520.394753,
        "bw_dev" : 10.018447,
        "bw_samples" : 955,
        "iops_min" : 64,
        "iops_max" : 356,
        "iops_mean" : 130.098688,
        "iops_stddev" : 2.504612,
        "iops_samples" : 955
      },
      "write" : {
        "io_bytes" : 8880128,
        "io_kbytes" : 8672,
        "bw_bytes" : 145975,
        "bw" : 142,
        "iops" : 35.638551,
        "runtime" : 60833,
        "total_ios" : 2168,
        "short_ios" : 0,
        "drop_ios" : 0,
        "slat_ns" : {
          "min" : 37994,
          "max" : 9025621,
          "mean" : 219206.935886,
          "stddev" : 834284.208598,
          "N" : 2168
        },
        "clat_ns" : {
          "min" : 599928499,
          "max" : 16930850568,
          "mean" : 6679506167.836255,
          "stddev" : 2602971690.808487,
          "N" : 2168,
          "percentile" : {
            "1.000000" : 1283457024,
            "5.000000" : 2432696320,
            "10.000000" : 3405774848,
            "20.000000" : 4462739456,
            "30.000000" : 5200936960,
            "40.000000" : 5939134464,
            "50.000000" : 6610223104,
            "60.000000" : 7281311744,
            "70.000000" : 7952400384,
            "80.000000" : 8791261184,
            "90.000000" : 10133438464,
            "95.000000" : 11207180288,
            "99.000000" : 13488881664,
            "99.500000" : 14294188032,
            "99.900000" : 15904800768,
            "99.950000" : 16173236224,
            "99.990000" : 16978542592
          }
        },
        "lat_ns" : {
          "min" : 600007420,
          "max" : 16930925298,
          "mean" : 6679728446.570110,
          "stddev" : 2603017258.810672,
          "N" : 2168
        },
        "bw_min" : 256,
        "bw_max" : 1328,
        "bw_agg" : 100.000000,
        "bw_mean" : 498.847090,
        "bw_dev" : 9.241079,
        "bw_samples" : 978,
        "iops_min" : 64,
        "iops_max" : 332,
        "iops_mean" : 124.711773,
        "iops_stddev" : 2.310270,
        "iops_samples" : 978
      },
      "trim" : {
        "io_bytes" : 0,
        "io_kbytes" : 0,
        "bw_bytes" : 0,
        "bw" : 0,
        "iops" : 0.000000,
        "runtime" : 0,
        "total_ios" : 0,
        "short_ios" : 0,
        "drop_ios" : 0,
        "slat_ns" : {
          "min" : 0,
          "max" : 0,
          "mean" : 0.000000,
          "stddev" : 0.000000,
          "N" : 0
        },
        "clat_ns" : {
          "min" : 0,
          "max" : 0,
          "mean" : 0.000000,
          "stddev" : 0.000000,
          "N" : 0
        },
        "lat_ns" : {
          "min" : 0,
          "max" : 0,
          "mean" : 0.000000,
          "stddev" : 0.000000,
          "N" : 0
        },
        "bw_min" : 0,
        "bw_max" : 0,
        "bw_agg" : 0.000000,
        "bw_mean" : 0.000000,
        "bw_dev" : 0.000000,
        "bw_samples" : 0,
        "iops_min" : 0,
        "iops_max" : 0,
        "iops_mean" : 0.000000,
        "iops_stddev" : 0.000000,
        "iops_samples" : 0
      },
      "sync" : {
        "total_ios" : 0,
        "lat_ns" : {
          "min" : 0,
          "max" : 0,
          "mean" : 0.000000,
          "stddev" : 0.000000,
          "N" : 0
        }
      },
      "job_runtime" : 1938007,
      "usr_cpu" : 0.003870,
      "sys_cpu" : 0.004076,
      "ctx" : 6930,
      "majf" : 0,
      "minf" : 1301,
      "iodepth_level" : {
        "1" : 0.733608,
        "2" : 1.467217,
        "4" : 2.934434,
        "8" : 5.868867,
        "16" : 88.995873,
        "32" : 0.000000,
        ">=64" : 0.000000
      },
      "iodepth_submit" : {
        "0" : 0.000000,
        "4" : 100.000000,
        "8" : 0.000000,
        "16" : 0.000000,
        "32" : 0.000000,
        "64" : 0.000000,
        ">=64" : 0.000000
      },
      "iodepth_complete" : {
        "0" : 0.000000,
        "4" : 99.182422,
        "8" : 0.000000,
        "16" : 0.817578,
        "32" : 0.000000,
        "64" : 0.000000,
        ">=64" : 0.000000
      },
      "latency_ns" : {
        "2" : 0.000000,
        "4" : 0.000000,
        "10" : 0.000000,
        "20" : 0.000000,
        "50" : 0.000000,
        "100" : 0.000000,
        "250" : 0.000000,
        "500" : 0.000000,
        "750" : 0.000000,
        "1000" : 0.000000
      },
      "latency_us" : {
        "2" : 0.000000,
        "4" : 0.000000,
        "10" : 0.000000,
        "20" : 0.687758,
        "50" : 0.045851,
        "100" : 0.000000,
        "250" : 0.000000,
        "500" : 0.000000,
        "750" : 0.000000,
        "1000" : 0.000000
      },
      "latency_ms" : {
        "2" : 0.000000,
        "4" : 0.000000,
        "10" : 0.000000,
        "20" : 0.000000,
        "50" : 0.000000,
        "100" : 0.000000,
        "250" : 0.000000,
        "500" : 0.000000,
        "750" : 0.183402,
        "1000" : 0.435580,
        "2000" : 3.003210,
        ">=2000" : 95.644200
      },
      "latency_depth" : 16,
      "latency_target" : 0,
      "latency_percentile" : 100.000000,
      "latency_window" : 0
    }
  ]
}
