{
  "fio version" : "fio-3.29-112-gc3773",
  "timestamp" : 1649848661,
  "timestamp_ms" : 1649848661703,
  "time" : "Wed Apr 13 11:17:41 2022",
  "global options" : {
    "size" : "50M",
    "runtime" : "60",
    "rwmixread" : "50",
    "directory" : "/mnt/mfs"
  },
  "jobs" : [
    {
      "jobname" : "iotest",
      "groupid" : 0,
      "error" : 0,
      "eta" : 0,
      "elapsed" : 61,
      "job options" : {
        "rw" : "readwrite",
        "bs" : "4k",
        "ioengine" : "libaio",
        "iodepth" : "2",
        "numjobs" : "2",
        "direct" : "1",
        "group_reporting" : "1",
        "invalidate" : "1",
        "loops" : "1",
        "write_bw_log" : "./fio-bench-13-04-2022--09-45-32-seq-mfs/seqrw/mfs/readwrite50/4k/readwrite-iodepth-2-numjobs-2",
        "write_lat_log" : "./fio-bench-13-04-2022--09-45-32-seq-mfs/seqrw/mfs/readwrite50/4k/readwrite-iodepth-2-numjobs-2",
        "write_iops_log" : "./fio-bench-13-04-2022--09-45-32-seq-mfs/seqrw/mfs/readwrite50/4k/readwrite-iodepth-2-numjobs-2",
        "log_avg_msec" : "500"
      },
      "read" : {
        "io_bytes" : 6291456,
        "io_kbytes" : 6144,
        "bw_bytes" : 104817,
        "bw" : 102,
        "iops" : 25.590190,
        "runtime" : 60023,
        "total_ios" : 1536,
        "short_ios" : 0,
        "drop_ios" : 0,
        "slat_ns" : {
          "min" : 31917,
          "max" : 835375072,
          "mean" : 78013095.154297,
          "stddev" : 77759234.009303,
          "N" : 1536
        },
        "clat_ns" : {
          "min" : 14317,
          "max" : 716990664,
          "mean" : 35576504.708333,
          "stddev" : 66810152.226078,
          "N" : 1536,
          "percentile" : {
            "1.000000" : 49408,
            "5.000000" : 52480,
            "10.000000" : 58112,
            "20.000000" : 67072,
            "30.000000" : 89600,
            "40.000000" : 96768,
            "50.000000" : 102912,
            "60.000000" : 110080,
            "70.000000" : 121344,
            "80.000000" : 105381888,
            "90.000000" : 141557760,
            "95.000000" : 168820736,
            "99.000000" : 238026752,
            "99.500000" : 265289728,
            "99.900000" : 371195904,
            "99.950000" : 717225984,
            "99.990000" : 717225984
          }
        },
        "lat_ns" : {
          "min" : 83880,
          "max" : 1005108268,
          "mean" : 113593104.875651,
          "stddev" : 102350559.470267,
          "N" : 1536
        },
        "bw_min" : 16,
        "bw_max" : 248,
        "bw_agg" : 100.000000,
        "bw_mean" : 103.494659,
        "bw_dev" : 20.653473,
        "bw_samples" : 237,
        "iops_min" : 4,
        "iops_max" : 62,
        "iops_mean" : 25.873665,
        "iops_stddev" : 5.163368,
        "iops_samples" : 237
      },
      "write" : {
        "io_bytes" : 6643712,
        "io_kbytes" : 6488,
        "bw_bytes" : 110686,
        "bw" : 108,
        "iops" : 27.022975,
        "runtime" : 60023,
        "total_ios" : 1622,
        "short_ios" : 0,
        "drop_ios" : 0,
        "slat_ns" : {
          "min" : 53149,
          "max" : 5534689,
          "mean" : 88451.961776,
          "stddev" : 234364.022533,
          "N" : 1622
        },
        "clat_ns" : {
          "min" : 68864,
          "max" : 835393509,
          "mean" : 40307344.821208,
          "stddev" : 66661655.603572,
          "N" : 1622,
          "percentile" : {
            "1.000000" : 70144,
            "5.000000" : 72192,
            "10.000000" : 74240,
            "20.000000" : 77312,
            "30.000000" : 84480,
            "40.000000" : 95744,
            "50.000000" : 118272,
            "60.000000" : 23986176,
            "70.000000" : 41680896,
            "80.000000" : 83361792,
            "90.000000" : 130547712,
            "95.000000" : 162529280,
            "99.000000" : 274726912,
            "99.500000" : 299892736,
            "99.900000" : 742391808,
            "99.950000" : 834666496,
            "99.990000" : 834666496
          }
        },
        "lat_ns" : {
          "min" : 125575,
          "max" : 835468380,
          "mean" : 40398898.138101,
          "stddev" : 66661563.265013,
          "N" : 1622
        },
        "bw_min" : 16,
        "bw_max" : 296,
        "bw_agg" : 99.915075,
        "bw_mean" : 108.974790,
        "bw_dev" : 32.051018,
        "bw_samples" : 238,
        "iops_min" : 4,
        "iops_max" : 74,
        "iops_mean" : 27.243697,
        "iops_stddev" : 8.012754,
        "iops_samples" : 238
      },
      "trim" : {
        "io_bytes" : 0,
        "io_kbytes" : 0,
        "bw_bytes" : 0,
        "bw" : 0,
        "iops" : 0.000000,
        "runtime" : 0,
        "total_ios" : 0,
        "short_ios" : 0,
        "drop_ios" : 0,
        "slat_ns" : {
          "min" : 0,
          "max" : 0,
          "mean" : 0.000000,
          "stddev" : 0.000000,
          "N" : 0
        },
        "clat_ns" : {
          "min" : 0,
          "max" : 0,
          "mean" : 0.000000,
          "stddev" : 0.000000,
          "N" : 0
        },
        "lat_ns" : {
          "min" : 0,
          "max" : 0,
          "mean" : 0.000000,
          "stddev" : 0.000000,
          "N" : 0
        },
        "bw_min" : 0,
        "bw_max" : 0,
        "bw_agg" : 0.000000,
        "bw_mean" : 0.000000,
        "bw_dev" : 0.000000,
        "bw_samples" : 0,
        "iops_min" : 0,
        "iops_max" : 0,
        "iops_mean" : 0.000000,
        "iops_stddev" : 0.000000,
        "iops_samples" : 0
      },
      "sync" : {
        "total_ios" : 0,
        "lat_ns" : {
          "min" : 0,
          "max" : 0,
          "mean" : 0.000000,
          "stddev" : 0.000000,
          "N" : 0
        }
      },
      "job_runtime" : 120023,
      "usr_cpu" : 0.025828,
      "sys_cpu" : 0.068320,
      "ctx" : 4903,
      "majf" : 0,
      "minf" : 86,
      "iodepth_level" : {
        "1" : 0.100000,
        "2" : 99.936669,
        "4" : 0.000000,
        "8" : 0.000000,
        "16" : 0.000000,
        "32" : 0.000000,
        ">=64" : 0.000000
      },
      "iodepth_submit" : {
        "0" : 0.000000,
        "4" : 100.000000,
        "8" : 0.000000,
        "16" : 0.000000,
        "32" : 0.000000,
        "64" : 0.000000,
        ">=64" : 0.000000
      },
      "iodepth_complete" : {
        "0" : 0.000000,
        "4" : 100.000000,
        "8" : 0.000000,
        "16" : 0.000000,
        "32" : 0.000000,
        "64" : 0.000000,
        ">=64" : 0.000000
      },
      "latency_ns" : {
        "2" : 0.000000,
        "4" : 0.000000,
        "10" : 0.000000,
        "20" : 0.000000,
        "50" : 0.000000,
        "100" : 0.000000,
        "250" : 0.000000,
        "500" : 0.000000,
        "750" : 0.000000,
        "1000" : 0.000000
      },
      "latency_us" : {
        "2" : 0.000000,
        "4" : 0.000000,
        "10" : 0.000000,
        "20" : 0.063331,
        "50" : 0.664978,
        "100" : 43.286890,
        "250" : 19.031032,
        "500" : 0.031666,
        "750" : 0.000000,
        "1000" : 0.000000
      },
      "latency_ms" : {
        "2" : 0.000000,
        "4" : 0.031666,
        "10" : 0.189994,
        "20" : 2.881571,
        "50" : 7.789740,
        "100" : 7.156428,
        "250" : 17.859405,
        "500" : 0.886637,
        "750" : 0.094997,
        "1000" : 0.031666,
        "2000" : 0.000000,
        ">=2000" : 0.000000
      },
      "latency_depth" : 2,
      "latency_target" : 0,
      "latency_percentile" : 100.000000,
      "latency_window" : 0
    }
  ]
}
