{
  "fio version" : "fio-3.29-112-gc3773",
  "timestamp" : 1649849694,
  "timestamp_ms" : 1649849694259,
  "time" : "Wed Apr 13 11:34:54 2022",
  "global options" : {
    "size" : "50M",
    "runtime" : "60",
    "rwmixread" : "50",
    "directory" : "/mnt/mfs"
  },
  "jobs" : [
    {
      "jobname" : "iotest",
      "groupid" : 0,
      "error" : 0,
      "eta" : 0,
      "elapsed" : 61,
      "job options" : {
        "rw" : "readwrite",
        "bs" : "4k",
        "ioengine" : "libaio",
        "iodepth" : "8",
        "numjobs" : "16",
        "direct" : "1",
        "group_reporting" : "1",
        "invalidate" : "1",
        "loops" : "1",
        "write_bw_log" : "./fio-bench-13-04-2022--09-45-32-seq-mfs/seqrw/mfs/readwrite50/4k/readwrite-iodepth-8-numjobs-16",
        "write_lat_log" : "./fio-bench-13-04-2022--09-45-32-seq-mfs/seqrw/mfs/readwrite50/4k/readwrite-iodepth-8-numjobs-16",
        "write_iops_log" : "./fio-bench-13-04-2022--09-45-32-seq-mfs/seqrw/mfs/readwrite50/4k/readwrite-iodepth-8-numjobs-16",
        "log_avg_msec" : "500"
      },
      "read" : {
        "io_bytes" : 9633792,
        "io_kbytes" : 9408,
        "bw_bytes" : 159542,
        "bw" : 155,
        "iops" : 38.950715,
        "runtime" : 60384,
        "total_ios" : 2352,
        "short_ios" : 0,
        "drop_ios" : 0,
        "slat_ns" : {
          "min" : 24584,
          "max" : 2750051919,
          "mean" : 409726059.962585,
          "stddev" : 457837411.057967,
          "N" : 2352
        },
        "clat_ns" : {
          "min" : 13619,
          "max" : 6063230184,
          "mean" : 1274855508.943453,
          "stddev" : 869581221.929683,
          "N" : 2352,
          "percentile" : {
            "1.000000" : 387072,
            "5.000000" : 30539776,
            "10.000000" : 225443840,
            "20.000000" : 476053504,
            "30.000000" : 708837376,
            "40.000000" : 918552576,
            "50.000000" : 1132462080,
            "60.000000" : 1384120320,
            "70.000000" : 1702887424,
            "80.000000" : 2004877312,
            "90.000000" : 2499805184,
            "95.000000" : 2801795072,
            "99.000000" : 3539992576,
            "99.500000" : 3976200192,
            "99.900000" : 4865392640,
            "99.950000" : 4865392640,
            "99.990000" : 6073352192
          }
        },
        "lat_ns" : {
          "min" : 390065,
          "max" : 6528487945,
          "mean" : 1684586163.721939,
          "stddev" : 1033369651.847773,
          "N" : 2352
        },
        "bw_min" : 128,
        "bw_max" : 992,
        "bw_agg" : 100.000000,
        "bw_mean" : 294.921168,
        "bw_dev" : 13.167934,
        "bw_samples" : 976,
        "iops_min" : 32,
        "iops_max" : 248,
        "iops_mean" : 73.730292,
        "iops_stddev" : 3.291984,
        "iops_samples" : 976
      },
      "write" : {
        "io_bytes" : 9543680,
        "io_kbytes" : 9320,
        "bw_bytes" : 158049,
        "bw" : 154,
        "iops" : 38.586380,
        "runtime" : 60384,
        "total_ios" : 2330,
        "short_ios" : 0,
        "drop_ios" : 0,
        "slat_ns" : {
          "min" : 52521,
          "max" : 7226227,
          "mean" : 154014.474678,
          "stddev" : 632799.400029,
          "N" : 2330
        },
        "clat_ns" : {
          "min" : 529748,
          "max" : 6063204413,
          "mean" : 1579506308.499571,
          "stddev" : 934279364.353829,
          "N" : 2330,
          "percentile" : {
            "1.000000" : 36438016,
            "5.000000" : 283115520,
            "10.000000" : 480247808,
            "20.000000" : 750780416,
            "30.000000" : 977272832,
            "40.000000" : 1199570944,
            "50.000000" : 1417674752,
            "60.000000" : 1719664640,
            "70.000000" : 2004877312,
            "80.000000" : 2432696320,
            "90.000000" : 2868903936,
            "95.000000" : 3204448256,
            "99.000000" : 4043309056,
            "99.500000" : 4462739456,
            "99.900000" : 4865392640,
            "99.950000" : 5066719232,
            "99.990000" : 6073352192
          }
        },
        "lat_ns" : {
          "min" : 596097,
          "max" : 6063278305,
          "mean" : 1579663551.801717,
          "stddev" : 934304286.395504,
          "N" : 2330
        },
        "bw_min" : 128,
        "bw_max" : 928,
        "bw_agg" : 100.000000,
        "bw_mean" : 289.569121,
        "bw_dev" : 12.290574,
        "bw_samples" : 996,
        "iops_min" : 32,
        "iops_max" : 232,
        "iops_mean" : 72.392280,
        "iops_stddev" : 3.072643,
        "iops_samples" : 996
      },
      "trim" : {
        "io_bytes" : 0,
        "io_kbytes" : 0,
        "bw_bytes" : 0,
        "bw" : 0,
        "iops" : 0.000000,
        "runtime" : 0,
        "total_ios" : 0,
        "short_ios" : 0,
        "drop_ios" : 0,
        "slat_ns" : {
          "min" : 0,
          "max" : 0,
          "mean" : 0.000000,
          "stddev" : 0.000000,
          "N" : 0
        },
        "clat_ns" : {
          "min" : 0,
          "max" : 0,
          "mean" : 0.000000,
          "stddev" : 0.000000,
          "N" : 0
        },
        "lat_ns" : {
          "min" : 0,
          "max" : 0,
          "mean" : 0.000000,
          "stddev" : 0.000000,
          "N" : 0
        },
        "bw_min" : 0,
        "bw_max" : 0,
        "bw_agg" : 0.000000,
        "bw_mean" : 0.000000,
        "bw_dev" : 0.000000,
        "bw_samples" : 0,
        "iops_min" : 0,
        "iops_max" : 0,
        "iops_mean" : 0.000000,
        "iops_stddev" : 0.000000,
        "iops_samples" : 0
      },
      "sync" : {
        "total_ios" : 0,
        "lat_ns" : {
          "min" : 0,
          "max" : 0,
          "mean" : 0.000000,
          "stddev" : 0.000000,
          "N" : 0
        }
      },
      "job_runtime" : 964550,
      "usr_cpu" : 0.008501,
      "sys_cpu" : 0.008812,
      "ctx" : 7408,
      "majf" : 0,
      "minf" : 646,
      "iodepth_level" : {
        "1" : 0.341734,
        "2" : 0.683469,
        "4" : 1.366937,
        "8" : 97.607860,
        "16" : 0.000000,
        "32" : 0.000000,
        ">=64" : 0.000000
      },
      "iodepth_submit" : {
        "0" : 0.000000,
        "4" : 100.000000,
        "8" : 0.000000,
        "16" : 0.000000,
        "32" : 0.000000,
        "64" : 0.000000,
        ">=64" : 0.000000
      },
      "iodepth_complete" : {
        "0" : 0.000000,
        "4" : 99.651112,
        "8" : 0.348888,
        "16" : 0.000000,
        "32" : 0.000000,
        "64" : 0.000000,
        ">=64" : 0.000000
      },
      "latency_ns" : {
        "2" : 0.000000,
        "4" : 0.000000,
        "10" : 0.000000,
        "20" : 0.000000,
        "50" : 0.000000,
        "100" : 0.000000,
        "250" : 0.000000,
        "500" : 0.000000,
        "750" : 0.000000,
        "1000" : 0.000000
      },
      "latency_us" : {
        "2" : 0.000000,
        "4" : 0.000000,
        "10" : 0.000000,
        "20" : 0.341734,
        "50" : 0.000000,
        "100" : 0.000000,
        "250" : 0.000000,
        "500" : 0.875694,
        "750" : 1.409654,
        "1000" : 0.000000
      },
      "latency_ms" : {
        "2" : 0.000000,
        "4" : 0.000000,
        "10" : 0.106792,
        "20" : 0.000000,
        "50" : 0.469885,
        "100" : 0.790261,
        "250" : 3.545493,
        "500" : 8.329774,
        "750" : 10.081162,
        "1000" : 11.362666,
        "2000" : 37.612132,
        ">=2000" : 25.074754
      },
      "latency_depth" : 8,
      "latency_target" : 0,
      "latency_percentile" : 100.000000,
      "latency_window" : 0
    }
  ]
}
