{
  "fio version" : "fio-3.29-112-gc3773",
  "timestamp" : 1649848966,
  "timestamp_ms" : 1649848966533,
  "time" : "Wed Apr 13 11:22:46 2022",
  "global options" : {
    "size" : "50M",
    "runtime" : "60",
    "rwmixread" : "50",
    "directory" : "/mnt/mfs"
  },
  "jobs" : [
    {
      "jobname" : "iotest",
      "groupid" : 0,
      "error" : 0,
      "eta" : 0,
      "elapsed" : 62,
      "job options" : {
        "rw" : "readwrite",
        "bs" : "4k",
        "ioengine" : "libaio",
        "iodepth" : "2",
        "numjobs" : "64",
        "direct" : "1",
        "group_reporting" : "1",
        "invalidate" : "1",
        "loops" : "1",
        "write_bw_log" : "./fio-bench-13-04-2022--09-45-32-seq-mfs/seqrw/mfs/readwrite50/4k/readwrite-iodepth-2-numjobs-64",
        "write_lat_log" : "./fio-bench-13-04-2022--09-45-32-seq-mfs/seqrw/mfs/readwrite50/4k/readwrite-iodepth-2-numjobs-64",
        "write_iops_log" : "./fio-bench-13-04-2022--09-45-32-seq-mfs/seqrw/mfs/readwrite50/4k/readwrite-iodepth-2-numjobs-64",
        "log_avg_msec" : "500"
      },
      "read" : {
        "io_bytes" : 8134656,
        "io_kbytes" : 7944,
        "bw_bytes" : 132888,
        "bw" : 129,
        "iops" : 32.443559,
        "runtime" : 61214,
        "total_ios" : 1986,
        "short_ios" : 0,
        "drop_ios" : 0,
        "slat_ns" : {
          "min" : 32127,
          "max" : 11001867600,
          "mean" : 1953328060.381672,
          "stddev" : 1876643202.370390,
          "N" : 1986
        },
        "clat_ns" : {
          "min" : 14876,
          "max" : 8728269104,
          "mean" : 352822802.653575,
          "stddev" : 898063927.278089,
          "N" : 1986,
          "percentile" : {
            "1.000000" : 15680,
            "5.000000" : 49408,
            "10.000000" : 52480,
            "20.000000" : 63744,
            "30.000000" : 78336,
            "40.000000" : 92672,
            "50.000000" : 102912,
            "60.000000" : 114176,
            "70.000000" : 128512,
            "80.000000" : 6193152,
            "90.000000" : 1535115264,
            "95.000000" : 2365587456,
            "99.000000" : 4110417920,
            "99.500000" : 4798283776,
            "99.900000" : 5939134464,
            "99.950000" : 8791261184,
            "99.990000" : 8791261184
          }
        },
        "lat_ns" : {
          "min" : 82693,
          "max" : 14469139739,
          "mean" : 2306157212.579053,
          "stddev" : 2266131714.601842,
          "N" : 1986
        },
        "bw_min" : 510,
        "bw_max" : 2752,
        "bw_agg" : 100.000000,
        "bw_mean" : 1019.746110,
        "bw_dev" : 11.120338,
        "bw_samples" : 962,
        "iops_min" : 126,
        "iops_max" : 688,
        "iops_mean" : 254.836081,
        "iops_stddev" : 2.781494,
        "iops_samples" : 962
      },
      "write" : {
        "io_bytes" : 7966720,
        "io_kbytes" : 7780,
        "bw_bytes" : 130145,
        "bw" : 127,
        "iops" : 31.773777,
        "runtime" : 61214,
        "total_ios" : 1945,
        "short_ios" : 0,
        "drop_ios" : 0,
        "slat_ns" : {
          "min" : 37924,
          "max" : 7409508,
          "mean" : 424868.249871,
          "stddev" : 1302049.739644,
          "N" : 1945
        },
        "clat_ns" : {
          "min" : 49867,
          "max" : 11001887854,
          "mean" : 1632773451.192288,
          "stddev" : 1968616179.593533,
          "N" : 1945,
          "percentile" : {
            "1.000000" : 70144,
            "5.000000" : 72192,
            "10.000000" : 74240,
            "20.000000" : 78336,
            "30.000000" : 90624,
            "40.000000" : 104960,
            "50.000000" : 1098907648,
            "60.000000" : 1937768448,
            "70.000000" : 2499805184,
            "80.000000" : 3204448256,
            "90.000000" : 4328521728,
            "95.000000" : 5469372416,
            "99.000000" : 7683964928,
            "99.500000" : 8086618112,
            "99.900000" : 10804527104,
            "99.950000" : 10938744832,
            "99.990000" : 10938744832
          }
        },
        "lat_ns" : {
          "min" : 90445,
          "max" : 11001974318,
          "mean" : 1633201559.640617,
          "stddev" : 1968561275.553157,
          "N" : 1945
        },
        "bw_min" : 510,
        "bw_max" : 2471,
        "bw_agg" : 100.000000,
        "bw_mean" : 842.638769,
        "bw_dev" : 9.440145,
        "bw_samples" : 1149,
        "iops_min" : 126,
        "iops_max" : 617,
        "iops_mean" : 210.489533,
        "iops_stddev" : 2.358955,
        "iops_samples" : 1149
      },
      "trim" : {
        "io_bytes" : 0,
        "io_kbytes" : 0,
        "bw_bytes" : 0,
        "bw" : 0,
        "iops" : 0.000000,
        "runtime" : 0,
        "total_ios" : 0,
        "short_ios" : 0,
        "drop_ios" : 0,
        "slat_ns" : {
          "min" : 0,
          "max" : 0,
          "mean" : 0.000000,
          "stddev" : 0.000000,
          "N" : 0
        },
        "clat_ns" : {
          "min" : 0,
          "max" : 0,
          "mean" : 0.000000,
          "stddev" : 0.000000,
          "N" : 0
        },
        "lat_ns" : {
          "min" : 0,
          "max" : 0,
          "mean" : 0.000000,
          "stddev" : 0.000000,
          "N" : 0
        },
        "bw_min" : 0,
        "bw_max" : 0,
        "bw_agg" : 0.000000,
        "bw_mean" : 0.000000,
        "bw_dev" : 0.000000,
        "bw_samples" : 0,
        "iops_min" : 0,
        "iops_max" : 0,
        "iops_mean" : 0.000000,
        "iops_stddev" : 0.000000,
        "iops_samples" : 0
      },
      "sync" : {
        "total_ios" : 0,
        "lat_ns" : {
          "min" : 0,
          "max" : 0,
          "mean" : 0.000000,
          "stddev" : 0.000000,
          "N" : 0
        }
      },
      "job_runtime" : 3889461,
      "usr_cpu" : 0.002314,
      "sys_cpu" : 0.001337,
      "ctx" : 6413,
      "majf" : 0,
      "minf" : 2777,
      "iodepth_level" : {
        "1" : 1.628084,
        "2" : 98.371916,
        "4" : 0.000000,
        "8" : 0.000000,
        "16" : 0.000000,
        "32" : 0.000000,
        ">=64" : 0.000000
      },
      "iodepth_submit" : {
        "0" : 0.000000,
        "4" : 100.000000,
        "8" : 0.000000,
        "16" : 0.000000,
        "32" : 0.000000,
        "64" : 0.000000,
        ">=64" : 0.000000
      },
      "iodepth_complete" : {
        "0" : 0.000000,
        "4" : 100.000000,
        "8" : 0.000000,
        "16" : 0.000000,
        "32" : 0.000000,
        "64" : 0.000000,
        ">=64" : 0.000000
      },
      "latency_ns" : {
        "2" : 0.000000,
        "4" : 0.000000,
        "10" : 0.000000,
        "20" : 0.000000,
        "50" : 0.000000,
        "100" : 0.000000,
        "250" : 0.000000,
        "500" : 0.000000,
        "750" : 0.000000,
        "1000" : 0.000000
      },
      "latency_us" : {
        "2" : 0.000000,
        "4" : 0.000000,
        "10" : 0.000000,
        "20" : 1.551768,
        "50" : 1.297380,
        "100" : 39.302976,
        "250" : 20.478250,
        "500" : 0.101755,
        "750" : 0.000000,
        "1000" : 0.000000
      },
      "latency_ms" : {
        "2" : 0.000000,
        "4" : 0.330705,
        "10" : 2.060544,
        "20" : 0.000000,
        "50" : 0.025439,
        "100" : 0.050878,
        "250" : 0.152633,
        "500" : 0.483338,
        "750" : 0.814042,
        "1000" : 1.348257,
        "2000" : 9.056220,
        ">=2000" : 22.945815
      },
      "latency_depth" : 2,
      "latency_target" : 0,
      "latency_percentile" : 100.000000,
      "latency_window" : 0
    }
  ]
}
