{
  "fio version" : "fio-3.29-112-gc3773",
  "timestamp" : 1649849573,
  "timestamp_ms" : 1649849573133,
  "time" : "Wed Apr 13 11:32:53 2022",
  "global options" : {
    "size" : "50M",
    "runtime" : "60",
    "rwmixread" : "50",
    "directory" : "/mnt/mfs"
  },
  "jobs" : [
    {
      "jobname" : "iotest",
      "groupid" : 0,
      "error" : 0,
      "eta" : 0,
      "elapsed" : 61,
      "job options" : {
        "rw" : "readwrite",
        "bs" : "4k",
        "ioengine" : "libaio",
        "iodepth" : "8",
        "numjobs" : "4",
        "direct" : "1",
        "group_reporting" : "1",
        "invalidate" : "1",
        "loops" : "1",
        "write_bw_log" : "./fio-bench-13-04-2022--09-45-32-seq-mfs/seqrw/mfs/readwrite50/4k/readwrite-iodepth-8-numjobs-4",
        "write_lat_log" : "./fio-bench-13-04-2022--09-45-32-seq-mfs/seqrw/mfs/readwrite50/4k/readwrite-iodepth-8-numjobs-4",
        "write_iops_log" : "./fio-bench-13-04-2022--09-45-32-seq-mfs/seqrw/mfs/readwrite50/4k/readwrite-iodepth-8-numjobs-4",
        "log_avg_msec" : "500"
      },
      "read" : {
        "io_bytes" : 7532544,
        "io_kbytes" : 7356,
        "bw_bytes" : 125233,
        "bw" : 122,
        "iops" : 30.574583,
        "runtime" : 60148,
        "total_ios" : 1839,
        "short_ios" : 0,
        "drop_ios" : 0,
        "slat_ns" : {
          "min" : 29892,
          "max" : 767542933,
          "mean" : 130635489.104405,
          "stddev" : 138180142.038378,
          "N" : 1839
        },
        "clat_ns" : {
          "min" : 14807,
          "max" : 1424788721,
          "mean" : 414208678.201740,
          "stddev" : 270403107.378721,
          "N" : 1839,
          "percentile" : {
            "1.000000" : 456704,
            "5.000000" : 27394048,
            "10.000000" : 73924608,
            "20.000000" : 164626432,
            "30.000000" : 242221056,
            "40.000000" : 320864256,
            "50.000000" : 392167424,
            "60.000000" : 463470592,
            "70.000000" : 541065216,
            "80.000000" : 650117120,
            "90.000000" : 775946240,
            "95.000000" : 901775360,
            "99.000000" : 1132462080,
            "99.500000" : 1199570944,
            "99.900000" : 1367343104,
            "99.950000" : 1417674752,
            "99.990000" : 1417674752
          }
        },
        "lat_ns" : {
          "min" : 426033,
          "max" : 1719672941,
          "mean" : 544848017.068516,
          "stddev" : 312666565.627925,
          "N" : 1839
        },
        "bw_min" : 32,
        "bw_max" : 424,
        "bw_agg" : 100.000000,
        "bw_mean" : 131.165481,
        "bw_dev" : 21.513128,
        "bw_samples" : 445,
        "iops_min" : 8,
        "iops_max" : 106,
        "iops_mean" : 32.791370,
        "iops_stddev" : 5.378282,
        "iops_samples" : 445
      },
      "write" : {
        "io_bytes" : 7905280,
        "io_kbytes" : 7720,
        "bw_bytes" : 131430,
        "bw" : 128,
        "iops" : 32.087517,
        "runtime" : 60148,
        "total_ios" : 1930,
        "short_ios" : 0,
        "drop_ios" : 0,
        "slat_ns" : {
          "min" : 52521,
          "max" : 6039899,
          "mean" : 92669.388083,
          "stddev" : 261524.201251,
          "N" : 1930
        },
        "clat_ns" : {
          "min" : 515641,
          "max" : 1503365257,
          "mean" : 475563029.120207,
          "stddev" : 287953715.714672,
          "N" : 1930,
          "percentile" : {
            "1.000000" : 32112640,
            "5.000000" : 80216064,
            "10.000000" : 130547712,
            "20.000000" : 212860928,
            "30.000000" : 274726912,
            "40.000000" : 350224384,
            "50.000000" : 438304768,
            "60.000000" : 522190848,
            "70.000000" : 608174080,
            "80.000000" : 717225984,
            "90.000000" : 893386752,
            "95.000000" : 1027604480,
            "99.000000" : 1216348160,
            "99.500000" : 1367343104,
            "99.900000" : 1451229184,
            "99.950000" : 1501560832,
            "99.990000" : 1501560832
          }
        },
        "lat_ns" : {
          "min" : 575914,
          "max" : 1503465200,
          "mean" : 475658899.492746,
          "stddev" : 287950981.059861,
          "N" : 1930
        },
        "bw_min" : 32,
        "bw_max" : 528,
        "bw_agg" : 100.000000,
        "bw_mean" : 136.325647,
        "bw_dev" : 22.486119,
        "bw_samples" : 449,
        "iops_min" : 8,
        "iops_max" : 132,
        "iops_mean" : 34.081412,
        "iops_stddev" : 5.621530,
        "iops_samples" : 449
      },
      "trim" : {
        "io_bytes" : 0,
        "io_kbytes" : 0,
        "bw_bytes" : 0,
        "bw" : 0,
        "iops" : 0.000000,
        "runtime" : 0,
        "total_ios" : 0,
        "short_ios" : 0,
        "drop_ios" : 0,
        "slat_ns" : {
          "min" : 0,
          "max" : 0,
          "mean" : 0.000000,
          "stddev" : 0.000000,
          "N" : 0
        },
        "clat_ns" : {
          "min" : 0,
          "max" : 0,
          "mean" : 0.000000,
          "stddev" : 0.000000,
          "N" : 0
        },
        "lat_ns" : {
          "min" : 0,
          "max" : 0,
          "mean" : 0.000000,
          "stddev" : 0.000000,
          "N" : 0
        },
        "bw_min" : 0,
        "bw_max" : 0,
        "bw_agg" : 0.000000,
        "bw_mean" : 0.000000,
        "bw_dev" : 0.000000,
        "bw_samples" : 0,
        "iops_min" : 0,
        "iops_max" : 0,
        "iops_mean" : 0.000000,
        "iops_stddev" : 0.000000,
        "iops_samples" : 0
      },
      "sync" : {
        "total_ios" : 0,
        "lat_ns" : {
          "min" : 0,
          "max" : 0,
          "mean" : 0.000000,
          "stddev" : 0.000000,
          "N" : 0
        }
      },
      "job_runtime" : 240487,
      "usr_cpu" : 0.016217,
      "sys_cpu" : 0.041582,
      "ctx" : 5937,
      "majf" : 0,
      "minf" : 173,
      "iodepth_level" : {
        "1" : 0.106129,
        "2" : 0.212258,
        "4" : 0.424516,
        "8" : 99.257097,
        "16" : 0.000000,
        "32" : 0.000000,
        ">=64" : 0.000000
      },
      "iodepth_submit" : {
        "0" : 0.000000,
        "4" : 100.000000,
        "8" : 0.000000,
        "16" : 0.000000,
        "32" : 0.000000,
        "64" : 0.000000,
        ">=64" : 0.000000
      },
      "iodepth_complete" : {
        "0" : 0.000000,
        "4" : 99.893191,
        "8" : 0.106809,
        "16" : 0.000000,
        "32" : 0.000000,
        "64" : 0.000000,
        ">=64" : 0.000000
      },
      "latency_ns" : {
        "2" : 0.000000,
        "4" : 0.000000,
        "10" : 0.000000,
        "20" : 0.000000,
        "50" : 0.000000,
        "100" : 0.000000,
        "250" : 0.000000,
        "500" : 0.000000,
        "750" : 0.000000,
        "1000" : 0.000000
      },
      "latency_us" : {
        "2" : 0.000000,
        "4" : 0.000000,
        "10" : 0.000000,
        "20" : 0.106129,
        "50" : 0.000000,
        "100" : 0.000000,
        "250" : 0.000000,
        "500" : 0.716370,
        "750" : 1.353144,
        "1000" : 0.000000
      },
      "latency_ms" : {
        "2" : 0.000000,
        "4" : 0.000000,
        "10" : 0.000000,
        "20" : 0.000000,
        "50" : 2.281772,
        "100" : 5.916689,
        "250" : 17.299018,
        "500" : 32.953038,
        "750" : 24.913770,
        "1000" : 10.082250,
        "2000" : 4.377819,
        ">=2000" : 0.000000
      },
      "latency_depth" : 8,
      "latency_target" : 0,
      "latency_percentile" : 100.000000,
      "latency_window" : 0
    }
  ]
}
