{
  "fio version" : "fio-3.29-112-gc3773",
  "timestamp" : 1649850668,
  "timestamp_ms" : 1649850668737,
  "time" : "Wed Apr 13 11:51:08 2022",
  "global options" : {
    "size" : "50M",
    "runtime" : "60",
    "rwmixread" : "50",
    "directory" : "/mnt/mfs"
  },
  "jobs" : [
    {
      "jobname" : "iotest",
      "groupid" : 0,
      "error" : 0,
      "eta" : 0,
      "elapsed" : 62,
      "job options" : {
        "rw" : "readwrite",
        "bs" : "4k",
        "ioengine" : "libaio",
        "iodepth" : "32",
        "numjobs" : "64",
        "direct" : "1",
        "group_reporting" : "1",
        "invalidate" : "1",
        "loops" : "1",
        "write_bw_log" : "./fio-bench-13-04-2022--09-45-32-seq-mfs/seqrw/mfs/readwrite50/4k/readwrite-iodepth-32-numjobs-64",
        "write_lat_log" : "./fio-bench-13-04-2022--09-45-32-seq-mfs/seqrw/mfs/readwrite50/4k/readwrite-iodepth-32-numjobs-64",
        "write_iops_log" : "./fio-bench-13-04-2022--09-45-32-seq-mfs/seqrw/mfs/readwrite50/4k/readwrite-iodepth-32-numjobs-64",
        "log_avg_msec" : "500"
      },
      "read" : {
        "io_bytes" : 8196096,
        "io_kbytes" : 8004,
        "bw_bytes" : 134278,
        "bw" : 131,
        "iops" : 32.782857,
        "runtime" : 61038,
        "total_ios" : 2001,
        "short_ios" : 0,
        "drop_ios" : 0,
        "slat_ns" : {
          "min" : 32547,
          "max" : 11477903061,
          "mean" : 1933177775.713143,
          "stddev" : 1882577671.410336,
          "N" : 2001
        },
        "clat_ns" : {
          "min" : 15295,
          "max" : 56422325338,
          "mean" : 20737811675.002499,
          "stddev" : 11178267898.397724,
          "N" : 2001,
          "percentile" : {
            "1.000000" : 16320,
            "5.000000" : 1753219072,
            "10.000000" : 4278190080,
            "20.000000" : 9193914368,
            "30.000000" : 14696841216,
            "40.000000" : 17112760320,
            "50.000000" : 17112760320,
            "60.000000" : 17112760320,
            "70.000000" : 17112760320,
            "80.000000" : 17112760320,
            "90.000000" : 17112760320,
            "95.000000" : 17112760320,
            "99.000000" : 17112760320,
            "99.500000" : 17112760320,
            "99.900000" : 17112760320,
            "99.950000" : 17112760320,
            "99.990000" : 17112760320
          }
        },
        "lat_ns" : {
          "min" : 654120471,
          "max" : 59876284915,
          "mean" : 22670995662.811592,
          "stddev" : 11490471102.507195,
          "N" : 2001
        },
        "bw_min" : 520,
        "bw_max" : 2008,
        "bw_agg" : 100.000000,
        "bw_mean" : 988.369286,
        "bw_dev" : 9.047295,
        "bw_samples" : 499,
        "iops_min" : 130,
        "iops_max" : 502,
        "iops_mean" : 247.092322,
        "iops_stddev" : 2.261824,
        "iops_samples" : 499
      },
      "write" : {
        "io_bytes" : 8077312,
        "io_kbytes" : 7888,
        "bw_bytes" : 132332,
        "bw" : 129,
        "iops" : 32.307743,
        "runtime" : 61038,
        "total_ios" : 1972,
        "short_ios" : 0,
        "drop_ios" : 0,
        "slat_ns" : {
          "min" : 51264,
          "max" : 8527929,
          "mean" : 427375.124746,
          "stddev" : 1300167.349727,
          "N" : 1972
        },
        "clat_ns" : {
          "min" : 654131296,
          "max" : 59876339182,
          "mean" : 22839646959.423428,
          "stddev" : 11551611525.583157,
          "N" : 1972,
          "percentile" : {
            "1.000000" : 1082130432,
            "5.000000" : 2634022912,
            "10.000000" : 4865392640,
            "20.000000" : 11207180288,
            "30.000000" : 16844324864,
            "40.000000" : 17112760320,
            "50.000000" : 17112760320,
            "60.000000" : 17112760320,
            "70.000000" : 17112760320,
            "80.000000" : 17112760320,
            "90.000000" : 17112760320,
            "95.000000" : 17112760320,
            "99.000000" : 17112760320,
            "99.500000" : 17112760320,
            "99.900000" : 17112760320,
            "99.950000" : 17112760320,
            "99.990000" : 17112760320
          }
        },
        "lat_ns" : {
          "min" : 654219576,
          "max" : 59876398617,
          "mean" : 22840077575.018768,
          "stddev" : 11551835843.066576,
          "N" : 1972
        },
        "bw_min" : 520,
        "bw_max" : 1928,
        "bw_agg" : 100.000000,
        "bw_mean" : 956.778089,
        "bw_dev" : 8.942178,
        "bw_samples" : 505,
        "iops_min" : 130,
        "iops_max" : 482,
        "iops_mean" : 239.194522,
        "iops_stddev" : 2.235544,
        "iops_samples" : 505
      },
      "trim" : {
        "io_bytes" : 0,
        "io_kbytes" : 0,
        "bw_bytes" : 0,
        "bw" : 0,
        "iops" : 0.000000,
        "runtime" : 0,
        "total_ios" : 0,
        "short_ios" : 0,
        "drop_ios" : 0,
        "slat_ns" : {
          "min" : 0,
          "max" : 0,
          "mean" : 0.000000,
          "stddev" : 0.000000,
          "N" : 0
        },
        "clat_ns" : {
          "min" : 0,
          "max" : 0,
          "mean" : 0.000000,
          "stddev" : 0.000000,
          "N" : 0
        },
        "lat_ns" : {
          "min" : 0,
          "max" : 0,
          "mean" : 0.000000,
          "stddev" : 0.000000,
          "N" : 0
        },
        "bw_min" : 0,
        "bw_max" : 0,
        "bw_agg" : 0.000000,
        "bw_mean" : 0.000000,
        "bw_dev" : 0.000000,
        "bw_samples" : 0,
        "iops_min" : 0,
        "iops_max" : 0,
        "iops_mean" : 0.000000,
        "iops_stddev" : 0.000000,
        "iops_samples" : 0
      },
      "sync" : {
        "total_ios" : 0,
        "lat_ns" : {
          "min" : 0,
          "max" : 0,
          "mean" : 0.000000,
          "stddev" : 0.000000,
          "N" : 0
        }
      },
      "job_runtime" : 3878727,
      "usr_cpu" : 0.002733,
      "sys_cpu" : 0.000722,
      "ctx" : 6490,
      "majf" : 0,
      "minf" : 2726,
      "iodepth_level" : {
        "1" : 1.610873,
        "2" : 3.221747,
        "4" : 6.443494,
        "8" : 12.886987,
        "16" : 25.773974,
        "32" : 50.062925,
        ">=64" : 0.000000
      },
      "iodepth_submit" : {
        "0" : 0.000000,
        "4" : 100.000000,
        "8" : 0.000000,
        "16" : 0.000000,
        "32" : 0.000000,
        "64" : 0.000000,
        ">=64" : 0.000000
      },
      "iodepth_complete" : {
        "0" : 0.000000,
        "4" : 96.882611,
        "8" : 0.000000,
        "16" : 0.000000,
        "32" : 3.117389,
        "64" : 0.000000,
        ">=64" : 0.000000
      },
      "latency_ns" : {
        "2" : 0.000000,
        "4" : 0.000000,
        "10" : 0.000000,
        "20" : 0.000000,
        "50" : 0.000000,
        "100" : 0.000000,
        "250" : 0.000000,
        "500" : 0.000000,
        "750" : 0.000000,
        "1000" : 0.000000
      },
      "latency_us" : {
        "2" : 0.000000,
        "4" : 0.000000,
        "10" : 0.000000,
        "20" : 1.585703,
        "50" : 0.025170,
        "100" : 0.000000,
        "250" : 0.000000,
        "500" : 0.000000,
        "750" : 0.000000,
        "1000" : 0.000000
      },
      "latency_ms" : {
        "2" : 0.000000,
        "4" : 0.000000,
        "10" : 0.000000,
        "20" : 0.000000,
        "50" : 0.000000,
        "100" : 0.000000,
        "250" : 0.000000,
        "500" : 0.000000,
        "750" : 0.302039,
        "1000" : 0.528568,
        "2000" : 2.240121,
        ">=2000" : 95.318399
      },
      "latency_depth" : 32,
      "latency_target" : 0,
      "latency_percentile" : 100.000000,
      "latency_window" : 0
    }
  ]
}
