{
  "fio version" : "fio-3.29-112-gc3773",
  "timestamp" : 1649849878,
  "timestamp_ms" : 1649849878384,
  "time" : "Wed Apr 13 11:37:58 2022",
  "global options" : {
    "size" : "50M",
    "runtime" : "60",
    "rwmixread" : "50",
    "directory" : "/mnt/mfs"
  },
  "jobs" : [
    {
      "jobname" : "iotest",
      "groupid" : 0,
      "error" : 0,
      "eta" : 0,
      "elapsed" : 61,
      "job options" : {
        "rw" : "readwrite",
        "bs" : "4k",
        "ioengine" : "libaio",
        "iodepth" : "16",
        "numjobs" : "1",
        "direct" : "1",
        "group_reporting" : "1",
        "invalidate" : "1",
        "loops" : "1",
        "write_bw_log" : "./fio-bench-13-04-2022--09-45-32-seq-mfs/seqrw/mfs/readwrite50/4k/readwrite-iodepth-16-numjobs-1",
        "write_lat_log" : "./fio-bench-13-04-2022--09-45-32-seq-mfs/seqrw/mfs/readwrite50/4k/readwrite-iodepth-16-numjobs-1",
        "write_iops_log" : "./fio-bench-13-04-2022--09-45-32-seq-mfs/seqrw/mfs/readwrite50/4k/readwrite-iodepth-16-numjobs-1",
        "log_avg_msec" : "500"
      },
      "read" : {
        "io_bytes" : 5849088,
        "io_kbytes" : 5712,
        "bw_bytes" : 97395,
        "bw" : 95,
        "iops" : 23.778203,
        "runtime" : 60055,
        "total_ios" : 1428,
        "short_ios" : 0,
        "drop_ios" : 0,
        "slat_ns" : {
          "min" : 32127,
          "max" : 134734827,
          "mean" : 41940604.962885,
          "stddev" : 36167106.113535,
          "N" : 1428
        },
        "clat_ns" : {
          "min" : 14528,
          "max" : 649622635,
          "mean" : 302609309.638655,
          "stddev" : 111632102.680433,
          "N" : 1428,
          "percentile" : {
            "1.000000" : 57933824,
            "5.000000" : 115867648,
            "10.000000" : 166723584,
            "20.000000" : 198180864,
            "30.000000" : 240123904,
            "40.000000" : 274726912,
            "50.000000" : 308281344,
            "60.000000" : 329252864,
            "70.000000" : 358612992,
            "80.000000" : 404750336,
            "90.000000" : 450887680,
            "95.000000" : 471859200,
            "99.000000" : 549453824,
            "99.500000" : 566231040,
            "99.900000" : 599785472,
            "99.950000" : 650117120,
            "99.990000" : 650117120
          }
        },
        "lat_ns" : {
          "min" : 1104683,
          "max" : 707505703,
          "mean" : 344553184.780112,
          "stddev" : 116852458.309068,
          "N" : 1428
        },
        "bw_min" : 32,
        "bw_max" : 208,
        "bw_agg" : 98.830535,
        "bw_mean" : 94.600000,
        "bw_dev" : 33.295822,
        "bw_samples" : 120,
        "iops_min" : 8,
        "iops_max" : 52,
        "iops_mean" : 23.650000,
        "iops_stddev" : 8.323956,
        "iops_samples" : 120
      },
      "write" : {
        "io_bytes" : 6115328,
        "io_kbytes" : 5972,
        "bw_bytes" : 101828,
        "bw" : 99,
        "iops" : 24.860545,
        "runtime" : 60055,
        "total_ios" : 1493,
        "short_ios" : 0,
        "drop_ios" : 0,
        "slat_ns" : {
          "min" : 49168,
          "max" : 4712908,
          "mean" : 79756.571333,
          "stddev" : 126611.805801,
          "N" : 1493
        },
        "clat_ns" : {
          "min" : 39190676,
          "max" : 656572218,
          "mean" : 312380774.375753,
          "stddev" : 111028722.869178,
          "N" : 1493,
          "percentile" : {
            "1.000000" : 64749568,
            "5.000000" : 141557760,
            "10.000000" : 179306496,
            "20.000000" : 206569472,
            "30.000000" : 250609664,
            "40.000000" : 283115520,
            "50.000000" : 312475648,
            "60.000000" : 333447168,
            "70.000000" : 367001600,
            "80.000000" : 413138944,
            "90.000000" : 455081984,
            "95.000000" : 497025024,
            "99.000000" : 599785472,
            "99.500000" : 599785472,
            "99.900000" : 658505728,
            "99.950000" : 658505728,
            "99.990000" : 658505728
          }
        },
        "lat_ns" : {
          "min" : 39271274,
          "max" : 656652885,
          "mean" : 312463595.691225,
          "stddev" : 111029931.726086,
          "N" : 1493
        },
        "bw_min" : 24,
        "bw_max" : 216,
        "bw_agg" : 99.556114,
        "bw_mean" : 99.066667,
        "bw_dev" : 37.711807,
        "bw_samples" : 120,
        "iops_min" : 6,
        "iops_max" : 54,
        "iops_mean" : 24.766667,
        "iops_stddev" : 9.427952,
        "iops_samples" : 120
      },
      "trim" : {
        "io_bytes" : 0,
        "io_kbytes" : 0,
        "bw_bytes" : 0,
        "bw" : 0,
        "iops" : 0.000000,
        "runtime" : 0,
        "total_ios" : 0,
        "short_ios" : 0,
        "drop_ios" : 0,
        "slat_ns" : {
          "min" : 0,
          "max" : 0,
          "mean" : 0.000000,
          "stddev" : 0.000000,
          "N" : 0
        },
        "clat_ns" : {
          "min" : 0,
          "max" : 0,
          "mean" : 0.000000,
          "stddev" : 0.000000,
          "N" : 0
        },
        "lat_ns" : {
          "min" : 0,
          "max" : 0,
          "mean" : 0.000000,
          "stddev" : 0.000000,
          "N" : 0
        },
        "bw_min" : 0,
        "bw_max" : 0,
        "bw_agg" : 0.000000,
        "bw_mean" : 0.000000,
        "bw_dev" : 0.000000,
        "bw_samples" : 0,
        "iops_min" : 0,
        "iops_max" : 0,
        "iops_mean" : 0.000000,
        "iops_stddev" : 0.000000,
        "iops_samples" : 0
      },
      "sync" : {
        "total_ios" : 0,
        "lat_ns" : {
          "min" : 0,
          "max" : 0,
          "mean" : 0.000000,
          "stddev" : 0.000000,
          "N" : 0
        }
      },
      "job_runtime" : 60054,
      "usr_cpu" : 0.064942,
      "sys_cpu" : 0.108236,
      "ctx" : 4500,
      "majf" : 0,
      "minf" : 43,
      "iodepth_level" : {
        "1" : 0.100000,
        "2" : 0.100000,
        "4" : 0.136939,
        "8" : 0.273879,
        "16" : 99.486477,
        "32" : 0.000000,
        ">=64" : 0.000000
      },
      "iodepth_submit" : {
        "0" : 0.000000,
        "4" : 100.000000,
        "8" : 0.000000,
        "16" : 0.000000,
        "32" : 0.000000,
        "64" : 0.000000,
        ">=64" : 0.000000
      },
      "iodepth_complete" : {
        "0" : 0.000000,
        "4" : 99.965600,
        "8" : 0.000000,
        "16" : 0.100000,
        "32" : 0.000000,
        "64" : 0.000000,
        ">=64" : 0.000000
      },
      "latency_ns" : {
        "2" : 0.000000,
        "4" : 0.000000,
        "10" : 0.000000,
        "20" : 0.000000,
        "50" : 0.000000,
        "100" : 0.000000,
        "250" : 0.000000,
        "500" : 0.000000,
        "750" : 0.000000,
        "1000" : 0.000000
      },
      "latency_us" : {
        "2" : 0.000000,
        "4" : 0.000000,
        "10" : 0.000000,
        "20" : 0.034235,
        "50" : 0.000000,
        "100" : 0.000000,
        "250" : 0.000000,
        "500" : 0.000000,
        "750" : 0.000000,
        "1000" : 0.000000
      },
      "latency_ms" : {
        "2" : 0.136939,
        "4" : 0.000000,
        "10" : 0.000000,
        "20" : 0.000000,
        "50" : 0.376583,
        "100" : 2.293735,
        "250" : 28.551866,
        "500" : 64.498459,
        "750" : 4.108182,
        "1000" : 0.000000,
        "2000" : 0.000000,
        ">=2000" : 0.000000
      },
      "latency_depth" : 16,
      "latency_target" : 0,
      "latency_percentile" : 100.000000,
      "latency_window" : 0
    }
  ]
}
