{
  "fio version" : "fio-3.29-112-gc3773",
  "timestamp" : 1649850729,
  "timestamp_ms" : 1649850729020,
  "time" : "Wed Apr 13 11:52:09 2022",
  "global options" : {
    "size" : "50M",
    "runtime" : "60",
    "rwmixread" : "50",
    "directory" : "/mnt/mfs"
  },
  "jobs" : [
    {
      "jobname" : "iotest",
      "groupid" : 0,
      "error" : 0,
      "eta" : 0,
      "elapsed" : 61,
      "job options" : {
        "rw" : "readwrite",
        "bs" : "4k",
        "ioengine" : "libaio",
        "iodepth" : "64",
        "numjobs" : "1",
        "direct" : "1",
        "group_reporting" : "1",
        "invalidate" : "1",
        "loops" : "1",
        "write_bw_log" : "./fio-bench-13-04-2022--09-45-32-seq-mfs/seqrw/mfs/readwrite50/4k/readwrite-iodepth-64-numjobs-1",
        "write_lat_log" : "./fio-bench-13-04-2022--09-45-32-seq-mfs/seqrw/mfs/readwrite50/4k/readwrite-iodepth-64-numjobs-1",
        "write_iops_log" : "./fio-bench-13-04-2022--09-45-32-seq-mfs/seqrw/mfs/readwrite50/4k/readwrite-iodepth-64-numjobs-1",
        "log_avg_msec" : "500"
      },
      "read" : {
        "io_bytes" : 5545984,
        "io_kbytes" : 5416,
        "bw_bytes" : 92369,
        "bw" : 90,
        "iops" : 22.551257,
        "runtime" : 60041,
        "total_ios" : 1354,
        "short_ios" : 0,
        "drop_ios" : 0,
        "slat_ns" : {
          "min" : 28356,
          "max" : 1179676038,
          "mean" : 44226436.937223,
          "stddev" : 58028730.893185,
          "N" : 1354
        },
        "clat_ns" : {
          "min" : 14597,
          "max" : 4539504913,
          "mean" : 1342369352.807235,
          "stddev" : 507339622.637261,
          "N" : 1354,
          "percentile" : {
            "1.000000" : 692060160,
            "5.000000" : 868220928,
            "10.000000" : 952107008,
            "20.000000" : 1061158912,
            "30.000000" : 1166016512,
            "40.000000" : 1233125376,
            "50.000000" : 1300234240,
            "60.000000" : 1350565888,
            "70.000000" : 1417674752,
            "80.000000" : 1501560832,
            "90.000000" : 1602224128,
            "95.000000" : 1702887424,
            "99.000000" : 4278190080,
            "99.500000" : 4462739456,
            "99.900000" : 4529848320,
            "99.950000" : 4529848320,
            "99.990000" : 4529848320
          }
        },
        "lat_ns" : {
          "min" : 87656557,
          "max" : 4609246492,
          "mean" : 1386599026.689067,
          "stddev" : 514850993.621136,
          "N" : 1354
        },
        "bw_min" : 16,
        "bw_max" : 208,
        "bw_agg" : 100.000000,
        "bw_mean" : 92.173913,
        "bw_dev" : 36.558595,
        "bw_samples" : 115,
        "iops_min" : 4,
        "iops_max" : 52,
        "iops_mean" : 23.043478,
        "iops_stddev" : 9.139649,
        "iops_samples" : 115
      },
      "write" : {
        "io_bytes" : 5836800,
        "io_kbytes" : 5700,
        "bw_bytes" : 97213,
        "bw" : 94,
        "iops" : 23.733782,
        "runtime" : 60041,
        "total_ios" : 1425,
        "short_ios" : 0,
        "drop_ios" : 0,
        "slat_ns" : {
          "min" : 43301,
          "max" : 4836805,
          "mean" : 81505.931930,
          "stddev" : 155868.106514,
          "N" : 1425
        },
        "clat_ns" : {
          "min" : 103584405,
          "max" : 4587984428,
          "mean" : 1348709338.926314,
          "stddev" : 518013643.438471,
          "N" : 1425,
          "percentile" : {
            "1.000000" : 692060160,
            "5.000000" : 876609536,
            "10.000000" : 960495616,
            "20.000000" : 1061158912,
            "30.000000" : 1166016512,
            "40.000000" : 1233125376,
            "50.000000" : 1300234240,
            "60.000000" : 1367343104,
            "70.000000" : 1434451968,
            "80.000000" : 1501560832,
            "90.000000" : 1619001344,
            "95.000000" : 1736441856,
            "99.000000" : 4395630592,
            "99.500000" : 4462739456,
            "99.900000" : 4529848320,
            "99.950000" : 4596957184,
            "99.990000" : 4596957184
          }
        },
        "lat_ns" : {
          "min" : 103649427,
          "max" : 4588042187,
          "mean" : 1348793899.602804,
          "stddev" : 518013448.994389,
          "N" : 1425
        },
        "bw_min" : 8,
        "bw_max" : 192,
        "bw_agg" : 100.000000,
        "bw_mean" : 96.695652,
        "bw_dev" : 36.500462,
        "bw_samples" : 115,
        "iops_min" : 2,
        "iops_max" : 48,
        "iops_mean" : 24.173913,
        "iops_stddev" : 9.125116,
        "iops_samples" : 115
      },
      "trim" : {
        "io_bytes" : 0,
        "io_kbytes" : 0,
        "bw_bytes" : 0,
        "bw" : 0,
        "iops" : 0.000000,
        "runtime" : 0,
        "total_ios" : 0,
        "short_ios" : 0,
        "drop_ios" : 0,
        "slat_ns" : {
          "min" : 0,
          "max" : 0,
          "mean" : 0.000000,
          "stddev" : 0.000000,
          "N" : 0
        },
        "clat_ns" : {
          "min" : 0,
          "max" : 0,
          "mean" : 0.000000,
          "stddev" : 0.000000,
          "N" : 0
        },
        "lat_ns" : {
          "min" : 0,
          "max" : 0,
          "mean" : 0.000000,
          "stddev" : 0.000000,
          "N" : 0
        },
        "bw_min" : 0,
        "bw_max" : 0,
        "bw_agg" : 0.000000,
        "bw_mean" : 0.000000,
        "bw_dev" : 0.000000,
        "bw_samples" : 0,
        "iops_min" : 0,
        "iops_max" : 0,
        "iops_mean" : 0.000000,
        "iops_stddev" : 0.000000,
        "iops_samples" : 0
      },
      "sync" : {
        "total_ios" : 0,
        "lat_ns" : {
          "min" : 0,
          "max" : 0,
          "mean" : 0.000000,
          "stddev" : 0.000000,
          "N" : 0
        }
      },
      "job_runtime" : 60040,
      "usr_cpu" : 0.071619,
      "sys_cpu" : 0.091606,
      "ctx" : 4296,
      "majf" : 0,
      "minf" : 41,
      "iodepth_level" : {
        "1" : 0.100000,
        "2" : 0.100000,
        "4" : 0.143937,
        "8" : 0.287873,
        "16" : 0.575747,
        "32" : 1.151493,
        ">=64" : 97.732997
      },
      "iodepth_submit" : {
        "0" : 0.000000,
        "4" : 100.000000,
        "8" : 0.000000,
        "16" : 0.000000,
        "32" : 0.000000,
        "64" : 0.000000,
        ">=64" : 0.000000
      },
      "iodepth_complete" : {
        "0" : 0.000000,
        "4" : 99.963195,
        "8" : 0.000000,
        "16" : 0.000000,
        "32" : 0.000000,
        "64" : 0.100000,
        ">=64" : 0.000000
      },
      "latency_ns" : {
        "2" : 0.000000,
        "4" : 0.000000,
        "10" : 0.000000,
        "20" : 0.000000,
        "50" : 0.000000,
        "100" : 0.000000,
        "250" : 0.000000,
        "500" : 0.000000,
        "750" : 0.000000,
        "1000" : 0.000000
      },
      "latency_us" : {
        "2" : 0.000000,
        "4" : 0.000000,
        "10" : 0.000000,
        "20" : 0.035984,
        "50" : 0.000000,
        "100" : 0.000000,
        "250" : 0.000000,
        "500" : 0.000000,
        "750" : 0.000000,
        "1000" : 0.000000
      },
      "latency_ms" : {
        "2" : 0.000000,
        "4" : 0.000000,
        "10" : 0.000000,
        "20" : 0.000000,
        "50" : 0.000000,
        "100" : 0.035984,
        "250" : 0.215905,
        "500" : 0.323858,
        "750" : 0.935588,
        "1000" : 11.514933,
        "2000" : 84.454840,
        ">=2000" : 2.482908
      },
      "latency_depth" : 64,
      "latency_target" : 0,
      "latency_percentile" : 100.000000,
      "latency_window" : 0
    }
  ]
}
