{
  "fio version" : "fio-3.29-112-gc3773",
  "timestamp" : 1649850789,
  "timestamp_ms" : 1649850789356,
  "time" : "Wed Apr 13 11:53:09 2022",
  "global options" : {
    "size" : "50M",
    "runtime" : "60",
    "rwmixread" : "50",
    "directory" : "/mnt/mfs"
  },
  "jobs" : [
    {
      "jobname" : "iotest",
      "groupid" : 0,
      "error" : 0,
      "eta" : 0,
      "elapsed" : 61,
      "job options" : {
        "rw" : "readwrite",
        "bs" : "4k",
        "ioengine" : "libaio",
        "iodepth" : "64",
        "numjobs" : "2",
        "direct" : "1",
        "group_reporting" : "1",
        "invalidate" : "1",
        "loops" : "1",
        "write_bw_log" : "./fio-bench-13-04-2022--09-45-32-seq-mfs/seqrw/mfs/readwrite50/4k/readwrite-iodepth-64-numjobs-2",
        "write_lat_log" : "./fio-bench-13-04-2022--09-45-32-seq-mfs/seqrw/mfs/readwrite50/4k/readwrite-iodepth-64-numjobs-2",
        "write_iops_log" : "./fio-bench-13-04-2022--09-45-32-seq-mfs/seqrw/mfs/readwrite50/4k/readwrite-iodepth-64-numjobs-2",
        "log_avg_msec" : "500"
      },
      "read" : {
        "io_bytes" : 6664192,
        "io_kbytes" : 6508,
        "bw_bytes" : 110886,
        "bw" : 108,
        "iops" : 27.071998,
        "runtime" : 60099,
        "total_ios" : 1627,
        "short_ios" : 0,
        "drop_ios" : 0,
        "slat_ns" : {
          "min" : 32686,
          "max" : 320777705,
          "mean" : 73717628.767671,
          "stddev" : 68513336.324904,
          "N" : 1627
        },
        "clat_ns" : {
          "min" : 15295,
          "max" : 3458274516,
          "mean" : 2205929508.774433,
          "stddev" : 480508430.915381,
          "N" : 1627,
          "percentile" : {
            "1.000000" : 534773760,
            "5.000000" : 1384120320,
            "10.000000" : 1619001344,
            "20.000000" : 1853882368,
            "30.000000" : 1988100096,
            "40.000000" : 2122317824,
            "50.000000" : 2231369728,
            "60.000000" : 2365587456,
            "70.000000" : 2466250752,
            "80.000000" : 2600468480,
            "90.000000" : 2768240640,
            "95.000000" : 2902458368,
            "99.000000" : 3137339392,
            "99.500000" : 3238002688,
            "99.900000" : 3338665984,
            "99.950000" : 3472883712,
            "99.990000" : 3472883712
          }
        },
        "lat_ns" : {
          "min" : 123227401,
          "max" : 3479063892,
          "mean" : 2279650643.898585,
          "stddev" : 484045486.765593,
          "N" : 1627
        },
        "bw_min" : 16,
        "bw_max" : 280,
        "bw_agg" : 100.000000,
        "bw_mean" : 109.230585,
        "bw_dev" : 26.317183,
        "bw_samples" : 231,
        "iops_min" : 4,
        "iops_max" : 70,
        "iops_mean" : 27.307646,
        "iops_stddev" : 6.579296,
        "iops_samples" : 231
      },
      "write" : {
        "io_bytes" : 7176192,
        "io_kbytes" : 7008,
        "bw_bytes" : 119406,
        "bw" : 116,
        "iops" : 29.151899,
        "runtime" : 60099,
        "total_ios" : 1752,
        "short_ios" : 0,
        "drop_ios" : 0,
        "slat_ns" : {
          "min" : 49867,
          "max" : 5999596,
          "mean" : 86312.812215,
          "stddev" : 207915.151487,
          "N" : 1752
        },
        "clat_ns" : {
          "min" : 136827641,
          "max" : 3479012070,
          "mean" : 2196917154.450346,
          "stddev" : 502958544.815841,
          "N" : 1752,
          "percentile" : {
            "1.000000" : 463470592,
            "5.000000" : 1367343104,
            "10.000000" : 1585446912,
            "20.000000" : 1837105152,
            "30.000000" : 1988100096,
            "40.000000" : 2105540608,
            "50.000000" : 2231369728,
            "60.000000" : 2365587456,
            "70.000000" : 2466250752,
            "80.000000" : 2600468480,
            "90.000000" : 2801795072,
            "95.000000" : 2902458368,
            "99.000000" : 3170893824,
            "99.500000" : 3338665984,
            "99.900000" : 3338665984,
            "99.950000" : 3472883712,
            "99.990000" : 3472883712
          }
        },
        "lat_ns" : {
          "min" : 136890428,
          "max" : 3479104331,
          "mean" : 2197006539.720892,
          "stddev" : 502957104.824847,
          "N" : 1752
        },
        "bw_min" : 24,
        "bw_max" : 288,
        "bw_agg" : 98.621510,
        "bw_mean" : 115.941229,
        "bw_dev" : 25.618981,
        "bw_samples" : 231,
        "iops_min" : 6,
        "iops_max" : 72,
        "iops_mean" : 28.985307,
        "iops_stddev" : 6.404745,
        "iops_samples" : 231
      },
      "trim" : {
        "io_bytes" : 0,
        "io_kbytes" : 0,
        "bw_bytes" : 0,
        "bw" : 0,
        "iops" : 0.000000,
        "runtime" : 0,
        "total_ios" : 0,
        "short_ios" : 0,
        "drop_ios" : 0,
        "slat_ns" : {
          "min" : 0,
          "max" : 0,
          "mean" : 0.000000,
          "stddev" : 0.000000,
          "N" : 0
        },
        "clat_ns" : {
          "min" : 0,
          "max" : 0,
          "mean" : 0.000000,
          "stddev" : 0.000000,
          "N" : 0
        },
        "lat_ns" : {
          "min" : 0,
          "max" : 0,
          "mean" : 0.000000,
          "stddev" : 0.000000,
          "N" : 0
        },
        "bw_min" : 0,
        "bw_max" : 0,
        "bw_agg" : 0.000000,
        "bw_mean" : 0.000000,
        "bw_dev" : 0.000000,
        "bw_samples" : 0,
        "iops_min" : 0,
        "iops_max" : 0,
        "iops_mean" : 0.000000,
        "iops_stddev" : 0.000000,
        "iops_samples" : 0
      },
      "sync" : {
        "total_ios" : 0,
        "lat_ns" : {
          "min" : 0,
          "max" : 0,
          "mean" : 0.000000,
          "stddev" : 0.000000,
          "N" : 0
        }
      },
      "job_runtime" : 120144,
      "usr_cpu" : 0.032461,
      "sys_cpu" : 0.069084,
      "ctx" : 5265,
      "majf" : 0,
      "minf" : 82,
      "iodepth_level" : {
        "1" : 0.100000,
        "2" : 0.118378,
        "4" : 0.236756,
        "8" : 0.473513,
        "16" : 0.947026,
        "32" : 1.894051,
        ">=64" : 96.271086
      },
      "iodepth_submit" : {
        "0" : 0.000000,
        "4" : 100.000000,
        "8" : 0.000000,
        "16" : 0.000000,
        "32" : 0.000000,
        "64" : 0.000000,
        ">=64" : 0.000000
      },
      "iodepth_complete" : {
        "0" : 0.000000,
        "4" : 99.938556,
        "8" : 0.000000,
        "16" : 0.000000,
        "32" : 0.000000,
        "64" : 0.100000,
        ">=64" : 0.000000
      },
      "latency_ns" : {
        "2" : 0.000000,
        "4" : 0.000000,
        "10" : 0.000000,
        "20" : 0.000000,
        "50" : 0.000000,
        "100" : 0.000000,
        "250" : 0.000000,
        "500" : 0.000000,
        "750" : 0.000000,
        "1000" : 0.000000
      },
      "latency_us" : {
        "2" : 0.000000,
        "4" : 0.000000,
        "10" : 0.000000,
        "20" : 0.059189,
        "50" : 0.000000,
        "100" : 0.000000,
        "250" : 0.000000,
        "500" : 0.000000,
        "750" : 0.000000,
        "1000" : 0.000000
      },
      "latency_ms" : {
        "2" : 0.000000,
        "4" : 0.000000,
        "10" : 0.000000,
        "20" : 0.000000,
        "50" : 0.000000,
        "100" : 0.000000,
        "250" : 0.503107,
        "500" : 0.591891,
        "750" : 0.236756,
        "1000" : 0.325540,
        "2000" : 29.180231,
        ">=2000" : 69.103285
      },
      "latency_depth" : 64,
      "latency_target" : 0,
      "latency_percentile" : 100.000000,
      "latency_window" : 0
    }
  ]
}
