{
  "fio version" : "fio-3.29-112-gc3773",
  "timestamp" : 1649850060,
  "timestamp_ms" : 1649850060342,
  "time" : "Wed Apr 13 11:41:00 2022",
  "global options" : {
    "size" : "50M",
    "runtime" : "60",
    "rwmixread" : "50",
    "directory" : "/mnt/mfs"
  },
  "jobs" : [
    {
      "jobname" : "iotest",
      "groupid" : 0,
      "error" : 0,
      "eta" : 0,
      "elapsed" : 61,
      "job options" : {
        "rw" : "readwrite",
        "bs" : "4k",
        "ioengine" : "libaio",
        "iodepth" : "16",
        "numjobs" : "8",
        "direct" : "1",
        "group_reporting" : "1",
        "invalidate" : "1",
        "loops" : "1",
        "write_bw_log" : "./fio-bench-13-04-2022--09-45-32-seq-mfs/seqrw/mfs/readwrite50/4k/readwrite-iodepth-16-numjobs-8",
        "write_lat_log" : "./fio-bench-13-04-2022--09-45-32-seq-mfs/seqrw/mfs/readwrite50/4k/readwrite-iodepth-16-numjobs-8",
        "write_iops_log" : "./fio-bench-13-04-2022--09-45-32-seq-mfs/seqrw/mfs/readwrite50/4k/readwrite-iodepth-16-numjobs-8",
        "log_avg_msec" : "500"
      },
      "read" : {
        "io_bytes" : 8679424,
        "io_kbytes" : 8476,
        "bw_bytes" : 143977,
        "bw" : 140,
        "iops" : 35.150872,
        "runtime" : 60283,
        "total_ios" : 2119,
        "short_ios" : 0,
        "drop_ios" : 0,
        "slat_ns" : {
          "min" : 24584,
          "max" : 1444630829,
          "mean" : 226843138.757433,
          "stddev" : 253995153.811594,
          "N" : 2119
        },
        "clat_ns" : {
          "min" : 15015,
          "max" : 4260751714,
          "mean" : 1555727162.722983,
          "stddev" : 767665291.007011,
          "N" : 2119,
          "percentile" : {
            "1.000000" : 139460608,
            "5.000000" : 404750336,
            "10.000000" : 583008256,
            "20.000000" : 859832320,
            "30.000000" : 1082130432,
            "40.000000" : 1283457024,
            "50.000000" : 1501560832,
            "60.000000" : 1719664640,
            "70.000000" : 1937768448,
            "80.000000" : 2197815296,
            "90.000000" : 2600468480,
            "95.000000" : 2902458368,
            "99.000000" : 3472883712,
            "99.500000" : 3707764736,
            "99.900000" : 4043309056,
            "99.950000" : 4076863488,
            "99.990000" : 4244635648
          }
        },
        "lat_ns" : {
          "min" : 86000285,
          "max" : 4715599212,
          "mean" : 1782574502.815007,
          "stddev" : 836713112.789118,
          "N" : 2119
        },
        "bw_min" : 64,
        "bw_max" : 720,
        "bw_agg" : 100.000000,
        "bw_mean" : 189.734676,
        "bw_dev" : 16.819020,
        "bw_samples" : 693,
        "iops_min" : 16,
        "iops_max" : 180,
        "iops_mean" : 47.433669,
        "iops_stddev" : 4.204755,
        "iops_samples" : 693
      },
      "write" : {
        "io_bytes" : 8970240,
        "io_kbytes" : 8760,
        "bw_bytes" : 148802,
        "bw" : 145,
        "iops" : 36.328650,
        "runtime" : 60283,
        "total_ios" : 2190,
        "short_ios" : 0,
        "drop_ios" : 0,
        "slat_ns" : {
          "min" : 41136,
          "max" : 6342240,
          "mean" : 105776.687215,
          "stddev" : 359730.478335,
          "N" : 2190
        },
        "clat_ns" : {
          "min" : 85925904,
          "max" : 4256396403,
          "mean" : 1735085743.696347,
          "stddev" : 786716441.188075,
          "N" : 2190,
          "percentile" : {
            "1.000000" : 227540992,
            "5.000000" : 484442112,
            "10.000000" : 767557632,
            "20.000000" : 1069547520,
            "30.000000" : 1249902592,
            "40.000000" : 1451229184,
            "50.000000" : 1686110208,
            "60.000000" : 1887436800,
            "70.000000" : 2122317824,
            "80.000000" : 2399141888,
            "90.000000" : 2801795072,
            "95.000000" : 3103784960,
            "99.000000" : 3741319168,
            "99.500000" : 4009754624,
            "99.900000" : 4211081216,
            "99.950000" : 4244635648,
            "99.990000" : 4244635648
          }
        },
        "lat_ns" : {
          "min" : 86001333,
          "max" : 4256459120,
          "mean" : 1735194647.894521,
          "stddev" : 786721191.733267,
          "N" : 2190
        },
        "bw_min" : 64,
        "bw_max" : 688,
        "bw_agg" : 100.000000,
        "bw_mean" : 187.239270,
        "bw_dev" : 16.132696,
        "bw_samples" : 726,
        "iops_min" : 16,
        "iops_max" : 172,
        "iops_mean" : 46.809817,
        "iops_stddev" : 4.033174,
        "iops_samples" : 726
      },
      "trim" : {
        "io_bytes" : 0,
        "io_kbytes" : 0,
        "bw_bytes" : 0,
        "bw" : 0,
        "iops" : 0.000000,
        "runtime" : 0,
        "total_ios" : 0,
        "short_ios" : 0,
        "drop_ios" : 0,
        "slat_ns" : {
          "min" : 0,
          "max" : 0,
          "mean" : 0.000000,
          "stddev" : 0.000000,
          "N" : 0
        },
        "clat_ns" : {
          "min" : 0,
          "max" : 0,
          "mean" : 0.000000,
          "stddev" : 0.000000,
          "N" : 0
        },
        "lat_ns" : {
          "min" : 0,
          "max" : 0,
          "mean" : 0.000000,
          "stddev" : 0.000000,
          "N" : 0
        },
        "bw_min" : 0,
        "bw_max" : 0,
        "bw_agg" : 0.000000,
        "bw_mean" : 0.000000,
        "bw_dev" : 0.000000,
        "bw_samples" : 0,
        "iops_min" : 0,
        "iops_max" : 0,
        "iops_mean" : 0.000000,
        "iops_stddev" : 0.000000,
        "iops_samples" : 0
      },
      "sync" : {
        "total_ios" : 0,
        "lat_ns" : {
          "min" : 0,
          "max" : 0,
          "mean" : 0.000000,
          "stddev" : 0.000000,
          "N" : 0
        }
      },
      "job_runtime" : 481031,
      "usr_cpu" : 0.016007,
      "sys_cpu" : 0.016839,
      "ctx" : 6822,
      "majf" : 0,
      "minf" : 342,
      "iodepth_level" : {
        "1" : 0.185658,
        "2" : 0.371316,
        "4" : 0.742632,
        "8" : 1.485263,
        "16" : 97.215131,
        "32" : 0.000000,
        ">=64" : 0.000000
      },
      "iodepth_submit" : {
        "0" : 0.000000,
        "4" : 100.000000,
        "8" : 0.000000,
        "16" : 0.000000,
        "32" : 0.000000,
        "64" : 0.000000,
        ">=64" : 0.000000
      },
      "iodepth_complete" : {
        "0" : 0.000000,
        "4" : 99.809388,
        "8" : 0.000000,
        "16" : 0.190612,
        "32" : 0.000000,
        "64" : 0.000000,
        ">=64" : 0.000000
      },
      "latency_ns" : {
        "2" : 0.000000,
        "4" : 0.000000,
        "10" : 0.000000,
        "20" : 0.000000,
        "50" : 0.000000,
        "100" : 0.000000,
        "250" : 0.000000,
        "500" : 0.000000,
        "750" : 0.000000,
        "1000" : 0.000000
      },
      "latency_us" : {
        "2" : 0.000000,
        "4" : 0.000000,
        "10" : 0.000000,
        "20" : 0.185658,
        "50" : 0.000000,
        "100" : 0.000000,
        "250" : 0.000000,
        "500" : 0.000000,
        "750" : 0.000000,
        "1000" : 0.000000
      },
      "latency_ms" : {
        "2" : 0.000000,
        "4" : 0.000000,
        "10" : 0.000000,
        "20" : 0.000000,
        "50" : 0.000000,
        "100" : 0.116036,
        "250" : 1.137155,
        "500" : 5.082386,
        "750" : 6.173126,
        "1000" : 8.702715,
        "2000" : 46.762590,
        ">=2000" : 31.840334
      },
      "latency_depth" : 16,
      "latency_target" : 0,
      "latency_percentile" : 100.000000,
      "latency_window" : 0
    }
  ]
}
