{
  "fio version" : "fio-3.29-112-gc3773",
  "timestamp" : 1649851094,
  "timestamp_ms" : 1649851094831,
  "time" : "Wed Apr 13 11:58:14 2022",
  "global options" : {
    "size" : "50M",
    "runtime" : "60",
    "rwmixread" : "50",
    "directory" : "/mnt/mfs"
  },
  "jobs" : [
    {
      "jobname" : "iotest",
      "groupid" : 0,
      "error" : 0,
      "eta" : 0,
      "elapsed" : 63,
      "job options" : {
        "rw" : "readwrite",
        "bs" : "4k",
        "ioengine" : "libaio",
        "iodepth" : "64",
        "numjobs" : "64",
        "direct" : "1",
        "group_reporting" : "1",
        "invalidate" : "1",
        "loops" : "1",
        "write_bw_log" : "./fio-bench-13-04-2022--09-45-32-seq-mfs/seqrw/mfs/readwrite50/4k/readwrite-iodepth-64-numjobs-64",
        "write_lat_log" : "./fio-bench-13-04-2022--09-45-32-seq-mfs/seqrw/mfs/readwrite50/4k/readwrite-iodepth-64-numjobs-64",
        "write_iops_log" : "./fio-bench-13-04-2022--09-45-32-seq-mfs/seqrw/mfs/readwrite50/4k/readwrite-iodepth-64-numjobs-64",
        "log_avg_msec" : "500"
      },
      "read" : {
        "io_bytes" : 8200192,
        "io_kbytes" : 8008,
        "bw_bytes" : 132293,
        "bw" : 129,
        "iops" : 32.298137,
        "runtime" : 61985,
        "total_ios" : 2002,
        "short_ios" : 0,
        "drop_ios" : 0,
        "slat_ns" : {
          "min" : 24444,
          "max" : 12788696543,
          "mean" : 1951477474.047452,
          "stddev" : 1855223313.669015,
          "N" : 2002
        },
        "clat_ns" : {
          "min" : 8521,
          "max" : 61646101319,
          "mean" : 27536771155.427074,
          "stddev" : 17495571679.064541,
          "N" : 2002,
          "percentile" : {
            "1.000000" : 9536,
            "5.000000" : 1971322880,
            "10.000000" : 4395630592,
            "20.000000" : 9059696640,
            "30.000000" : 14965276672,
            "40.000000" : 17112760320,
            "50.000000" : 17112760320,
            "60.000000" : 17112760320,
            "70.000000" : 17112760320,
            "80.000000" : 17112760320,
            "90.000000" : 17112760320,
            "95.000000" : 17112760320,
            "99.000000" : 17112760320,
            "99.500000" : 17112760320,
            "99.900000" : 17112760320,
            "99.950000" : 17112760320,
            "99.990000" : 17112760320
          }
        },
        "lat_ns" : {
          "min" : 1185161049,
          "max" : 61766796890,
          "mean" : 29488255132.027473,
          "stddev" : 17690777341.640705,
          "N" : 2002
        },
        "bw_min" : 280,
        "bw_max" : 528,
        "bw_agg" : 100.000000,
        "bw_mean" : 371.790476,
        "bw_dev" : 9.812228,
        "bw_samples" : 56,
        "iops_min" : 70,
        "iops_max" : 132,
        "iops_mean" : 92.947619,
        "iops_stddev" : 2.453057,
        "iops_samples" : 56
      },
      "write" : {
        "io_bytes" : 8069120,
        "io_kbytes" : 7880,
        "bw_bytes" : 130178,
        "bw" : 127,
        "iops" : 31.781883,
        "runtime" : 61985,
        "total_ios" : 1970,
        "short_ios" : 0,
        "drop_ios" : 0,
        "slat_ns" : {
          "min" : 37854,
          "max" : 7228388,
          "mean" : 419519.882234,
          "stddev" : 1275166.610885,
          "N" : 1970
        },
        "clat_ns" : {
          "min" : 1185165938,
          "max" : 61766802338,
          "mean" : 30026448050.837055,
          "stddev" : 17810720884.487717,
          "N" : 1970,
          "percentile" : {
            "1.000000" : 1887436800,
            "5.000000" : 3607101440,
            "10.000000" : 6207569920,
            "20.000000" : 11072962560,
            "30.000000" : 17112760320,
            "40.000000" : 17112760320,
            "50.000000" : 17112760320,
            "60.000000" : 17112760320,
            "70.000000" : 17112760320,
            "80.000000" : 17112760320,
            "90.000000" : 17112760320,
            "95.000000" : 17112760320,
            "99.000000" : 17112760320,
            "99.500000" : 17112760320,
            "99.900000" : 17112760320,
            "99.950000" : 17112760320,
            "99.990000" : 17112760320
          }
        },
        "lat_ns" : {
          "min" : 1185241576,
          "max" : 61771704235,
          "mean" : 30026871000.967007,
          "stddev" : 17810955690.545025,
          "N" : 1970
        },
        "bw_min" : 232,
        "bw_max" : 504,
        "bw_agg" : 100.000000,
        "bw_mean" : 354.266667,
        "bw_dev" : 9.574476,
        "bw_samples" : 52,
        "iops_min" : 58,
        "iops_max" : 126,
        "iops_mean" : 88.566667,
        "iops_stddev" : 2.393619,
        "iops_samples" : 52
      },
      "trim" : {
        "io_bytes" : 0,
        "io_kbytes" : 0,
        "bw_bytes" : 0,
        "bw" : 0,
        "iops" : 0.000000,
        "runtime" : 0,
        "total_ios" : 0,
        "short_ios" : 0,
        "drop_ios" : 0,
        "slat_ns" : {
          "min" : 0,
          "max" : 0,
          "mean" : 0.000000,
          "stddev" : 0.000000,
          "N" : 0
        },
        "clat_ns" : {
          "min" : 0,
          "max" : 0,
          "mean" : 0.000000,
          "stddev" : 0.000000,
          "N" : 0
        },
        "lat_ns" : {
          "min" : 0,
          "max" : 0,
          "mean" : 0.000000,
          "stddev" : 0.000000,
          "N" : 0
        },
        "bw_min" : 0,
        "bw_max" : 0,
        "bw_agg" : 0.000000,
        "bw_mean" : 0.000000,
        "bw_dev" : 0.000000,
        "bw_samples" : 0,
        "iops_min" : 0,
        "iops_max" : 0,
        "iops_mean" : 0.000000,
        "iops_stddev" : 0.000000,
        "iops_samples" : 0
      },
      "sync" : {
        "total_ios" : 0,
        "lat_ns" : {
          "min" : 0,
          "max" : 0,
          "mean" : 0.000000,
          "stddev" : 0.000000,
          "N" : 0
        }
      },
      "job_runtime" : 3915766,
      "usr_cpu" : 0.002324,
      "sys_cpu" : 0.001047,
      "ctx" : 6484,
      "majf" : 0,
      "minf" : 2659,
      "iodepth_level" : {
        "1" : 1.611279,
        "2" : 3.222558,
        "4" : 6.445116,
        "8" : 12.890232,
        "16" : 25.780463,
        "32" : 43.705942,
        ">=64" : 6.344411
      },
      "iodepth_submit" : {
        "0" : 0.000000,
        "4" : 100.000000,
        "8" : 0.000000,
        "16" : 0.000000,
        "32" : 0.000000,
        "64" : 0.000000,
        ">=64" : 0.000000
      },
      "iodepth_complete" : {
        "0" : 0.000000,
        "4" : 79.746835,
        "8" : 0.000000,
        "16" : 0.000000,
        "32" : 0.000000,
        "64" : 20.253165,
        ">=64" : 0.000000
      },
      "latency_ns" : {
        "2" : 0.000000,
        "4" : 0.000000,
        "10" : 0.000000,
        "20" : 0.000000,
        "50" : 0.000000,
        "100" : 0.000000,
        "250" : 0.000000,
        "500" : 0.000000,
        "750" : 0.000000,
        "1000" : 0.000000
      },
      "latency_us" : {
        "2" : 0.000000,
        "4" : 0.000000,
        "10" : 0.604230,
        "20" : 0.906344,
        "50" : 0.100705,
        "100" : 0.000000,
        "250" : 0.000000,
        "500" : 0.000000,
        "750" : 0.000000,
        "1000" : 0.000000
      },
      "latency_ms" : {
        "2" : 0.000000,
        "4" : 0.000000,
        "10" : 0.000000,
        "20" : 0.000000,
        "50" : 0.000000,
        "100" : 0.000000,
        "250" : 0.000000,
        "500" : 0.000000,
        "750" : 0.000000,
        "1000" : 0.000000,
        "2000" : 1.611279,
        ">=2000" : 96.777442
      },
      "latency_depth" : 64,
      "latency_target" : 0,
      "latency_percentile" : 100.000000,
      "latency_window" : 0
    }
  ]
}
