{
  "fio version" : "fio-3.29-112-gc3773",
  "timestamp" : 1649848130,
  "timestamp_ms" : 1649848130576,
  "time" : "Wed Apr 13 11:08:50 2022",
  "global options" : {
    "size" : "50M",
    "runtime" : "60",
    "rwmixread" : "50",
    "directory" : "/mnt/mfs"
  },
  "jobs" : [
    {
      "jobname" : "iotest",
      "groupid" : 0,
      "error" : 0,
      "eta" : 0,
      "elapsed" : 61,
      "job options" : {
        "rw" : "readwrite",
        "bs" : "4k",
        "ioengine" : "libaio",
        "iodepth" : "1",
        "numjobs" : "16",
        "direct" : "1",
        "group_reporting" : "1",
        "invalidate" : "1",
        "loops" : "1",
        "write_bw_log" : "./fio-bench-13-04-2022--09-45-32-seq-mfs/seqrw/mfs/readwrite50/4k/readwrite-iodepth-1-numjobs-16",
        "write_lat_log" : "./fio-bench-13-04-2022--09-45-32-seq-mfs/seqrw/mfs/readwrite50/4k/readwrite-iodepth-1-numjobs-16",
        "write_iops_log" : "./fio-bench-13-04-2022--09-45-32-seq-mfs/seqrw/mfs/readwrite50/4k/readwrite-iodepth-1-numjobs-16",
        "log_avg_msec" : "500"
      },
      "read" : {
        "io_bytes" : 9834496,
        "io_kbytes" : 9604,
        "bw_bytes" : 163220,
        "bw" : 159,
        "iops" : 39.848638,
        "runtime" : 60253,
        "total_ios" : 2401,
        "short_ios" : 0,
        "drop_ios" : 0,
        "slat_ns" : {
          "min" : 31708,
          "max" : 2943055408,
          "mean" : 400254595.488130,
          "stddev" : 456828451.743572,
          "N" : 2401
        },
        "clat_ns" : {
          "min" : 2235,
          "max" : 58248,
          "mean" : 3544.703457,
          "stddev" : 1931.016884,
          "N" : 2401,
          "percentile" : {
            "1.000000" : 2576,
            "5.000000" : 2640,
            "10.000000" : 2640,
            "20.000000" : 2736,
            "30.000000" : 2736,
            "40.000000" : 3408,
            "50.000000" : 3568,
            "60.000000" : 3696,
            "70.000000" : 3760,
            "80.000000" : 3920,
            "90.000000" : 4256,
            "95.000000" : 4704,
            "99.000000" : 5472,
            "99.500000" : 5920,
            "99.900000" : 31616,
            "99.950000" : 57600,
            "99.990000" : 58112
          }
        },
        "lat_ns" : {
          "min" : 37086,
          "max" : 2943066094,
          "mean" : 400262858.874219,
          "stddev" : 456829997.898061,
          "N" : 2401
        },
        "bw_min" : 128,
        "bw_max" : 1016,
        "bw_agg" : 100.000000,
        "bw_mean" : 241.779586,
        "bw_dev" : 11.966874,
        "bw_samples" : 1250,
        "iops_min" : 32,
        "iops_max" : 254,
        "iops_mean" : 60.444897,
        "iops_stddev" : 2.991719,
        "iops_samples" : 1250
      },
      "write" : {
        "io_bytes" : 9740288,
        "io_kbytes" : 9512,
        "bw_bytes" : 161656,
        "bw" : 157,
        "iops" : 39.466915,
        "runtime" : 60253,
        "total_ios" : 2378,
        "short_ios" : 0,
        "drop_ios" : 0,
        "slat_ns" : {
          "min" : 48819,
          "max" : 6542954,
          "mean" : 153841.485282,
          "stddev" : 631363.083352,
          "N" : 2378
        },
        "clat_ns" : {
          "min" : 1886,
          "max" : 57479,
          "mean" : 2956.919260,
          "stddev" : 2249.782257,
          "N" : 2378,
          "percentile" : {
            "1.000000" : 2576,
            "5.000000" : 2576,
            "10.000000" : 2640,
            "20.000000" : 2640,
            "30.000000" : 2736,
            "40.000000" : 2736,
            "50.000000" : 2736,
            "60.000000" : 2800,
            "70.000000" : 2864,
            "80.000000" : 2928,
            "90.000000" : 2992,
            "95.000000" : 3088,
            "99.000000" : 3344,
            "99.500000" : 18816,
            "99.900000" : 40192,
            "99.950000" : 47360,
            "99.990000" : 57600
          }
        },
        "lat_ns" : {
          "min" : 52940,
          "max" : 6548821,
          "mean" : 159971.109336,
          "stddev" : 631415.259107,
          "N" : 2378
        },
        "bw_min" : 128,
        "bw_max" : 1120,
        "bw_agg" : 100.000000,
        "bw_mean" : 296.865015,
        "bw_dev" : 13.862076,
        "bw_samples" : 1017,
        "iops_min" : 32,
        "iops_max" : 280,
        "iops_mean" : 74.216254,
        "iops_stddev" : 3.465519,
        "iops_samples" : 1017
      },
      "trim" : {
        "io_bytes" : 0,
        "io_kbytes" : 0,
        "bw_bytes" : 0,
        "bw" : 0,
        "iops" : 0.000000,
        "runtime" : 0,
        "total_ios" : 0,
        "short_ios" : 0,
        "drop_ios" : 0,
        "slat_ns" : {
          "min" : 0,
          "max" : 0,
          "mean" : 0.000000,
          "stddev" : 0.000000,
          "N" : 0
        },
        "clat_ns" : {
          "min" : 0,
          "max" : 0,
          "mean" : 0.000000,
          "stddev" : 0.000000,
          "N" : 0
        },
        "lat_ns" : {
          "min" : 0,
          "max" : 0,
          "mean" : 0.000000,
          "stddev" : 0.000000,
          "N" : 0
        },
        "bw_min" : 0,
        "bw_max" : 0,
        "bw_agg" : 0.000000,
        "bw_mean" : 0.000000,
        "bw_dev" : 0.000000,
        "bw_samples" : 0,
        "iops_min" : 0,
        "iops_max" : 0,
        "iops_mean" : 0.000000,
        "iops_stddev" : 0.000000,
        "iops_samples" : 0
      },
      "sync" : {
        "total_ios" : 0,
        "lat_ns" : {
          "min" : 0,
          "max" : 0,
          "mean" : 0.000000,
          "stddev" : 0.000000,
          "N" : 0
        }
      },
      "job_runtime" : 961960,
      "usr_cpu" : 0.007173,
      "sys_cpu" : 0.010811,
      "ctx" : 7508,
      "majf" : 0,
      "minf" : 647,
      "iodepth_level" : {
        "1" : 100.000000,
        "2" : 0.000000,
        "4" : 0.000000,
        "8" : 0.000000,
        "16" : 0.000000,
        "32" : 0.000000,
        ">=64" : 0.000000
      },
      "iodepth_submit" : {
        "0" : 0.000000,
        "4" : 100.000000,
        "8" : 0.000000,
        "16" : 0.000000,
        "32" : 0.000000,
        "64" : 0.000000,
        ">=64" : 0.000000
      },
      "iodepth_complete" : {
        "0" : 0.000000,
        "4" : 100.000000,
        "8" : 0.000000,
        "16" : 0.000000,
        "32" : 0.000000,
        "64" : 0.000000,
        ">=64" : 0.000000
      },
      "latency_ns" : {
        "2" : 0.000000,
        "4" : 0.000000,
        "10" : 0.000000,
        "20" : 0.000000,
        "50" : 0.000000,
        "100" : 0.000000,
        "250" : 0.000000,
        "500" : 0.000000,
        "750" : 0.000000,
        "1000" : 0.000000
      },
      "latency_us" : {
        "2" : 0.020925,
        "4" : 91.211551,
        "10" : 8.223478,
        "20" : 0.272023,
        "50" : 0.209249,
        "100" : 0.062775,
        "250" : 0.000000,
        "500" : 0.000000,
        "750" : 0.000000,
        "1000" : 0.000000
      },
      "latency_ms" : {
        "2" : 0.000000,
        "4" : 0.000000,
        "10" : 0.000000,
        "20" : 0.000000,
        "50" : 0.000000,
        "100" : 0.000000,
        "250" : 0.000000,
        "500" : 0.000000,
        "750" : 0.000000,
        "1000" : 0.000000,
        "2000" : 0.000000,
        ">=2000" : 0.000000
      },
      "latency_depth" : 1,
      "latency_target" : 0,
      "latency_percentile" : 100.000000,
      "latency_window" : 0
    }
  ]
}
