{
  "fio version" : "fio-3.29-112-gc3773",
  "timestamp" : 1649849026,
  "timestamp_ms" : 1649849026821,
  "time" : "Wed Apr 13 11:23:46 2022",
  "global options" : {
    "size" : "50M",
    "runtime" : "60",
    "rwmixread" : "50",
    "directory" : "/mnt/mfs"
  },
  "jobs" : [
    {
      "jobname" : "iotest",
      "groupid" : 0,
      "error" : 0,
      "eta" : 0,
      "elapsed" : 61,
      "job options" : {
        "rw" : "readwrite",
        "bs" : "4k",
        "ioengine" : "libaio",
        "iodepth" : "4",
        "numjobs" : "1",
        "direct" : "1",
        "group_reporting" : "1",
        "invalidate" : "1",
        "loops" : "1",
        "write_bw_log" : "./fio-bench-13-04-2022--09-45-32-seq-mfs/seqrw/mfs/readwrite50/4k/readwrite-iodepth-4-numjobs-1",
        "write_lat_log" : "./fio-bench-13-04-2022--09-45-32-seq-mfs/seqrw/mfs/readwrite50/4k/readwrite-iodepth-4-numjobs-1",
        "write_iops_log" : "./fio-bench-13-04-2022--09-45-32-seq-mfs/seqrw/mfs/readwrite50/4k/readwrite-iodepth-4-numjobs-1",
        "log_avg_msec" : "500"
      },
      "read" : {
        "io_bytes" : 5726208,
        "io_kbytes" : 5592,
        "bw_bytes" : 95360,
        "bw" : 93,
        "iops" : 23.281375,
        "runtime" : 60048,
        "total_ios" : 1398,
        "short_ios" : 0,
        "drop_ios" : 0,
        "slat_ns" : {
          "min" : 32616,
          "max" : 804663838,
          "mean" : 42838170.331187,
          "stddev" : 45110542.869039,
          "N" : 1398
        },
        "clat_ns" : {
          "min" : 13409,
          "max" : 252664005,
          "mean" : 53192650.467811,
          "stddev" : 51855461.368205,
          "N" : 1398,
          "percentile" : {
            "1.000000" : 154624,
            "5.000000" : 183296,
            "10.000000" : 211968,
            "20.000000" : 248832,
            "30.000000" : 284672,
            "40.000000" : 14614528,
            "50.000000" : 55836672,
            "60.000000" : 61603840,
            "70.000000" : 86507520,
            "80.000000" : 95944704,
            "90.000000" : 143654912,
            "95.000000" : 145752064,
            "99.000000" : 154140672,
            "99.500000" : 175112192,
            "99.900000" : 200278016,
            "99.950000" : 252706816,
            "99.990000" : 252706816
          }
        },
        "lat_ns" : {
          "min" : 187456,
          "max" : 949765838,
          "mean" : 96033970.513591,
          "stddev" : 68178328.952553,
          "N" : 1398
        },
        "bw_min" : 16,
        "bw_max" : 240,
        "bw_agg" : 99.865772,
        "bw_mean" : 93.915966,
        "bw_dev" : 28.206737,
        "bw_samples" : 119,
        "iops_min" : 4,
        "iops_max" : 60,
        "iops_mean" : 23.478992,
        "iops_stddev" : 7.051684,
        "iops_samples" : 119
      },
      "write" : {
        "io_bytes" : 6025216,
        "io_kbytes" : 5884,
        "bw_bytes" : 100339,
        "bw" : 97,
        "iops" : 24.497069,
        "runtime" : 60048,
        "total_ios" : 1471,
        "short_ios" : 0,
        "drop_ios" : 0,
        "slat_ns" : {
          "min" : 44070,
          "max" : 4635253,
          "mean" : 78871.551326,
          "stddev" : 122801.293416,
          "N" : 1471
        },
        "clat_ns" : {
          "min" : 178445,
          "max" : 891675701,
          "mean" : 71726063.070020,
          "stddev" : 69531577.849374,
          "N" : 1471,
          "percentile" : {
            "1.000000" : 211968,
            "5.000000" : 224256,
            "10.000000" : 242688,
            "20.000000" : 13303808,
            "30.000000" : 22151168,
            "40.000000" : 51118080,
            "50.000000" : 60555264,
            "60.000000" : 79167488,
            "70.000000" : 102236160,
            "80.000000" : 126353408,
            "90.000000" : 147849216,
            "95.000000" : 156237824,
            "99.000000" : 191889408,
            "99.500000" : 208666624,
            "99.900000" : 893386752,
            "99.950000" : 893386752,
            "99.990000" : 893386752
          }
        },
        "lat_ns" : {
          "min" : 256738,
          "max" : 891737930,
          "mean" : 71807908.271244,
          "stddev" : 69527728.339357,
          "N" : 1471
        },
        "bw_min" : 24,
        "bw_max" : 240,
        "bw_agg" : 98.992416,
        "bw_mean" : 97.866667,
        "bw_dev" : 44.314941,
        "bw_samples" : 120,
        "iops_min" : 6,
        "iops_max" : 60,
        "iops_mean" : 24.466667,
        "iops_stddev" : 11.078735,
        "iops_samples" : 120
      },
      "trim" : {
        "io_bytes" : 0,
        "io_kbytes" : 0,
        "bw_bytes" : 0,
        "bw" : 0,
        "iops" : 0.000000,
        "runtime" : 0,
        "total_ios" : 0,
        "short_ios" : 0,
        "drop_ios" : 0,
        "slat_ns" : {
          "min" : 0,
          "max" : 0,
          "mean" : 0.000000,
          "stddev" : 0.000000,
          "N" : 0
        },
        "clat_ns" : {
          "min" : 0,
          "max" : 0,
          "mean" : 0.000000,
          "stddev" : 0.000000,
          "N" : 0
        },
        "lat_ns" : {
          "min" : 0,
          "max" : 0,
          "mean" : 0.000000,
          "stddev" : 0.000000,
          "N" : 0
        },
        "bw_min" : 0,
        "bw_max" : 0,
        "bw_agg" : 0.000000,
        "bw_mean" : 0.000000,
        "bw_dev" : 0.000000,
        "bw_samples" : 0,
        "iops_min" : 0,
        "iops_max" : 0,
        "iops_mean" : 0.000000,
        "iops_stddev" : 0.000000,
        "iops_samples" : 0
      },
      "sync" : {
        "total_ios" : 0,
        "lat_ns" : {
          "min" : 0,
          "max" : 0,
          "mean" : 0.000000,
          "stddev" : 0.000000,
          "N" : 0
        }
      },
      "job_runtime" : 60047,
      "usr_cpu" : 0.039969,
      "sys_cpu" : 0.128233,
      "ctx" : 4418,
      "majf" : 0,
      "minf" : 44,
      "iodepth_level" : {
        "1" : 0.100000,
        "2" : 0.100000,
        "4" : 99.895434,
        "8" : 0.000000,
        "16" : 0.000000,
        "32" : 0.000000,
        ">=64" : 0.000000
      },
      "iodepth_submit" : {
        "0" : 0.000000,
        "4" : 100.000000,
        "8" : 0.000000,
        "16" : 0.000000,
        "32" : 0.000000,
        "64" : 0.000000,
        ">=64" : 0.000000
      },
      "iodepth_complete" : {
        "0" : 0.000000,
        "4" : 100.000000,
        "8" : 0.000000,
        "16" : 0.000000,
        "32" : 0.000000,
        "64" : 0.000000,
        ">=64" : 0.000000
      },
      "latency_ns" : {
        "2" : 0.000000,
        "4" : 0.000000,
        "10" : 0.000000,
        "20" : 0.000000,
        "50" : 0.000000,
        "100" : 0.000000,
        "250" : 0.000000,
        "500" : 0.000000,
        "750" : 0.000000,
        "1000" : 0.000000
      },
      "latency_us" : {
        "2" : 0.000000,
        "4" : 0.000000,
        "10" : 0.000000,
        "20" : 0.034855,
        "50" : 0.000000,
        "100" : 0.000000,
        "250" : 15.894040,
        "500" : 6.587661,
        "750" : 0.000000,
        "1000" : 0.000000
      },
      "latency_ms" : {
        "2" : 0.000000,
        "4" : 0.000000,
        "10" : 0.557686,
        "20" : 12.025096,
        "50" : 8.574416,
        "100" : 30.637853,
        "250" : 25.444406,
        "500" : 0.034855,
        "750" : 0.104566,
        "1000" : 0.104566,
        "2000" : 0.000000,
        ">=2000" : 0.000000
      },
      "latency_depth" : 4,
      "latency_target" : 0,
      "latency_percentile" : 100.000000,
      "latency_window" : 0
    }
  ]
}
