{
  "fio version" : "fio-3.29-112-gc3773",
  "timestamp" : 1649850849,
  "timestamp_ms" : 1649850849708,
  "time" : "Wed Apr 13 11:54:09 2022",
  "global options" : {
    "size" : "50M",
    "runtime" : "60",
    "rwmixread" : "50",
    "directory" : "/mnt/mfs"
  },
  "jobs" : [
    {
      "jobname" : "iotest",
      "groupid" : 0,
      "error" : 0,
      "eta" : 0,
      "elapsed" : 61,
      "job options" : {
        "rw" : "readwrite",
        "bs" : "4k",
        "ioengine" : "libaio",
        "iodepth" : "64",
        "numjobs" : "4",
        "direct" : "1",
        "group_reporting" : "1",
        "invalidate" : "1",
        "loops" : "1",
        "write_bw_log" : "./fio-bench-13-04-2022--09-45-32-seq-mfs/seqrw/mfs/readwrite50/4k/readwrite-iodepth-64-numjobs-4",
        "write_lat_log" : "./fio-bench-13-04-2022--09-45-32-seq-mfs/seqrw/mfs/readwrite50/4k/readwrite-iodepth-64-numjobs-4",
        "write_iops_log" : "./fio-bench-13-04-2022--09-45-32-seq-mfs/seqrw/mfs/readwrite50/4k/readwrite-iodepth-64-numjobs-4",
        "log_avg_msec" : "500"
      },
      "read" : {
        "io_bytes" : 7467008,
        "io_kbytes" : 7292,
        "bw_bytes" : 124243,
        "bw" : 121,
        "iops" : 30.332779,
        "runtime" : 60100,
        "total_ios" : 1823,
        "short_ios" : 0,
        "drop_ios" : 0,
        "slat_ns" : {
          "min" : 31150,
          "max" : 745077861,
          "mean" : 131675606.054855,
          "stddev" : 141471256.458346,
          "N" : 1823
        },
        "clat_ns" : {
          "min" : 15295,
          "max" : 6990323377,
          "mean" : 3839065231.676360,
          "stddev" : 1209486327.631401,
          "N" : 1823,
          "percentile" : {
            "1.000000" : 425721856,
            "5.000000" : 1920991232,
            "10.000000" : 2264924160,
            "20.000000" : 2734686208,
            "30.000000" : 3238002688,
            "40.000000" : 3640655872,
            "50.000000" : 3942645760,
            "60.000000" : 4278190080,
            "70.000000" : 4596957184,
            "80.000000" : 4865392640,
            "90.000000" : 5268045824,
            "95.000000" : 5670699008,
            "99.000000" : 6207569920,
            "99.500000" : 6341787648,
            "99.900000" : 6878658560,
            "99.950000" : 7012876288,
            "99.990000" : 7012876288
          }
        },
        "lat_ns" : {
          "min" : 153550772,
          "max" : 7083663636,
          "mean" : 3970744706.100935,
          "stddev" : 1231272893.417735,
          "N" : 1823
        },
        "bw_min" : 32,
        "bw_max" : 440,
        "bw_agg" : 100.000000,
        "bw_mean" : 127.794056,
        "bw_dev" : 22.350244,
        "bw_samples" : 427,
        "iops_min" : 8,
        "iops_max" : 110,
        "iops_mean" : 31.948514,
        "iops_stddev" : 5.587561,
        "iops_samples" : 427
      },
      "write" : {
        "io_bytes" : 7905280,
        "io_kbytes" : 7720,
        "bw_bytes" : 131535,
        "bw" : 128,
        "iops" : 32.113145,
        "runtime" : 60100,
        "total_ios" : 1930,
        "short_ios" : 0,
        "drop_ios" : 0,
        "slat_ns" : {
          "min" : 36806,
          "max" : 5679582,
          "mean" : 94600.374611,
          "stddev" : 269565.671175,
          "N" : 1930
        },
        "clat_ns" : {
          "min" : 181275202,
          "max" : 7083635559,
          "mean" : 3957438538.393265,
          "stddev" : 1199162503.020325,
          "N" : 1930,
          "percentile" : {
            "1.000000" : 826277888,
            "5.000000" : 2004877312,
            "10.000000" : 2332033024,
            "20.000000" : 2835349504,
            "30.000000" : 3405774848,
            "40.000000" : 3741319168,
            "50.000000" : 4009754624,
            "60.000000" : 4328521728,
            "70.000000" : 4664066048,
            "80.000000" : 4999610368,
            "90.000000" : 5402263552,
            "95.000000" : 5804916736,
            "99.000000" : 6408896512,
            "99.500000" : 6811549696,
            "99.900000" : 7079985152,
            "99.950000" : 7079985152,
            "99.990000" : 7079985152
          }
        },
        "lat_ns" : {
          "min" : 181342529,
          "max" : 7083738646,
          "mean" : 3957536251.341450,
          "stddev" : 1199171146.361073,
          "N" : 1930
        },
        "bw_min" : 32,
        "bw_max" : 464,
        "bw_agg" : 100.000000,
        "bw_mean" : 138.906723,
        "bw_dev" : 22.094248,
        "bw_samples" : 413,
        "iops_min" : 8,
        "iops_max" : 116,
        "iops_mean" : 34.726681,
        "iops_stddev" : 5.523562,
        "iops_samples" : 413
      },
      "trim" : {
        "io_bytes" : 0,
        "io_kbytes" : 0,
        "bw_bytes" : 0,
        "bw" : 0,
        "iops" : 0.000000,
        "runtime" : 0,
        "total_ios" : 0,
        "short_ios" : 0,
        "drop_ios" : 0,
        "slat_ns" : {
          "min" : 0,
          "max" : 0,
          "mean" : 0.000000,
          "stddev" : 0.000000,
          "N" : 0
        },
        "clat_ns" : {
          "min" : 0,
          "max" : 0,
          "mean" : 0.000000,
          "stddev" : 0.000000,
          "N" : 0
        },
        "lat_ns" : {
          "min" : 0,
          "max" : 0,
          "mean" : 0.000000,
          "stddev" : 0.000000,
          "N" : 0
        },
        "bw_min" : 0,
        "bw_max" : 0,
        "bw_agg" : 0.000000,
        "bw_mean" : 0.000000,
        "bw_dev" : 0.000000,
        "bw_samples" : 0,
        "iops_min" : 0,
        "iops_max" : 0,
        "iops_mean" : 0.000000,
        "iops_stddev" : 0.000000,
        "iops_samples" : 0
      },
      "sync" : {
        "total_ios" : 0,
        "lat_ns" : {
          "min" : 0,
          "max" : 0,
          "mean" : 0.000000,
          "stddev" : 0.000000,
          "N" : 0
        }
      },
      "job_runtime" : 240294,
      "usr_cpu" : 0.021224,
      "sys_cpu" : 0.036206,
      "ctx" : 5914,
      "majf" : 0,
      "minf" : 168,
      "iodepth_level" : {
        "1" : 0.106581,
        "2" : 0.213163,
        "4" : 0.426326,
        "8" : 0.852651,
        "16" : 1.705302,
        "32" : 3.410605,
        ">=64" : 93.285372
      },
      "iodepth_submit" : {
        "0" : 0.000000,
        "4" : 100.000000,
        "8" : 0.000000,
        "16" : 0.000000,
        "32" : 0.000000,
        "64" : 0.000000,
        ">=64" : 0.000000
      },
      "iodepth_complete" : {
        "0" : 0.000000,
        "4" : 99.885877,
        "8" : 0.000000,
        "16" : 0.000000,
        "32" : 0.000000,
        "64" : 0.114123,
        ">=64" : 0.000000
      },
      "latency_ns" : {
        "2" : 0.000000,
        "4" : 0.000000,
        "10" : 0.000000,
        "20" : 0.000000,
        "50" : 0.000000,
        "100" : 0.000000,
        "250" : 0.000000,
        "500" : 0.000000,
        "750" : 0.000000,
        "1000" : 0.000000
      },
      "latency_us" : {
        "2" : 0.000000,
        "4" : 0.000000,
        "10" : 0.000000,
        "20" : 0.106581,
        "50" : 0.000000,
        "100" : 0.000000,
        "250" : 0.000000,
        "500" : 0.000000,
        "750" : 0.000000,
        "1000" : 0.000000
      },
      "latency_ms" : {
        "2" : 0.000000,
        "4" : 0.000000,
        "10" : 0.000000,
        "20" : 0.000000,
        "50" : 0.000000,
        "100" : 0.000000,
        "250" : 0.266454,
        "500" : 0.399680,
        "750" : 0.293099,
        "1000" : 0.719424,
        "2000" : 3.490541,
        ">=2000" : 94.724221
      },
      "latency_depth" : 64,
      "latency_target" : 0,
      "latency_percentile" : 100.000000,
      "latency_window" : 0
    }
  ]
}
