{
  "fio version" : "fio-3.29-112-gc3773",
  "timestamp" : 1649849207,
  "timestamp_ms" : 1649849207933,
  "time" : "Wed Apr 13 11:26:47 2022",
  "global options" : {
    "size" : "50M",
    "runtime" : "60",
    "rwmixread" : "50",
    "directory" : "/mnt/mfs"
  },
  "jobs" : [
    {
      "jobname" : "iotest",
      "groupid" : 0,
      "error" : 0,
      "eta" : 0,
      "elapsed" : 61,
      "job options" : {
        "rw" : "readwrite",
        "bs" : "4k",
        "ioengine" : "libaio",
        "iodepth" : "4",
        "numjobs" : "8",
        "direct" : "1",
        "group_reporting" : "1",
        "invalidate" : "1",
        "loops" : "1",
        "write_bw_log" : "./fio-bench-13-04-2022--09-45-32-seq-mfs/seqrw/mfs/readwrite50/4k/readwrite-iodepth-4-numjobs-8",
        "write_lat_log" : "./fio-bench-13-04-2022--09-45-32-seq-mfs/seqrw/mfs/readwrite50/4k/readwrite-iodepth-4-numjobs-8",
        "write_iops_log" : "./fio-bench-13-04-2022--09-45-32-seq-mfs/seqrw/mfs/readwrite50/4k/readwrite-iodepth-4-numjobs-8",
        "log_avg_msec" : "500"
      },
      "read" : {
        "io_bytes" : 8622080,
        "io_kbytes" : 8420,
        "bw_bytes" : 143331,
        "bw" : 139,
        "iops" : 34.992935,
        "runtime" : 60155,
        "total_ios" : 2105,
        "short_ios" : 0,
        "drop_ios" : 0,
        "slat_ns" : {
          "min" : 31359,
          "max" : 1551465952,
          "mean" : 228203812.581948,
          "stddev" : 262087639.647936,
          "N" : 2105
        },
        "clat_ns" : {
          "min" : 14737,
          "max" : 1927658258,
          "mean" : 244106143.392874,
          "stddev" : 301435145.437050,
          "N" : 2105,
          "percentile" : {
            "1.000000" : 150528,
            "5.000000" : 175104,
            "10.000000" : 201728,
            "20.000000" : 238592,
            "30.000000" : 268288,
            "40.000000" : 28704768,
            "50.000000" : 137363456,
            "60.000000" : 227540992,
            "70.000000" : 329252864,
            "80.000000" : 476053504,
            "90.000000" : 700448768,
            "95.000000" : 884998144,
            "99.000000" : 1182793728,
            "99.500000" : 1283457024,
            "99.900000" : 1367343104,
            "99.950000" : 1468006400,
            "99.990000" : 1920991232
          }
        },
        "lat_ns" : {
          "min" : 172299,
          "max" : 2259379197,
          "mean" : 472314149.486461,
          "stddev" : 420285480.716650,
          "N" : 2105
        },
        "bw_min" : 64,
        "bw_max" : 696,
        "bw_agg" : 100.000000,
        "bw_mean" : 189.992588,
        "bw_dev" : 16.129829,
        "bw_samples" : 697,
        "iops_min" : 16,
        "iops_max" : 174,
        "iops_mean" : 47.498147,
        "iops_stddev" : 4.032457,
        "iops_samples" : 697
      },
      "write" : {
        "io_bytes" : 8851456,
        "io_kbytes" : 8644,
        "bw_bytes" : 147144,
        "bw" : 143,
        "iops" : 35.923863,
        "runtime" : 60155,
        "total_ios" : 2161,
        "short_ios" : 0,
        "drop_ios" : 0,
        "slat_ns" : {
          "min" : 52311,
          "max" : 6679864,
          "mean" : 104430.032855,
          "stddev" : 370404.259924,
          "N" : 2161
        },
        "clat_ns" : {
          "min" : 201633,
          "max" : 2259332193,
          "mean" : 428356433.866728,
          "stddev" : 366203581.741096,
          "N" : 2161,
          "percentile" : {
            "1.000000" : 220160,
            "5.000000" : 240640,
            "10.000000" : 264192,
            "20.000000" : 89653248,
            "30.000000" : 177209344,
            "40.000000" : 267386880,
            "50.000000" : 350224384,
            "60.000000" : 450887680,
            "70.000000" : 583008256,
            "80.000000" : 708837376,
            "90.000000" : 943718400,
            "95.000000" : 1132462080,
            "99.000000" : 1551892480,
            "99.500000" : 1686110208,
            "99.900000" : 2004877312,
            "99.950000" : 2231369728,
            "99.990000" : 2264924160
          }
        },
        "lat_ns" : {
          "min" : 258484,
          "max" : 2259398682,
          "mean" : 428463990.582601,
          "stddev" : 366203917.625969,
          "N" : 2161
        },
        "bw_min" : 64,
        "bw_max" : 656,
        "bw_agg" : 100.000000,
        "bw_mean" : 181.369287,
        "bw_dev" : 15.664617,
        "bw_samples" : 752,
        "iops_min" : 16,
        "iops_max" : 164,
        "iops_mean" : 45.342322,
        "iops_stddev" : 3.916154,
        "iops_samples" : 752
      },
      "trim" : {
        "io_bytes" : 0,
        "io_kbytes" : 0,
        "bw_bytes" : 0,
        "bw" : 0,
        "iops" : 0.000000,
        "runtime" : 0,
        "total_ios" : 0,
        "short_ios" : 0,
        "drop_ios" : 0,
        "slat_ns" : {
          "min" : 0,
          "max" : 0,
          "mean" : 0.000000,
          "stddev" : 0.000000,
          "N" : 0
        },
        "clat_ns" : {
          "min" : 0,
          "max" : 0,
          "mean" : 0.000000,
          "stddev" : 0.000000,
          "N" : 0
        },
        "lat_ns" : {
          "min" : 0,
          "max" : 0,
          "mean" : 0.000000,
          "stddev" : 0.000000,
          "N" : 0
        },
        "bw_min" : 0,
        "bw_max" : 0,
        "bw_agg" : 0.000000,
        "bw_mean" : 0.000000,
        "bw_dev" : 0.000000,
        "bw_samples" : 0,
        "iops_min" : 0,
        "iops_max" : 0,
        "iops_mean" : 0.000000,
        "iops_stddev" : 0.000000,
        "iops_samples" : 0
      },
      "sync" : {
        "total_ios" : 0,
        "lat_ns" : {
          "min" : 0,
          "max" : 0,
          "mean" : 0.000000,
          "stddev" : 0.000000,
          "N" : 0
        }
      },
      "job_runtime" : 480697,
      "usr_cpu" : 0.012274,
      "sys_cpu" : 0.019971,
      "ctx" : 6766,
      "majf" : 0,
      "minf" : 333,
      "iodepth_level" : {
        "1" : 0.187529,
        "2" : 0.375059,
        "4" : 99.437412,
        "8" : 0.000000,
        "16" : 0.000000,
        "32" : 0.000000,
        ">=64" : 0.000000
      },
      "iodepth_submit" : {
        "0" : 0.000000,
        "4" : 100.000000,
        "8" : 0.000000,
        "16" : 0.000000,
        "32" : 0.000000,
        "64" : 0.000000,
        ">=64" : 0.000000
      },
      "iodepth_complete" : {
        "0" : 0.000000,
        "4" : 100.000000,
        "8" : 0.000000,
        "16" : 0.000000,
        "32" : 0.000000,
        "64" : 0.000000,
        ">=64" : 0.000000
      },
      "latency_ns" : {
        "2" : 0.000000,
        "4" : 0.000000,
        "10" : 0.000000,
        "20" : 0.000000,
        "50" : 0.000000,
        "100" : 0.000000,
        "250" : 0.000000,
        "500" : 0.000000,
        "750" : 0.000000,
        "1000" : 0.000000
      },
      "latency_us" : {
        "2" : 0.000000,
        "4" : 0.000000,
        "10" : 0.000000,
        "20" : 0.187529,
        "50" : 0.000000,
        "100" : 0.000000,
        "250" : 15.705579,
        "500" : 8.907642,
        "750" : 0.000000,
        "1000" : 0.000000
      },
      "latency_ms" : {
        "2" : 0.023441,
        "4" : 0.000000,
        "10" : 0.328176,
        "20" : 0.164088,
        "50" : 3.703704,
        "100" : 4.828880,
        "250" : 16.385373,
        "500" : 22.409752,
        "750" : 14.603844,
        "1000" : 7.008908,
        "2000" : 5.672761,
        ">=2000" : 0.070323
      },
      "latency_depth" : 4,
      "latency_target" : 0,
      "latency_percentile" : 100.000000,
      "latency_window" : 0
    }
  ]
}
