{
  "fio version" : "fio-3.29-112-gc3773",
  "timestamp" : 1649848541,
  "timestamp_ms" : 1649848541176,
  "time" : "Wed Apr 13 11:15:41 2022",
  "global options" : {
    "size" : "50M",
    "runtime" : "60",
    "rwmixread" : "50",
    "directory" : "/mnt/mfs"
  },
  "jobs" : [
    {
      "jobname" : "iotest",
      "groupid" : 0,
      "error" : 0,
      "eta" : 0,
      "elapsed" : 63,
      "job options" : {
        "rw" : "readwrite",
        "bs" : "4k",
        "ioengine" : "libaio",
        "iodepth" : "1",
        "numjobs" : "64",
        "direct" : "1",
        "group_reporting" : "1",
        "invalidate" : "1",
        "loops" : "1",
        "write_bw_log" : "./fio-bench-13-04-2022--09-45-32-seq-mfs/seqrw/mfs/readwrite50/4k/readwrite-iodepth-1-numjobs-64",
        "write_lat_log" : "./fio-bench-13-04-2022--09-45-32-seq-mfs/seqrw/mfs/readwrite50/4k/readwrite-iodepth-1-numjobs-64",
        "write_iops_log" : "./fio-bench-13-04-2022--09-45-32-seq-mfs/seqrw/mfs/readwrite50/4k/readwrite-iodepth-1-numjobs-64",
        "log_avg_msec" : "500"
      },
      "read" : {
        "io_bytes" : 8138752,
        "io_kbytes" : 7948,
        "bw_bytes" : 131556,
        "bw" : 128,
        "iops" : 32.118322,
        "runtime" : 61865,
        "total_ios" : 1987,
        "short_ios" : 0,
        "drop_ios" : 0,
        "slat_ns" : {
          "min" : 31708,
          "max" : 10984016075,
          "mean" : 1963405283.391545,
          "stddev" : 1919551482.304306,
          "N" : 1987
        },
        "clat_ns" : {
          "min" : 2025,
          "max" : 45886,
          "mean" : 3888.858078,
          "stddev" : 2016.632919,
          "N" : 1987,
          "percentile" : {
            "1.000000" : 2576,
            "5.000000" : 2576,
            "10.000000" : 2640,
            "20.000000" : 2736,
            "30.000000" : 3408,
            "40.000000" : 3760,
            "50.000000" : 3920,
            "60.000000" : 3984,
            "70.000000" : 4192,
            "80.000000" : 4448,
            "90.000000" : 4960,
            "95.000000" : 5280,
            "99.000000" : 5920,
            "99.500000" : 6560,
            "99.900000" : 43776,
            "99.950000" : 45824,
            "99.990000" : 45824
          }
        },
        "lat_ns" : {
          "min" : 37016,
          "max" : 10984024665,
          "mean" : 1963415560.134373,
          "stddev" : 1919552709.454235,
          "N" : 1987
        },
        "bw_min" : 505,
        "bw_max" : 2280,
        "bw_agg" : 100.000000,
        "bw_mean" : 740.888075,
        "bw_dev" : 8.146892,
        "bw_samples" : 1332,
        "iops_min" : 121,
        "iops_max" : 570,
        "iops_mean" : 184.961590,
        "iops_stddev" : 2.039222,
        "iops_samples" : 1332
      },
      "write" : {
        "io_bytes" : 7995392,
        "io_kbytes" : 7808,
        "bw_bytes" : 129239,
        "bw" : 126,
        "iops" : 31.552574,
        "runtime" : 61865,
        "total_ios" : 1952,
        "short_ios" : 0,
        "drop_ios" : 0,
        "slat_ns" : {
          "min" : 36597,
          "max" : 17596125,
          "mean" : 401179.266906,
          "stddev" : 1275428.323667,
          "N" : 1952
        },
        "clat_ns" : {
          "min" : 1815,
          "max" : 99455,
          "mean" : 3024.569160,
          "stddev" : 3366.108861,
          "N" : 1952,
          "percentile" : {
            "1.000000" : 2320,
            "5.000000" : 2576,
            "10.000000" : 2640,
            "20.000000" : 2640,
            "30.000000" : 2736,
            "40.000000" : 2736,
            "50.000000" : 2800,
            "60.000000" : 2800,
            "70.000000" : 2864,
            "80.000000" : 2928,
            "90.000000" : 2992,
            "95.000000" : 3088,
            "99.000000" : 3280,
            "99.500000" : 21632,
            "99.900000" : 64768,
            "99.950000" : 99840,
            "99.990000" : 99840
          }
        },
        "lat_ns" : {
          "min" : 40788,
          "max" : 17602411,
          "mean" : 407317.609119,
          "stddev" : 1275654.877304,
          "N" : 1952
        },
        "bw_min" : 505,
        "bw_max" : 2655,
        "bw_agg" : 100.000000,
        "bw_mean" : 997.192997,
        "bw_dev" : 10.692587,
        "bw_samples" : 1012,
        "iops_min" : 121,
        "iops_max" : 663,
        "iops_mean" : 248.574264,
        "iops_stddev" : 2.675213,
        "iops_samples" : 1012
      },
      "trim" : {
        "io_bytes" : 0,
        "io_kbytes" : 0,
        "bw_bytes" : 0,
        "bw" : 0,
        "iops" : 0.000000,
        "runtime" : 0,
        "total_ios" : 0,
        "short_ios" : 0,
        "drop_ios" : 0,
        "slat_ns" : {
          "min" : 0,
          "max" : 0,
          "mean" : 0.000000,
          "stddev" : 0.000000,
          "N" : 0
        },
        "clat_ns" : {
          "min" : 0,
          "max" : 0,
          "mean" : 0.000000,
          "stddev" : 0.000000,
          "N" : 0
        },
        "lat_ns" : {
          "min" : 0,
          "max" : 0,
          "mean" : 0.000000,
          "stddev" : 0.000000,
          "N" : 0
        },
        "bw_min" : 0,
        "bw_max" : 0,
        "bw_agg" : 0.000000,
        "bw_mean" : 0.000000,
        "bw_dev" : 0.000000,
        "bw_samples" : 0,
        "iops_min" : 0,
        "iops_max" : 0,
        "iops_mean" : 0.000000,
        "iops_stddev" : 0.000000,
        "iops_samples" : 0
      },
      "sync" : {
        "total_ios" : 0,
        "lat_ns" : {
          "min" : 0,
          "max" : 0,
          "mean" : 0.000000,
          "stddev" : 0.000000,
          "N" : 0
        }
      },
      "job_runtime" : 3910408,
      "usr_cpu" : 0.002481,
      "sys_cpu" : 0.001048,
      "ctx" : 6373,
      "majf" : 0,
      "minf" : 2631,
      "iodepth_level" : {
        "1" : 100.000000,
        "2" : 0.000000,
        "4" : 0.000000,
        "8" : 0.000000,
        "16" : 0.000000,
        "32" : 0.000000,
        ">=64" : 0.000000
      },
      "iodepth_submit" : {
        "0" : 0.000000,
        "4" : 100.000000,
        "8" : 0.000000,
        "16" : 0.000000,
        "32" : 0.000000,
        "64" : 0.000000,
        ">=64" : 0.000000
      },
      "iodepth_complete" : {
        "0" : 0.000000,
        "4" : 100.000000,
        "8" : 0.000000,
        "16" : 0.000000,
        "32" : 0.000000,
        "64" : 0.000000,
        ">=64" : 0.000000
      },
      "latency_ns" : {
        "2" : 0.000000,
        "4" : 0.000000,
        "10" : 0.000000,
        "20" : 0.000000,
        "50" : 0.000000,
        "100" : 0.000000,
        "250" : 0.000000,
        "500" : 0.000000,
        "750" : 0.000000,
        "1000" : 0.000000
      },
      "latency_us" : {
        "2" : 0.304646,
        "4" : 79.487179,
        "10" : 19.649657,
        "20" : 0.101549,
        "50" : 0.406194,
        "100" : 0.050774,
        "250" : 0.000000,
        "500" : 0.000000,
        "750" : 0.000000,
        "1000" : 0.000000
      },
      "latency_ms" : {
        "2" : 0.000000,
        "4" : 0.000000,
        "10" : 0.000000,
        "20" : 0.000000,
        "50" : 0.000000,
        "100" : 0.000000,
        "250" : 0.000000,
        "500" : 0.000000,
        "750" : 0.000000,
        "1000" : 0.000000,
        "2000" : 0.000000,
        ">=2000" : 0.000000
      },
      "latency_depth" : 1,
      "latency_target" : 0,
      "latency_percentile" : 100.000000,
      "latency_window" : 0
    }
  ]
}
