{
  "fio version" : "fio-3.29-112-gc3773",
  "timestamp" : 1649350274,
  "timestamp_ms" : 1649350274856,
  "time" : "Thu Apr  7 16:51:14 2022",
  "global options" : {
    "size" : "50M",
    "runtime" : "60",
    "directory" : "/mnt/gfs"
  },
  "jobs" : [
    {
      "jobname" : "iotest",
      "groupid" : 0,
      "error" : 0,
      "eta" : 0,
      "elapsed" : 61,
      "job options" : {
        "rw" : "randread",
        "bs" : "4k",
        "ioengine" : "libaio",
        "iodepth" : "2",
        "numjobs" : "32",
        "direct" : "1",
        "group_reporting" : "1",
        "invalidate" : "1",
        "loops" : "1",
        "write_bw_log" : "./fio-bench-07-04-2022--16-25-57-rand-gfs/randread/gfs/4k/randread-iodepth-2-numjobs-32",
        "write_lat_log" : "./fio-bench-07-04-2022--16-25-57-rand-gfs/randread/gfs/4k/randread-iodepth-2-numjobs-32",
        "write_iops_log" : "./fio-bench-07-04-2022--16-25-57-rand-gfs/randread/gfs/4k/randread-iodepth-2-numjobs-32",
        "log_avg_msec" : "500"
      },
      "read" : {
        "io_bytes" : 671490048,
        "io_kbytes" : 655752,
        "bw_bytes" : 11186839,
        "bw" : 10924,
        "iops" : 2731.162016,
        "runtime" : 60025,
        "total_ios" : 163938,
        "short_ios" : 0,
        "drop_ios" : 0,
        "slat_ns" : {
          "min" : 3562,
          "max" : 124597,
          "mean" : 8337.895290,
          "stddev" : 1589.766403,
          "N" : 163938
        },
        "clat_ns" : {
          "min" : 2854140,
          "max" : 288059711,
          "mean" : 23405424.740750,
          "stddev" : 9734602.521431,
          "N" : 163938,
          "percentile" : {
            "1.000000" : 9240576,
            "5.000000" : 12255232,
            "10.000000" : 13959168,
            "20.000000" : 16056320,
            "30.000000" : 17694720,
            "40.000000" : 19529728,
            "50.000000" : 21364736,
            "60.000000" : 23199744,
            "70.000000" : 25559040,
            "80.000000" : 29491200,
            "90.000000" : 34865152,
            "95.000000" : 40632320,
            "99.000000" : 56360960,
            "99.500000" : 64225280,
            "99.900000" : 87556096,
            "99.950000" : 101187584,
            "99.990000" : 202375168
          }
        },
        "lat_ns" : {
          "min" : 2862661,
          "max" : 288070676,
          "mean" : 23416522.013475,
          "stddev" : 9734715.872626,
          "N" : 163938
        },
        "bw_min" : 9143,
        "bw_max" : 12633,
        "bw_agg" : 100.000000,
        "bw_mean" : 10926.108333,
        "bw_dev" : 15.581130,
        "bw_samples" : 3840,
        "iops_min" : 2285,
        "iops_max" : 3158,
        "iops_mean" : 2731.141667,
        "iops_stddev" : 3.894206,
        "iops_samples" : 3840
      },
      "write" : {
        "io_bytes" : 0,
        "io_kbytes" : 0,
        "bw_bytes" : 0,
        "bw" : 0,
        "iops" : 0.000000,
        "runtime" : 0,
        "total_ios" : 0,
        "short_ios" : 0,
        "drop_ios" : 0,
        "slat_ns" : {
          "min" : 0,
          "max" : 0,
          "mean" : 0.000000,
          "stddev" : 0.000000,
          "N" : 0
        },
        "clat_ns" : {
          "min" : 0,
          "max" : 0,
          "mean" : 0.000000,
          "stddev" : 0.000000,
          "N" : 0
        },
        "lat_ns" : {
          "min" : 0,
          "max" : 0,
          "mean" : 0.000000,
          "stddev" : 0.000000,
          "N" : 0
        },
        "bw_min" : 0,
        "bw_max" : 0,
        "bw_agg" : 0.000000,
        "bw_mean" : 0.000000,
        "bw_dev" : 0.000000,
        "bw_samples" : 0,
        "iops_min" : 0,
        "iops_max" : 0,
        "iops_mean" : 0.000000,
        "iops_stddev" : 0.000000,
        "iops_samples" : 0
      },
      "trim" : {
        "io_bytes" : 0,
        "io_kbytes" : 0,
        "bw_bytes" : 0,
        "bw" : 0,
        "iops" : 0.000000,
        "runtime" : 0,
        "total_ios" : 0,
        "short_ios" : 0,
        "drop_ios" : 0,
        "slat_ns" : {
          "min" : 0,
          "max" : 0,
          "mean" : 0.000000,
          "stddev" : 0.000000,
          "N" : 0
        },
        "clat_ns" : {
          "min" : 0,
          "max" : 0,
          "mean" : 0.000000,
          "stddev" : 0.000000,
          "N" : 0
        },
        "lat_ns" : {
          "min" : 0,
          "max" : 0,
          "mean" : 0.000000,
          "stddev" : 0.000000,
          "N" : 0
        },
        "bw_min" : 0,
        "bw_max" : 0,
        "bw_agg" : 0.000000,
        "bw_mean" : 0.000000,
        "bw_dev" : 0.000000,
        "bw_samples" : 0,
        "iops_min" : 0,
        "iops_max" : 0,
        "iops_mean" : 0.000000,
        "iops_stddev" : 0.000000,
        "iops_samples" : 0
      },
      "sync" : {
        "total_ios" : 0,
        "lat_ns" : {
          "min" : 0,
          "max" : 0,
          "mean" : 0.000000,
          "stddev" : 0.000000,
          "N" : 0
        }
      },
      "job_runtime" : 1920484,
      "usr_cpu" : 0.109556,
      "sys_cpu" : 0.157773,
      "ctx" : 164246,
      "majf" : 0,
      "minf" : 1277,
      "iodepth_level" : {
        "1" : 0.100000,
        "2" : 99.980480,
        "4" : 0.000000,
        "8" : 0.000000,
        "16" : 0.000000,
        "32" : 0.000000,
        ">=64" : 0.000000
      },
      "iodepth_submit" : {
        "0" : 0.000000,
        "4" : 100.000000,
        "8" : 0.000000,
        "16" : 0.000000,
        "32" : 0.000000,
        "64" : 0.000000,
        ">=64" : 0.000000
      },
      "iodepth_complete" : {
        "0" : 0.000000,
        "4" : 100.000000,
        "8" : 0.000000,
        "16" : 0.000000,
        "32" : 0.000000,
        "64" : 0.000000,
        ">=64" : 0.000000
      },
      "latency_ns" : {
        "2" : 0.000000,
        "4" : 0.000000,
        "10" : 0.000000,
        "20" : 0.000000,
        "50" : 0.000000,
        "100" : 0.000000,
        "250" : 0.000000,
        "500" : 0.000000,
        "750" : 0.000000,
        "1000" : 0.000000
      },
      "latency_us" : {
        "2" : 0.000000,
        "4" : 0.000000,
        "10" : 0.000000,
        "20" : 0.000000,
        "50" : 0.000000,
        "100" : 0.000000,
        "250" : 0.000000,
        "500" : 0.000000,
        "750" : 0.000000,
        "1000" : 0.000000
      },
      "latency_ms" : {
        "2" : 0.000000,
        "4" : 0.010000,
        "10" : 1.572546,
        "20" : 41.924386,
        "50" : 54.657248,
        "100" : 1.788481,
        "250" : 0.051239,
        "500" : 0.010000,
        "750" : 0.000000,
        "1000" : 0.000000,
        "2000" : 0.000000,
        ">=2000" : 0.000000
      },
      "latency_depth" : 2,
      "latency_target" : 0,
      "latency_percentile" : 100.000000,
      "latency_window" : 0
    }
  ]
}
