{
  "fio version" : "fio-3.29-112-gc3773",
  "timestamp" : 1649350820,
  "timestamp_ms" : 1649350820949,
  "time" : "Thu Apr  7 17:00:20 2022",
  "global options" : {
    "size" : "50M",
    "runtime" : "60",
    "directory" : "/mnt/gfs"
  },
  "jobs" : [
    {
      "jobname" : "iotest",
      "groupid" : 0,
      "error" : 0,
      "eta" : 0,
      "elapsed" : 45,
      "job options" : {
        "rw" : "randread",
        "bs" : "4k",
        "ioengine" : "libaio",
        "iodepth" : "8",
        "numjobs" : "8",
        "direct" : "1",
        "group_reporting" : "1",
        "invalidate" : "1",
        "loops" : "1",
        "write_bw_log" : "./fio-bench-07-04-2022--16-25-57-rand-gfs/randread/gfs/4k/randread-iodepth-8-numjobs-8",
        "write_lat_log" : "./fio-bench-07-04-2022--16-25-57-rand-gfs/randread/gfs/4k/randread-iodepth-8-numjobs-8",
        "write_iops_log" : "./fio-bench-07-04-2022--16-25-57-rand-gfs/randread/gfs/4k/randread-iodepth-8-numjobs-8",
        "log_avg_msec" : "500"
      },
      "read" : {
        "io_bytes" : 419430400,
        "io_kbytes" : 409600,
        "bw_bytes" : 9565553,
        "bw" : 9341,
        "iops" : 2335.340266,
        "runtime" : 43848,
        "total_ios" : 102400,
        "short_ios" : 0,
        "drop_ios" : 0,
        "slat_ns" : {
          "min" : 3073,
          "max" : 324343,
          "mean" : 7916.749443,
          "stddev" : 2295.198416,
          "N" : 102400
        },
        "clat_ns" : {
          "min" : 1737026,
          "max" : 178955805,
          "mean" : 21934883.257285,
          "stddev" : 11033802.054794,
          "N" : 102400,
          "percentile" : {
            "1.000000" : 4489216,
            "5.000000" : 9240576,
            "10.000000" : 11468800,
            "20.000000" : 13697024,
            "30.000000" : 15007744,
            "40.000000" : 16449536,
            "50.000000" : 19267584,
            "60.000000" : 22937600,
            "70.000000" : 26083328,
            "80.000000" : 29229056,
            "90.000000" : 34865152,
            "95.000000" : 40632320,
            "99.000000" : 60030976,
            "99.500000" : 70778880,
            "99.900000" : 95944704,
            "99.950000" : 104333312,
            "99.990000" : 139460608
          }
        },
        "lat_ns" : {
          "min" : 1748899,
          "max" : 178965652,
          "mean" : 21945502.966875,
          "stddev" : 11033786.652081,
          "N" : 102400
        },
        "bw_min" : 10090,
        "bw_max" : 19280,
        "bw_agg" : 100.000000,
        "bw_mean" : 11938.157625,
        "bw_dev" : 273.626876,
        "bw_samples" : 557,
        "iops_min" : 2522,
        "iops_max" : 4820,
        "iops_mean" : 2983.979565,
        "iops_stddev" : 68.398780,
        "iops_samples" : 557
      },
      "write" : {
        "io_bytes" : 0,
        "io_kbytes" : 0,
        "bw_bytes" : 0,
        "bw" : 0,
        "iops" : 0.000000,
        "runtime" : 0,
        "total_ios" : 0,
        "short_ios" : 0,
        "drop_ios" : 0,
        "slat_ns" : {
          "min" : 0,
          "max" : 0,
          "mean" : 0.000000,
          "stddev" : 0.000000,
          "N" : 0
        },
        "clat_ns" : {
          "min" : 0,
          "max" : 0,
          "mean" : 0.000000,
          "stddev" : 0.000000,
          "N" : 0
        },
        "lat_ns" : {
          "min" : 0,
          "max" : 0,
          "mean" : 0.000000,
          "stddev" : 0.000000,
          "N" : 0
        },
        "bw_min" : 0,
        "bw_max" : 0,
        "bw_agg" : 0.000000,
        "bw_mean" : 0.000000,
        "bw_dev" : 0.000000,
        "bw_samples" : 0,
        "iops_min" : 0,
        "iops_max" : 0,
        "iops_mean" : 0.000000,
        "iops_stddev" : 0.000000,
        "iops_samples" : 0
      },
      "trim" : {
        "io_bytes" : 0,
        "io_kbytes" : 0,
        "bw_bytes" : 0,
        "bw" : 0,
        "iops" : 0.000000,
        "runtime" : 0,
        "total_ios" : 0,
        "short_ios" : 0,
        "drop_ios" : 0,
        "slat_ns" : {
          "min" : 0,
          "max" : 0,
          "mean" : 0.000000,
          "stddev" : 0.000000,
          "N" : 0
        },
        "clat_ns" : {
          "min" : 0,
          "max" : 0,
          "mean" : 0.000000,
          "stddev" : 0.000000,
          "N" : 0
        },
        "lat_ns" : {
          "min" : 0,
          "max" : 0,
          "mean" : 0.000000,
          "stddev" : 0.000000,
          "N" : 0
        },
        "bw_min" : 0,
        "bw_max" : 0,
        "bw_agg" : 0.000000,
        "bw_mean" : 0.000000,
        "bw_dev" : 0.000000,
        "bw_samples" : 0,
        "iops_min" : 0,
        "iops_max" : 0,
        "iops_mean" : 0.000000,
        "iops_stddev" : 0.000000,
        "iops_samples" : 0
      },
      "sync" : {
        "total_ios" : 0,
        "lat_ns" : {
          "min" : 0,
          "max" : 0,
          "mean" : 0.000000,
          "stddev" : 0.000000,
          "N" : 0
        }
      },
      "job_runtime" : 281025,
      "usr_cpu" : 0.410284,
      "sys_cpu" : 0.645850,
      "ctx" : 102521,
      "majf" : 0,
      "minf" : 371,
      "iodepth_level" : {
        "1" : 0.100000,
        "2" : 0.100000,
        "4" : 0.100000,
        "8" : 99.945312,
        "16" : 0.000000,
        "32" : 0.000000,
        ">=64" : 0.000000
      },
      "iodepth_submit" : {
        "0" : 0.000000,
        "4" : 100.000000,
        "8" : 0.000000,
        "16" : 0.000000,
        "32" : 0.000000,
        "64" : 0.000000,
        ">=64" : 0.000000
      },
      "iodepth_complete" : {
        "0" : 0.000000,
        "4" : 99.992184,
        "8" : 0.100000,
        "16" : 0.000000,
        "32" : 0.000000,
        "64" : 0.000000,
        ">=64" : 0.000000
      },
      "latency_ns" : {
        "2" : 0.000000,
        "4" : 0.000000,
        "10" : 0.000000,
        "20" : 0.000000,
        "50" : 0.000000,
        "100" : 0.000000,
        "250" : 0.000000,
        "500" : 0.000000,
        "750" : 0.000000,
        "1000" : 0.000000
      },
      "latency_us" : {
        "2" : 0.000000,
        "4" : 0.000000,
        "10" : 0.000000,
        "20" : 0.000000,
        "50" : 0.000000,
        "100" : 0.000000,
        "250" : 0.000000,
        "500" : 0.000000,
        "750" : 0.000000,
        "1000" : 0.000000
      },
      "latency_ms" : {
        "2" : 0.010000,
        "4" : 0.767578,
        "10" : 5.459961,
        "20" : 45.919922,
        "50" : 45.729492,
        "100" : 2.041016,
        "250" : 0.072266,
        "500" : 0.000000,
        "750" : 0.000000,
        "1000" : 0.000000,
        "2000" : 0.000000,
        ">=2000" : 0.000000
      },
      "latency_depth" : 8,
      "latency_target" : 0,
      "latency_percentile" : 100.000000,
      "latency_window" : 0
    }
  ]
}
