{
  "fio version" : "fio-3.29-112-gc3773",
  "timestamp" : 1649349119,
  "timestamp_ms" : 1649349119527,
  "time" : "Thu Apr  7 16:31:59 2022",
  "global options" : {
    "size" : "50M",
    "runtime" : "60",
    "directory" : "/mnt/gfs"
  },
  "jobs" : [
    {
      "jobname" : "iotest",
      "groupid" : 0,
      "error" : 0,
      "eta" : 0,
      "elapsed" : 61,
      "job options" : {
        "rw" : "randread",
        "bs" : "4k",
        "ioengine" : "libaio",
        "iodepth" : "1",
        "numjobs" : "32",
        "direct" : "1",
        "group_reporting" : "1",
        "invalidate" : "1",
        "loops" : "1",
        "write_bw_log" : "./fio-bench-07-04-2022--16-25-57-rand-gfs/randread/gfs/4k/randread-iodepth-1-numjobs-32",
        "write_lat_log" : "./fio-bench-07-04-2022--16-25-57-rand-gfs/randread/gfs/4k/randread-iodepth-1-numjobs-32",
        "write_iops_log" : "./fio-bench-07-04-2022--16-25-57-rand-gfs/randread/gfs/4k/randread-iodepth-1-numjobs-32",
        "log_avg_msec" : "500"
      },
      "read" : {
        "io_bytes" : 671424512,
        "io_kbytes" : 655688,
        "bw_bytes" : 11188170,
        "bw" : 10925,
        "iops" : 2731.487036,
        "runtime" : 60012,
        "total_ios" : 163922,
        "short_ios" : 0,
        "drop_ios" : 0,
        "slat_ns" : {
          "min" : 3701,
          "max" : 70679,
          "mean" : 8013.292999,
          "stddev" : 1450.579187,
          "N" : 163922
        },
        "clat_ns" : {
          "min" : 2716692,
          "max" : 223038945,
          "mean" : 11693913.494857,
          "stddev" : 6989478.817603,
          "N" : 163922,
          "percentile" : {
            "1.000000" : 4489216,
            "5.000000" : 5210112,
            "10.000000" : 5734400,
            "20.000000" : 6979584,
            "30.000000" : 7766016,
            "40.000000" : 8454144,
            "50.000000" : 9240576,
            "60.000000" : 10289152,
            "70.000000" : 13041664,
            "80.000000" : 16449536,
            "90.000000" : 20578304,
            "95.000000" : 24510464,
            "99.000000" : 35389440,
            "99.500000" : 40632320,
            "99.900000" : 57409536,
            "99.950000" : 70778880,
            "99.990000" : 139460608
          }
        },
        "lat_ns" : {
          "min" : 2725631,
          "max" : 223047535,
          "mean" : 11704689.569015,
          "stddev" : 6989611.291327,
          "N" : 163922
        },
        "bw_min" : 8607,
        "bw_max" : 12504,
        "bw_agg" : 100.000000,
        "bw_mean" : 10928.020518,
        "bw_dev" : 18.356417,
        "bw_samples" : 3833,
        "iops_min" : 2151,
        "iops_max" : 3126,
        "iops_mean" : 2731.478852,
        "iops_stddev" : 4.584019,
        "iops_samples" : 3833
      },
      "write" : {
        "io_bytes" : 0,
        "io_kbytes" : 0,
        "bw_bytes" : 0,
        "bw" : 0,
        "iops" : 0.000000,
        "runtime" : 0,
        "total_ios" : 0,
        "short_ios" : 0,
        "drop_ios" : 0,
        "slat_ns" : {
          "min" : 0,
          "max" : 0,
          "mean" : 0.000000,
          "stddev" : 0.000000,
          "N" : 0
        },
        "clat_ns" : {
          "min" : 0,
          "max" : 0,
          "mean" : 0.000000,
          "stddev" : 0.000000,
          "N" : 0
        },
        "lat_ns" : {
          "min" : 0,
          "max" : 0,
          "mean" : 0.000000,
          "stddev" : 0.000000,
          "N" : 0
        },
        "bw_min" : 0,
        "bw_max" : 0,
        "bw_agg" : 0.000000,
        "bw_mean" : 0.000000,
        "bw_dev" : 0.000000,
        "bw_samples" : 0,
        "iops_min" : 0,
        "iops_max" : 0,
        "iops_mean" : 0.000000,
        "iops_stddev" : 0.000000,
        "iops_samples" : 0
      },
      "trim" : {
        "io_bytes" : 0,
        "io_kbytes" : 0,
        "bw_bytes" : 0,
        "bw" : 0,
        "iops" : 0.000000,
        "runtime" : 0,
        "total_ios" : 0,
        "short_ios" : 0,
        "drop_ios" : 0,
        "slat_ns" : {
          "min" : 0,
          "max" : 0,
          "mean" : 0.000000,
          "stddev" : 0.000000,
          "N" : 0
        },
        "clat_ns" : {
          "min" : 0,
          "max" : 0,
          "mean" : 0.000000,
          "stddev" : 0.000000,
          "N" : 0
        },
        "lat_ns" : {
          "min" : 0,
          "max" : 0,
          "mean" : 0.000000,
          "stddev" : 0.000000,
          "N" : 0
        },
        "bw_min" : 0,
        "bw_max" : 0,
        "bw_agg" : 0.000000,
        "bw_mean" : 0.000000,
        "bw_dev" : 0.000000,
        "bw_samples" : 0,
        "iops_min" : 0,
        "iops_max" : 0,
        "iops_mean" : 0.000000,
        "iops_stddev" : 0.000000,
        "iops_samples" : 0
      },
      "sync" : {
        "total_ios" : 0,
        "lat_ns" : {
          "min" : 0,
          "max" : 0,
          "mean" : 0.000000,
          "stddev" : 0.000000,
          "N" : 0
        }
      },
      "job_runtime" : 1920170,
      "usr_cpu" : 0.107751,
      "sys_cpu" : 0.148112,
      "ctx" : 164166,
      "majf" : 0,
      "minf" : 1292,
      "iodepth_level" : {
        "1" : 100.000000,
        "2" : 0.000000,
        "4" : 0.000000,
        "8" : 0.000000,
        "16" : 0.000000,
        "32" : 0.000000,
        ">=64" : 0.000000
      },
      "iodepth_submit" : {
        "0" : 0.000000,
        "4" : 100.000000,
        "8" : 0.000000,
        "16" : 0.000000,
        "32" : 0.000000,
        "64" : 0.000000,
        ">=64" : 0.000000
      },
      "iodepth_complete" : {
        "0" : 0.000000,
        "4" : 100.000000,
        "8" : 0.000000,
        "16" : 0.000000,
        "32" : 0.000000,
        "64" : 0.000000,
        ">=64" : 0.000000
      },
      "latency_ns" : {
        "2" : 0.000000,
        "4" : 0.000000,
        "10" : 0.000000,
        "20" : 0.000000,
        "50" : 0.000000,
        "100" : 0.000000,
        "250" : 0.000000,
        "500" : 0.000000,
        "750" : 0.000000,
        "1000" : 0.000000
      },
      "latency_us" : {
        "2" : 0.000000,
        "4" : 0.000000,
        "10" : 0.000000,
        "20" : 0.000000,
        "50" : 0.000000,
        "100" : 0.000000,
        "250" : 0.000000,
        "500" : 0.000000,
        "750" : 0.000000,
        "1000" : 0.000000
      },
      "latency_ms" : {
        "2" : 0.000000,
        "4" : 0.095777,
        "10" : 58.327131,
        "20" : 30.831737,
        "50" : 10.560510,
        "100" : 0.167153,
        "250" : 0.017691,
        "500" : 0.000000,
        "750" : 0.000000,
        "1000" : 0.000000,
        "2000" : 0.000000,
        ">=2000" : 0.000000
      },
      "latency_depth" : 1,
      "latency_target" : 0,
      "latency_percentile" : 100.000000,
      "latency_window" : 0
    }
  ]
}
