{
  "fio version" : "fio-3.29-112-gc3773",
  "timestamp" : 1649351903,
  "timestamp_ms" : 1649351903960,
  "time" : "Thu Apr  7 17:18:23 2022",
  "global options" : {
    "size" : "50M",
    "runtime" : "60",
    "directory" : "/mnt/gfs"
  },
  "jobs" : [
    {
      "jobname" : "iotest",
      "groupid" : 0,
      "error" : 0,
      "eta" : 0,
      "elapsed" : 61,
      "job options" : {
        "rw" : "randread",
        "bs" : "4k",
        "ioengine" : "libaio",
        "iodepth" : "64",
        "numjobs" : "64",
        "direct" : "1",
        "group_reporting" : "1",
        "invalidate" : "1",
        "loops" : "1",
        "write_bw_log" : "./fio-bench-07-04-2022--16-25-57-rand-gfs/randread/gfs/4k/randread-iodepth-64-numjobs-64",
        "write_lat_log" : "./fio-bench-07-04-2022--16-25-57-rand-gfs/randread/gfs/4k/randread-iodepth-64-numjobs-64",
        "write_iops_log" : "./fio-bench-07-04-2022--16-25-57-rand-gfs/randread/gfs/4k/randread-iodepth-64-numjobs-64",
        "log_avg_msec" : "500"
      },
      "read" : {
        "io_bytes" : 669642752,
        "io_kbytes" : 653948,
        "bw_bytes" : 11140103,
        "bw" : 10879,
        "iops" : 2719.751793,
        "runtime" : 60111,
        "total_ios" : 163487,
        "short_ios" : 0,
        "drop_ios" : 0,
        "slat_ns" : {
          "min" : 3143,
          "max" : 118508702,
          "mean" : 23472417.970426,
          "stddev" : 8779642.527058,
          "N" : 163487
        },
        "clat_ns" : {
          "min" : 4532290,
          "max" : 1854038179,
          "mean" : 1462333161.938301,
          "stddev" : 148661617.663770,
          "N" : 163487,
          "percentile" : {
            "1.000000" : 608174080,
            "5.000000" : 1367343104,
            "10.000000" : 1384120320,
            "20.000000" : 1417674752,
            "30.000000" : 1434451968,
            "40.000000" : 1451229184,
            "50.000000" : 1484783616,
            "60.000000" : 1501560832,
            "70.000000" : 1501560832,
            "80.000000" : 1535115264,
            "90.000000" : 1568669696,
            "95.000000" : 1602224128,
            "99.000000" : 1652555776,
            "99.500000" : 1669332992,
            "99.900000" : 1719664640,
            "99.950000" : 1736441856,
            "99.990000" : 1769996288
          }
        },
        "lat_ns" : {
          "min" : 27796963,
          "max" : 1877292655,
          "mean" : 1485809539.601865,
          "stddev" : 149004842.547143,
          "N" : 163487
        },
        "bw_min" : 5409,
        "bw_max" : 13312,
        "bw_agg" : 99.779329,
        "bw_mean" : 10855.287202,
        "bw_dev" : 16.602431,
        "bw_samples" : 7516,
        "iops_min" : 1335,
        "iops_max" : 3328,
        "iops_mean" : 2713.650113,
        "iops_stddev" : 4.170348,
        "iops_samples" : 7516
      },
      "write" : {
        "io_bytes" : 0,
        "io_kbytes" : 0,
        "bw_bytes" : 0,
        "bw" : 0,
        "iops" : 0.000000,
        "runtime" : 0,
        "total_ios" : 0,
        "short_ios" : 0,
        "drop_ios" : 0,
        "slat_ns" : {
          "min" : 0,
          "max" : 0,
          "mean" : 0.000000,
          "stddev" : 0.000000,
          "N" : 0
        },
        "clat_ns" : {
          "min" : 0,
          "max" : 0,
          "mean" : 0.000000,
          "stddev" : 0.000000,
          "N" : 0
        },
        "lat_ns" : {
          "min" : 0,
          "max" : 0,
          "mean" : 0.000000,
          "stddev" : 0.000000,
          "N" : 0
        },
        "bw_min" : 0,
        "bw_max" : 0,
        "bw_agg" : 0.000000,
        "bw_mean" : 0.000000,
        "bw_dev" : 0.000000,
        "bw_samples" : 0,
        "iops_min" : 0,
        "iops_max" : 0,
        "iops_mean" : 0.000000,
        "iops_stddev" : 0.000000,
        "iops_samples" : 0
      },
      "trim" : {
        "io_bytes" : 0,
        "io_kbytes" : 0,
        "bw_bytes" : 0,
        "bw" : 0,
        "iops" : 0.000000,
        "runtime" : 0,
        "total_ios" : 0,
        "short_ios" : 0,
        "drop_ios" : 0,
        "slat_ns" : {
          "min" : 0,
          "max" : 0,
          "mean" : 0.000000,
          "stddev" : 0.000000,
          "N" : 0
        },
        "clat_ns" : {
          "min" : 0,
          "max" : 0,
          "mean" : 0.000000,
          "stddev" : 0.000000,
          "N" : 0
        },
        "lat_ns" : {
          "min" : 0,
          "max" : 0,
          "mean" : 0.000000,
          "stddev" : 0.000000,
          "N" : 0
        },
        "bw_min" : 0,
        "bw_max" : 0,
        "bw_agg" : 0.000000,
        "bw_mean" : 0.000000,
        "bw_dev" : 0.000000,
        "bw_samples" : 0,
        "iops_min" : 0,
        "iops_max" : 0,
        "iops_mean" : 0.000000,
        "iops_stddev" : 0.000000,
        "iops_samples" : 0
      },
      "sync" : {
        "total_ios" : 0,
        "lat_ns" : {
          "min" : 0,
          "max" : 0,
          "mean" : 0.000000,
          "stddev" : 0.000000,
          "N" : 0
        }
      },
      "job_runtime" : 3842055,
      "usr_cpu" : 0.073086,
      "sys_cpu" : 0.076704,
      "ctx" : 163937,
      "majf" : 0,
      "minf" : 6548,
      "iodepth_level" : {
        "1" : 0.100000,
        "2" : 0.100000,
        "4" : 0.156587,
        "8" : 0.313175,
        "16" : 0.626349,
        "32" : 1.252699,
        ">=64" : 97.533749
      },
      "iodepth_submit" : {
        "0" : 0.000000,
        "4" : 100.000000,
        "8" : 0.000000,
        "16" : 0.000000,
        "32" : 0.000000,
        "64" : 0.000000,
        ">=64" : 0.000000
      },
      "iodepth_complete" : {
        "0" : 0.000000,
        "4" : 99.959879,
        "8" : 0.000000,
        "16" : 0.000000,
        "32" : 0.000000,
        "64" : 0.100000,
        ">=64" : 0.000000
      },
      "latency_ns" : {
        "2" : 0.000000,
        "4" : 0.000000,
        "10" : 0.000000,
        "20" : 0.000000,
        "50" : 0.000000,
        "100" : 0.000000,
        "250" : 0.000000,
        "500" : 0.000000,
        "750" : 0.000000,
        "1000" : 0.000000
      },
      "latency_us" : {
        "2" : 0.000000,
        "4" : 0.000000,
        "10" : 0.000000,
        "20" : 0.000000,
        "50" : 0.000000,
        "100" : 0.000000,
        "250" : 0.000000,
        "500" : 0.000000,
        "750" : 0.000000,
        "1000" : 0.000000
      },
      "latency_ms" : {
        "2" : 0.000000,
        "4" : 0.000000,
        "10" : 0.010398,
        "20" : 0.013457,
        "50" : 0.041594,
        "100" : 0.079517,
        "250" : 0.255678,
        "500" : 0.411654,
        "750" : 0.423275,
        "1000" : 0.433674,
        "2000" : 98.330754,
        ">=2000" : 0.000000
      },
      "latency_depth" : 64,
      "latency_target" : 0,
      "latency_percentile" : 100.000000,
      "latency_window" : 0
    }
  ]
}
