{
  "fio version" : "fio-3.29-112-gc3773",
  "timestamp" : 1649350214,
  "timestamp_ms" : 1649350214512,
  "time" : "Thu Apr  7 16:50:14 2022",
  "global options" : {
    "size" : "50M",
    "runtime" : "60",
    "directory" : "/mnt/gfs"
  },
  "jobs" : [
    {
      "jobname" : "iotest",
      "groupid" : 0,
      "error" : 0,
      "eta" : 0,
      "elapsed" : 61,
      "job options" : {
        "rw" : "randread",
        "bs" : "4k",
        "ioengine" : "libaio",
        "iodepth" : "2",
        "numjobs" : "16",
        "direct" : "1",
        "group_reporting" : "1",
        "invalidate" : "1",
        "loops" : "1",
        "write_bw_log" : "./fio-bench-07-04-2022--16-25-57-rand-gfs/randread/gfs/4k/randread-iodepth-2-numjobs-16",
        "write_lat_log" : "./fio-bench-07-04-2022--16-25-57-rand-gfs/randread/gfs/4k/randread-iodepth-2-numjobs-16",
        "write_iops_log" : "./fio-bench-07-04-2022--16-25-57-rand-gfs/randread/gfs/4k/randread-iodepth-2-numjobs-16",
        "log_avg_msec" : "500"
      },
      "read" : {
        "io_bytes" : 614371328,
        "io_kbytes" : 599972,
        "bw_bytes" : 10235939,
        "bw" : 9996,
        "iops" : 2499.008680,
        "runtime" : 60021,
        "total_ios" : 149993,
        "short_ios" : 0,
        "drop_ios" : 0,
        "slat_ns" : {
          "min" : 3073,
          "max" : 4607789,
          "mean" : 7890.667704,
          "stddev" : 11988.850482,
          "N" : 149993
        },
        "clat_ns" : {
          "min" : 1442086,
          "max" : 178295151,
          "mean" : 11751044.105725,
          "stddev" : 8232514.451795,
          "N" : 149993,
          "percentile" : {
            "1.000000" : 2965504,
            "5.000000" : 4751360,
            "10.000000" : 5210112,
            "20.000000" : 5996544,
            "30.000000" : 6979584,
            "40.000000" : 8224768,
            "50.000000" : 9240576,
            "60.000000" : 10944512,
            "70.000000" : 13303808,
            "80.000000" : 16056320,
            "90.000000" : 20578304,
            "95.000000" : 26083328,
            "99.000000" : 42729472,
            "99.500000" : 52690944,
            "99.900000" : 78118912,
            "99.950000" : 94896128,
            "99.990000" : 124256256
          }
        },
        "lat_ns" : {
          "min" : 1450327,
          "max" : 178306325,
          "mean" : 11761656.819765,
          "stddev" : 8232547.677036,
          "N" : 149993
        },
        "bw_min" : 8290,
        "bw_max" : 17820,
        "bw_agg" : 100.000000,
        "bw_mean" : 11400.701093,
        "bw_dev" : 123.124744,
        "bw_samples" : 1763,
        "iops_min" : 2072,
        "iops_max" : 4454,
        "iops_mean" : 2849.483503,
        "iops_stddev" : 30.778307,
        "iops_samples" : 1763
      },
      "write" : {
        "io_bytes" : 0,
        "io_kbytes" : 0,
        "bw_bytes" : 0,
        "bw" : 0,
        "iops" : 0.000000,
        "runtime" : 0,
        "total_ios" : 0,
        "short_ios" : 0,
        "drop_ios" : 0,
        "slat_ns" : {
          "min" : 0,
          "max" : 0,
          "mean" : 0.000000,
          "stddev" : 0.000000,
          "N" : 0
        },
        "clat_ns" : {
          "min" : 0,
          "max" : 0,
          "mean" : 0.000000,
          "stddev" : 0.000000,
          "N" : 0
        },
        "lat_ns" : {
          "min" : 0,
          "max" : 0,
          "mean" : 0.000000,
          "stddev" : 0.000000,
          "N" : 0
        },
        "bw_min" : 0,
        "bw_max" : 0,
        "bw_agg" : 0.000000,
        "bw_mean" : 0.000000,
        "bw_dev" : 0.000000,
        "bw_samples" : 0,
        "iops_min" : 0,
        "iops_max" : 0,
        "iops_mean" : 0.000000,
        "iops_stddev" : 0.000000,
        "iops_samples" : 0
      },
      "trim" : {
        "io_bytes" : 0,
        "io_kbytes" : 0,
        "bw_bytes" : 0,
        "bw" : 0,
        "iops" : 0.000000,
        "runtime" : 0,
        "total_ios" : 0,
        "short_ios" : 0,
        "drop_ios" : 0,
        "slat_ns" : {
          "min" : 0,
          "max" : 0,
          "mean" : 0.000000,
          "stddev" : 0.000000,
          "N" : 0
        },
        "clat_ns" : {
          "min" : 0,
          "max" : 0,
          "mean" : 0.000000,
          "stddev" : 0.000000,
          "N" : 0
        },
        "lat_ns" : {
          "min" : 0,
          "max" : 0,
          "mean" : 0.000000,
          "stddev" : 0.000000,
          "N" : 0
        },
        "bw_min" : 0,
        "bw_max" : 0,
        "bw_agg" : 0.000000,
        "bw_mean" : 0.000000,
        "bw_dev" : 0.000000,
        "bw_samples" : 0,
        "iops_min" : 0,
        "iops_max" : 0,
        "iops_mean" : 0.000000,
        "iops_stddev" : 0.000000,
        "iops_samples" : 0
      },
      "sync" : {
        "total_ios" : 0,
        "lat_ns" : {
          "min" : 0,
          "max" : 0,
          "mean" : 0.000000,
          "stddev" : 0.000000,
          "N" : 0
        }
      },
      "job_runtime" : 882764,
      "usr_cpu" : 0.208436,
      "sys_cpu" : 0.288639,
      "ctx" : 150178,
      "majf" : 0,
      "minf" : 660,
      "iodepth_level" : {
        "1" : 0.100000,
        "2" : 99.989333,
        "4" : 0.000000,
        "8" : 0.000000,
        "16" : 0.000000,
        "32" : 0.000000,
        ">=64" : 0.000000
      },
      "iodepth_submit" : {
        "0" : 0.000000,
        "4" : 100.000000,
        "8" : 0.000000,
        "16" : 0.000000,
        "32" : 0.000000,
        "64" : 0.000000,
        ">=64" : 0.000000
      },
      "iodepth_complete" : {
        "0" : 0.000000,
        "4" : 100.000000,
        "8" : 0.000000,
        "16" : 0.000000,
        "32" : 0.000000,
        "64" : 0.000000,
        ">=64" : 0.000000
      },
      "latency_ns" : {
        "2" : 0.000000,
        "4" : 0.000000,
        "10" : 0.000000,
        "20" : 0.000000,
        "50" : 0.000000,
        "100" : 0.000000,
        "250" : 0.000000,
        "500" : 0.000000,
        "750" : 0.000000,
        "1000" : 0.000000
      },
      "latency_us" : {
        "2" : 0.000000,
        "4" : 0.000000,
        "10" : 0.000000,
        "20" : 0.000000,
        "50" : 0.000000,
        "100" : 0.000000,
        "250" : 0.000000,
        "500" : 0.000000,
        "750" : 0.000000,
        "1000" : 0.000000
      },
      "latency_ms" : {
        "2" : 0.214010,
        "4" : 1.780750,
        "10" : 52.981139,
        "20" : 34.344936,
        "50" : 10.083137,
        "100" : 0.557359,
        "250" : 0.038668,
        "500" : 0.000000,
        "750" : 0.000000,
        "1000" : 0.000000,
        "2000" : 0.000000,
        ">=2000" : 0.000000
      },
      "latency_depth" : 2,
      "latency_target" : 0,
      "latency_percentile" : 100.000000,
      "latency_window" : 0
    }
  ]
}
