{
  "fio version" : "fio-3.29-112-gc3773",
  "timestamp" : 1649351243,
  "timestamp_ms" : 1649351243638,
  "time" : "Thu Apr  7 17:07:23 2022",
  "global options" : {
    "size" : "50M",
    "runtime" : "60",
    "directory" : "/mnt/gfs"
  },
  "jobs" : [
    {
      "jobname" : "iotest",
      "groupid" : 0,
      "error" : 0,
      "eta" : 0,
      "elapsed" : 61,
      "job options" : {
        "rw" : "randread",
        "bs" : "4k",
        "ioengine" : "libaio",
        "iodepth" : "16",
        "numjobs" : "32",
        "direct" : "1",
        "group_reporting" : "1",
        "invalidate" : "1",
        "loops" : "1",
        "write_bw_log" : "./fio-bench-07-04-2022--16-25-57-rand-gfs/randread/gfs/4k/randread-iodepth-16-numjobs-32",
        "write_lat_log" : "./fio-bench-07-04-2022--16-25-57-rand-gfs/randread/gfs/4k/randread-iodepth-16-numjobs-32",
        "write_iops_log" : "./fio-bench-07-04-2022--16-25-57-rand-gfs/randread/gfs/4k/randread-iodepth-16-numjobs-32",
        "log_avg_msec" : "500"
      },
      "read" : {
        "io_bytes" : 663650304,
        "io_kbytes" : 648096,
        "bw_bytes" : 11037659,
        "bw" : 10778,
        "iops" : 2694.741044,
        "runtime" : 60126,
        "total_ios" : 162024,
        "short_ios" : 0,
        "drop_ios" : 0,
        "slat_ns" : {
          "min" : 3074,
          "max" : 70799799,
          "mean" : 11835030.640683,
          "stddev" : 4099291.749116,
          "N" : 162024
        },
        "clat_ns" : {
          "min" : 2253224,
          "max" : 632051929,
          "mean" : 177535633.449619,
          "stddev" : 24725284.526950,
          "N" : 162024,
          "percentile" : {
            "1.000000" : 128450560,
            "5.000000" : 141557760,
            "10.000000" : 152043520,
            "20.000000" : 164626432,
            "30.000000" : 164626432,
            "40.000000" : 175112192,
            "50.000000" : 175112192,
            "60.000000" : 177209344,
            "70.000000" : 187695104,
            "80.000000" : 187695104,
            "90.000000" : 200278016,
            "95.000000" : 212860928,
            "99.000000" : 258998272,
            "99.500000" : 283115520,
            "99.900000" : 354418688,
            "99.950000" : 392167424,
            "99.990000" : 467664896
          }
        },
        "lat_ns" : {
          "min" : 6691648,
          "max" : 643801493,
          "mean" : 189373932.639053,
          "stddev" : 25233467.623359,
          "N" : 162024
        },
        "bw_min" : 6658,
        "bw_max" : 12400,
        "bw_agg" : 99.889007,
        "bw_mean" : 10767.483333,
        "bw_dev" : 22.526550,
        "bw_samples" : 3840,
        "iops_min" : 1660,
        "iops_max" : 3100,
        "iops_mean" : 2691.833333,
        "iops_stddev" : 5.638999,
        "iops_samples" : 3840
      },
      "write" : {
        "io_bytes" : 0,
        "io_kbytes" : 0,
        "bw_bytes" : 0,
        "bw" : 0,
        "iops" : 0.000000,
        "runtime" : 0,
        "total_ios" : 0,
        "short_ios" : 0,
        "drop_ios" : 0,
        "slat_ns" : {
          "min" : 0,
          "max" : 0,
          "mean" : 0.000000,
          "stddev" : 0.000000,
          "N" : 0
        },
        "clat_ns" : {
          "min" : 0,
          "max" : 0,
          "mean" : 0.000000,
          "stddev" : 0.000000,
          "N" : 0
        },
        "lat_ns" : {
          "min" : 0,
          "max" : 0,
          "mean" : 0.000000,
          "stddev" : 0.000000,
          "N" : 0
        },
        "bw_min" : 0,
        "bw_max" : 0,
        "bw_agg" : 0.000000,
        "bw_mean" : 0.000000,
        "bw_dev" : 0.000000,
        "bw_samples" : 0,
        "iops_min" : 0,
        "iops_max" : 0,
        "iops_mean" : 0.000000,
        "iops_stddev" : 0.000000,
        "iops_samples" : 0
      },
      "trim" : {
        "io_bytes" : 0,
        "io_kbytes" : 0,
        "bw_bytes" : 0,
        "bw" : 0,
        "iops" : 0.000000,
        "runtime" : 0,
        "total_ios" : 0,
        "short_ios" : 0,
        "drop_ios" : 0,
        "slat_ns" : {
          "min" : 0,
          "max" : 0,
          "mean" : 0.000000,
          "stddev" : 0.000000,
          "N" : 0
        },
        "clat_ns" : {
          "min" : 0,
          "max" : 0,
          "mean" : 0.000000,
          "stddev" : 0.000000,
          "N" : 0
        },
        "lat_ns" : {
          "min" : 0,
          "max" : 0,
          "mean" : 0.000000,
          "stddev" : 0.000000,
          "N" : 0
        },
        "bw_min" : 0,
        "bw_max" : 0,
        "bw_agg" : 0.000000,
        "bw_mean" : 0.000000,
        "bw_dev" : 0.000000,
        "bw_samples" : 0,
        "iops_min" : 0,
        "iops_max" : 0,
        "iops_mean" : 0.000000,
        "iops_stddev" : 0.000000,
        "iops_samples" : 0
      },
      "sync" : {
        "total_ios" : 0,
        "lat_ns" : {
          "min" : 0,
          "max" : 0,
          "mean" : 0.000000,
          "stddev" : 0.000000,
          "N" : 0
        }
      },
      "job_runtime" : 1921022,
      "usr_cpu" : 0.121029,
      "sys_cpu" : 0.144715,
      "ctx" : 162355,
      "majf" : 0,
      "minf" : 1666,
      "iodepth_level" : {
        "1" : 0.100000,
        "2" : 0.100000,
        "4" : 0.100000,
        "8" : 0.158001,
        "16" : 99.703748,
        "32" : 0.000000,
        ">=64" : 0.000000
      },
      "iodepth_submit" : {
        "0" : 0.000000,
        "4" : 100.000000,
        "8" : 0.000000,
        "16" : 0.000000,
        "32" : 0.000000,
        "64" : 0.000000,
        ">=64" : 0.000000
      },
      "iodepth_complete" : {
        "0" : 0.000000,
        "4" : 99.980195,
        "8" : 0.000000,
        "16" : 0.100000,
        "32" : 0.000000,
        "64" : 0.000000,
        ">=64" : 0.000000
      },
      "latency_ns" : {
        "2" : 0.000000,
        "4" : 0.000000,
        "10" : 0.000000,
        "20" : 0.000000,
        "50" : 0.000000,
        "100" : 0.000000,
        "250" : 0.000000,
        "500" : 0.000000,
        "750" : 0.000000,
        "1000" : 0.000000
      },
      "latency_us" : {
        "2" : 0.000000,
        "4" : 0.000000,
        "10" : 0.000000,
        "20" : 0.000000,
        "50" : 0.000000,
        "100" : 0.000000,
        "250" : 0.000000,
        "500" : 0.000000,
        "750" : 0.000000,
        "1000" : 0.000000
      },
      "latency_ms" : {
        "2" : 0.000000,
        "4" : 0.010000,
        "10" : 0.010000,
        "20" : 0.016047,
        "50" : 0.040735,
        "100" : 0.135165,
        "250" : 98.599590,
        "500" : 1.191799,
        "750" : 0.010000,
        "1000" : 0.000000,
        "2000" : 0.000000,
        ">=2000" : 0.000000
      },
      "latency_depth" : 16,
      "latency_target" : 0,
      "latency_percentile" : 100.000000,
      "latency_window" : 0
    }
  ]
}
