{
  "fio version" : "fio-3.29-112-gc3773",
  "timestamp" : 1649351358,
  "timestamp_ms" : 1649351358202,
  "time" : "Thu Apr  7 17:09:18 2022",
  "global options" : {
    "size" : "50M",
    "runtime" : "60",
    "directory" : "/mnt/gfs"
  },
  "jobs" : [
    {
      "jobname" : "iotest",
      "groupid" : 0,
      "error" : 0,
      "eta" : 0,
      "elapsed" : 28,
      "job options" : {
        "rw" : "randread",
        "bs" : "4k",
        "ioengine" : "libaio",
        "iodepth" : "32",
        "numjobs" : "2",
        "direct" : "1",
        "group_reporting" : "1",
        "invalidate" : "1",
        "loops" : "1",
        "write_bw_log" : "./fio-bench-07-04-2022--16-25-57-rand-gfs/randread/gfs/4k/randread-iodepth-32-numjobs-2",
        "write_lat_log" : "./fio-bench-07-04-2022--16-25-57-rand-gfs/randread/gfs/4k/randread-iodepth-32-numjobs-2",
        "write_iops_log" : "./fio-bench-07-04-2022--16-25-57-rand-gfs/randread/gfs/4k/randread-iodepth-32-numjobs-2",
        "log_avg_msec" : "500"
      },
      "read" : {
        "io_bytes" : 104857600,
        "io_kbytes" : 102400,
        "bw_bytes" : 3799188,
        "bw" : 3710,
        "iops" : 927.536232,
        "runtime" : 27600,
        "total_ios" : 25600,
        "short_ios" : 0,
        "drop_ios" : 0,
        "slat_ns" : {
          "min" : 3492,
          "max" : 98197,
          "mean" : 8115.053398,
          "stddev" : 2755.390962,
          "N" : 25600
        },
        "clat_ns" : {
          "min" : 4574334,
          "max" : 1189545982,
          "mean" : 41262440.305352,
          "stddev" : 55726354.569497,
          "N" : 25600,
          "percentile" : {
            "1.000000" : 10420224,
            "5.000000" : 10551296,
            "10.000000" : 11206656,
            "20.000000" : 12779520,
            "30.000000" : 13697024,
            "40.000000" : 14483456,
            "50.000000" : 19005440,
            "60.000000" : 40108032,
            "70.000000" : 47972352,
            "80.000000" : 59506688,
            "90.000000" : 84410368,
            "95.000000" : 114819072,
            "99.000000" : 206569472,
            "99.500000" : 258998272,
            "99.900000" : 926941184,
            "99.950000" : 960495616,
            "99.990000" : 1132462080
          }
        },
        "lat_ns" : {
          "min" : 4590118,
          "max" : 1189555759,
          "mean" : 41273337.064766,
          "stddev" : 55726383.530214,
          "N" : 25600
        },
        "bw_min" : 8400,
        "bw_max" : 13752,
        "bw_agg" : 100.000000,
        "bw_mean" : 11151.263636,
        "bw_dev" : 509.082287,
        "bw_samples" : 65,
        "iops_min" : 2100,
        "iops_max" : 3438,
        "iops_mean" : 2787.700000,
        "iops_stddev" : 127.257742,
        "iops_samples" : 65
      },
      "write" : {
        "io_bytes" : 0,
        "io_kbytes" : 0,
        "bw_bytes" : 0,
        "bw" : 0,
        "iops" : 0.000000,
        "runtime" : 0,
        "total_ios" : 0,
        "short_ios" : 0,
        "drop_ios" : 0,
        "slat_ns" : {
          "min" : 0,
          "max" : 0,
          "mean" : 0.000000,
          "stddev" : 0.000000,
          "N" : 0
        },
        "clat_ns" : {
          "min" : 0,
          "max" : 0,
          "mean" : 0.000000,
          "stddev" : 0.000000,
          "N" : 0
        },
        "lat_ns" : {
          "min" : 0,
          "max" : 0,
          "mean" : 0.000000,
          "stddev" : 0.000000,
          "N" : 0
        },
        "bw_min" : 0,
        "bw_max" : 0,
        "bw_agg" : 0.000000,
        "bw_mean" : 0.000000,
        "bw_dev" : 0.000000,
        "bw_samples" : 0,
        "iops_min" : 0,
        "iops_max" : 0,
        "iops_mean" : 0.000000,
        "iops_stddev" : 0.000000,
        "iops_samples" : 0
      },
      "trim" : {
        "io_bytes" : 0,
        "io_kbytes" : 0,
        "bw_bytes" : 0,
        "bw" : 0,
        "iops" : 0.000000,
        "runtime" : 0,
        "total_ios" : 0,
        "short_ios" : 0,
        "drop_ios" : 0,
        "slat_ns" : {
          "min" : 0,
          "max" : 0,
          "mean" : 0.000000,
          "stddev" : 0.000000,
          "N" : 0
        },
        "clat_ns" : {
          "min" : 0,
          "max" : 0,
          "mean" : 0.000000,
          "stddev" : 0.000000,
          "N" : 0
        },
        "lat_ns" : {
          "min" : 0,
          "max" : 0,
          "mean" : 0.000000,
          "stddev" : 0.000000,
          "N" : 0
        },
        "bw_min" : 0,
        "bw_max" : 0,
        "bw_agg" : 0.000000,
        "bw_mean" : 0.000000,
        "bw_dev" : 0.000000,
        "bw_samples" : 0,
        "iops_min" : 0,
        "iops_max" : 0,
        "iops_mean" : 0.000000,
        "iops_stddev" : 0.000000,
        "iops_samples" : 0
      },
      "sync" : {
        "total_ios" : 0,
        "lat_ns" : {
          "min" : 0,
          "max" : 0,
          "mean" : 0.000000,
          "stddev" : 0.000000,
          "N" : 0
        }
      },
      "job_runtime" : 33027,
      "usr_cpu" : 0.741817,
      "sys_cpu" : 1.498774,
      "ctx" : 25673,
      "majf" : 0,
      "minf" : 138,
      "iodepth_level" : {
        "1" : 0.100000,
        "2" : 0.100000,
        "4" : 0.100000,
        "8" : 0.100000,
        "16" : 0.125000,
        "32" : 99.757812,
        ">=64" : 0.000000
      },
      "iodepth_submit" : {
        "0" : 0.000000,
        "4" : 100.000000,
        "8" : 0.000000,
        "16" : 0.000000,
        "32" : 0.000000,
        "64" : 0.000000,
        ">=64" : 0.000000
      },
      "iodepth_complete" : {
        "0" : 0.000000,
        "4" : 99.992169,
        "8" : 0.000000,
        "16" : 0.000000,
        "32" : 0.100000,
        "64" : 0.000000,
        ">=64" : 0.000000
      },
      "latency_ns" : {
        "2" : 0.000000,
        "4" : 0.000000,
        "10" : 0.000000,
        "20" : 0.000000,
        "50" : 0.000000,
        "100" : 0.000000,
        "250" : 0.000000,
        "500" : 0.000000,
        "750" : 0.000000,
        "1000" : 0.000000
      },
      "latency_us" : {
        "2" : 0.000000,
        "4" : 0.000000,
        "10" : 0.000000,
        "20" : 0.000000,
        "50" : 0.000000,
        "100" : 0.000000,
        "250" : 0.000000,
        "500" : 0.000000,
        "750" : 0.000000,
        "1000" : 0.000000
      },
      "latency_ms" : {
        "2" : 0.000000,
        "4" : 0.000000,
        "10" : 0.261719,
        "20" : 49.851562,
        "50" : 21.988281,
        "100" : 21.175781,
        "250" : 6.152344,
        "500" : 0.300781,
        "750" : 0.128906,
        "1000" : 0.097656,
        "2000" : 0.042969,
        ">=2000" : 0.000000
      },
      "latency_depth" : 32,
      "latency_target" : 0,
      "latency_percentile" : 100.000000,
      "latency_window" : 0
    }
  ]
}
