{
  "fio version" : "fio-3.29-112-gc3773",
  "timestamp" : 1649350033,
  "timestamp_ms" : 1649350033686,
  "time" : "Thu Apr  7 16:47:13 2022",
  "global options" : {
    "size" : "50M",
    "runtime" : "60",
    "directory" : "/mnt/gfs"
  },
  "jobs" : [
    {
      "jobname" : "iotest",
      "groupid" : 0,
      "error" : 0,
      "eta" : 0,
      "elapsed" : 61,
      "job options" : {
        "rw" : "randread",
        "bs" : "4k",
        "ioengine" : "libaio",
        "iodepth" : "2",
        "numjobs" : "2",
        "direct" : "1",
        "group_reporting" : "1",
        "invalidate" : "1",
        "loops" : "1",
        "write_bw_log" : "./fio-bench-07-04-2022--16-25-57-rand-gfs/randread/gfs/4k/randread-iodepth-2-numjobs-2",
        "write_lat_log" : "./fio-bench-07-04-2022--16-25-57-rand-gfs/randread/gfs/4k/randread-iodepth-2-numjobs-2",
        "write_iops_log" : "./fio-bench-07-04-2022--16-25-57-rand-gfs/randread/gfs/4k/randread-iodepth-2-numjobs-2",
        "log_avg_msec" : "500"
      },
      "read" : {
        "io_bytes" : 101609472,
        "io_kbytes" : 99228,
        "bw_bytes" : 1693237,
        "bw" : 1653,
        "iops" : 413.387992,
        "runtime" : 60009,
        "total_ios" : 24807,
        "short_ios" : 0,
        "drop_ios" : 0,
        "slat_ns" : {
          "min" : 3562,
          "max" : 204775,
          "mean" : 7795.887451,
          "stddev" : 2412.383636,
          "N" : 24807
        },
        "clat_ns" : {
          "min" : 1246530,
          "max" : 65333527,
          "mean" : 5644766.414157,
          "stddev" : 5196662.386362,
          "N" : 24807,
          "percentile" : {
            "1.000000" : 1335296,
            "5.000000" : 1417216,
            "10.000000" : 1449984,
            "20.000000" : 1515520,
            "30.000000" : 1597440,
            "40.000000" : 1679360,
            "50.000000" : 1859584,
            "60.000000" : 5603328,
            "70.000000" : 8585216,
            "80.000000" : 10813440,
            "90.000000" : 13697024,
            "95.000000" : 15794176,
            "99.000000" : 18743296,
            "99.500000" : 19267584,
            "99.900000" : 22413312,
            "99.950000" : 29229056,
            "99.990000" : 40108032
          }
        },
        "lat_ns" : {
          "min" : 1256866,
          "max" : 65344911,
          "mean" : 5655257.817269,
          "stddev" : 5196722.828612,
          "N" : 24807
        },
        "bw_min" : 5568,
        "bw_max" : 6008,
        "bw_agg" : 100.000000,
        "bw_mean" : 5805.333333,
        "bw_dev" : 50.006566,
        "bw_samples" : 140,
        "iops_min" : 1392,
        "iops_max" : 1502,
        "iops_mean" : 1451.283333,
        "iops_stddev" : 12.495284,
        "iops_samples" : 140
      },
      "write" : {
        "io_bytes" : 0,
        "io_kbytes" : 0,
        "bw_bytes" : 0,
        "bw" : 0,
        "iops" : 0.000000,
        "runtime" : 0,
        "total_ios" : 0,
        "short_ios" : 0,
        "drop_ios" : 0,
        "slat_ns" : {
          "min" : 0,
          "max" : 0,
          "mean" : 0.000000,
          "stddev" : 0.000000,
          "N" : 0
        },
        "clat_ns" : {
          "min" : 0,
          "max" : 0,
          "mean" : 0.000000,
          "stddev" : 0.000000,
          "N" : 0
        },
        "lat_ns" : {
          "min" : 0,
          "max" : 0,
          "mean" : 0.000000,
          "stddev" : 0.000000,
          "N" : 0
        },
        "bw_min" : 0,
        "bw_max" : 0,
        "bw_agg" : 0.000000,
        "bw_mean" : 0.000000,
        "bw_dev" : 0.000000,
        "bw_samples" : 0,
        "iops_min" : 0,
        "iops_max" : 0,
        "iops_mean" : 0.000000,
        "iops_stddev" : 0.000000,
        "iops_samples" : 0
      },
      "trim" : {
        "io_bytes" : 0,
        "io_kbytes" : 0,
        "bw_bytes" : 0,
        "bw" : 0,
        "iops" : 0.000000,
        "runtime" : 0,
        "total_ios" : 0,
        "short_ios" : 0,
        "drop_ios" : 0,
        "slat_ns" : {
          "min" : 0,
          "max" : 0,
          "mean" : 0.000000,
          "stddev" : 0.000000,
          "N" : 0
        },
        "clat_ns" : {
          "min" : 0,
          "max" : 0,
          "mean" : 0.000000,
          "stddev" : 0.000000,
          "N" : 0
        },
        "lat_ns" : {
          "min" : 0,
          "max" : 0,
          "mean" : 0.000000,
          "stddev" : 0.000000,
          "N" : 0
        },
        "bw_min" : 0,
        "bw_max" : 0,
        "bw_agg" : 0.000000,
        "bw_mean" : 0.000000,
        "bw_dev" : 0.000000,
        "bw_samples" : 0,
        "iops_min" : 0,
        "iops_max" : 0,
        "iops_mean" : 0.000000,
        "iops_stddev" : 0.000000,
        "iops_samples" : 0
      },
      "sync" : {
        "total_ios" : 0,
        "lat_ns" : {
          "min" : 0,
          "max" : 0,
          "mean" : 0.000000,
          "stddev" : 0.000000,
          "N" : 0
        }
      },
      "job_runtime" : 70245,
      "usr_cpu" : 0.288989,
      "sys_cpu" : 0.701829,
      "ctx" : 24886,
      "majf" : 0,
      "minf" : 75,
      "iodepth_level" : {
        "1" : 0.100000,
        "2" : 99.991938,
        "4" : 0.000000,
        "8" : 0.000000,
        "16" : 0.000000,
        "32" : 0.000000,
        ">=64" : 0.000000
      },
      "iodepth_submit" : {
        "0" : 0.000000,
        "4" : 100.000000,
        "8" : 0.000000,
        "16" : 0.000000,
        "32" : 0.000000,
        "64" : 0.000000,
        ">=64" : 0.000000
      },
      "iodepth_complete" : {
        "0" : 0.000000,
        "4" : 100.000000,
        "8" : 0.000000,
        "16" : 0.000000,
        "32" : 0.000000,
        "64" : 0.000000,
        ">=64" : 0.000000
      },
      "latency_ns" : {
        "2" : 0.000000,
        "4" : 0.000000,
        "10" : 0.000000,
        "20" : 0.000000,
        "50" : 0.000000,
        "100" : 0.000000,
        "250" : 0.000000,
        "500" : 0.000000,
        "750" : 0.000000,
        "1000" : 0.000000
      },
      "latency_us" : {
        "2" : 0.000000,
        "4" : 0.000000,
        "10" : 0.000000,
        "20" : 0.000000,
        "50" : 0.000000,
        "100" : 0.000000,
        "250" : 0.000000,
        "500" : 0.000000,
        "750" : 0.000000,
        "1000" : 0.000000
      },
      "latency_ms" : {
        "2" : 52.065949,
        "4" : 4.031120,
        "10" : 20.115290,
        "20" : 23.501431,
        "50" : 0.282178,
        "100" : 0.010000,
        "250" : 0.000000,
        "500" : 0.000000,
        "750" : 0.000000,
        "1000" : 0.000000,
        "2000" : 0.000000,
        ">=2000" : 0.000000
      },
      "latency_depth" : 2,
      "latency_target" : 0,
      "latency_percentile" : 100.000000,
      "latency_window" : 0
    }
  ]
}
