{
  "fio version" : "fio-3.29-112-gc3773",
  "timestamp" : 1649351604,
  "timestamp_ms" : 1649351604708,
  "time" : "Thu Apr  7 17:13:24 2022",
  "global options" : {
    "size" : "50M",
    "runtime" : "60",
    "directory" : "/mnt/gfs"
  },
  "jobs" : [
    {
      "jobname" : "iotest",
      "groupid" : 0,
      "error" : 0,
      "eta" : 0,
      "elapsed" : 61,
      "job options" : {
        "rw" : "randread",
        "bs" : "4k",
        "ioengine" : "libaio",
        "iodepth" : "32",
        "numjobs" : "64",
        "direct" : "1",
        "group_reporting" : "1",
        "invalidate" : "1",
        "loops" : "1",
        "write_bw_log" : "./fio-bench-07-04-2022--16-25-57-rand-gfs/randread/gfs/4k/randread-iodepth-32-numjobs-64",
        "write_lat_log" : "./fio-bench-07-04-2022--16-25-57-rand-gfs/randread/gfs/4k/randread-iodepth-32-numjobs-64",
        "write_iops_log" : "./fio-bench-07-04-2022--16-25-57-rand-gfs/randread/gfs/4k/randread-iodepth-32-numjobs-64",
        "log_avg_msec" : "500"
      },
      "read" : {
        "io_bytes" : 668901376,
        "io_kbytes" : 653224,
        "bw_bytes" : 11137960,
        "bw" : 10876,
        "iops" : 2719.228720,
        "runtime" : 60056,
        "total_ios" : 163306,
        "short_ios" : 0,
        "drop_ios" : 0,
        "slat_ns" : {
          "min" : 3422,
          "max" : 117548659,
          "mean" : 23499272.798746,
          "stddev" : 8761832.566855,
          "N" : 163306
        },
        "clat_ns" : {
          "min" : 4497859,
          "max" : 1221442605,
          "mean" : 724768424.234865,
          "stddev" : 67759423.813710,
          "N" : 163306,
          "percentile" : {
            "1.000000" : 566231040,
            "5.000000" : 658505728,
            "10.000000" : 658505728,
            "20.000000" : 683671552,
            "30.000000" : 700448768,
            "40.000000" : 708837376,
            "50.000000" : 725614592,
            "60.000000" : 725614592,
            "70.000000" : 750780416,
            "80.000000" : 775946240,
            "90.000000" : 801112064,
            "95.000000" : 817889280,
            "99.000000" : 868220928,
            "99.500000" : 868220928,
            "99.900000" : 918552576,
            "99.950000" : 935329792,
            "99.990000" : 960495616
          }
        },
        "lat_ns" : {
          "min" : 8917634,
          "max" : 1244448934,
          "mean" : 748271598.071204,
          "stddev" : 68521224.621668,
          "N" : 163306
        },
        "bw_min" : 5579,
        "bw_max" : 13336,
        "bw_agg" : 99.642233,
        "bw_mean" : 10838.500299,
        "bw_dev" : 16.222879,
        "bw_samples" : 7617,
        "iops_min" : 1379,
        "iops_max" : 3334,
        "iops_mean" : 2709.503226,
        "iops_stddev" : 4.067352,
        "iops_samples" : 7617
      },
      "write" : {
        "io_bytes" : 0,
        "io_kbytes" : 0,
        "bw_bytes" : 0,
        "bw" : 0,
        "iops" : 0.000000,
        "runtime" : 0,
        "total_ios" : 0,
        "short_ios" : 0,
        "drop_ios" : 0,
        "slat_ns" : {
          "min" : 0,
          "max" : 0,
          "mean" : 0.000000,
          "stddev" : 0.000000,
          "N" : 0
        },
        "clat_ns" : {
          "min" : 0,
          "max" : 0,
          "mean" : 0.000000,
          "stddev" : 0.000000,
          "N" : 0
        },
        "lat_ns" : {
          "min" : 0,
          "max" : 0,
          "mean" : 0.000000,
          "stddev" : 0.000000,
          "N" : 0
        },
        "bw_min" : 0,
        "bw_max" : 0,
        "bw_agg" : 0.000000,
        "bw_mean" : 0.000000,
        "bw_dev" : 0.000000,
        "bw_samples" : 0,
        "iops_min" : 0,
        "iops_max" : 0,
        "iops_mean" : 0.000000,
        "iops_stddev" : 0.000000,
        "iops_samples" : 0
      },
      "trim" : {
        "io_bytes" : 0,
        "io_kbytes" : 0,
        "bw_bytes" : 0,
        "bw" : 0,
        "iops" : 0.000000,
        "runtime" : 0,
        "total_ios" : 0,
        "short_ios" : 0,
        "drop_ios" : 0,
        "slat_ns" : {
          "min" : 0,
          "max" : 0,
          "mean" : 0.000000,
          "stddev" : 0.000000,
          "N" : 0
        },
        "clat_ns" : {
          "min" : 0,
          "max" : 0,
          "mean" : 0.000000,
          "stddev" : 0.000000,
          "N" : 0
        },
        "lat_ns" : {
          "min" : 0,
          "max" : 0,
          "mean" : 0.000000,
          "stddev" : 0.000000,
          "N" : 0
        },
        "bw_min" : 0,
        "bw_max" : 0,
        "bw_agg" : 0.000000,
        "bw_mean" : 0.000000,
        "bw_dev" : 0.000000,
        "bw_samples" : 0,
        "iops_min" : 0,
        "iops_max" : 0,
        "iops_mean" : 0.000000,
        "iops_stddev" : 0.000000,
        "iops_samples" : 0
      },
      "sync" : {
        "total_ios" : 0,
        "lat_ns" : {
          "min" : 0,
          "max" : 0,
          "mean" : 0.000000,
          "stddev" : 0.000000,
          "N" : 0
        }
      },
      "job_runtime" : 3841971,
      "usr_cpu" : 0.072255,
      "sys_cpu" : 0.076836,
      "ctx" : 163780,
      "majf" : 0,
      "minf" : 4502,
      "iodepth_level" : {
        "1" : 0.100000,
        "2" : 0.100000,
        "4" : 0.156761,
        "8" : 0.313522,
        "16" : 0.627044,
        "32" : 98.785103,
        ">=64" : 0.000000
      },
      "iodepth_submit" : {
        "0" : 0.000000,
        "4" : 100.000000,
        "8" : 0.000000,
        "16" : 0.000000,
        "32" : 0.000000,
        "64" : 0.000000,
        ">=64" : 0.000000
      },
      "iodepth_complete" : {
        "0" : 0.000000,
        "4" : 99.960344,
        "8" : 0.000000,
        "16" : 0.000000,
        "32" : 0.100000,
        "64" : 0.000000,
        ">=64" : 0.000000
      },
      "latency_ns" : {
        "2" : 0.000000,
        "4" : 0.000000,
        "10" : 0.000000,
        "20" : 0.000000,
        "50" : 0.000000,
        "100" : 0.000000,
        "250" : 0.000000,
        "500" : 0.000000,
        "750" : 0.000000,
        "1000" : 0.000000
      },
      "latency_us" : {
        "2" : 0.000000,
        "4" : 0.000000,
        "10" : 0.000000,
        "20" : 0.000000,
        "50" : 0.000000,
        "100" : 0.000000,
        "250" : 0.000000,
        "500" : 0.000000,
        "750" : 0.000000,
        "1000" : 0.000000
      },
      "latency_ms" : {
        "2" : 0.000000,
        "4" : 0.000000,
        "10" : 0.014084,
        "20" : 0.010000,
        "50" : 0.045926,
        "100" : 0.088790,
        "250" : 0.262697,
        "500" : 0.425581,
        "750" : 60.453382,
        "1000" : 38.696680,
        "2000" : 0.010000,
        ">=2000" : 0.000000
      },
      "latency_depth" : 32,
      "latency_target" : 0,
      "latency_percentile" : 100.000000,
      "latency_window" : 0
    }
  ]
}
