{
  "fio version" : "fio-3.29-112-gc3773",
  "timestamp" : 1649351304,
  "timestamp_ms" : 1649351304195,
  "time" : "Thu Apr  7 17:08:24 2022",
  "global options" : {
    "size" : "50M",
    "runtime" : "60",
    "directory" : "/mnt/gfs"
  },
  "jobs" : [
    {
      "jobname" : "iotest",
      "groupid" : 0,
      "error" : 0,
      "eta" : 0,
      "elapsed" : 61,
      "job options" : {
        "rw" : "randread",
        "bs" : "4k",
        "ioengine" : "libaio",
        "iodepth" : "16",
        "numjobs" : "64",
        "direct" : "1",
        "group_reporting" : "1",
        "invalidate" : "1",
        "loops" : "1",
        "write_bw_log" : "./fio-bench-07-04-2022--16-25-57-rand-gfs/randread/gfs/4k/randread-iodepth-16-numjobs-64",
        "write_lat_log" : "./fio-bench-07-04-2022--16-25-57-rand-gfs/randread/gfs/4k/randread-iodepth-16-numjobs-64",
        "write_iops_log" : "./fio-bench-07-04-2022--16-25-57-rand-gfs/randread/gfs/4k/randread-iodepth-16-numjobs-64",
        "log_avg_msec" : "500"
      },
      "read" : {
        "io_bytes" : 669962240,
        "io_kbytes" : 654260,
        "bw_bytes" : 11134489,
        "bw" : 10873,
        "iops" : 2718.381253,
        "runtime" : 60170,
        "total_ios" : 163565,
        "short_ios" : 0,
        "drop_ios" : 0,
        "slat_ns" : {
          "min" : 2863,
          "max" : 141584165,
          "mean" : 23462166.498469,
          "stddev" : 8826023.652988,
          "N" : 163565
        },
        "clat_ns" : {
          "min" : 4286238,
          "max" : 611795890,
          "mean" : 351392908.684523,
          "stddev" : 37721150.109164,
          "N" : 163565,
          "percentile" : {
            "1.000000" : 258998272,
            "5.000000" : 304087040,
            "10.000000" : 304087040,
            "20.000000" : 329252864,
            "30.000000" : 329252864,
            "40.000000" : 350224384,
            "50.000000" : 350224384,
            "60.000000" : 350224384,
            "70.000000" : 375390208,
            "80.000000" : 375390208,
            "90.000000" : 400556032,
            "95.000000" : 404750336,
            "99.000000" : 446693376,
            "99.500000" : 455081984,
            "99.900000" : 492830720,
            "99.950000" : 501219328,
            "99.990000" : 541065216
          }
        },
        "lat_ns" : {
          "min" : 4906431,
          "max" : 635301165,
          "mean" : 374858926.043188,
          "stddev" : 38989476.951571,
          "N" : 163565
        },
        "bw_min" : 3504,
        "bw_max" : 13432,
        "bw_agg" : 99.654901,
        "bw_mean" : 10836.666667,
        "bw_dev" : 17.548520,
        "bw_samples" : 7680,
        "iops_min" : 864,
        "iops_max" : 3358,
        "iops_mean" : 2709.066667,
        "iops_stddev" : 4.398259,
        "iops_samples" : 7680
      },
      "write" : {
        "io_bytes" : 0,
        "io_kbytes" : 0,
        "bw_bytes" : 0,
        "bw" : 0,
        "iops" : 0.000000,
        "runtime" : 0,
        "total_ios" : 0,
        "short_ios" : 0,
        "drop_ios" : 0,
        "slat_ns" : {
          "min" : 0,
          "max" : 0,
          "mean" : 0.000000,
          "stddev" : 0.000000,
          "N" : 0
        },
        "clat_ns" : {
          "min" : 0,
          "max" : 0,
          "mean" : 0.000000,
          "stddev" : 0.000000,
          "N" : 0
        },
        "lat_ns" : {
          "min" : 0,
          "max" : 0,
          "mean" : 0.000000,
          "stddev" : 0.000000,
          "N" : 0
        },
        "bw_min" : 0,
        "bw_max" : 0,
        "bw_agg" : 0.000000,
        "bw_mean" : 0.000000,
        "bw_dev" : 0.000000,
        "bw_samples" : 0,
        "iops_min" : 0,
        "iops_max" : 0,
        "iops_mean" : 0.000000,
        "iops_stddev" : 0.000000,
        "iops_samples" : 0
      },
      "trim" : {
        "io_bytes" : 0,
        "io_kbytes" : 0,
        "bw_bytes" : 0,
        "bw" : 0,
        "iops" : 0.000000,
        "runtime" : 0,
        "total_ios" : 0,
        "short_ios" : 0,
        "drop_ios" : 0,
        "slat_ns" : {
          "min" : 0,
          "max" : 0,
          "mean" : 0.000000,
          "stddev" : 0.000000,
          "N" : 0
        },
        "clat_ns" : {
          "min" : 0,
          "max" : 0,
          "mean" : 0.000000,
          "stddev" : 0.000000,
          "N" : 0
        },
        "lat_ns" : {
          "min" : 0,
          "max" : 0,
          "mean" : 0.000000,
          "stddev" : 0.000000,
          "N" : 0
        },
        "bw_min" : 0,
        "bw_max" : 0,
        "bw_agg" : 0.000000,
        "bw_mean" : 0.000000,
        "bw_dev" : 0.000000,
        "bw_samples" : 0,
        "iops_min" : 0,
        "iops_max" : 0,
        "iops_mean" : 0.000000,
        "iops_stddev" : 0.000000,
        "iops_samples" : 0
      },
      "sync" : {
        "total_ios" : 0,
        "lat_ns" : {
          "min" : 0,
          "max" : 0,
          "mean" : 0.000000,
          "stddev" : 0.000000,
          "N" : 0
        }
      },
      "job_runtime" : 3842463,
      "usr_cpu" : 0.068290,
      "sys_cpu" : 0.080912,
      "ctx" : 164067,
      "majf" : 0,
      "minf" : 3670,
      "iodepth_level" : {
        "1" : 0.100000,
        "2" : 0.100000,
        "4" : 0.156513,
        "8" : 0.313025,
        "16" : 99.413077,
        "32" : 0.000000,
        ">=64" : 0.000000
      },
      "iodepth_submit" : {
        "0" : 0.000000,
        "4" : 100.000000,
        "8" : 0.000000,
        "16" : 0.000000,
        "32" : 0.000000,
        "64" : 0.000000,
        ">=64" : 0.000000
      },
      "iodepth_complete" : {
        "0" : 0.000000,
        "4" : 99.960656,
        "8" : 0.000000,
        "16" : 0.100000,
        "32" : 0.000000,
        "64" : 0.000000,
        ">=64" : 0.000000
      },
      "latency_ns" : {
        "2" : 0.000000,
        "4" : 0.000000,
        "10" : 0.000000,
        "20" : 0.000000,
        "50" : 0.000000,
        "100" : 0.000000,
        "250" : 0.000000,
        "500" : 0.000000,
        "750" : 0.000000,
        "1000" : 0.000000
      },
      "latency_us" : {
        "2" : 0.000000,
        "4" : 0.000000,
        "10" : 0.000000,
        "20" : 0.000000,
        "50" : 0.000000,
        "100" : 0.000000,
        "250" : 0.000000,
        "500" : 0.000000,
        "750" : 0.000000,
        "1000" : 0.000000
      },
      "latency_ms" : {
        "2" : 0.000000,
        "4" : 0.000000,
        "10" : 0.011616,
        "20" : 0.015284,
        "50" : 0.045853,
        "100" : 0.083759,
        "250" : 0.381500,
        "500" : 99.409409,
        "750" : 0.052578,
        "1000" : 0.000000,
        "2000" : 0.000000,
        ">=2000" : 0.000000
      },
      "latency_depth" : 16,
      "latency_target" : 0,
      "latency_percentile" : 100.000000,
      "latency_window" : 0
    }
  ]
}
