{
  "fio version" : "fio-3.29-112-gc3773",
  "timestamp" : 1649351002,
  "timestamp_ms" : 1649351002145,
  "time" : "Thu Apr  7 17:03:22 2022",
  "global options" : {
    "size" : "50M",
    "runtime" : "60",
    "directory" : "/mnt/gfs"
  },
  "jobs" : [
    {
      "jobname" : "iotest",
      "groupid" : 0,
      "error" : 0,
      "eta" : 0,
      "elapsed" : 61,
      "job options" : {
        "rw" : "randread",
        "bs" : "4k",
        "ioengine" : "libaio",
        "iodepth" : "8",
        "numjobs" : "64",
        "direct" : "1",
        "group_reporting" : "1",
        "invalidate" : "1",
        "loops" : "1",
        "write_bw_log" : "./fio-bench-07-04-2022--16-25-57-rand-gfs/randread/gfs/4k/randread-iodepth-8-numjobs-64",
        "write_lat_log" : "./fio-bench-07-04-2022--16-25-57-rand-gfs/randread/gfs/4k/randread-iodepth-8-numjobs-64",
        "write_iops_log" : "./fio-bench-07-04-2022--16-25-57-rand-gfs/randread/gfs/4k/randread-iodepth-8-numjobs-64",
        "log_avg_msec" : "500"
      },
      "read" : {
        "io_bytes" : 670625792,
        "io_kbytes" : 654908,
        "bw_bytes" : 11166674,
        "bw" : 10904,
        "iops" : 2726.238844,
        "runtime" : 60056,
        "total_ios" : 163727,
        "short_ios" : 0,
        "drop_ios" : 0,
        "slat_ns" : {
          "min" : 3283,
          "max" : 140575716,
          "mean" : 23434091.079859,
          "stddev" : 8815950.681757,
          "N" : 163727
        },
        "clat_ns" : {
          "min" : 4774780,
          "max" : 1173634952,
          "mean" : 164057586.967440,
          "stddev" : 25178950.465380,
          "N" : 163727,
          "percentile" : {
            "1.000000" : 116916224,
            "5.000000" : 117964800,
            "10.000000" : 139460608,
            "20.000000" : 141557760,
            "30.000000" : 164626432,
            "40.000000" : 164626432,
            "50.000000" : 164626432,
            "60.000000" : 164626432,
            "70.000000" : 164626432,
            "80.000000" : 187695104,
            "90.000000" : 187695104,
            "95.000000" : 210763776,
            "99.000000" : 233832448,
            "99.500000" : 235929600,
            "99.900000" : 283115520,
            "99.950000" : 283115520,
            "99.990000" : 341835776
          }
        },
        "lat_ns" : {
          "min" : 6152890,
          "max" : 1196877831,
          "mean" : 187495535.276014,
          "stddev" : 27030030.077344,
          "N" : 163727
        },
        "bw_min" : 7353,
        "bw_max" : 13374,
        "bw_agg" : 99.780329,
        "bw_mean" : 10881.076120,
        "bw_dev" : 14.710365,
        "bw_samples" : 7679,
        "iops_min" : 1827,
        "iops_max" : 3342,
        "iops_mean" : 2719.429342,
        "iops_stddev" : 3.685804,
        "iops_samples" : 7679
      },
      "write" : {
        "io_bytes" : 0,
        "io_kbytes" : 0,
        "bw_bytes" : 0,
        "bw" : 0,
        "iops" : 0.000000,
        "runtime" : 0,
        "total_ios" : 0,
        "short_ios" : 0,
        "drop_ios" : 0,
        "slat_ns" : {
          "min" : 0,
          "max" : 0,
          "mean" : 0.000000,
          "stddev" : 0.000000,
          "N" : 0
        },
        "clat_ns" : {
          "min" : 0,
          "max" : 0,
          "mean" : 0.000000,
          "stddev" : 0.000000,
          "N" : 0
        },
        "lat_ns" : {
          "min" : 0,
          "max" : 0,
          "mean" : 0.000000,
          "stddev" : 0.000000,
          "N" : 0
        },
        "bw_min" : 0,
        "bw_max" : 0,
        "bw_agg" : 0.000000,
        "bw_mean" : 0.000000,
        "bw_dev" : 0.000000,
        "bw_samples" : 0,
        "iops_min" : 0,
        "iops_max" : 0,
        "iops_mean" : 0.000000,
        "iops_stddev" : 0.000000,
        "iops_samples" : 0
      },
      "trim" : {
        "io_bytes" : 0,
        "io_kbytes" : 0,
        "bw_bytes" : 0,
        "bw" : 0,
        "iops" : 0.000000,
        "runtime" : 0,
        "total_ios" : 0,
        "short_ios" : 0,
        "drop_ios" : 0,
        "slat_ns" : {
          "min" : 0,
          "max" : 0,
          "mean" : 0.000000,
          "stddev" : 0.000000,
          "N" : 0
        },
        "clat_ns" : {
          "min" : 0,
          "max" : 0,
          "mean" : 0.000000,
          "stddev" : 0.000000,
          "N" : 0
        },
        "lat_ns" : {
          "min" : 0,
          "max" : 0,
          "mean" : 0.000000,
          "stddev" : 0.000000,
          "N" : 0
        },
        "bw_min" : 0,
        "bw_max" : 0,
        "bw_agg" : 0.000000,
        "bw_mean" : 0.000000,
        "bw_dev" : 0.000000,
        "bw_samples" : 0,
        "iops_min" : 0,
        "iops_max" : 0,
        "iops_mean" : 0.000000,
        "iops_stddev" : 0.000000,
        "iops_samples" : 0
      },
      "sync" : {
        "total_ios" : 0,
        "lat_ns" : {
          "min" : 0,
          "max" : 0,
          "mean" : 0.000000,
          "stddev" : 0.000000,
          "N" : 0
        }
      },
      "job_runtime" : 3841925,
      "usr_cpu" : 0.072464,
      "sys_cpu" : 0.076238,
      "ctx" : 164213,
      "majf" : 0,
      "minf" : 2958,
      "iodepth_level" : {
        "1" : 0.100000,
        "2" : 0.100000,
        "4" : 0.156358,
        "8" : 99.726374,
        "16" : 0.000000,
        "32" : 0.000000,
        ">=64" : 0.000000
      },
      "iodepth_submit" : {
        "0" : 0.000000,
        "4" : 100.000000,
        "8" : 0.000000,
        "16" : 0.000000,
        "32" : 0.000000,
        "64" : 0.000000,
        ">=64" : 0.000000
      },
      "iodepth_complete" : {
        "0" : 0.000000,
        "4" : 99.960819,
        "8" : 0.100000,
        "16" : 0.000000,
        "32" : 0.000000,
        "64" : 0.000000,
        ">=64" : 0.000000
      },
      "latency_ns" : {
        "2" : 0.000000,
        "4" : 0.000000,
        "10" : 0.000000,
        "20" : 0.000000,
        "50" : 0.000000,
        "100" : 0.000000,
        "250" : 0.000000,
        "500" : 0.000000,
        "750" : 0.000000,
        "1000" : 0.000000
      },
      "latency_us" : {
        "2" : 0.000000,
        "4" : 0.000000,
        "10" : 0.000000,
        "20" : 0.000000,
        "50" : 0.000000,
        "100" : 0.000000,
        "250" : 0.000000,
        "500" : 0.000000,
        "750" : 0.000000,
        "1000" : 0.000000
      },
      "latency_ms" : {
        "2" : 0.000000,
        "4" : 0.000000,
        "10" : 0.015269,
        "20" : 0.012215,
        "50" : 0.054359,
        "100" : 0.732317,
        "250" : 98.728371,
        "500" : 0.456247,
        "750" : 0.000000,
        "1000" : 0.000000,
        "2000" : 0.010000,
        ">=2000" : 0.000000
      },
      "latency_depth" : 8,
      "latency_target" : 0,
      "latency_percentile" : 100.000000,
      "latency_window" : 0
    }
  ]
}
