{
  "fio version" : "fio-3.29-112-gc3773",
  "timestamp" : 1649351483,
  "timestamp_ms" : 1649351483862,
  "time" : "Thu Apr  7 17:11:23 2022",
  "global options" : {
    "size" : "50M",
    "runtime" : "60",
    "directory" : "/mnt/gfs"
  },
  "jobs" : [
    {
      "jobname" : "iotest",
      "groupid" : 0,
      "error" : 0,
      "eta" : 0,
      "elapsed" : 61,
      "job options" : {
        "rw" : "randread",
        "bs" : "4k",
        "ioengine" : "libaio",
        "iodepth" : "32",
        "numjobs" : "16",
        "direct" : "1",
        "group_reporting" : "1",
        "invalidate" : "1",
        "loops" : "1",
        "write_bw_log" : "./fio-bench-07-04-2022--16-25-57-rand-gfs/randread/gfs/4k/randread-iodepth-32-numjobs-16",
        "write_lat_log" : "./fio-bench-07-04-2022--16-25-57-rand-gfs/randread/gfs/4k/randread-iodepth-32-numjobs-16",
        "write_iops_log" : "./fio-bench-07-04-2022--16-25-57-rand-gfs/randread/gfs/4k/randread-iodepth-32-numjobs-16",
        "log_avg_msec" : "500"
      },
      "read" : {
        "io_bytes" : 568446976,
        "io_kbytes" : 555124,
        "bw_bytes" : 9452061,
        "bw" : 9230,
        "iops" : 2307.632192,
        "runtime" : 60140,
        "total_ios" : 138781,
        "short_ios" : 0,
        "drop_ios" : 0,
        "slat_ns" : {
          "min" : 3073,
          "max" : 49063191,
          "mean" : 6902920.797004,
          "stddev" : 2457336.377232,
          "N" : 138781
        },
        "clat_ns" : {
          "min" : 1863789,
          "max" : 1076484723,
          "mean" : 214101807.535650,
          "stddev" : 28562982.055963,
          "N" : 138781,
          "percentile" : {
            "1.000000" : 160432128,
            "5.000000" : 177209344,
            "10.000000" : 185597952,
            "20.000000" : 193986560,
            "30.000000" : 200278016,
            "40.000000" : 206569472,
            "50.000000" : 210763776,
            "60.000000" : 217055232,
            "70.000000" : 223346688,
            "80.000000" : 229638144,
            "90.000000" : 242221056,
            "95.000000" : 256901120,
            "99.000000" : 316669952,
            "99.500000" : 333447168,
            "99.900000" : 404750336,
            "99.950000" : 442499072,
            "99.990000" : 517996544
          }
        },
        "lat_ns" : {
          "min" : 8482801,
          "max" : 1081716825,
          "mean" : 221007750.653713,
          "stddev" : 28889260.496837,
          "N" : 138781
        },
        "bw_min" : 5727,
        "bw_max" : 10840,
        "bw_agg" : 99.896774,
        "bw_mean" : 9221.383333,
        "bw_dev" : 43.933602,
        "bw_samples" : 1920,
        "iops_min" : 1431,
        "iops_max" : 2710,
        "iops_mean" : 2304.558333,
        "iops_stddev" : 10.976671,
        "iops_samples" : 1920
      },
      "write" : {
        "io_bytes" : 0,
        "io_kbytes" : 0,
        "bw_bytes" : 0,
        "bw" : 0,
        "iops" : 0.000000,
        "runtime" : 0,
        "total_ios" : 0,
        "short_ios" : 0,
        "drop_ios" : 0,
        "slat_ns" : {
          "min" : 0,
          "max" : 0,
          "mean" : 0.000000,
          "stddev" : 0.000000,
          "N" : 0
        },
        "clat_ns" : {
          "min" : 0,
          "max" : 0,
          "mean" : 0.000000,
          "stddev" : 0.000000,
          "N" : 0
        },
        "lat_ns" : {
          "min" : 0,
          "max" : 0,
          "mean" : 0.000000,
          "stddev" : 0.000000,
          "N" : 0
        },
        "bw_min" : 0,
        "bw_max" : 0,
        "bw_agg" : 0.000000,
        "bw_mean" : 0.000000,
        "bw_dev" : 0.000000,
        "bw_samples" : 0,
        "iops_min" : 0,
        "iops_max" : 0,
        "iops_mean" : 0.000000,
        "iops_stddev" : 0.000000,
        "iops_samples" : 0
      },
      "trim" : {
        "io_bytes" : 0,
        "io_kbytes" : 0,
        "bw_bytes" : 0,
        "bw" : 0,
        "iops" : 0.000000,
        "runtime" : 0,
        "total_ios" : 0,
        "short_ios" : 0,
        "drop_ios" : 0,
        "slat_ns" : {
          "min" : 0,
          "max" : 0,
          "mean" : 0.000000,
          "stddev" : 0.000000,
          "N" : 0
        },
        "clat_ns" : {
          "min" : 0,
          "max" : 0,
          "mean" : 0.000000,
          "stddev" : 0.000000,
          "N" : 0
        },
        "lat_ns" : {
          "min" : 0,
          "max" : 0,
          "mean" : 0.000000,
          "stddev" : 0.000000,
          "N" : 0
        },
        "bw_min" : 0,
        "bw_max" : 0,
        "bw_agg" : 0.000000,
        "bw_mean" : 0.000000,
        "bw_dev" : 0.000000,
        "bw_samples" : 0,
        "iops_min" : 0,
        "iops_max" : 0,
        "iops_mean" : 0.000000,
        "iops_stddev" : 0.000000,
        "iops_samples" : 0
      },
      "sync" : {
        "total_ios" : 0,
        "lat_ns" : {
          "min" : 0,
          "max" : 0,
          "mean" : 0.000000,
          "stddev" : 0.000000,
          "N" : 0
        }
      },
      "job_runtime" : 960508,
      "usr_cpu" : 0.180321,
      "sys_cpu" : 0.256947,
      "ctx" : 139046,
      "majf" : 0,
      "minf" : 1127,
      "iodepth_level" : {
        "1" : 0.100000,
        "2" : 0.100000,
        "4" : 0.100000,
        "8" : 0.100000,
        "16" : 0.184463,
        "32" : 99.642602,
        ">=64" : 0.000000
      },
      "iodepth_submit" : {
        "0" : 0.000000,
        "4" : 100.000000,
        "8" : 0.000000,
        "16" : 0.000000,
        "32" : 0.000000,
        "64" : 0.000000,
        ">=64" : 0.000000
      },
      "iodepth_complete" : {
        "0" : 0.000000,
        "4" : 99.988431,
        "8" : 0.000000,
        "16" : 0.000000,
        "32" : 0.100000,
        "64" : 0.000000,
        ">=64" : 0.000000
      },
      "latency_ns" : {
        "2" : 0.000000,
        "4" : 0.000000,
        "10" : 0.000000,
        "20" : 0.000000,
        "50" : 0.000000,
        "100" : 0.000000,
        "250" : 0.000000,
        "500" : 0.000000,
        "750" : 0.000000,
        "1000" : 0.000000
      },
      "latency_us" : {
        "2" : 0.000000,
        "4" : 0.000000,
        "10" : 0.000000,
        "20" : 0.000000,
        "50" : 0.000000,
        "100" : 0.000000,
        "250" : 0.000000,
        "500" : 0.000000,
        "750" : 0.000000,
        "1000" : 0.000000
      },
      "latency_ms" : {
        "2" : 0.010000,
        "4" : 0.010000,
        "10" : 0.010000,
        "20" : 0.012250,
        "50" : 0.042513,
        "100" : 0.106643,
        "250" : 92.978866,
        "500" : 6.834509,
        "750" : 0.015132,
        "1000" : 0.000000,
        "2000" : 0.010000,
        ">=2000" : 0.000000
      },
      "latency_depth" : 32,
      "latency_target" : 0,
      "latency_percentile" : 100.000000,
      "latency_window" : 0
    }
  ]
}
