{
  "fio version" : "fio-3.29-112-gc3773",
  "timestamp" : 1649351843,
  "timestamp_ms" : 1649351843464,
  "time" : "Thu Apr  7 17:17:23 2022",
  "global options" : {
    "size" : "50M",
    "runtime" : "60",
    "directory" : "/mnt/gfs"
  },
  "jobs" : [
    {
      "jobname" : "iotest",
      "groupid" : 0,
      "error" : 0,
      "eta" : 0,
      "elapsed" : 61,
      "job options" : {
        "rw" : "randread",
        "bs" : "4k",
        "ioengine" : "libaio",
        "iodepth" : "64",
        "numjobs" : "32",
        "direct" : "1",
        "group_reporting" : "1",
        "invalidate" : "1",
        "loops" : "1",
        "write_bw_log" : "./fio-bench-07-04-2022--16-25-57-rand-gfs/randread/gfs/4k/randread-iodepth-64-numjobs-32",
        "write_lat_log" : "./fio-bench-07-04-2022--16-25-57-rand-gfs/randread/gfs/4k/randread-iodepth-64-numjobs-32",
        "write_iops_log" : "./fio-bench-07-04-2022--16-25-57-rand-gfs/randread/gfs/4k/randread-iodepth-64-numjobs-32",
        "log_avg_msec" : "500"
      },
      "read" : {
        "io_bytes" : 644423680,
        "io_kbytes" : 629320,
        "bw_bytes" : 10716995,
        "bw" : 10465,
        "iops" : 2616.454075,
        "runtime" : 60131,
        "total_ios" : 157330,
        "short_ios" : 0,
        "drop_ios" : 0,
        "slat_ns" : {
          "min" : 3073,
          "max" : 79370466,
          "mean" : 12189222.482858,
          "stddev" : 4312667.916568,
          "N" : 157330
        },
        "clat_ns" : {
          "min" : 3018966,
          "max" : 1221281433,
          "mean" : 764329192.200051,
          "stddev" : 76844314.572811,
          "N" : 157330,
          "percentile" : {
            "1.000000" : 624951296,
            "5.000000" : 683671552,
            "10.000000" : 700448768,
            "20.000000" : 717225984,
            "30.000000" : 725614592,
            "40.000000" : 742391808,
            "50.000000" : 750780416,
            "60.000000" : 767557632,
            "70.000000" : 784334848,
            "80.000000" : 817889280,
            "90.000000" : 859832320,
            "95.000000" : 884998144,
            "99.000000" : 943718400,
            "99.500000" : 960495616,
            "99.900000" : 1002438656,
            "99.950000" : 1027604480,
            "99.990000" : 1098907648
          }
        },
        "lat_ns" : {
          "min" : 14516125,
          "max" : 1232517803,
          "mean" : 776521662.644194,
          "stddev" : 77334252.055087,
          "N" : 157330
        },
        "bw_min" : 4920,
        "bw_max" : 12376,
        "bw_agg" : 99.686451,
        "bw_mean" : 10433.895798,
        "bw_dev" : 32.252500,
        "bw_samples" : 3810,
        "iops_min" : 1230,
        "iops_max" : 3094,
        "iops_mean" : 2608.490756,
        "iops_stddev" : 8.063448,
        "iops_samples" : 3810
      },
      "write" : {
        "io_bytes" : 0,
        "io_kbytes" : 0,
        "bw_bytes" : 0,
        "bw" : 0,
        "iops" : 0.000000,
        "runtime" : 0,
        "total_ios" : 0,
        "short_ios" : 0,
        "drop_ios" : 0,
        "slat_ns" : {
          "min" : 0,
          "max" : 0,
          "mean" : 0.000000,
          "stddev" : 0.000000,
          "N" : 0
        },
        "clat_ns" : {
          "min" : 0,
          "max" : 0,
          "mean" : 0.000000,
          "stddev" : 0.000000,
          "N" : 0
        },
        "lat_ns" : {
          "min" : 0,
          "max" : 0,
          "mean" : 0.000000,
          "stddev" : 0.000000,
          "N" : 0
        },
        "bw_min" : 0,
        "bw_max" : 0,
        "bw_agg" : 0.000000,
        "bw_mean" : 0.000000,
        "bw_dev" : 0.000000,
        "bw_samples" : 0,
        "iops_min" : 0,
        "iops_max" : 0,
        "iops_mean" : 0.000000,
        "iops_stddev" : 0.000000,
        "iops_samples" : 0
      },
      "trim" : {
        "io_bytes" : 0,
        "io_kbytes" : 0,
        "bw_bytes" : 0,
        "bw" : 0,
        "iops" : 0.000000,
        "runtime" : 0,
        "total_ios" : 0,
        "short_ios" : 0,
        "drop_ios" : 0,
        "slat_ns" : {
          "min" : 0,
          "max" : 0,
          "mean" : 0.000000,
          "stddev" : 0.000000,
          "N" : 0
        },
        "clat_ns" : {
          "min" : 0,
          "max" : 0,
          "mean" : 0.000000,
          "stddev" : 0.000000,
          "N" : 0
        },
        "lat_ns" : {
          "min" : 0,
          "max" : 0,
          "mean" : 0.000000,
          "stddev" : 0.000000,
          "N" : 0
        },
        "bw_min" : 0,
        "bw_max" : 0,
        "bw_agg" : 0.000000,
        "bw_mean" : 0.000000,
        "bw_dev" : 0.000000,
        "bw_samples" : 0,
        "iops_min" : 0,
        "iops_max" : 0,
        "iops_mean" : 0.000000,
        "iops_stddev" : 0.000000,
        "iops_samples" : 0
      },
      "sync" : {
        "total_ios" : 0,
        "lat_ns" : {
          "min" : 0,
          "max" : 0,
          "mean" : 0.000000,
          "stddev" : 0.000000,
          "N" : 0
        }
      },
      "job_runtime" : 1920961,
      "usr_cpu" : 0.108279,
      "sys_cpu" : 0.148207,
      "ctx" : 157694,
      "majf" : 0,
      "minf" : 3278,
      "iodepth_level" : {
        "1" : 0.100000,
        "2" : 0.100000,
        "4" : 0.100000,
        "8" : 0.162715,
        "16" : 0.325431,
        "32" : 0.650861,
        ">=64" : 98.718617
      },
      "iodepth_submit" : {
        "0" : 0.000000,
        "4" : 100.000000,
        "8" : 0.000000,
        "16" : 0.000000,
        "32" : 0.000000,
        "64" : 0.000000,
        ">=64" : 0.000000
      },
      "iodepth_complete" : {
        "0" : 0.000000,
        "4" : 99.979401,
        "8" : 0.000000,
        "16" : 0.000000,
        "32" : 0.000000,
        "64" : 0.100000,
        ">=64" : 0.000000
      },
      "latency_ns" : {
        "2" : 0.000000,
        "4" : 0.000000,
        "10" : 0.000000,
        "20" : 0.000000,
        "50" : 0.000000,
        "100" : 0.000000,
        "250" : 0.000000,
        "500" : 0.000000,
        "750" : 0.000000,
        "1000" : 0.000000
      },
      "latency_us" : {
        "2" : 0.000000,
        "4" : 0.000000,
        "10" : 0.000000,
        "20" : 0.000000,
        "50" : 0.000000,
        "100" : 0.000000,
        "250" : 0.000000,
        "500" : 0.000000,
        "750" : 0.000000,
        "1000" : 0.000000
      },
      "latency_ms" : {
        "2" : 0.000000,
        "4" : 0.010000,
        "10" : 0.010000,
        "20" : 0.012712,
        "50" : 0.041950,
        "100" : 0.076273,
        "250" : 0.246615,
        "500" : 0.385178,
        "750" : 41.985635,
        "1000" : 57.132143,
        "2000" : 0.106782,
        ">=2000" : 0.000000
      },
      "latency_depth" : 64,
      "latency_target" : 0,
      "latency_percentile" : 100.000000,
      "latency_window" : 0
    }
  ]
}
