{
  "fio version" : "fio-3.29-112-gc3773",
  "timestamp" : 1649813264,
  "timestamp_ms" : 1649813264640,
  "time" : "Wed Apr 13 01:27:44 2022",
  "global options" : {
    "size" : "50M",
    "runtime" : "60",
    "rwmixread" : "50",
    "directory" : "/mnt/mfs"
  },
  "jobs" : [
    {
      "jobname" : "iotest",
      "groupid" : 0,
      "error" : 0,
      "eta" : 0,
      "elapsed" : 59,
      "job options" : {
        "rw" : "randrw",
        "bs" : "4k",
        "ioengine" : "libaio",
        "iodepth" : "32",
        "numjobs" : "4",
        "direct" : "1",
        "group_reporting" : "1",
        "invalidate" : "1",
        "loops" : "1",
        "write_bw_log" : "./fio-bench-12-04-2022--23-30-08-rand-mfs/randrw/mfs/randrw50/4k/randrw-iodepth-32-numjobs-4",
        "write_lat_log" : "./fio-bench-12-04-2022--23-30-08-rand-mfs/randrw/mfs/randrw50/4k/randrw-iodepth-32-numjobs-4",
        "write_iops_log" : "./fio-bench-12-04-2022--23-30-08-rand-mfs/randrw/mfs/randrw50/4k/randrw-iodepth-32-numjobs-4",
        "log_avg_msec" : "500"
      },
      "read" : {
        "io_bytes" : 104062976,
        "io_kbytes" : 101624,
        "bw_bytes" : 1776091,
        "bw" : 1734,
        "iops" : 433.616084,
        "runtime" : 58591,
        "total_ios" : 25406,
        "short_ios" : 0,
        "drop_ios" : 0,
        "slat_ns" : {
          "min" : 967095,
          "max" : 292908065,
          "mean" : 8916070.321066,
          "stddev" : 9049080.349755,
          "N" : 25406
        },
        "clat_ns" : {
          "min" : 9847,
          "max" : 416268842,
          "mean" : 132522977.246477,
          "stddev" : 17283663.257600,
          "N" : 25406,
          "percentile" : {
            "1.000000" : 90701824,
            "5.000000" : 105381888,
            "10.000000" : 111673344,
            "20.000000" : 120061952,
            "30.000000" : 125304832,
            "40.000000" : 129499136,
            "50.000000" : 133693440,
            "60.000000" : 137363456,
            "70.000000" : 141557760,
            "80.000000" : 145752064,
            "90.000000" : 152043520,
            "95.000000" : 156237824,
            "99.000000" : 164626432,
            "99.500000" : 166723584,
            "99.900000" : 173015040,
            "99.950000" : 404750336,
            "99.990000" : 413138944
          }
        },
        "lat_ns" : {
          "min" : 1503686,
          "max" : 433553418,
          "mean" : 141442041.463237,
          "stddev" : 19552857.011901,
          "N" : 25406
        },
        "bw_min" : 1024,
        "bw_max" : 2441,
        "bw_agg" : 100.000000,
        "bw_mean" : 1771.185394,
        "bw_dev" : 60.136122,
        "bw_samples" : 456,
        "iops_min" : 256,
        "iops_max" : 610,
        "iops_mean" : 442.778290,
        "iops_stddev" : 15.027425,
        "iops_samples" : 456
      },
      "write" : {
        "io_bytes" : 105652224,
        "io_kbytes" : 103176,
        "bw_bytes" : 1803215,
        "bw" : 1760,
        "iops" : 440.238262,
        "runtime" : 58591,
        "total_ios" : 25794,
        "short_ios" : 0,
        "drop_ios" : 0,
        "slat_ns" : {
          "min" : 37505,
          "max" : 6317440,
          "mean" : 67391.160851,
          "stddev" : 63899.316839,
          "N" : 25794
        },
        "clat_ns" : {
          "min" : 8660,
          "max" : 433479735,
          "mean" : 144374799.483136,
          "stddev" : 18580999.638557,
          "N" : 25794,
          "percentile" : {
            "1.000000" : 101187584,
            "5.000000" : 114819072,
            "10.000000" : 123207680,
            "20.000000" : 130547712,
            "30.000000" : 135266304,
            "40.000000" : 139460608,
            "50.000000" : 143654912,
            "60.000000" : 149946368,
            "70.000000" : 154140672,
            "80.000000" : 158334976,
            "90.000000" : 164626432,
            "95.000000" : 170917888,
            "99.000000" : 181403648,
            "99.500000" : 185597952,
            "99.900000" : 198180864,
            "99.950000" : 408944640,
            "99.990000" : 417333248
          }
        },
        "lat_ns" : {
          "min" : 66140,
          "max" : 433537284,
          "mean" : 144445073.841591,
          "stddev" : 18579145.406038,
          "N" : 25794
        },
        "bw_min" : 1208,
        "bw_max" : 2201,
        "bw_agg" : 100.000000,
        "bw_mean" : 1800.271606,
        "bw_dev" : 39.989703,
        "bw_samples" : 456,
        "iops_min" : 302,
        "iops_max" : 550,
        "iops_mean" : 450.058998,
        "iops_stddev" : 9.992728,
        "iops_samples" : 456
      },
      "trim" : {
        "io_bytes" : 0,
        "io_kbytes" : 0,
        "bw_bytes" : 0,
        "bw" : 0,
        "iops" : 0.000000,
        "runtime" : 0,
        "total_ios" : 0,
        "short_ios" : 0,
        "drop_ios" : 0,
        "slat_ns" : {
          "min" : 0,
          "max" : 0,
          "mean" : 0.000000,
          "stddev" : 0.000000,
          "N" : 0
        },
        "clat_ns" : {
          "min" : 0,
          "max" : 0,
          "mean" : 0.000000,
          "stddev" : 0.000000,
          "N" : 0
        },
        "lat_ns" : {
          "min" : 0,
          "max" : 0,
          "mean" : 0.000000,
          "stddev" : 0.000000,
          "N" : 0
        },
        "bw_min" : 0,
        "bw_max" : 0,
        "bw_agg" : 0.000000,
        "bw_mean" : 0.000000,
        "bw_dev" : 0.000000,
        "bw_samples" : 0,
        "iops_min" : 0,
        "iops_max" : 0,
        "iops_mean" : 0.000000,
        "iops_stddev" : 0.000000,
        "iops_samples" : 0
      },
      "sync" : {
        "total_ios" : 0,
        "lat_ns" : {
          "min" : 0,
          "max" : 0,
          "mean" : 0.000000,
          "stddev" : 0.000000,
          "N" : 0
        }
      },
      "job_runtime" : 229016,
      "usr_cpu" : 0.255877,
      "sys_cpu" : 0.461103,
      "ctx" : 79505,
      "majf" : 0,
      "minf" : 159,
      "iodepth_level" : {
        "1" : 0.100000,
        "2" : 0.100000,
        "4" : 0.100000,
        "8" : 0.100000,
        "16" : 0.125000,
        "32" : 99.757812,
        ">=64" : 0.000000
      },
      "iodepth_submit" : {
        "0" : 0.000000,
        "4" : 100.000000,
        "8" : 0.000000,
        "16" : 0.000000,
        "32" : 0.000000,
        "64" : 0.000000,
        ">=64" : 0.000000
      },
      "iodepth_complete" : {
        "0" : 0.000000,
        "4" : 99.992169,
        "8" : 0.000000,
        "16" : 0.000000,
        "32" : 0.100000,
        "64" : 0.000000,
        ">=64" : 0.000000
      },
      "latency_ns" : {
        "2" : 0.000000,
        "4" : 0.000000,
        "10" : 0.000000,
        "20" : 0.000000,
        "50" : 0.000000,
        "100" : 0.000000,
        "250" : 0.000000,
        "500" : 0.000000,
        "750" : 0.000000,
        "1000" : 0.000000
      },
      "latency_us" : {
        "2" : 0.000000,
        "4" : 0.000000,
        "10" : 0.010000,
        "20" : 0.000000,
        "50" : 0.000000,
        "100" : 0.010000,
        "250" : 0.010000,
        "500" : 0.000000,
        "750" : 0.000000,
        "1000" : 0.000000
      },
      "latency_ms" : {
        "2" : 0.010000,
        "4" : 0.010000,
        "10" : 0.000000,
        "20" : 0.017578,
        "50" : 0.044922,
        "100" : 1.787109,
        "250" : 98.070312,
        "500" : 0.060547,
        "750" : 0.000000,
        "1000" : 0.000000,
        "2000" : 0.000000,
        ">=2000" : 0.000000
      },
      "latency_depth" : 32,
      "latency_target" : 0,
      "latency_percentile" : 100.000000,
      "latency_window" : 0
    }
  ]
}
