{
  "fio version" : "fio-3.29-112-gc3773",
  "timestamp" : 1649813085,
  "timestamp_ms" : 1649813085480,
  "time" : "Wed Apr 13 01:24:45 2022",
  "global options" : {
    "size" : "50M",
    "runtime" : "60",
    "rwmixread" : "50",
    "directory" : "/mnt/mfs"
  },
  "jobs" : [
    {
      "jobname" : "iotest",
      "groupid" : 0,
      "error" : 0,
      "eta" : 0,
      "elapsed" : 61,
      "job options" : {
        "rw" : "randrw",
        "bs" : "4k",
        "ioengine" : "libaio",
        "iodepth" : "16",
        "numjobs" : "64",
        "direct" : "1",
        "group_reporting" : "1",
        "invalidate" : "1",
        "loops" : "1",
        "write_bw_log" : "./fio-bench-12-04-2022--23-30-08-rand-mfs/randrw/mfs/randrw50/4k/randrw-iodepth-16-numjobs-64",
        "write_lat_log" : "./fio-bench-12-04-2022--23-30-08-rand-mfs/randrw/mfs/randrw50/4k/randrw-iodepth-16-numjobs-64",
        "write_iops_log" : "./fio-bench-12-04-2022--23-30-08-rand-mfs/randrw/mfs/randrw50/4k/randrw-iodepth-16-numjobs-64",
        "log_avg_msec" : "500"
      },
      "read" : {
        "io_bytes" : 498900992,
        "io_kbytes" : 487208,
        "bw_bytes" : 8306986,
        "bw" : 8112,
        "iops" : 2028.072863,
        "runtime" : 60058,
        "total_ios" : 121802,
        "short_ios" : 0,
        "drop_ios" : 0,
        "slat_ns" : {
          "min" : 984905,
          "max" : 875702282,
          "mean" : 31380304.577527,
          "stddev" : 41148601.003811,
          "N" : 121802
        },
        "clat_ns" : {
          "min" : 10756,
          "max" : 2247263270,
          "mean" : 216069725.524080,
          "stddev" : 139786139.369527,
          "N" : 121802,
          "percentile" : {
            "1.000000" : 84410368,
            "5.000000" : 123207680,
            "10.000000" : 145752064,
            "20.000000" : 168820736,
            "30.000000" : 183500800,
            "40.000000" : 193986560,
            "50.000000" : 204472320,
            "60.000000" : 214958080,
            "70.000000" : 225443840,
            "80.000000" : 235929600,
            "90.000000" : 250609664,
            "95.000000" : 265289728,
            "99.000000" : 1052770304,
            "99.500000" : 1400897536,
            "99.900000" : 1803550720,
            "99.950000" : 1937768448,
            "99.990000" : 2164260864
          }
        },
        "lat_ns" : {
          "min" : 5961667,
          "max" : 2755222149,
          "mean" : 247454210.247122,
          "stddev" : 161132736.231667,
          "N" : 121802
        },
        "bw_min" : 1749,
        "bw_max" : 15358,
        "bw_agg" : 100.000000,
        "bw_mean" : 8149.183419,
        "bw_dev" : 44.278368,
        "bw_samples" : 7606,
        "iops_min" : 435,
        "iops_max" : 3838,
        "iops_mean" : 2036.492746,
        "iops_stddev" : 11.069344,
        "iops_samples" : 7606
      },
      "write" : {
        "io_bytes" : 497250304,
        "io_kbytes" : 485596,
        "bw_bytes" : 8279501,
        "bw" : 8085,
        "iops" : 2021.362683,
        "runtime" : 60058,
        "total_ios" : 121399,
        "short_ios" : 0,
        "drop_ios" : 0,
        "slat_ns" : {
          "min" : 35619,
          "max" : 14182707,
          "mean" : 92254.000783,
          "stddev" : 138351.186309,
          "N" : 121399
        },
        "clat_ns" : {
          "min" : 896834,
          "max" : 2751476760,
          "mean" : 256821829.884208,
          "stddev" : 163064296.223907,
          "N" : 121399,
          "percentile" : {
            "1.000000" : 107479040,
            "5.000000" : 156237824,
            "10.000000" : 181403648,
            "20.000000" : 204472320,
            "30.000000" : 219152384,
            "40.000000" : 229638144,
            "50.000000" : 240123904,
            "60.000000" : 252706816,
            "70.000000" : 263192576,
            "80.000000" : 274726912,
            "90.000000" : 295698432,
            "95.000000" : 316669952,
            "99.000000" : 1283457024,
            "99.500000" : 1635778560,
            "99.900000" : 2071986176,
            "99.950000" : 2164260864,
            "99.990000" : 2332033024
          }
        },
        "lat_ns" : {
          "min" : 956479,
          "max" : 2751544995,
          "mean" : 256917951.715121,
          "stddev" : 163062787.897995,
          "N" : 121399
        },
        "bw_min" : 1950,
        "bw_max" : 13599,
        "bw_agg" : 100.000000,
        "bw_mean" : 8113.585811,
        "bw_dev" : 38.948546,
        "bw_samples" : 7616,
        "iops_min" : 486,
        "iops_max" : 3399,
        "iops_mean" : 2027.577477,
        "iops_stddev" : 9.736774,
        "iops_samples" : 7616
      },
      "trim" : {
        "io_bytes" : 0,
        "io_kbytes" : 0,
        "bw_bytes" : 0,
        "bw" : 0,
        "iops" : 0.000000,
        "runtime" : 0,
        "total_ios" : 0,
        "short_ios" : 0,
        "drop_ios" : 0,
        "slat_ns" : {
          "min" : 0,
          "max" : 0,
          "mean" : 0.000000,
          "stddev" : 0.000000,
          "N" : 0
        },
        "clat_ns" : {
          "min" : 0,
          "max" : 0,
          "mean" : 0.000000,
          "stddev" : 0.000000,
          "N" : 0
        },
        "lat_ns" : {
          "min" : 0,
          "max" : 0,
          "mean" : 0.000000,
          "stddev" : 0.000000,
          "N" : 0
        },
        "bw_min" : 0,
        "bw_max" : 0,
        "bw_agg" : 0.000000,
        "bw_mean" : 0.000000,
        "bw_dev" : 0.000000,
        "bw_samples" : 0,
        "iops_min" : 0,
        "iops_max" : 0,
        "iops_mean" : 0.000000,
        "iops_stddev" : 0.000000,
        "iops_samples" : 0
      },
      "sync" : {
        "total_ios" : 0,
        "lat_ns" : {
          "min" : 0,
          "max" : 0,
          "mean" : 0.000000,
          "stddev" : 0.000000,
          "N" : 0
        }
      },
      "job_runtime" : 3841419,
      "usr_cpu" : 0.070182,
      "sys_cpu" : 0.143358,
      "ctx" : 428359,
      "majf" : 0,
      "minf" : 2561,
      "iodepth_level" : {
        "1" : 0.100000,
        "2" : 0.100000,
        "4" : 0.105263,
        "8" : 0.210525,
        "16" : 99.605265,
        "32" : 0.000000,
        ">=64" : 0.000000
      },
      "iodepth_submit" : {
        "0" : 0.000000,
        "4" : 100.000000,
        "8" : 0.000000,
        "16" : 0.000000,
        "32" : 0.000000,
        "64" : 0.000000,
        ">=64" : 0.000000
      },
      "iodepth_complete" : {
        "0" : 0.000000,
        "4" : 99.973587,
        "8" : 0.000000,
        "16" : 0.100000,
        "32" : 0.000000,
        "64" : 0.000000,
        ">=64" : 0.000000
      },
      "latency_ns" : {
        "2" : 0.000000,
        "4" : 0.000000,
        "10" : 0.000000,
        "20" : 0.000000,
        "50" : 0.000000,
        "100" : 0.000000,
        "250" : 0.000000,
        "500" : 0.000000,
        "750" : 0.000000,
        "1000" : 0.000000
      },
      "latency_us" : {
        "2" : 0.000000,
        "4" : 0.000000,
        "10" : 0.000000,
        "20" : 0.025904,
        "50" : 0.010000,
        "100" : 0.000000,
        "250" : 0.000000,
        "500" : 0.000000,
        "750" : 0.000000,
        "1000" : 0.010000
      },
      "latency_ms" : {
        "2" : 0.010000,
        "4" : 0.000000,
        "10" : 0.010000,
        "20" : 0.010000,
        "50" : 0.072368,
        "100" : 1.350735,
        "250" : 72.486133,
        "500" : 24.400393,
        "750" : 0.224506,
        "1000" : 0.254522,
        "2000" : 1.091690,
        ">=2000" : 0.083470
      },
      "latency_depth" : 16,
      "latency_target" : 0,
      "latency_percentile" : 100.000000,
      "latency_window" : 0
    }
  ]
}
