{
  "fio version" : "fio-3.29-112-gc3773",
  "timestamp" : 1649812783,
  "timestamp_ms" : 1649812783644,
  "time" : "Wed Apr 13 01:19:43 2022",
  "global options" : {
    "size" : "50M",
    "runtime" : "60",
    "rwmixread" : "50",
    "directory" : "/mnt/mfs"
  },
  "jobs" : [
    {
      "jobname" : "iotest",
      "groupid" : 0,
      "error" : 0,
      "eta" : 0,
      "elapsed" : 61,
      "job options" : {
        "rw" : "randrw",
        "bs" : "4k",
        "ioengine" : "libaio",
        "iodepth" : "16",
        "numjobs" : "2",
        "direct" : "1",
        "group_reporting" : "1",
        "invalidate" : "1",
        "loops" : "1",
        "write_bw_log" : "./fio-bench-12-04-2022--23-30-08-rand-mfs/randrw/mfs/randrw50/4k/randrw-iodepth-16-numjobs-2",
        "write_lat_log" : "./fio-bench-12-04-2022--23-30-08-rand-mfs/randrw/mfs/randrw50/4k/randrw-iodepth-16-numjobs-2",
        "write_iops_log" : "./fio-bench-12-04-2022--23-30-08-rand-mfs/randrw/mfs/randrw50/4k/randrw-iodepth-16-numjobs-2",
        "log_avg_msec" : "500"
      },
      "read" : {
        "io_bytes" : 51412992,
        "io_kbytes" : 50208,
        "bw_bytes" : 856826,
        "bw" : 836,
        "iops" : 209.186054,
        "runtime" : 60004,
        "total_ios" : 12552,
        "short_ios" : 0,
        "drop_ios" : 0,
        "slat_ns" : {
          "min" : 1004181,
          "max" : 546840574,
          "mean" : 9244043.430927,
          "stddev" : 13329089.305757,
          "N" : 12552
        },
        "clat_ns" : {
          "min" : 12991,
          "max" : 1567425508,
          "mean" : 62821651.049633,
          "stddev" : 35876996.792752,
          "N" : 12552,
          "percentile" : {
            "1.000000" : 30539776,
            "5.000000" : 40632320,
            "10.000000" : 45875200,
            "20.000000" : 51118080,
            "30.000000" : 55312384,
            "40.000000" : 58458112,
            "50.000000" : 61603840,
            "60.000000" : 64225280,
            "70.000000" : 67633152,
            "80.000000" : 70778880,
            "90.000000" : 76021760,
            "95.000000" : 80216064,
            "99.000000" : 132644864,
            "99.500000" : 152043520,
            "99.900000" : 526385152,
            "99.950000" : 868220928,
            "99.990000" : 1568669696
          }
        },
        "lat_ns" : {
          "min" : 1423578,
          "max" : 1670227533,
          "mean" : 72068653.151052,
          "stddev" : 42344189.783731,
          "N" : 12552
        },
        "bw_min" : 112,
        "bw_max" : 1240,
        "bw_agg" : 100.000000,
        "bw_mean" : 863.235714,
        "bw_dev" : 90.497592,
        "bw_samples" : 232,
        "iops_min" : 28,
        "iops_max" : 310,
        "iops_mean" : 215.800000,
        "iops_stddev" : 22.620835,
        "iops_samples" : 232
      },
      "write" : {
        "io_bytes" : 52244480,
        "io_kbytes" : 51020,
        "bw_bytes" : 870683,
        "bw" : 850,
        "iops" : 212.569162,
        "runtime" : 60004,
        "total_ios" : 12755,
        "short_ios" : 0,
        "drop_ios" : 0,
        "slat_ns" : {
          "min" : 37994,
          "max" : 7370369,
          "mean" : 65746.460996,
          "stddev" : 77944.178292,
          "N" : 12755
        },
        "clat_ns" : {
          "min" : 8590,
          "max" : 1668849701,
          "mean" : 75541291.023207,
          "stddev" : 47907536.278824,
          "N" : 12755,
          "percentile" : {
            "1.000000" : 39583744,
            "5.000000" : 50069504,
            "10.000000" : 55836672,
            "20.000000" : 62128128,
            "30.000000" : 65798144,
            "40.000000" : 69730304,
            "50.000000" : 72876032,
            "60.000000" : 76021760,
            "70.000000" : 79167488,
            "80.000000" : 84410368,
            "90.000000" : 90701824,
            "95.000000" : 96993280,
            "99.000000" : 152043520,
            "99.500000" : 175112192,
            "99.900000" : 1132462080,
            "99.950000" : 1233125376,
            "99.990000" : 1635778560
          }
        },
        "lat_ns" : {
          "min" : 81016,
          "max" : 1668912349,
          "mean" : 75609838.385574,
          "stddev" : 47908370.644687,
          "N" : 12755
        },
        "bw_min" : 72,
        "bw_max" : 1088,
        "bw_agg" : 100.000000,
        "bw_mean" : 874.197050,
        "bw_dev" : 81.470300,
        "bw_samples" : 233,
        "iops_min" : 18,
        "iops_max" : 272,
        "iops_mean" : 218.542625,
        "iops_stddev" : 20.365147,
        "iops_samples" : 233
      },
      "trim" : {
        "io_bytes" : 0,
        "io_kbytes" : 0,
        "bw_bytes" : 0,
        "bw" : 0,
        "iops" : 0.000000,
        "runtime" : 0,
        "total_ios" : 0,
        "short_ios" : 0,
        "drop_ios" : 0,
        "slat_ns" : {
          "min" : 0,
          "max" : 0,
          "mean" : 0.000000,
          "stddev" : 0.000000,
          "N" : 0
        },
        "clat_ns" : {
          "min" : 0,
          "max" : 0,
          "mean" : 0.000000,
          "stddev" : 0.000000,
          "N" : 0
        },
        "lat_ns" : {
          "min" : 0,
          "max" : 0,
          "mean" : 0.000000,
          "stddev" : 0.000000,
          "N" : 0
        },
        "bw_min" : 0,
        "bw_max" : 0,
        "bw_agg" : 0.000000,
        "bw_mean" : 0.000000,
        "bw_dev" : 0.000000,
        "bw_samples" : 0,
        "iops_min" : 0,
        "iops_max" : 0,
        "iops_mean" : 0.000000,
        "iops_stddev" : 0.000000,
        "iops_samples" : 0
      },
      "sync" : {
        "total_ios" : 0,
        "lat_ns" : {
          "min" : 0,
          "max" : 0,
          "mean" : 0.000000,
          "stddev" : 0.000000,
          "N" : 0
        }
      },
      "job_runtime" : 117230,
      "usr_cpu" : 0.191077,
      "sys_cpu" : 0.497313,
      "ctx" : 38614,
      "majf" : 0,
      "minf" : 80,
      "iodepth_level" : {
        "1" : 0.100000,
        "2" : 0.100000,
        "4" : 0.100000,
        "8" : 0.100000,
        "16" : 99.881456,
        "32" : 0.000000,
        ">=64" : 0.000000
      },
      "iodepth_submit" : {
        "0" : 0.000000,
        "4" : 100.000000,
        "8" : 0.000000,
        "16" : 0.000000,
        "32" : 0.000000,
        "64" : 0.000000,
        ">=64" : 0.000000
      },
      "iodepth_complete" : {
        "0" : 0.000000,
        "4" : 99.992088,
        "8" : 0.000000,
        "16" : 0.100000,
        "32" : 0.000000,
        "64" : 0.000000,
        ">=64" : 0.000000
      },
      "latency_ns" : {
        "2" : 0.000000,
        "4" : 0.000000,
        "10" : 0.000000,
        "20" : 0.000000,
        "50" : 0.000000,
        "100" : 0.000000,
        "250" : 0.000000,
        "500" : 0.000000,
        "750" : 0.000000,
        "1000" : 0.000000
      },
      "latency_us" : {
        "2" : 0.000000,
        "4" : 0.000000,
        "10" : 0.010000,
        "20" : 0.010000,
        "50" : 0.000000,
        "100" : 0.010000,
        "250" : 0.000000,
        "500" : 0.000000,
        "750" : 0.000000,
        "1000" : 0.000000
      },
      "latency_ms" : {
        "2" : 0.011854,
        "4" : 0.011854,
        "10" : 0.027660,
        "20" : 0.075078,
        "50" : 11.115502,
        "100" : 85.984115,
        "250" : 2.564508,
        "500" : 0.059272,
        "750" : 0.035563,
        "1000" : 0.031612,
        "2000" : 0.071127,
        ">=2000" : 0.000000
      },
      "latency_depth" : 16,
      "latency_target" : 0,
      "latency_percentile" : 100.000000,
      "latency_window" : 0
    }
  ]
}
