{
  "fio version" : "fio-3.29-112-gc3773",
  "timestamp" : 1649811697,
  "timestamp_ms" : 1649811697291,
  "time" : "Wed Apr 13 01:01:37 2022",
  "global options" : {
    "size" : "50M",
    "runtime" : "60",
    "rwmixread" : "50",
    "directory" : "/mnt/mfs"
  },
  "jobs" : [
    {
      "jobname" : "iotest",
      "groupid" : 0,
      "error" : 0,
      "eta" : 0,
      "elapsed" : 61,
      "job options" : {
        "rw" : "randrw",
        "bs" : "4k",
        "ioengine" : "libaio",
        "iodepth" : "2",
        "numjobs" : "16",
        "direct" : "1",
        "group_reporting" : "1",
        "invalidate" : "1",
        "loops" : "1",
        "write_bw_log" : "./fio-bench-12-04-2022--23-30-08-rand-mfs/randrw/mfs/randrw50/4k/randrw-iodepth-2-numjobs-16",
        "write_lat_log" : "./fio-bench-12-04-2022--23-30-08-rand-mfs/randrw/mfs/randrw50/4k/randrw-iodepth-2-numjobs-16",
        "write_iops_log" : "./fio-bench-12-04-2022--23-30-08-rand-mfs/randrw/mfs/randrw50/4k/randrw-iodepth-2-numjobs-16",
        "log_avg_msec" : "500"
      },
      "read" : {
        "io_bytes" : 341504000,
        "io_kbytes" : 333500,
        "bw_bytes" : 5689267,
        "bw" : 5555,
        "iops" : 1388.981441,
        "runtime" : 60026,
        "total_ios" : 83375,
        "short_ios" : 0,
        "drop_ios" : 0,
        "slat_ns" : {
          "min" : 953266,
          "max" : 450555424,
          "mean" : 11405251.443814,
          "stddev" : 13290637.905881,
          "N" : 83375
        },
        "clat_ns" : {
          "min" : 11803,
          "max" : 50627274,
          "mean" : 1027203.838933,
          "stddev" : 1156432.870771,
          "N" : 83375,
          "percentile" : {
            "1.000000" : 79360,
            "5.000000" : 82432,
            "10.000000" : 83456,
            "20.000000" : 85504,
            "30.000000" : 88576,
            "40.000000" : 101888,
            "50.000000" : 222208,
            "60.000000" : 1515520,
            "70.000000" : 1761280,
            "80.000000" : 1990656,
            "90.000000" : 2277376,
            "95.000000" : 2572288,
            "99.000000" : 3325952,
            "99.500000" : 4046848,
            "99.900000" : 6193152,
            "99.950000" : 10158080,
            "99.990000" : 34865152
          }
        },
        "lat_ns" : {
          "min" : 1044898,
          "max" : 451834989,
          "mean" : 12435767.239796,
          "stddev" : 13372332.103145,
          "N" : 83375
        },
        "bw_min" : 2368,
        "bw_max" : 7962,
        "bw_agg" : 100.000000,
        "bw_mean" : 5557.308333,
        "bw_dev" : 67.711754,
        "bw_samples" : 1920,
        "iops_min" : 592,
        "iops_max" : 1990,
        "iops_mean" : 1389.316667,
        "iops_stddev" : 16.926508,
        "iops_samples" : 1920
      },
      "write" : {
        "io_bytes" : 344211456,
        "io_kbytes" : 336144,
        "bw_bytes" : 5734372,
        "bw" : 5599,
        "iops" : 1399.993336,
        "runtime" : 60026,
        "total_ios" : 84036,
        "short_ios" : 0,
        "drop_ios" : 0,
        "slat_ns" : {
          "min" : 34362,
          "max" : 2580850,
          "mean" : 75352.303418,
          "stddev" : 34982.134256,
          "N" : 84036
        },
        "clat_ns" : {
          "min" : 45536,
          "max" : 450575119,
          "mean" : 10411600.006795,
          "stddev" : 13928624.119521,
          "N" : 84036,
          "percentile" : {
            "1.000000" : 69120,
            "5.000000" : 71168,
            "10.000000" : 73216,
            "20.000000" : 76288,
            "30.000000" : 86528,
            "40.000000" : 110080,
            "50.000000" : 337920,
            "60.000000" : 13828096,
            "70.000000" : 15532032,
            "80.000000" : 19791872,
            "90.000000" : 25821184,
            "95.000000" : 31850496,
            "99.000000" : 47448064,
            "99.500000" : 56885248,
            "99.900000" : 135266304,
            "99.950000" : 193986560,
            "99.990000" : 304087040
          }
        },
        "lat_ns" : {
          "min" : 82971,
          "max" : 450650478,
          "mean" : 10490302.507116,
          "stddev" : 13928343.225985,
          "N" : 84036
        },
        "bw_min" : 2600,
        "bw_max" : 7681,
        "bw_agg" : 100.000000,
        "bw_mean" : 5601.341667,
        "bw_dev" : 55.306963,
        "bw_samples" : 1920,
        "iops_min" : 650,
        "iops_max" : 1920,
        "iops_mean" : 1400.333333,
        "iops_stddev" : 13.826391,
        "iops_samples" : 1920
      },
      "trim" : {
        "io_bytes" : 0,
        "io_kbytes" : 0,
        "bw_bytes" : 0,
        "bw" : 0,
        "iops" : 0.000000,
        "runtime" : 0,
        "total_ios" : 0,
        "short_ios" : 0,
        "drop_ios" : 0,
        "slat_ns" : {
          "min" : 0,
          "max" : 0,
          "mean" : 0.000000,
          "stddev" : 0.000000,
          "N" : 0
        },
        "clat_ns" : {
          "min" : 0,
          "max" : 0,
          "mean" : 0.000000,
          "stddev" : 0.000000,
          "N" : 0
        },
        "lat_ns" : {
          "min" : 0,
          "max" : 0,
          "mean" : 0.000000,
          "stddev" : 0.000000,
          "N" : 0
        },
        "bw_min" : 0,
        "bw_max" : 0,
        "bw_agg" : 0.000000,
        "bw_mean" : 0.000000,
        "bw_dev" : 0.000000,
        "bw_samples" : 0,
        "iops_min" : 0,
        "iops_max" : 0,
        "iops_mean" : 0.000000,
        "iops_stddev" : 0.000000,
        "iops_samples" : 0
      },
      "sync" : {
        "total_ios" : 0,
        "lat_ns" : {
          "min" : 0,
          "max" : 0,
          "mean" : 0.000000,
          "stddev" : 0.000000,
          "N" : 0
        }
      },
      "job_runtime" : 960169,
      "usr_cpu" : 0.173511,
      "sys_cpu" : 0.392118,
      "ctx" : 285975,
      "majf" : 0,
      "minf" : 631,
      "iodepth_level" : {
        "1" : 0.100000,
        "2" : 99.990443,
        "4" : 0.000000,
        "8" : 0.000000,
        "16" : 0.000000,
        "32" : 0.000000,
        ">=64" : 0.000000
      },
      "iodepth_submit" : {
        "0" : 0.000000,
        "4" : 100.000000,
        "8" : 0.000000,
        "16" : 0.000000,
        "32" : 0.000000,
        "64" : 0.000000,
        ">=64" : 0.000000
      },
      "iodepth_complete" : {
        "0" : 0.000000,
        "4" : 100.000000,
        "8" : 0.000000,
        "16" : 0.000000,
        "32" : 0.000000,
        "64" : 0.000000,
        ">=64" : 0.000000
      },
      "latency_ns" : {
        "2" : 0.000000,
        "4" : 0.000000,
        "10" : 0.000000,
        "20" : 0.000000,
        "50" : 0.000000,
        "100" : 0.000000,
        "250" : 0.000000,
        "500" : 0.000000,
        "750" : 0.000000,
        "1000" : 0.000000
      },
      "latency_us" : {
        "2" : 0.000000,
        "4" : 0.000000,
        "10" : 0.000000,
        "20" : 0.010000,
        "50" : 0.010000,
        "100" : 37.838015,
        "250" : 12.070891,
        "500" : 0.247893,
        "750" : 0.013141,
        "1000" : 0.010000
      },
      "latency_ms" : {
        "2" : 14.879548,
        "4" : 9.618245,
        "10" : 0.373333,
        "20" : 15.140582,
        "50" : 9.401413,
        "100" : 0.320170,
        "250" : 0.062720,
        "500" : 0.012544,
        "750" : 0.000000,
        "1000" : 0.000000,
        "2000" : 0.000000,
        ">=2000" : 0.000000
      },
      "latency_depth" : 2,
      "latency_target" : 0,
      "latency_percentile" : 100.000000,
      "latency_window" : 0
    }
  ]
}
