{
  "fio version" : "fio-3.29-112-gc3773",
  "timestamp" : 1649812964,
  "timestamp_ms" : 1649812964524,
  "time" : "Wed Apr 13 01:22:44 2022",
  "global options" : {
    "size" : "50M",
    "runtime" : "60",
    "rwmixread" : "50",
    "directory" : "/mnt/mfs"
  },
  "jobs" : [
    {
      "jobname" : "iotest",
      "groupid" : 0,
      "error" : 0,
      "eta" : 0,
      "elapsed" : 61,
      "job options" : {
        "rw" : "randrw",
        "bs" : "4k",
        "ioengine" : "libaio",
        "iodepth" : "16",
        "numjobs" : "16",
        "direct" : "1",
        "group_reporting" : "1",
        "invalidate" : "1",
        "loops" : "1",
        "write_bw_log" : "./fio-bench-12-04-2022--23-30-08-rand-mfs/randrw/mfs/randrw50/4k/randrw-iodepth-16-numjobs-16",
        "write_lat_log" : "./fio-bench-12-04-2022--23-30-08-rand-mfs/randrw/mfs/randrw50/4k/randrw-iodepth-16-numjobs-16",
        "write_iops_log" : "./fio-bench-12-04-2022--23-30-08-rand-mfs/randrw/mfs/randrw50/4k/randrw-iodepth-16-numjobs-16",
        "log_avg_msec" : "500"
      },
      "read" : {
        "io_bytes" : 354373632,
        "io_kbytes" : 346068,
        "bw_bytes" : 5904357,
        "bw" : 5765,
        "iops" : 1441.493527,
        "runtime" : 60019,
        "total_ios" : 86517,
        "short_ios" : 0,
        "drop_ios" : 0,
        "slat_ns" : {
          "min" : 972822,
          "max" : 443207030,
          "mean" : 10985936.707653,
          "stddev" : 11386153.167083,
          "N" : 86517
        },
        "clat_ns" : {
          "min" : 10547,
          "max" : 745247138,
          "mean" : 75686723.934915,
          "stddev" : 20281660.350864,
          "N" : 86517,
          "percentile" : {
            "1.000000" : 38010880,
            "5.000000" : 51118080,
            "10.000000" : 57409536,
            "20.000000" : 64225280,
            "30.000000" : 68681728,
            "40.000000" : 72876032,
            "50.000000" : 76021760,
            "60.000000" : 79167488,
            "70.000000" : 82313216,
            "80.000000" : 86507520,
            "90.000000" : 91750400,
            "95.000000" : 95944704,
            "99.000000" : 104333312,
            "99.500000" : 111673344,
            "99.900000" : 341835776,
            "99.950000" : 459276288,
            "99.990000" : 666894336
          }
        },
        "lat_ns" : {
          "min" : 2163269,
          "max" : 875974020,
          "mean" : 86676036.928349,
          "stddev" : 24451642.549294,
          "N" : 86517
        },
        "bw_min" : 1888,
        "bw_max" : 8081,
        "bw_agg" : 99.879055,
        "bw_mean" : 5759.108894,
        "bw_dev" : 60.381171,
        "bw_samples" : 1919,
        "iops_min" : 472,
        "iops_max" : 2020,
        "iops_mean" : 1439.766807,
        "iops_stddev" : 15.095430,
        "iops_samples" : 1919
      },
      "write" : {
        "io_bytes" : 356798464,
        "io_kbytes" : 348436,
        "bw_bytes" : 5944758,
        "bw" : 5805,
        "iops" : 1451.357070,
        "runtime" : 60019,
        "total_ios" : 87109,
        "short_ios" : 0,
        "drop_ios" : 0,
        "slat_ns" : {
          "min" : 35409,
          "max" : 7809463,
          "mean" : 75907.749337,
          "stddev" : 43149.240875,
          "N" : 87109
        },
        "clat_ns" : {
          "min" : 1707345,
          "max" : 875892655,
          "mean" : 90047514.924439,
          "stddev" : 25078556.242784,
          "N" : 87109,
          "percentile" : {
            "1.000000" : 49545216,
            "5.000000" : 62652416,
            "10.000000" : 68681728,
            "20.000000" : 77070336,
            "30.000000" : 81264640,
            "40.000000" : 85458944,
            "50.000000" : 89653248,
            "60.000000" : 92798976,
            "70.000000" : 96993280,
            "80.000000" : 102236160,
            "90.000000" : 108527616,
            "95.000000" : 114819072,
            "99.000000" : 132644864,
            "99.500000" : 147849216,
            "99.900000" : 471859200,
            "99.950000" : 583008256,
            "99.990000" : 767557632
          }
        },
        "lat_ns" : {
          "min" : 1780259,
          "max" : 875985194,
          "mean" : 90126755.138332,
          "stddev" : 25077648.920608,
          "N" : 87109
        },
        "bw_min" : 2048,
        "bw_max" : 7536,
        "bw_agg" : 99.872055,
        "bw_mean" : 5798.671989,
        "bw_dev" : 45.594239,
        "bw_samples" : 1919,
        "iops_min" : 512,
        "iops_max" : 1884,
        "iops_mean" : 1449.642997,
        "iops_stddev" : 11.400396,
        "iops_samples" : 1919
      },
      "trim" : {
        "io_bytes" : 0,
        "io_kbytes" : 0,
        "bw_bytes" : 0,
        "bw" : 0,
        "iops" : 0.000000,
        "runtime" : 0,
        "total_ios" : 0,
        "short_ios" : 0,
        "drop_ios" : 0,
        "slat_ns" : {
          "min" : 0,
          "max" : 0,
          "mean" : 0.000000,
          "stddev" : 0.000000,
          "N" : 0
        },
        "clat_ns" : {
          "min" : 0,
          "max" : 0,
          "mean" : 0.000000,
          "stddev" : 0.000000,
          "N" : 0
        },
        "lat_ns" : {
          "min" : 0,
          "max" : 0,
          "mean" : 0.000000,
          "stddev" : 0.000000,
          "N" : 0
        },
        "bw_min" : 0,
        "bw_max" : 0,
        "bw_agg" : 0.000000,
        "bw_mean" : 0.000000,
        "bw_dev" : 0.000000,
        "bw_samples" : 0,
        "iops_min" : 0,
        "iops_max" : 0,
        "iops_mean" : 0.000000,
        "iops_stddev" : 0.000000,
        "iops_samples" : 0
      },
      "sync" : {
        "total_ios" : 0,
        "lat_ns" : {
          "min" : 0,
          "max" : 0,
          "mean" : 0.000000,
          "stddev" : 0.000000,
          "N" : 0
        }
      },
      "job_runtime" : 960139,
      "usr_cpu" : 0.194243,
      "sys_cpu" : 0.394526,
      "ctx" : 298125,
      "majf" : 0,
      "minf" : 634,
      "iodepth_level" : {
        "1" : 0.100000,
        "2" : 0.100000,
        "4" : 0.100000,
        "8" : 0.100000,
        "16" : 99.861772,
        "32" : 0.000000,
        ">=64" : 0.000000
      },
      "iodepth_submit" : {
        "0" : 0.000000,
        "4" : 100.000000,
        "8" : 0.000000,
        "16" : 0.000000,
        "32" : 0.000000,
        "64" : 0.000000,
        ">=64" : 0.000000
      },
      "iodepth_complete" : {
        "0" : 0.000000,
        "4" : 99.990773,
        "8" : 0.000000,
        "16" : 0.100000,
        "32" : 0.000000,
        "64" : 0.000000,
        ">=64" : 0.000000
      },
      "latency_ns" : {
        "2" : 0.000000,
        "4" : 0.000000,
        "10" : 0.000000,
        "20" : 0.000000,
        "50" : 0.000000,
        "100" : 0.000000,
        "250" : 0.000000,
        "500" : 0.000000,
        "750" : 0.000000,
        "1000" : 0.000000
      },
      "latency_us" : {
        "2" : 0.000000,
        "4" : 0.000000,
        "10" : 0.000000,
        "20" : 0.010000,
        "50" : 0.000000,
        "100" : 0.000000,
        "250" : 0.000000,
        "500" : 0.000000,
        "750" : 0.000000,
        "1000" : 0.000000
      },
      "latency_ms" : {
        "2" : 0.010000,
        "4" : 0.010000,
        "10" : 0.012671,
        "20" : 0.033981,
        "50" : 2.631518,
        "100" : 84.144656,
        "250" : 12.992870,
        "500" : 0.101943,
        "750" : 0.056443,
        "1000" : 0.010000,
        "2000" : 0.000000,
        ">=2000" : 0.000000
      },
      "latency_depth" : 16,
      "latency_target" : 0,
      "latency_percentile" : 100.000000,
      "latency_window" : 0
    }
  ]
}
