{
  "fio version" : "fio-3.29-112-gc3773",
  "timestamp" : 1649812723,
  "timestamp_ms" : 1649812723403,
  "time" : "Wed Apr 13 01:18:43 2022",
  "global options" : {
    "size" : "50M",
    "runtime" : "60",
    "rwmixread" : "50",
    "directory" : "/mnt/mfs"
  },
  "jobs" : [
    {
      "jobname" : "iotest",
      "groupid" : 0,
      "error" : 0,
      "eta" : 0,
      "elapsed" : 61,
      "job options" : {
        "rw" : "randrw",
        "bs" : "4k",
        "ioengine" : "libaio",
        "iodepth" : "16",
        "numjobs" : "1",
        "direct" : "1",
        "group_reporting" : "1",
        "invalidate" : "1",
        "loops" : "1",
        "write_bw_log" : "./fio-bench-12-04-2022--23-30-08-rand-mfs/randrw/mfs/randrw50/4k/randrw-iodepth-16-numjobs-1",
        "write_lat_log" : "./fio-bench-12-04-2022--23-30-08-rand-mfs/randrw/mfs/randrw50/4k/randrw-iodepth-16-numjobs-1",
        "write_iops_log" : "./fio-bench-12-04-2022--23-30-08-rand-mfs/randrw/mfs/randrw50/4k/randrw-iodepth-16-numjobs-1",
        "log_avg_msec" : "500"
      },
      "read" : {
        "io_bytes" : 25120768,
        "io_kbytes" : 24532,
        "bw_bytes" : 418463,
        "bw" : 408,
        "iops" : 102.163882,
        "runtime" : 60031,
        "total_ios" : 6133,
        "short_ios" : 0,
        "drop_ios" : 0,
        "slat_ns" : {
          "min" : 1078282,
          "max" : 411258943,
          "mean" : 9695390.787706,
          "stddev" : 11341481.536207,
          "N" : 6133
        },
        "clat_ns" : {
          "min" : 12991,
          "max" : 518244331,
          "mean" : 66351228.837274,
          "stddev" : 22817560.412221,
          "N" : 6133,
          "percentile" : {
            "1.000000" : 31588352,
            "5.000000" : 41680896,
            "10.000000" : 47972352,
            "20.000000" : 54263808,
            "30.000000" : 58458112,
            "40.000000" : 62128128,
            "50.000000" : 65273856,
            "60.000000" : 68681728,
            "70.000000" : 71827456,
            "80.000000" : 74973184,
            "90.000000" : 81264640,
            "95.000000" : 86507520,
            "99.000000" : 135266304,
            "99.500000" : 158334976,
            "99.900000" : 467664896,
            "99.950000" : 492830720,
            "99.990000" : 517996544
          }
        },
        "lat_ns" : {
          "min" : 5380866,
          "max" : 519457267,
          "mean" : 76049530.456873,
          "stddev" : 26066955.184749,
          "N" : 6133
        },
        "bw_min" : 96,
        "bw_max" : 608,
        "bw_agg" : 99.839651,
        "bw_mean" : 408.200000,
        "bw_dev" : 78.331938,
        "bw_samples" : 120,
        "iops_min" : 24,
        "iops_max" : 152,
        "iops_mean" : 102.050000,
        "iops_stddev" : 19.582984,
        "iops_samples" : 120
      },
      "write" : {
        "io_bytes" : 25366528,
        "io_kbytes" : 24772,
        "bw_bytes" : 422557,
        "bw" : 412,
        "iops" : 103.163366,
        "runtime" : 60031,
        "total_ios" : 6193,
        "short_ios" : 0,
        "drop_ios" : 0,
        "slat_ns" : {
          "min" : 50705,
          "max" : 950054,
          "mean" : 63888.407234,
          "stddev" : 17554.353279,
          "N" : 6193
        },
        "clat_ns" : {
          "min" : 21092262,
          "max" : 519347127,
          "mean" : 79622194.785565,
          "stddev" : 23731282.964031,
          "N" : 6193,
          "percentile" : {
            "1.000000" : 43253760,
            "5.000000" : 53739520,
            "10.000000" : 59506688,
            "20.000000" : 65798144,
            "30.000000" : 70778880,
            "40.000000" : 73924608,
            "50.000000" : 78118912,
            "60.000000" : 81264640,
            "70.000000" : 84410368,
            "80.000000" : 88604672,
            "90.000000" : 96993280,
            "95.000000" : 107479040,
            "99.000000" : 164626432,
            "99.500000" : 189792256,
            "99.900000" : 463470592,
            "99.950000" : 505413632,
            "99.990000" : 517996544
          }
        },
        "lat_ns" : {
          "min" : 21163710,
          "max" : 519407610,
          "mean" : 79688885.730825,
          "stddev" : 23730048.584626,
          "N" : 6193
        },
        "bw_min" : 40,
        "bw_max" : 496,
        "bw_agg" : 99.841678,
        "bw_mean" : 412.466667,
        "bw_dev" : 60.499175,
        "bw_samples" : 120,
        "iops_min" : 10,
        "iops_max" : 124,
        "iops_mean" : 103.116667,
        "iops_stddev" : 15.124794,
        "iops_samples" : 120
      },
      "trim" : {
        "io_bytes" : 0,
        "io_kbytes" : 0,
        "bw_bytes" : 0,
        "bw" : 0,
        "iops" : 0.000000,
        "runtime" : 0,
        "total_ios" : 0,
        "short_ios" : 0,
        "drop_ios" : 0,
        "slat_ns" : {
          "min" : 0,
          "max" : 0,
          "mean" : 0.000000,
          "stddev" : 0.000000,
          "N" : 0
        },
        "clat_ns" : {
          "min" : 0,
          "max" : 0,
          "mean" : 0.000000,
          "stddev" : 0.000000,
          "N" : 0
        },
        "lat_ns" : {
          "min" : 0,
          "max" : 0,
          "mean" : 0.000000,
          "stddev" : 0.000000,
          "N" : 0
        },
        "bw_min" : 0,
        "bw_max" : 0,
        "bw_agg" : 0.000000,
        "bw_mean" : 0.000000,
        "bw_dev" : 0.000000,
        "bw_samples" : 0,
        "iops_min" : 0,
        "iops_max" : 0,
        "iops_mean" : 0.000000,
        "iops_stddev" : 0.000000,
        "iops_samples" : 0
      },
      "sync" : {
        "total_ios" : 0,
        "lat_ns" : {
          "min" : 0,
          "max" : 0,
          "mean" : 0.000000,
          "stddev" : 0.000000,
          "N" : 0
        }
      },
      "job_runtime" : 60030,
      "usr_cpu" : 0.226553,
      "sys_cpu" : 0.423122,
      "ctx" : 18544,
      "majf" : 0,
      "minf" : 42,
      "iodepth_level" : {
        "1" : 0.100000,
        "2" : 0.100000,
        "4" : 0.100000,
        "8" : 0.100000,
        "16" : 99.878306,
        "32" : 0.000000,
        ">=64" : 0.000000
      },
      "iodepth_submit" : {
        "0" : 0.000000,
        "4" : 100.000000,
        "8" : 0.000000,
        "16" : 0.000000,
        "32" : 0.000000,
        "64" : 0.000000,
        ">=64" : 0.000000
      },
      "iodepth_complete" : {
        "0" : 0.000000,
        "4" : 99.991878,
        "8" : 0.000000,
        "16" : 0.100000,
        "32" : 0.000000,
        "64" : 0.000000,
        ">=64" : 0.000000
      },
      "latency_ns" : {
        "2" : 0.000000,
        "4" : 0.000000,
        "10" : 0.000000,
        "20" : 0.000000,
        "50" : 0.000000,
        "100" : 0.000000,
        "250" : 0.000000,
        "500" : 0.000000,
        "750" : 0.000000,
        "1000" : 0.000000
      },
      "latency_us" : {
        "2" : 0.000000,
        "4" : 0.000000,
        "10" : 0.000000,
        "20" : 0.010000,
        "50" : 0.000000,
        "100" : 0.000000,
        "250" : 0.000000,
        "500" : 0.000000,
        "750" : 0.000000,
        "1000" : 0.000000
      },
      "latency_ms" : {
        "2" : 0.000000,
        "4" : 0.010000,
        "10" : 0.040565,
        "20" : 0.032452,
        "50" : 7.691060,
        "100" : 87.011196,
        "250" : 5.086808,
        "500" : 0.064903,
        "750" : 0.056791,
        "1000" : 0.000000,
        "2000" : 0.000000,
        ">=2000" : 0.000000
      },
      "latency_depth" : 16,
      "latency_target" : 0,
      "latency_percentile" : 100.000000,
      "latency_window" : 0
    }
  ]
}
