{
  "fio version" : "fio-3.29-112-gc3773",
  "timestamp" : 1649812481,
  "timestamp_ms" : 1649812481839,
  "time" : "Wed Apr 13 01:14:41 2022",
  "global options" : {
    "size" : "50M",
    "runtime" : "60",
    "rwmixread" : "50",
    "directory" : "/mnt/mfs"
  },
  "jobs" : [
    {
      "jobname" : "iotest",
      "groupid" : 0,
      "error" : 0,
      "eta" : 0,
      "elapsed" : 61,
      "job options" : {
        "rw" : "randrw",
        "bs" : "4k",
        "ioengine" : "libaio",
        "iodepth" : "8",
        "numjobs" : "8",
        "direct" : "1",
        "group_reporting" : "1",
        "invalidate" : "1",
        "loops" : "1",
        "write_bw_log" : "./fio-bench-12-04-2022--23-30-08-rand-mfs/randrw/mfs/randrw50/4k/randrw-iodepth-8-numjobs-8",
        "write_lat_log" : "./fio-bench-12-04-2022--23-30-08-rand-mfs/randrw/mfs/randrw50/4k/randrw-iodepth-8-numjobs-8",
        "write_iops_log" : "./fio-bench-12-04-2022--23-30-08-rand-mfs/randrw/mfs/randrw50/4k/randrw-iodepth-8-numjobs-8",
        "log_avg_msec" : "500"
      },
      "read" : {
        "io_bytes" : 196194304,
        "io_kbytes" : 191596,
        "bw_bytes" : 3269087,
        "bw" : 3192,
        "iops" : 798.117137,
        "runtime" : 60015,
        "total_ios" : 47899,
        "short_ios" : 0,
        "drop_ios" : 0,
        "slat_ns" : {
          "min" : 964720,
          "max" : 806058791,
          "mean" : 9920857.915823,
          "stddev" : 17594412.131682,
          "N" : 47899
        },
        "clat_ns" : {
          "min" : 12921,
          "max" : 1485368185,
          "mean" : 28303683.789411,
          "stddev" : 31331569.905164,
          "N" : 47899,
          "percentile" : {
            "1.000000" : 1826816,
            "5.000000" : 9502720,
            "10.000000" : 15400960,
            "20.000000" : 19005440,
            "30.000000" : 22151168,
            "40.000000" : 25559040,
            "50.000000" : 27918336,
            "60.000000" : 29753344,
            "70.000000" : 31850496,
            "80.000000" : 34340864,
            "90.000000" : 38010880,
            "95.000000" : 40108032,
            "99.000000" : 57409536,
            "99.500000" : 78118912,
            "99.900000" : 501219328,
            "99.950000" : 809500672,
            "99.990000" : 1115684864
          }
        },
        "lat_ns" : {
          "min" : 1580093,
          "max" : 1902118739,
          "mean" : 38227610.534291,
          "stddev" : 42550542.071631,
          "N" : 47899
        },
        "bw_min" : 280,
        "bw_max" : 4603,
        "bw_agg" : 100.000000,
        "bw_mean" : 3214.054069,
        "bw_dev" : 108.756576,
        "bw_samples" : 952,
        "iops_min" : 70,
        "iops_max" : 1150,
        "iops_mean" : 803.473557,
        "iops_stddev" : 27.183535,
        "iops_samples" : 952
      },
      "write" : {
        "io_bytes" : 197423104,
        "io_kbytes" : 192796,
        "bw_bytes" : 3289562,
        "bw" : 3212,
        "iops" : 803.115888,
        "runtime" : 60015,
        "total_ios" : 48199,
        "short_ios" : 0,
        "drop_ios" : 0,
        "slat_ns" : {
          "min" : 35968,
          "max" : 12177906,
          "mean" : 69667.384987,
          "stddev" : 75956.831846,
          "N" : 48199
        },
        "clat_ns" : {
          "min" : 345645,
          "max" : 1808787152,
          "mean" : 41441270.794456,
          "stddev" : 44969370.932695,
          "N" : 48199,
          "percentile" : {
            "1.000000" : 12124160,
            "5.000000" : 20316160,
            "10.000000" : 25034752,
            "20.000000" : 30277632,
            "30.000000" : 33816576,
            "40.000000" : 36438016,
            "50.000000" : 39059456,
            "60.000000" : 41680896,
            "70.000000" : 44302336,
            "80.000000" : 47448064,
            "90.000000" : 53215232,
            "95.000000" : 59506688,
            "99.000000" : 82313216,
            "99.500000" : 111673344,
            "99.900000" : 809500672,
            "99.950000" : 1149239296,
            "99.990000" : 1484783616
          }
        },
        "lat_ns" : {
          "min" : 401728,
          "max" : 1808848822,
          "mean" : 41513966.517065,
          "stddev" : 44969383.127118,
          "N" : 48199
        },
        "bw_min" : 320,
        "bw_max" : 4288,
        "bw_agg" : 100.000000,
        "bw_mean" : 3224.739717,
        "bw_dev" : 100.327404,
        "bw_samples" : 955,
        "iops_min" : 80,
        "iops_max" : 1072,
        "iops_mean" : 806.168086,
        "iops_stddev" : 25.079803,
        "iops_samples" : 955
      },
      "trim" : {
        "io_bytes" : 0,
        "io_kbytes" : 0,
        "bw_bytes" : 0,
        "bw" : 0,
        "iops" : 0.000000,
        "runtime" : 0,
        "total_ios" : 0,
        "short_ios" : 0,
        "drop_ios" : 0,
        "slat_ns" : {
          "min" : 0,
          "max" : 0,
          "mean" : 0.000000,
          "stddev" : 0.000000,
          "N" : 0
        },
        "clat_ns" : {
          "min" : 0,
          "max" : 0,
          "mean" : 0.000000,
          "stddev" : 0.000000,
          "N" : 0
        },
        "lat_ns" : {
          "min" : 0,
          "max" : 0,
          "mean" : 0.000000,
          "stddev" : 0.000000,
          "N" : 0
        },
        "bw_min" : 0,
        "bw_max" : 0,
        "bw_agg" : 0.000000,
        "bw_mean" : 0.000000,
        "bw_dev" : 0.000000,
        "bw_samples" : 0,
        "iops_min" : 0,
        "iops_max" : 0,
        "iops_mean" : 0.000000,
        "iops_stddev" : 0.000000,
        "iops_samples" : 0
      },
      "sync" : {
        "total_ios" : 0,
        "lat_ns" : {
          "min" : 0,
          "max" : 0,
          "mean" : 0.000000,
          "stddev" : 0.000000,
          "N" : 0
        }
      },
      "job_runtime" : 480053,
      "usr_cpu" : 0.184980,
      "sys_cpu" : 0.454117,
      "ctx" : 155313,
      "majf" : 0,
      "minf" : 322,
      "iodepth_level" : {
        "1" : 0.100000,
        "2" : 0.100000,
        "4" : 0.100000,
        "8" : 99.941726,
        "16" : 0.000000,
        "32" : 0.000000,
        ">=64" : 0.000000
      },
      "iodepth_submit" : {
        "0" : 0.000000,
        "4" : 100.000000,
        "8" : 0.000000,
        "16" : 0.000000,
        "32" : 0.000000,
        "64" : 0.000000,
        ">=64" : 0.000000
      },
      "iodepth_complete" : {
        "0" : 0.000000,
        "4" : 99.991671,
        "8" : 0.100000,
        "16" : 0.000000,
        "32" : 0.000000,
        "64" : 0.000000,
        ">=64" : 0.000000
      },
      "latency_ns" : {
        "2" : 0.000000,
        "4" : 0.000000,
        "10" : 0.000000,
        "20" : 0.000000,
        "50" : 0.000000,
        "100" : 0.000000,
        "250" : 0.000000,
        "500" : 0.000000,
        "750" : 0.000000,
        "1000" : 0.000000
      },
      "latency_us" : {
        "2" : 0.000000,
        "4" : 0.000000,
        "10" : 0.000000,
        "20" : 0.010000,
        "50" : 0.000000,
        "100" : 0.000000,
        "250" : 0.000000,
        "500" : 0.084289,
        "750" : 0.681596,
        "1000" : 0.024975
      },
      "latency_ms" : {
        "2" : 0.187309,
        "4" : 0.479719,
        "10" : 1.581719,
        "20" : 10.955483,
        "50" : 78.129618,
        "100" : 7.385169,
        "250" : 0.182106,
        "500" : 0.157131,
        "750" : 0.049949,
        "1000" : 0.043705,
        "2000" : 0.048908,
        ">=2000" : 0.000000
      },
      "latency_depth" : 8,
      "latency_target" : 0,
      "latency_percentile" : 100.000000,
      "latency_window" : 0
    }
  ]
}
