{
  "fio version" : "fio-3.29-112-gc3773",
  "timestamp" : 1649813686,
  "timestamp_ms" : 1649813686980,
  "time" : "Wed Apr 13 01:34:46 2022",
  "global options" : {
    "size" : "50M",
    "runtime" : "60",
    "rwmixread" : "50",
    "directory" : "/mnt/mfs"
  },
  "jobs" : [
    {
      "jobname" : "iotest",
      "groupid" : 0,
      "error" : 0,
      "eta" : 0,
      "elapsed" : 61,
      "job options" : {
        "rw" : "randrw",
        "bs" : "4k",
        "ioengine" : "libaio",
        "iodepth" : "64",
        "numjobs" : "4",
        "direct" : "1",
        "group_reporting" : "1",
        "invalidate" : "1",
        "loops" : "1",
        "write_bw_log" : "./fio-bench-12-04-2022--23-30-08-rand-mfs/randrw/mfs/randrw50/4k/randrw-iodepth-64-numjobs-4",
        "write_lat_log" : "./fio-bench-12-04-2022--23-30-08-rand-mfs/randrw/mfs/randrw50/4k/randrw-iodepth-64-numjobs-4",
        "write_iops_log" : "./fio-bench-12-04-2022--23-30-08-rand-mfs/randrw/mfs/randrw50/4k/randrw-iodepth-64-numjobs-4",
        "log_avg_msec" : "500"
      },
      "read" : {
        "io_bytes" : 98652160,
        "io_kbytes" : 96340,
        "bw_bytes" : 1643736,
        "bw" : 1605,
        "iops" : 401.302964,
        "runtime" : 60017,
        "total_ios" : 24085,
        "short_ios" : 0,
        "drop_ios" : 0,
        "slat_ns" : {
          "min" : 992168,
          "max" : 842341248,
          "mean" : 9612064.944364,
          "stddev" : 17827918.850755,
          "N" : 24085
        },
        "clat_ns" : {
          "min" : 9777,
          "max" : 5626711464,
          "mean" : 296086376.199003,
          "stddev" : 276376083.399056,
          "N" : 24085,
          "percentile" : {
            "1.000000" : 208666624,
            "5.000000" : 235929600,
            "10.000000" : 246415360,
            "20.000000" : 256901120,
            "30.000000" : 265289728,
            "40.000000" : 270532608,
            "50.000000" : 278921216,
            "60.000000" : 283115520,
            "70.000000" : 287309824,
            "80.000000" : 295698432,
            "90.000000" : 304087040,
            "95.000000" : 312475648,
            "99.000000" : 341835776,
            "99.500000" : 2105540608,
            "99.900000" : 5066719232,
            "99.950000" : 5335154688,
            "99.990000" : 5603590144
          }
        },
        "lat_ns" : {
          "min" : 1590011,
          "max" : 5679125870,
          "mean" : 305701441.606560,
          "stddev" : 282892266.848849,
          "N" : 24085
        },
        "bw_min" : 224,
        "bw_max" : 2377,
        "bw_agg" : 100.000000,
        "bw_mean" : 1654.717000,
        "bw_dev" : 115.225975,
        "bw_samples" : 463,
        "iops_min" : 56,
        "iops_max" : 594,
        "iops_mean" : 413.661700,
        "iops_stddev" : 28.802629,
        "iops_samples" : 463
      },
      "write" : {
        "io_bytes" : 100433920,
        "io_kbytes" : 98080,
        "bw_bytes" : 1673424,
        "bw" : 1634,
        "iops" : 408.550911,
        "runtime" : 60017,
        "total_ios" : 24520,
        "short_ios" : 0,
        "drop_ios" : 0,
        "slat_ns" : {
          "min" : 37435,
          "max" : 1151755,
          "mean" : 66744.938010,
          "stddev" : 18485.159919,
          "N" : 24520
        },
        "clat_ns" : {
          "min" : 11619523,
          "max" : 5679050232,
          "mean" : 308546552.089192,
          "stddev" : 279417122.487646,
          "N" : 24520,
          "percentile" : {
            "1.000000" : 221249536,
            "5.000000" : 246415360,
            "10.000000" : 256901120,
            "20.000000" : 267386880,
            "30.000000" : 274726912,
            "40.000000" : 283115520,
            "50.000000" : 291504128,
            "60.000000" : 295698432,
            "70.000000" : 299892736,
            "80.000000" : 308281344,
            "90.000000" : 320864256,
            "95.000000" : 329252864,
            "99.000000" : 354418688,
            "99.500000" : 2164260864,
            "99.900000" : 5200936960,
            "99.950000" : 5402263552,
            "99.990000" : 5603590144
          }
        },
        "lat_ns" : {
          "min" : 11692717,
          "max" : 5679110784,
          "mean" : 308616201.530587,
          "stddev" : 279418252.608394,
          "N" : 24520
        },
        "bw_min" : 232,
        "bw_max" : 2242,
        "bw_agg" : 100.000000,
        "bw_mean" : 1686.978695,
        "bw_dev" : 110.573937,
        "bw_samples" : 462,
        "iops_min" : 58,
        "iops_max" : 560,
        "iops_mean" : 421.729225,
        "iops_stddev" : 27.639963,
        "iops_samples" : 462
      },
      "trim" : {
        "io_bytes" : 0,
        "io_kbytes" : 0,
        "bw_bytes" : 0,
        "bw" : 0,
        "iops" : 0.000000,
        "runtime" : 0,
        "total_ios" : 0,
        "short_ios" : 0,
        "drop_ios" : 0,
        "slat_ns" : {
          "min" : 0,
          "max" : 0,
          "mean" : 0.000000,
          "stddev" : 0.000000,
          "N" : 0
        },
        "clat_ns" : {
          "min" : 0,
          "max" : 0,
          "mean" : 0.000000,
          "stddev" : 0.000000,
          "N" : 0
        },
        "lat_ns" : {
          "min" : 0,
          "max" : 0,
          "mean" : 0.000000,
          "stddev" : 0.000000,
          "N" : 0
        },
        "bw_min" : 0,
        "bw_max" : 0,
        "bw_agg" : 0.000000,
        "bw_mean" : 0.000000,
        "bw_dev" : 0.000000,
        "bw_samples" : 0,
        "iops_min" : 0,
        "iops_max" : 0,
        "iops_mean" : 0.000000,
        "iops_stddev" : 0.000000,
        "iops_samples" : 0
      },
      "sync" : {
        "total_ios" : 0,
        "lat_ns" : {
          "min" : 0,
          "max" : 0,
          "mean" : 0.000000,
          "stddev" : 0.000000,
          "N" : 0
        }
      },
      "job_runtime" : 233870,
      "usr_cpu" : 0.208235,
      "sys_cpu" : 0.459229,
      "ctx" : 75590,
      "majf" : 0,
      "minf" : 159,
      "iodepth_level" : {
        "1" : 0.100000,
        "2" : 0.100000,
        "4" : 0.100000,
        "8" : 0.100000,
        "16" : 0.131674,
        "32" : 0.263347,
        ">=64" : 99.481535
      },
      "iodepth_submit" : {
        "0" : 0.000000,
        "4" : 100.000000,
        "8" : 0.000000,
        "16" : 0.000000,
        "32" : 0.000000,
        "64" : 0.000000,
        ">=64" : 0.000000
      },
      "iodepth_complete" : {
        "0" : 0.000000,
        "4" : 99.991728,
        "8" : 0.000000,
        "16" : 0.000000,
        "32" : 0.000000,
        "64" : 0.100000,
        ">=64" : 0.000000
      },
      "latency_ns" : {
        "2" : 0.000000,
        "4" : 0.000000,
        "10" : 0.000000,
        "20" : 0.000000,
        "50" : 0.000000,
        "100" : 0.000000,
        "250" : 0.000000,
        "500" : 0.000000,
        "750" : 0.000000,
        "1000" : 0.000000
      },
      "latency_us" : {
        "2" : 0.000000,
        "4" : 0.000000,
        "10" : 0.010000,
        "20" : 0.010000,
        "50" : 0.000000,
        "100" : 0.000000,
        "250" : 0.000000,
        "500" : 0.000000,
        "750" : 0.000000,
        "1000" : 0.000000
      },
      "latency_ms" : {
        "2" : 0.010000,
        "4" : 0.000000,
        "10" : 0.000000,
        "20" : 0.026746,
        "50" : 0.065837,
        "100" : 0.104927,
        "250" : 9.579261,
        "500" : 89.449645,
        "750" : 0.082296,
        "1000" : 0.030861,
        "2000" : 0.125501,
        ">=2000" : 0.524637
      },
      "latency_depth" : 64,
      "latency_target" : 0,
      "latency_percentile" : 100.000000,
      "latency_window" : 0
    }
  ]
}
