{
  "fio version" : "fio-3.29-112-gc3773",
  "timestamp" : 1649812602,
  "timestamp_ms" : 1649812602575,
  "time" : "Wed Apr 13 01:16:42 2022",
  "global options" : {
    "size" : "50M",
    "runtime" : "60",
    "rwmixread" : "50",
    "directory" : "/mnt/mfs"
  },
  "jobs" : [
    {
      "jobname" : "iotest",
      "groupid" : 0,
      "error" : 0,
      "eta" : 0,
      "elapsed" : 61,
      "job options" : {
        "rw" : "randrw",
        "bs" : "4k",
        "ioengine" : "libaio",
        "iodepth" : "8",
        "numjobs" : "32",
        "direct" : "1",
        "group_reporting" : "1",
        "invalidate" : "1",
        "loops" : "1",
        "write_bw_log" : "./fio-bench-12-04-2022--23-30-08-rand-mfs/randrw/mfs/randrw50/4k/randrw-iodepth-8-numjobs-32",
        "write_lat_log" : "./fio-bench-12-04-2022--23-30-08-rand-mfs/randrw/mfs/randrw50/4k/randrw-iodepth-8-numjobs-32",
        "write_iops_log" : "./fio-bench-12-04-2022--23-30-08-rand-mfs/randrw/mfs/randrw50/4k/randrw-iodepth-8-numjobs-32",
        "log_avg_msec" : "500"
      },
      "read" : {
        "io_bytes" : 468746240,
        "io_kbytes" : 457760,
        "bw_bytes" : 7807232,
        "bw" : 7624,
        "iops" : 1906.062625,
        "runtime" : 60040,
        "total_ios" : 114440,
        "short_ios" : 0,
        "drop_ios" : 0,
        "slat_ns" : {
          "min" : 1001806,
          "max" : 420550294,
          "mean" : 16653730.407768,
          "stddev" : 17927889.784081,
          "N" : 114440
        },
        "clat_ns" : {
          "min" : 10197,
          "max" : 362615893,
          "mean" : 48057704.595622,
          "stddev" : 21341565.927635,
          "N" : 114440,
          "percentile" : {
            "1.000000" : 3096576,
            "5.000000" : 17956864,
            "10.000000" : 27394048,
            "20.000000" : 34340864,
            "30.000000" : 39059456,
            "40.000000" : 44302336,
            "50.000000" : 48496640,
            "60.000000" : 52166656,
            "70.000000" : 55836672,
            "80.000000" : 60030976,
            "90.000000" : 65798144,
            "95.000000" : 70778880,
            "99.000000" : 109576192,
            "99.500000" : 160432128,
            "99.900000" : 270532608,
            "99.950000" : 299892736,
            "99.990000" : 346030080
          }
        },
        "lat_ns" : {
          "min" : 1784170,
          "max" : 454151370,
          "mean" : 64715414.938588,
          "stddev" : 28457815.217703,
          "N" : 114440
        },
        "bw_min" : 3384,
        "bw_max" : 11624,
        "bw_agg" : 99.983605,
        "bw_mean" : 7623.528081,
        "bw_dev" : 48.254421,
        "bw_samples" : 3836,
        "iops_min" : 846,
        "iops_max" : 2906,
        "iops_mean" : 1905.744468,
        "iops_stddev" : 12.062593,
        "iops_samples" : 3836
      },
      "write" : {
        "io_bytes" : 468934656,
        "io_kbytes" : 457944,
        "bw_bytes" : 7810370,
        "bw" : 7627,
        "iops" : 1906.828781,
        "runtime" : 60040,
        "total_ios" : 114486,
        "short_ios" : 0,
        "drop_ios" : 0,
        "slat_ns" : {
          "min" : 35270,
          "max" : 3883325,
          "mean" : 83850.092972,
          "stddev" : 62661.522117,
          "N" : 114486
        },
        "clat_ns" : {
          "min" : 375049,
          "max" : 452131415,
          "mean" : 69311128.400564,
          "stddev" : 27136125.020787,
          "N" : 114486,
          "percentile" : {
            "1.000000" : 21364736,
            "5.000000" : 35913728,
            "10.000000" : 44302336,
            "20.000000" : 52690944,
            "30.000000" : 58458112,
            "40.000000" : 63176704,
            "50.000000" : 67633152,
            "60.000000" : 71827456,
            "70.000000" : 76021760,
            "80.000000" : 82313216,
            "90.000000" : 91750400,
            "95.000000" : 103284736,
            "99.000000" : 162529280,
            "99.500000" : 229638144,
            "99.900000" : 329252864,
            "99.950000" : 358612992,
            "99.990000" : 383778816
          }
        },
        "lat_ns" : {
          "min" : 437697,
          "max" : 452173250,
          "mean" : 69398747.387235,
          "stddev" : 27134576.359493,
          "N" : 114486
        },
        "bw_min" : 4000,
        "bw_max" : 10328,
        "bw_agg" : 99.969656,
        "bw_mean" : 7625.056373,
        "bw_dev" : 36.858133,
        "bw_samples" : 3836,
        "iops_min" : 1000,
        "iops_max" : 2582,
        "iops_mean" : 1906.126541,
        "iops_stddev" : 9.214550,
        "iops_samples" : 3836
      },
      "trim" : {
        "io_bytes" : 0,
        "io_kbytes" : 0,
        "bw_bytes" : 0,
        "bw" : 0,
        "iops" : 0.000000,
        "runtime" : 0,
        "total_ios" : 0,
        "short_ios" : 0,
        "drop_ios" : 0,
        "slat_ns" : {
          "min" : 0,
          "max" : 0,
          "mean" : 0.000000,
          "stddev" : 0.000000,
          "N" : 0
        },
        "clat_ns" : {
          "min" : 0,
          "max" : 0,
          "mean" : 0.000000,
          "stddev" : 0.000000,
          "N" : 0
        },
        "lat_ns" : {
          "min" : 0,
          "max" : 0,
          "mean" : 0.000000,
          "stddev" : 0.000000,
          "N" : 0
        },
        "bw_min" : 0,
        "bw_max" : 0,
        "bw_agg" : 0.000000,
        "bw_mean" : 0.000000,
        "bw_dev" : 0.000000,
        "bw_samples" : 0,
        "iops_min" : 0,
        "iops_max" : 0,
        "iops_mean" : 0.000000,
        "iops_stddev" : 0.000000,
        "iops_samples" : 0
      },
      "sync" : {
        "total_ios" : 0,
        "lat_ns" : {
          "min" : 0,
          "max" : 0,
          "mean" : 0.000000,
          "stddev" : 0.000000,
          "N" : 0
        }
      },
      "job_runtime" : 1920379,
      "usr_cpu" : 0.121486,
      "sys_cpu" : 0.279945,
      "ctx" : 410863,
      "majf" : 0,
      "minf" : 1391,
      "iodepth_level" : {
        "1" : 0.100000,
        "2" : 0.100000,
        "4" : 0.100000,
        "8" : 99.902152,
        "16" : 0.000000,
        "32" : 0.000000,
        ">=64" : 0.000000
      },
      "iodepth_submit" : {
        "0" : 0.000000,
        "4" : 100.000000,
        "8" : 0.000000,
        "16" : 0.000000,
        "32" : 0.000000,
        "64" : 0.000000,
        ">=64" : 0.000000
      },
      "iodepth_complete" : {
        "0" : 0.000000,
        "4" : 99.986010,
        "8" : 0.100000,
        "16" : 0.000000,
        "32" : 0.000000,
        "64" : 0.000000,
        ">=64" : 0.000000
      },
      "latency_ns" : {
        "2" : 0.000000,
        "4" : 0.000000,
        "10" : 0.000000,
        "20" : 0.000000,
        "50" : 0.000000,
        "100" : 0.000000,
        "250" : 0.000000,
        "500" : 0.000000,
        "750" : 0.000000,
        "1000" : 0.000000
      },
      "latency_us" : {
        "2" : 0.000000,
        "4" : 0.000000,
        "10" : 0.000000,
        "20" : 0.013105,
        "50" : 0.010000,
        "100" : 0.000000,
        "250" : 0.000000,
        "500" : 0.038004,
        "750" : 0.465653,
        "1000" : 0.205307
      },
      "latency_ms" : {
        "2" : 0.055913,
        "4" : 0.275198,
        "10" : 0.759197,
        "20" : 1.456803,
        "50" : 31.501009,
        "100" : 61.699414,
        "250" : 3.261316,
        "500" : 0.268209,
        "750" : 0.000000,
        "1000" : 0.000000,
        "2000" : 0.000000,
        ">=2000" : 0.000000
      },
      "latency_depth" : 8,
      "latency_target" : 0,
      "latency_percentile" : 100.000000,
      "latency_window" : 0
    }
  ]
}
