{
  "fio version" : "fio-3.29-112-gc3773",
  "timestamp" : 1649812904,
  "timestamp_ms" : 1649812904199,
  "time" : "Wed Apr 13 01:21:44 2022",
  "global options" : {
    "size" : "50M",
    "runtime" : "60",
    "rwmixread" : "50",
    "directory" : "/mnt/mfs"
  },
  "jobs" : [
    {
      "jobname" : "iotest",
      "groupid" : 0,
      "error" : 0,
      "eta" : 0,
      "elapsed" : 61,
      "job options" : {
        "rw" : "randrw",
        "bs" : "4k",
        "ioengine" : "libaio",
        "iodepth" : "16",
        "numjobs" : "8",
        "direct" : "1",
        "group_reporting" : "1",
        "invalidate" : "1",
        "loops" : "1",
        "write_bw_log" : "./fio-bench-12-04-2022--23-30-08-rand-mfs/randrw/mfs/randrw50/4k/randrw-iodepth-16-numjobs-8",
        "write_lat_log" : "./fio-bench-12-04-2022--23-30-08-rand-mfs/randrw/mfs/randrw50/4k/randrw-iodepth-16-numjobs-8",
        "write_iops_log" : "./fio-bench-12-04-2022--23-30-08-rand-mfs/randrw/mfs/randrw50/4k/randrw-iodepth-16-numjobs-8",
        "log_avg_msec" : "500"
      },
      "read" : {
        "io_bytes" : 196194304,
        "io_kbytes" : 191596,
        "bw_bytes" : 3269305,
        "bw" : 3192,
        "iops" : 798.170335,
        "runtime" : 60011,
        "total_ios" : 47899,
        "short_ios" : 0,
        "drop_ios" : 0,
        "slat_ns" : {
          "min" : 982740,
          "max" : 1265617525,
          "mean" : 9890921.796572,
          "stddev" : 20299255.159145,
          "N" : 47899
        },
        "clat_ns" : {
          "min" : 8660,
          "max" : 3276839769,
          "mean" : 67851562.407629,
          "stddev" : 75331009.785772,
          "N" : 47899,
          "percentile" : {
            "1.000000" : 32374784,
            "5.000000" : 43253760,
            "10.000000" : 48496640,
            "20.000000" : 54263808,
            "30.000000" : 58458112,
            "40.000000" : 61603840,
            "50.000000" : 64749568,
            "60.000000" : 67633152,
            "70.000000" : 70778880,
            "80.000000" : 73924608,
            "90.000000" : 79167488,
            "95.000000" : 82313216,
            "99.000000" : 123207680,
            "99.500000" : 154140672,
            "99.900000" : 1468006400,
            "99.950000" : 2071986176,
            "99.990000" : 2936012800
          }
        },
        "lat_ns" : {
          "min" : 1362468,
          "max" : 3808701318,
          "mean" : 77745543.749577,
          "stddev" : 85716338.058200,
          "N" : 47899
        },
        "bw_min" : 104,
        "bw_max" : 4657,
        "bw_agg" : 100.000000,
        "bw_mean" : 3227.911389,
        "bw_dev" : 104.942760,
        "bw_samples" : 945,
        "iops_min" : 26,
        "iops_max" : 1164,
        "iops_mean" : 806.926994,
        "iops_stddev" : 26.228258,
        "iops_samples" : 945
      },
      "write" : {
        "io_bytes" : 197410816,
        "io_kbytes" : 192784,
        "bw_bytes" : 3289577,
        "bw" : 3212,
        "iops" : 803.119428,
        "runtime" : 60011,
        "total_ios" : 48196,
        "short_ios" : 0,
        "drop_ios" : 0,
        "slat_ns" : {
          "min" : 35340,
          "max" : 4689995,
          "mean" : 69492.620840,
          "stddev" : 33171.800127,
          "N" : 48196
        },
        "clat_ns" : {
          "min" : 8591,
          "max" : 3698542959,
          "mean" : 81437294.506805,
          "stddev" : 91550906.303189,
          "N" : 48196,
          "percentile" : {
            "1.000000" : 41680896,
            "5.000000" : 53739520,
            "10.000000" : 58982400,
            "20.000000" : 65273856,
            "30.000000" : 69730304,
            "40.000000" : 72876032,
            "50.000000" : 76021760,
            "60.000000" : 79167488,
            "70.000000" : 83361792,
            "80.000000" : 87556096,
            "90.000000" : 92798976,
            "95.000000" : 99090432,
            "99.000000" : 147849216,
            "99.500000" : 191889408,
            "99.900000" : 1887436800,
            "99.950000" : 2298478592,
            "99.990000" : 3036676096
          }
        },
        "lat_ns" : {
          "min" : 83740,
          "max" : 3698613219,
          "mean" : 81509810.676571,
          "stddev" : 91550550.087974,
          "N" : 48196
        },
        "bw_min" : 88,
        "bw_max" : 4201,
        "bw_agg" : 100.000000,
        "bw_mean" : 3241.695062,
        "bw_dev" : 97.601551,
        "bw_samples" : 947,
        "iops_min" : 22,
        "iops_max" : 1050,
        "iops_mean" : 810.406816,
        "iops_stddev" : 24.398389,
        "iops_samples" : 947
      },
      "trim" : {
        "io_bytes" : 0,
        "io_kbytes" : 0,
        "bw_bytes" : 0,
        "bw" : 0,
        "iops" : 0.000000,
        "runtime" : 0,
        "total_ios" : 0,
        "short_ios" : 0,
        "drop_ios" : 0,
        "slat_ns" : {
          "min" : 0,
          "max" : 0,
          "mean" : 0.000000,
          "stddev" : 0.000000,
          "N" : 0
        },
        "clat_ns" : {
          "min" : 0,
          "max" : 0,
          "mean" : 0.000000,
          "stddev" : 0.000000,
          "N" : 0
        },
        "lat_ns" : {
          "min" : 0,
          "max" : 0,
          "mean" : 0.000000,
          "stddev" : 0.000000,
          "N" : 0
        },
        "bw_min" : 0,
        "bw_max" : 0,
        "bw_agg" : 0.000000,
        "bw_mean" : 0.000000,
        "bw_dev" : 0.000000,
        "bw_samples" : 0,
        "iops_min" : 0,
        "iops_max" : 0,
        "iops_mean" : 0.000000,
        "iops_stddev" : 0.000000,
        "iops_samples" : 0
      },
      "sync" : {
        "total_ios" : 0,
        "lat_ns" : {
          "min" : 0,
          "max" : 0,
          "mean" : 0.000000,
          "stddev" : 0.000000,
          "N" : 0
        }
      },
      "job_runtime" : 478607,
      "usr_cpu" : 0.219596,
      "sys_cpu" : 0.420596,
      "ctx" : 155319,
      "majf" : 0,
      "minf" : 324,
      "iodepth_level" : {
        "1" : 0.100000,
        "2" : 0.100000,
        "4" : 0.100000,
        "8" : 0.100000,
        "16" : 99.875124,
        "32" : 0.000000,
        ">=64" : 0.000000
      },
      "iodepth_submit" : {
        "0" : 0.000000,
        "4" : 100.000000,
        "8" : 0.000000,
        "16" : 0.000000,
        "32" : 0.000000,
        "64" : 0.000000,
        ">=64" : 0.000000
      },
      "iodepth_complete" : {
        "0" : 0.000000,
        "4" : 99.991665,
        "8" : 0.000000,
        "16" : 0.100000,
        "32" : 0.000000,
        "64" : 0.000000,
        ">=64" : 0.000000
      },
      "latency_ns" : {
        "2" : 0.000000,
        "4" : 0.000000,
        "10" : 0.000000,
        "20" : 0.000000,
        "50" : 0.000000,
        "100" : 0.000000,
        "250" : 0.000000,
        "500" : 0.000000,
        "750" : 0.000000,
        "1000" : 0.000000
      },
      "latency_us" : {
        "2" : 0.000000,
        "4" : 0.000000,
        "10" : 0.010000,
        "20" : 0.010000,
        "50" : 0.010000,
        "100" : 0.010000,
        "250" : 0.000000,
        "500" : 0.000000,
        "750" : 0.000000,
        "1000" : 0.000000
      },
      "latency_ms" : {
        "2" : 0.010000,
        "4" : 0.010000,
        "10" : 0.015610,
        "20" : 0.080129,
        "50" : 7.468651,
        "100" : 89.382382,
        "250" : 2.678599,
        "500" : 0.061398,
        "750" : 0.036422,
        "1000" : 0.097820,
        "2000" : 0.082210,
        ">=2000" : 0.075966
      },
      "latency_depth" : 16,
      "latency_target" : 0,
      "latency_percentile" : 100.000000,
      "latency_window" : 0
    }
  ]
}
