{
  "fio version" : "fio-3.29-112-gc3773",
  "timestamp" : 1649813929,
  "timestamp_ms" : 1649813929013,
  "time" : "Wed Apr 13 01:38:49 2022",
  "global options" : {
    "size" : "50M",
    "runtime" : "60",
    "rwmixread" : "50",
    "directory" : "/mnt/mfs"
  },
  "jobs" : [
    {
      "jobname" : "iotest",
      "groupid" : 0,
      "error" : 0,
      "eta" : 0,
      "elapsed" : 61,
      "job options" : {
        "rw" : "randrw",
        "bs" : "4k",
        "ioengine" : "libaio",
        "iodepth" : "64",
        "numjobs" : "64",
        "direct" : "1",
        "group_reporting" : "1",
        "invalidate" : "1",
        "loops" : "1",
        "write_bw_log" : "./fio-bench-12-04-2022--23-30-08-rand-mfs/randrw/mfs/randrw50/4k/randrw-iodepth-64-numjobs-64",
        "write_lat_log" : "./fio-bench-12-04-2022--23-30-08-rand-mfs/randrw/mfs/randrw50/4k/randrw-iodepth-64-numjobs-64",
        "write_iops_log" : "./fio-bench-12-04-2022--23-30-08-rand-mfs/randrw/mfs/randrw50/4k/randrw-iodepth-64-numjobs-64",
        "log_avg_msec" : "500"
      },
      "read" : {
        "io_bytes" : 527044608,
        "io_kbytes" : 514692,
        "bw_bytes" : 8778078,
        "bw" : 8572,
        "iops" : 2143.085558,
        "runtime" : 60041,
        "total_ios" : 128673,
        "short_ios" : 0,
        "drop_ios" : 0,
        "slat_ns" : {
          "min" : 1196454,
          "max" : 454916336,
          "mean" : 29689531.170339,
          "stddev" : 29016173.302791,
          "N" : 128673
        },
        "clat_ns" : {
          "min" : 10686,
          "max" : 1937183799,
          "mean" : 914978838.799507,
          "stddev" : 123491707.719645,
          "N" : 128673,
          "percentile" : {
            "1.000000" : 484442112,
            "5.000000" : 784334848,
            "10.000000" : 817889280,
            "20.000000" : 859832320,
            "30.000000" : 876609536,
            "40.000000" : 901775360,
            "50.000000" : 918552576,
            "60.000000" : 935329792,
            "70.000000" : 960495616,
            "80.000000" : 977272832,
            "90.000000" : 1010827264,
            "95.000000" : 1035993088,
            "99.000000" : 1249902592,
            "99.500000" : 1602224128,
            "99.900000" : 1786773504,
            "99.950000" : 1837105152,
            "99.990000" : 1887436800
          }
        },
        "lat_ns" : {
          "min" : 3679528,
          "max" : 2034822789,
          "mean" : 944672669.968548,
          "stddev" : 127867478.742952,
          "N" : 128673
        },
        "bw_min" : 2541,
        "bw_max" : 14782,
        "bw_agg" : 99.704377,
        "bw_mean" : 8547.245405,
        "bw_dev" : 30.506736,
        "bw_samples" : 7577,
        "iops_min" : 627,
        "iops_max" : 3694,
        "iops_mean" : 2135.527946,
        "iops_stddev" : 7.631829,
        "iops_samples" : 7577
      },
      "write" : {
        "io_bytes" : 525590528,
        "io_kbytes" : 513272,
        "bw_bytes" : 8753860,
        "bw" : 8548,
        "iops" : 2137.172932,
        "runtime" : 60041,
        "total_ios" : 128318,
        "short_ios" : 0,
        "drop_ios" : 0,
        "slat_ns" : {
          "min" : 35270,
          "max" : 11466222,
          "mean" : 93091.727115,
          "stddev" : 156271.628332,
          "N" : 128318
        },
        "clat_ns" : {
          "min" : 11664,
          "max" : 1979452829,
          "mean" : 953391921.329128,
          "stddev" : 126599364.447255,
          "N" : 128318,
          "percentile" : {
            "1.000000" : 505413632,
            "5.000000" : 817889280,
            "10.000000" : 851443712,
            "20.000000" : 893386752,
            "30.000000" : 918552576,
            "40.000000" : 935329792,
            "50.000000" : 960495616,
            "60.000000" : 977272832,
            "70.000000" : 994050048,
            "80.000000" : 1019215872,
            "90.000000" : 1052770304,
            "95.000000" : 1082130432,
            "99.000000" : 1333788672,
            "99.500000" : 1669332992,
            "99.900000" : 1853882368,
            "99.950000" : 1904214016,
            "99.990000" : 1937768448
          }
        },
        "lat_ns" : {
          "min" : 4260050,
          "max" : 1979496480,
          "mean" : 953488954.950833,
          "stddev" : 126604789.558651,
          "N" : 128318
        },
        "bw_min" : 2253,
        "bw_max" : 14423,
        "bw_agg" : 99.594190,
        "bw_mean" : 8514.377410,
        "bw_dev" : 30.591844,
        "bw_samples" : 7582,
        "iops_min" : 555,
        "iops_max" : 3605,
        "iops_mean" : 2127.248635,
        "iops_stddev" : 7.656509,
        "iops_samples" : 7582
      },
      "trim" : {
        "io_bytes" : 0,
        "io_kbytes" : 0,
        "bw_bytes" : 0,
        "bw" : 0,
        "iops" : 0.000000,
        "runtime" : 0,
        "total_ios" : 0,
        "short_ios" : 0,
        "drop_ios" : 0,
        "slat_ns" : {
          "min" : 0,
          "max" : 0,
          "mean" : 0.000000,
          "stddev" : 0.000000,
          "N" : 0
        },
        "clat_ns" : {
          "min" : 0,
          "max" : 0,
          "mean" : 0.000000,
          "stddev" : 0.000000,
          "N" : 0
        },
        "lat_ns" : {
          "min" : 0,
          "max" : 0,
          "mean" : 0.000000,
          "stddev" : 0.000000,
          "N" : 0
        },
        "bw_min" : 0,
        "bw_max" : 0,
        "bw_agg" : 0.000000,
        "bw_mean" : 0.000000,
        "bw_dev" : 0.000000,
        "bw_samples" : 0,
        "iops_min" : 0,
        "iops_max" : 0,
        "iops_mean" : 0.000000,
        "iops_stddev" : 0.000000,
        "iops_samples" : 0
      },
      "sync" : {
        "total_ios" : 0,
        "lat_ns" : {
          "min" : 0,
          "max" : 0,
          "mean" : 0.000000,
          "stddev" : 0.000000,
          "N" : 0
        }
      },
      "job_runtime" : 3841003,
      "usr_cpu" : 0.074512,
      "sys_cpu" : 0.151393,
      "ctx" : 454263,
      "majf" : 0,
      "minf" : 2695,
      "iodepth_level" : {
        "1" : 0.100000,
        "2" : 0.100000,
        "4" : 0.100000,
        "8" : 0.199229,
        "16" : 0.398458,
        "32" : 0.796915,
        ">=64" : 98.431073
      },
      "iodepth_submit" : {
        "0" : 0.000000,
        "4" : 100.000000,
        "8" : 0.000000,
        "16" : 0.000000,
        "32" : 0.000000,
        "64" : 0.000000,
        ">=64" : 0.000000
      },
      "iodepth_complete" : {
        "0" : 0.000000,
        "4" : 99.974706,
        "8" : 0.000000,
        "16" : 0.000000,
        "32" : 0.000000,
        "64" : 0.100000,
        ">=64" : 0.000000
      },
      "latency_ns" : {
        "2" : 0.000000,
        "4" : 0.000000,
        "10" : 0.000000,
        "20" : 0.000000,
        "50" : 0.000000,
        "100" : 0.000000,
        "250" : 0.000000,
        "500" : 0.000000,
        "750" : 0.000000,
        "1000" : 0.000000
      },
      "latency_us" : {
        "2" : 0.000000,
        "4" : 0.000000,
        "10" : 0.000000,
        "20" : 0.023736,
        "50" : 0.010000,
        "100" : 0.000000,
        "250" : 0.010000,
        "500" : 0.000000,
        "750" : 0.000000,
        "1000" : 0.000000
      },
      "latency_ms" : {
        "2" : 0.000000,
        "4" : 0.010000,
        "10" : 0.010000,
        "20" : 0.010000,
        "50" : 0.054087,
        "100" : 0.082882,
        "250" : 0.247090,
        "500" : 0.621423,
        "750" : 1.630407,
        "1000" : 77.251343,
        "2000" : 20.080081,
        ">=2000" : 0.000000
      },
      "latency_depth" : 64,
      "latency_target" : 0,
      "latency_percentile" : 100.000000,
      "latency_window" : 0
    }
  ]
}
