{
  "fio version" : "fio-3.29-112-gc3773",
  "timestamp" : 1649810639,
  "timestamp_ms" : 1649810639191,
  "time" : "Wed Apr 13 00:43:59 2022",
  "global options" : {
    "size" : "50M",
    "runtime" : "60",
    "rwmixread" : "50",
    "directory" : "/mnt/mfs"
  },
  "jobs" : [
    {
      "jobname" : "iotest",
      "groupid" : 0,
      "error" : 0,
      "eta" : 0,
      "elapsed" : 61,
      "job options" : {
        "rw" : "randrw",
        "bs" : "4k",
        "ioengine" : "libaio",
        "iodepth" : "1",
        "numjobs" : "1",
        "direct" : "1",
        "group_reporting" : "1",
        "invalidate" : "1",
        "loops" : "1",
        "write_bw_log" : "./fio-bench-12-04-2022--23-30-08-rand-mfs/randrw/mfs/randrw50/4k/randrw-iodepth-1-numjobs-1",
        "write_lat_log" : "./fio-bench-12-04-2022--23-30-08-rand-mfs/randrw/mfs/randrw50/4k/randrw-iodepth-1-numjobs-1",
        "write_iops_log" : "./fio-bench-12-04-2022--23-30-08-rand-mfs/randrw/mfs/randrw50/4k/randrw-iodepth-1-numjobs-1",
        "log_avg_msec" : "500"
      },
      "read" : {
        "io_bytes" : 18530304,
        "io_kbytes" : 18096,
        "bw_bytes" : 308776,
        "bw" : 301,
        "iops" : 75.384923,
        "runtime" : 60012,
        "total_ios" : 4524,
        "short_ios" : 0,
        "drop_ios" : 0,
        "slat_ns" : {
          "min" : 1102937,
          "max" : 577288815,
          "mean" : 13168383.832670,
          "stddev" : 23470785.974808,
          "N" : 4524
        },
        "clat_ns" : {
          "min" : 2026,
          "max" : 50077,
          "mean" : 2875.915561,
          "stddev" : 752.167420,
          "N" : 4524,
          "percentile" : {
            "1.000000" : 2640,
            "5.000000" : 2736,
            "10.000000" : 2736,
            "20.000000" : 2800,
            "30.000000" : 2800,
            "40.000000" : 2800,
            "50.000000" : 2864,
            "60.000000" : 2864,
            "70.000000" : 2864,
            "80.000000" : 2928,
            "90.000000" : 2928,
            "95.000000" : 2992,
            "99.000000" : 4320,
            "99.500000" : 4640,
            "99.900000" : 5792,
            "99.950000" : 9536,
            "99.990000" : 49920
          }
        },
        "lat_ns" : {
          "min" : 1108595,
          "max" : 577295171,
          "mean" : 13174203.416888,
          "stddev" : 23470921.656286,
          "N" : 4524
        },
        "bw_min" : 8,
        "bw_max" : 584,
        "bw_agg" : 99.821230,
        "bw_mean" : 301.533333,
        "bw_dev" : 137.339115,
        "bw_samples" : 120,
        "iops_min" : 2,
        "iops_max" : 146,
        "iops_mean" : 75.383333,
        "iops_stddev" : 34.334779,
        "iops_samples" : 120
      },
      "write" : {
        "io_bytes" : 18984960,
        "io_kbytes" : 18540,
        "bw_bytes" : 316352,
        "bw" : 308,
        "iops" : 77.234553,
        "runtime" : 60012,
        "total_ios" : 4635,
        "short_ios" : 0,
        "drop_ios" : 0,
        "slat_ns" : {
          "min" : 38063,
          "max" : 1949277,
          "mean" : 66540.195685,
          "stddev" : 33814.679915,
          "N" : 4635
        },
        "clat_ns" : {
          "min" : 1816,
          "max" : 14317,
          "mean" : 2696.792233,
          "stddev" : 332.024495,
          "N" : 4635,
          "percentile" : {
            "1.000000" : 2512,
            "5.000000" : 2576,
            "10.000000" : 2576,
            "20.000000" : 2576,
            "30.000000" : 2640,
            "40.000000" : 2640,
            "50.000000" : 2640,
            "60.000000" : 2736,
            "70.000000" : 2736,
            "80.000000" : 2736,
            "90.000000" : 2800,
            "95.000000" : 2800,
            "99.000000" : 2864,
            "99.500000" : 2928,
            "99.900000" : 8768,
            "99.950000" : 9536,
            "99.990000" : 14272
          }
        },
        "lat_ns" : {
          "min" : 41975,
          "max" : 1955562,
          "mean" : 72049.869471,
          "stddev" : 33845.192893,
          "N" : 4635
        },
        "bw_min" : 8,
        "bw_max" : 472,
        "bw_agg" : 99.696541,
        "bw_mean" : 309.000000,
        "bw_dev" : 127.381119,
        "bw_samples" : 120,
        "iops_min" : 2,
        "iops_max" : 118,
        "iops_mean" : 77.250000,
        "iops_stddev" : 31.845280,
        "iops_samples" : 120
      },
      "trim" : {
        "io_bytes" : 0,
        "io_kbytes" : 0,
        "bw_bytes" : 0,
        "bw" : 0,
        "iops" : 0.000000,
        "runtime" : 0,
        "total_ios" : 0,
        "short_ios" : 0,
        "drop_ios" : 0,
        "slat_ns" : {
          "min" : 0,
          "max" : 0,
          "mean" : 0.000000,
          "stddev" : 0.000000,
          "N" : 0
        },
        "clat_ns" : {
          "min" : 0,
          "max" : 0,
          "mean" : 0.000000,
          "stddev" : 0.000000,
          "N" : 0
        },
        "lat_ns" : {
          "min" : 0,
          "max" : 0,
          "mean" : 0.000000,
          "stddev" : 0.000000,
          "N" : 0
        },
        "bw_min" : 0,
        "bw_max" : 0,
        "bw_agg" : 0.000000,
        "bw_mean" : 0.000000,
        "bw_dev" : 0.000000,
        "bw_samples" : 0,
        "iops_min" : 0,
        "iops_max" : 0,
        "iops_mean" : 0.000000,
        "iops_stddev" : 0.000000,
        "iops_samples" : 0
      },
      "sync" : {
        "total_ios" : 0,
        "lat_ns" : {
          "min" : 0,
          "max" : 0,
          "mean" : 0.000000,
          "stddev" : 0.000000,
          "N" : 0
        }
      },
      "job_runtime" : 60011,
      "usr_cpu" : 0.156638,
      "sys_cpu" : 0.334939,
      "ctx" : 13828,
      "majf" : 0,
      "minf" : 39,
      "iodepth_level" : {
        "1" : 100.000000,
        "2" : 0.000000,
        "4" : 0.000000,
        "8" : 0.000000,
        "16" : 0.000000,
        "32" : 0.000000,
        ">=64" : 0.000000
      },
      "iodepth_submit" : {
        "0" : 0.000000,
        "4" : 100.000000,
        "8" : 0.000000,
        "16" : 0.000000,
        "32" : 0.000000,
        "64" : 0.000000,
        ">=64" : 0.000000
      },
      "iodepth_complete" : {
        "0" : 0.000000,
        "4" : 100.000000,
        "8" : 0.000000,
        "16" : 0.000000,
        "32" : 0.000000,
        "64" : 0.000000,
        ">=64" : 0.000000
      },
      "latency_ns" : {
        "2" : 0.000000,
        "4" : 0.000000,
        "10" : 0.000000,
        "20" : 0.000000,
        "50" : 0.000000,
        "100" : 0.000000,
        "250" : 0.000000,
        "500" : 0.000000,
        "750" : 0.000000,
        "1000" : 0.000000
      },
      "latency_us" : {
        "2" : 0.098264,
        "4" : 99.115624,
        "10" : 0.753357,
        "20" : 0.021836,
        "50" : 0.000000,
        "100" : 0.010918,
        "250" : 0.000000,
        "500" : 0.000000,
        "750" : 0.000000,
        "1000" : 0.000000
      },
      "latency_ms" : {
        "2" : 0.000000,
        "4" : 0.000000,
        "10" : 0.000000,
        "20" : 0.000000,
        "50" : 0.000000,
        "100" : 0.000000,
        "250" : 0.000000,
        "500" : 0.000000,
        "750" : 0.000000,
        "1000" : 0.000000,
        "2000" : 0.000000,
        ">=2000" : 0.000000
      },
      "latency_depth" : 1,
      "latency_target" : 0,
      "latency_percentile" : 100.000000,
      "latency_window" : 0
    }
  ]
}
