{
  "fio version" : "fio-3.29-112-gc3773",
  "timestamp" : 1649813145,
  "timestamp_ms" : 1649813145717,
  "time" : "Wed Apr 13 01:25:45 2022",
  "global options" : {
    "size" : "50M",
    "runtime" : "60",
    "rwmixread" : "50",
    "directory" : "/mnt/mfs"
  },
  "jobs" : [
    {
      "jobname" : "iotest",
      "groupid" : 0,
      "error" : 0,
      "eta" : 0,
      "elapsed" : 61,
      "job options" : {
        "rw" : "randrw",
        "bs" : "4k",
        "ioengine" : "libaio",
        "iodepth" : "32",
        "numjobs" : "1",
        "direct" : "1",
        "group_reporting" : "1",
        "invalidate" : "1",
        "loops" : "1",
        "write_bw_log" : "./fio-bench-12-04-2022--23-30-08-rand-mfs/randrw/mfs/randrw50/4k/randrw-iodepth-32-numjobs-1",
        "write_lat_log" : "./fio-bench-12-04-2022--23-30-08-rand-mfs/randrw/mfs/randrw50/4k/randrw-iodepth-32-numjobs-1",
        "write_iops_log" : "./fio-bench-12-04-2022--23-30-08-rand-mfs/randrw/mfs/randrw50/4k/randrw-iodepth-32-numjobs-1",
        "log_avg_msec" : "500"
      },
      "read" : {
        "io_bytes" : 24539136,
        "io_kbytes" : 23964,
        "bw_bytes" : 408965,
        "bw" : 399,
        "iops" : 99.845008,
        "runtime" : 60003,
        "total_ios" : 5991,
        "short_ios" : 0,
        "drop_ios" : 0,
        "slat_ns" : {
          "min" : 1062987,
          "max" : 770619933,
          "mean" : 9922536.799533,
          "stddev" : 15845947.571731,
          "N" : 5991
        },
        "clat_ns" : {
          "min" : 13130,
          "max" : 973746788,
          "mean" : 147785106.816725,
          "stddev" : 61987404.776152,
          "N" : 5991,
          "percentile" : {
            "1.000000" : 96993280,
            "5.000000" : 110624768,
            "10.000000" : 119013376,
            "20.000000" : 126353408,
            "30.000000" : 131596288,
            "40.000000" : 135266304,
            "50.000000" : 139460608,
            "60.000000" : 143654912,
            "70.000000" : 147849216,
            "80.000000" : 154140672,
            "90.000000" : 162529280,
            "95.000000" : 175112192,
            "99.000000" : 337641472,
            "99.500000" : 784334848,
            "99.900000" : 943718400,
            "99.950000" : 960495616,
            "99.990000" : 977272832
          }
        },
        "lat_ns" : {
          "min" : 17860488,
          "max" : 1038710947,
          "mean" : 157710530.818394,
          "stddev" : 65464337.925853,
          "N" : 5991
        },
        "bw_min" : 16,
        "bw_max" : 568,
        "bw_agg" : 100.000000,
        "bw_mean" : 401.680672,
        "bw_dev" : 89.774853,
        "bw_samples" : 119,
        "iops_min" : 4,
        "iops_max" : 142,
        "iops_mean" : 100.420168,
        "iops_stddev" : 22.443713,
        "iops_samples" : 119
      },
      "write" : {
        "io_bytes" : 24805376,
        "io_kbytes" : 24224,
        "bw_bytes" : 413402,
        "bw" : 403,
        "iops" : 100.928287,
        "runtime" : 60003,
        "total_ios" : 6056,
        "short_ios" : 0,
        "drop_ios" : 0,
        "slat_ns" : {
          "min" : 38203,
          "max" : 1167679,
          "mean" : 63948.034016,
          "stddev" : 20348.408446,
          "N" : 6056
        },
        "clat_ns" : {
          "min" : 17871244,
          "max" : 1008760272,
          "mean" : 160611057.763705,
          "stddev" : 64044593.940810,
          "N" : 6056,
          "percentile" : {
            "1.000000" : 108527616,
            "5.000000" : 123207680,
            "10.000000" : 130547712,
            "20.000000" : 137363456,
            "30.000000" : 143654912,
            "40.000000" : 147849216,
            "50.000000" : 152043520,
            "60.000000" : 156237824,
            "70.000000" : 162529280,
            "80.000000" : 168820736,
            "90.000000" : 177209344,
            "95.000000" : 189792256,
            "99.000000" : 358612992,
            "99.500000" : 801112064,
            "99.900000" : 977272832,
            "99.950000" : 994050048,
            "99.990000" : 1010827264
          }
        },
        "lat_ns" : {
          "min" : 17928304,
          "max" : 1008817472,
          "mean" : 160677777.475892,
          "stddev" : 64044251.413197,
          "N" : 6056
        },
        "bw_min" : 24,
        "bw_max" : 521,
        "bw_agg" : 100.000000,
        "bw_mean" : 406.058824,
        "bw_dev" : 83.377871,
        "bw_samples" : 119,
        "iops_min" : 6,
        "iops_max" : 130,
        "iops_mean" : 101.512605,
        "iops_stddev" : 20.841560,
        "iops_samples" : 119
      },
      "trim" : {
        "io_bytes" : 0,
        "io_kbytes" : 0,
        "bw_bytes" : 0,
        "bw" : 0,
        "iops" : 0.000000,
        "runtime" : 0,
        "total_ios" : 0,
        "short_ios" : 0,
        "drop_ios" : 0,
        "slat_ns" : {
          "min" : 0,
          "max" : 0,
          "mean" : 0.000000,
          "stddev" : 0.000000,
          "N" : 0
        },
        "clat_ns" : {
          "min" : 0,
          "max" : 0,
          "mean" : 0.000000,
          "stddev" : 0.000000,
          "N" : 0
        },
        "lat_ns" : {
          "min" : 0,
          "max" : 0,
          "mean" : 0.000000,
          "stddev" : 0.000000,
          "N" : 0
        },
        "bw_min" : 0,
        "bw_max" : 0,
        "bw_agg" : 0.000000,
        "bw_mean" : 0.000000,
        "bw_dev" : 0.000000,
        "bw_samples" : 0,
        "iops_min" : 0,
        "iops_max" : 0,
        "iops_mean" : 0.000000,
        "iops_stddev" : 0.000000,
        "iops_samples" : 0
      },
      "sync" : {
        "total_ios" : 0,
        "lat_ns" : {
          "min" : 0,
          "max" : 0,
          "mean" : 0.000000,
          "stddev" : 0.000000,
          "N" : 0
        }
      },
      "job_runtime" : 60002,
      "usr_cpu" : 0.221659,
      "sys_cpu" : 0.413320,
      "ctx" : 18147,
      "majf" : 0,
      "minf" : 42,
      "iodepth_level" : {
        "1" : 0.100000,
        "2" : 0.100000,
        "4" : 0.100000,
        "8" : 0.100000,
        "16" : 0.132813,
        "32" : 99.742675,
        ">=64" : 0.000000
      },
      "iodepth_submit" : {
        "0" : 0.000000,
        "4" : 100.000000,
        "8" : 0.000000,
        "16" : 0.000000,
        "32" : 0.000000,
        "64" : 0.000000,
        ">=64" : 0.000000
      },
      "iodepth_complete" : {
        "0" : 0.000000,
        "4" : 99.991678,
        "8" : 0.000000,
        "16" : 0.000000,
        "32" : 0.100000,
        "64" : 0.000000,
        ">=64" : 0.000000
      },
      "latency_ns" : {
        "2" : 0.000000,
        "4" : 0.000000,
        "10" : 0.000000,
        "20" : 0.000000,
        "50" : 0.000000,
        "100" : 0.000000,
        "250" : 0.000000,
        "500" : 0.000000,
        "750" : 0.000000,
        "1000" : 0.000000
      },
      "latency_us" : {
        "2" : 0.000000,
        "4" : 0.000000,
        "10" : 0.000000,
        "20" : 0.010000,
        "50" : 0.000000,
        "100" : 0.000000,
        "250" : 0.000000,
        "500" : 0.000000,
        "750" : 0.000000,
        "1000" : 0.000000
      },
      "latency_ms" : {
        "2" : 0.000000,
        "4" : 0.000000,
        "10" : 0.000000,
        "20" : 0.024902,
        "50" : 0.049805,
        "100" : 0.838383,
        "250" : 95.741678,
        "500" : 2.822279,
        "750" : 0.000000,
        "1000" : 0.498049,
        "2000" : 0.016602,
        ">=2000" : 0.000000
      },
      "latency_depth" : 32,
      "latency_target" : 0,
      "latency_percentile" : 100.000000,
      "latency_window" : 0
    }
  ]
}
