{
  "fio version" : "fio-3.29-112-gc3773",
  "timestamp" : 1649811757,
  "timestamp_ms" : 1649811757693,
  "time" : "Wed Apr 13 01:02:37 2022",
  "global options" : {
    "size" : "50M",
    "runtime" : "60",
    "rwmixread" : "50",
    "directory" : "/mnt/mfs"
  },
  "jobs" : [
    {
      "jobname" : "iotest",
      "groupid" : 0,
      "error" : 0,
      "eta" : 0,
      "elapsed" : 61,
      "job options" : {
        "rw" : "randrw",
        "bs" : "4k",
        "ioengine" : "libaio",
        "iodepth" : "2",
        "numjobs" : "32",
        "direct" : "1",
        "group_reporting" : "1",
        "invalidate" : "1",
        "loops" : "1",
        "write_bw_log" : "./fio-bench-12-04-2022--23-30-08-rand-mfs/randrw/mfs/randrw50/4k/randrw-iodepth-2-numjobs-32",
        "write_lat_log" : "./fio-bench-12-04-2022--23-30-08-rand-mfs/randrw/mfs/randrw50/4k/randrw-iodepth-2-numjobs-32",
        "write_iops_log" : "./fio-bench-12-04-2022--23-30-08-rand-mfs/randrw/mfs/randrw50/4k/randrw-iodepth-2-numjobs-32",
        "log_avg_msec" : "500"
      },
      "read" : {
        "io_bytes" : 448000000,
        "io_kbytes" : 437500,
        "bw_bytes" : 7461940,
        "bw" : 7287,
        "iops" : 1821.762884,
        "runtime" : 60038,
        "total_ios" : 109375,
        "short_ios" : 0,
        "drop_ios" : 0,
        "slat_ns" : {
          "min" : 996148,
          "max" : 860627980,
          "mean" : 17433015.114149,
          "stddev" : 26986226.824339,
          "N" : 109375
        },
        "clat_ns" : {
          "min" : 11105,
          "max" : 150307750,
          "mean" : 1549709.781230,
          "stddev" : 2378798.410509,
          "N" : 109375,
          "percentile" : {
            "1.000000" : 77312,
            "5.000000" : 82432,
            "10.000000" : 84480,
            "20.000000" : 87552,
            "30.000000" : 91648,
            "40.000000" : 113152,
            "50.000000" : 387072,
            "60.000000" : 2211840,
            "70.000000" : 2637824,
            "80.000000" : 3031040,
            "90.000000" : 3555328,
            "95.000000" : 4046848,
            "99.000000" : 5144576,
            "99.500000" : 5668864,
            "99.900000" : 8454144,
            "99.950000" : 30801920,
            "99.990000" : 101187584
          }
        },
        "lat_ns" : {
          "min" : 1092739,
          "max" : 860735746,
          "mean" : 18986571.594030,
          "stddev" : 27366761.222943,
          "N" : 109375
        },
        "bw_min" : 1224,
        "bw_max" : 12496,
        "bw_agg" : 100.000000,
        "bw_mean" : 7298.537743,
        "bw_dev" : 74.841841,
        "bw_samples" : 3832,
        "iops_min" : 306,
        "iops_max" : 3124,
        "iops_mean" : 1824.611519,
        "iops_stddev" : 18.710055,
        "iops_samples" : 3832
      },
      "write" : {
        "io_bytes" : 448352256,
        "io_kbytes" : 437844,
        "bw_bytes" : 7467807,
        "bw" : 7292,
        "iops" : 1823.195310,
        "runtime" : 60038,
        "total_ios" : 109461,
        "short_ios" : 0,
        "drop_ios" : 0,
        "slat_ns" : {
          "min" : 34362,
          "max" : 3816066,
          "mean" : 82512.429952,
          "stddev" : 57906.891145,
          "N" : 109461
        },
        "clat_ns" : {
          "min" : 46305,
          "max" : 860646977,
          "mean" : 15997387.039868,
          "stddev" : 27716404.140327,
          "N" : 109461,
          "percentile" : {
            "1.000000" : 54528,
            "5.000000" : 71168,
            "10.000000" : 73216,
            "20.000000" : 77312,
            "30.000000" : 96768,
            "40.000000" : 126464,
            "50.000000" : 11206656,
            "60.000000" : 20316160,
            "70.000000" : 23199744,
            "80.000000" : 28442624,
            "90.000000" : 36962304,
            "95.000000" : 45350912,
            "99.000000" : 73924608,
            "99.500000" : 128450560,
            "99.900000" : 400556032,
            "99.950000" : 467664896,
            "99.990000" : 641728512
          }
        },
        "lat_ns" : {
          "min" : 84508,
          "max" : 860707599,
          "mean" : 16083687.084861,
          "stddev" : 27715909.920416,
          "N" : 109461
        },
        "bw_min" : 1424,
        "bw_max" : 11360,
        "bw_agg" : 100.000000,
        "bw_mean" : 7306.902658,
        "bw_dev" : 68.455268,
        "bw_samples" : 3830,
        "iops_min" : 356,
        "iops_max" : 2840,
        "iops_mean" : 1826.736081,
        "iops_stddev" : 17.114137,
        "iops_samples" : 3830
      },
      "trim" : {
        "io_bytes" : 0,
        "io_kbytes" : 0,
        "bw_bytes" : 0,
        "bw" : 0,
        "iops" : 0.000000,
        "runtime" : 0,
        "total_ios" : 0,
        "short_ios" : 0,
        "drop_ios" : 0,
        "slat_ns" : {
          "min" : 0,
          "max" : 0,
          "mean" : 0.000000,
          "stddev" : 0.000000,
          "N" : 0
        },
        "clat_ns" : {
          "min" : 0,
          "max" : 0,
          "mean" : 0.000000,
          "stddev" : 0.000000,
          "N" : 0
        },
        "lat_ns" : {
          "min" : 0,
          "max" : 0,
          "mean" : 0.000000,
          "stddev" : 0.000000,
          "N" : 0
        },
        "bw_min" : 0,
        "bw_max" : 0,
        "bw_agg" : 0.000000,
        "bw_mean" : 0.000000,
        "bw_dev" : 0.000000,
        "bw_samples" : 0,
        "iops_min" : 0,
        "iops_max" : 0,
        "iops_mean" : 0.000000,
        "iops_stddev" : 0.000000,
        "iops_samples" : 0
      },
      "sync" : {
        "total_ios" : 0,
        "lat_ns" : {
          "min" : 0,
          "max" : 0,
          "mean" : 0.000000,
          "stddev" : 0.000000,
          "N" : 0
        }
      },
      "job_runtime" : 1920419,
      "usr_cpu" : 0.120078,
      "sys_cpu" : 0.258381,
      "ctx" : 389444,
      "majf" : 0,
      "minf" : 1293,
      "iodepth_level" : {
        "1" : 0.100000,
        "2" : 99.985377,
        "4" : 0.000000,
        "8" : 0.000000,
        "16" : 0.000000,
        "32" : 0.000000,
        ">=64" : 0.000000
      },
      "iodepth_submit" : {
        "0" : 0.000000,
        "4" : 100.000000,
        "8" : 0.000000,
        "16" : 0.000000,
        "32" : 0.000000,
        "64" : 0.000000,
        ">=64" : 0.000000
      },
      "iodepth_complete" : {
        "0" : 0.000000,
        "4" : 100.000000,
        "8" : 0.000000,
        "16" : 0.000000,
        "32" : 0.000000,
        "64" : 0.000000,
        ">=64" : 0.000000
      },
      "latency_ns" : {
        "2" : 0.000000,
        "4" : 0.000000,
        "10" : 0.000000,
        "20" : 0.000000,
        "50" : 0.000000,
        "100" : 0.000000,
        "250" : 0.000000,
        "500" : 0.000000,
        "750" : 0.000000,
        "1000" : 0.000000
      },
      "latency_us" : {
        "2" : 0.000000,
        "4" : 0.000000,
        "10" : 0.000000,
        "20" : 0.014166,
        "50" : 0.039299,
        "100" : 33.207059,
        "250" : 15.889068,
        "500" : 0.808368,
        "750" : 0.042498,
        "1000" : 0.010000
      },
      "latency_ms" : {
        "2" : 3.424482,
        "4" : 18.728180,
        "10" : 2.755488,
        "20" : 4.269864,
        "50" : 18.972655,
        "100" : 1.545450,
        "250" : 0.144857,
        "500" : 0.133433,
        "750" : 0.017365,
        "1000" : 0.010000,
        "2000" : 0.000000,
        ">=2000" : 0.000000
      },
      "latency_depth" : 2,
      "latency_target" : 0,
      "latency_percentile" : 100.000000,
      "latency_window" : 0
    }
  ]
}
