{
  "fio version" : "fio-3.29-112-gc3773",
  "timestamp" : 1649811516,
  "timestamp_ms" : 1649811516410,
  "time" : "Wed Apr 13 00:58:36 2022",
  "global options" : {
    "size" : "50M",
    "runtime" : "60",
    "rwmixread" : "50",
    "directory" : "/mnt/mfs"
  },
  "jobs" : [
    {
      "jobname" : "iotest",
      "groupid" : 0,
      "error" : 0,
      "eta" : 0,
      "elapsed" : 61,
      "job options" : {
        "rw" : "randrw",
        "bs" : "4k",
        "ioengine" : "libaio",
        "iodepth" : "2",
        "numjobs" : "2",
        "direct" : "1",
        "group_reporting" : "1",
        "invalidate" : "1",
        "loops" : "1",
        "write_bw_log" : "./fio-bench-12-04-2022--23-30-08-rand-mfs/randrw/mfs/randrw50/4k/randrw-iodepth-2-numjobs-2",
        "write_lat_log" : "./fio-bench-12-04-2022--23-30-08-rand-mfs/randrw/mfs/randrw50/4k/randrw-iodepth-2-numjobs-2",
        "write_iops_log" : "./fio-bench-12-04-2022--23-30-08-rand-mfs/randrw/mfs/randrw50/4k/randrw-iodepth-2-numjobs-2",
        "log_avg_msec" : "500"
      },
      "read" : {
        "io_bytes" : 47751168,
        "io_kbytes" : 46632,
        "bw_bytes" : 795627,
        "bw" : 776,
        "iops" : 194.244964,
        "runtime" : 60017,
        "total_ios" : 11658,
        "short_ios" : 0,
        "drop_ios" : 0,
        "slat_ns" : {
          "min" : 994891,
          "max" : 963800303,
          "mean" : 10199472.741379,
          "stddev" : 23194505.940730,
          "N" : 11658
        },
        "clat_ns" : {
          "min" : 12502,
          "max" : 119711837,
          "mean" : 784177.046234,
          "stddev" : 2160118.640661,
          "N" : 11658,
          "percentile" : {
            "1.000000" : 81408,
            "5.000000" : 82432,
            "10.000000" : 83456,
            "20.000000" : 85504,
            "30.000000" : 86528,
            "40.000000" : 89600,
            "50.000000" : 122368,
            "60.000000" : 1286144,
            "70.000000" : 1335296,
            "80.000000" : 1384448,
            "90.000000" : 1449984,
            "95.000000" : 1515520,
            "99.000000" : 1728512,
            "99.500000" : 1794048,
            "99.900000" : 7045120,
            "99.950000" : 46923776,
            "99.990000" : 103284736
          }
        },
        "lat_ns" : {
          "min" : 1130732,
          "max" : 963898919,
          "mean" : 10986626.386859,
          "stddev" : 24116104.982035,
          "N" : 11658
        },
        "bw_min" : 16,
        "bw_max" : 1200,
        "bw_agg" : 100.000000,
        "bw_mean" : 787.180983,
        "bw_dev" : 139.594720,
        "bw_samples" : 237,
        "iops_min" : 4,
        "iops_max" : 300,
        "iops_mean" : 196.773932,
        "iops_stddev" : 34.884601,
        "iops_samples" : 237
      },
      "write" : {
        "io_bytes" : 48676864,
        "io_kbytes" : 47536,
        "bw_bytes" : 811051,
        "bw" : 792,
        "iops" : 198.010564,
        "runtime" : 60017,
        "total_ios" : 11884,
        "short_ios" : 0,
        "drop_ios" : 0,
        "slat_ns" : {
          "min" : 37505,
          "max" : 1478612,
          "mean" : 64855.537698,
          "stddev" : 27180.776860,
          "N" : 11884
        },
        "clat_ns" : {
          "min" : 49238,
          "max" : 963817204,
          "mean" : 9334605.033659,
          "stddev" : 23191370.364901,
          "N" : 11884,
          "percentile" : {
            "1.000000" : 68096,
            "5.000000" : 69120,
            "10.000000" : 70144,
            "20.000000" : 72192,
            "30.000000" : 74240,
            "40.000000" : 77312,
            "50.000000" : 107008,
            "60.000000" : 11599872,
            "70.000000" : 12386304,
            "80.000000" : 16711680,
            "90.000000" : 21889024,
            "95.000000" : 26869760,
            "99.000000" : 42729472,
            "99.500000" : 58982400,
            "99.900000" : 367001600,
            "99.950000" : 541065216,
            "99.990000" : 742391808
          }
        },
        "lat_ns" : {
          "min" : 89397,
          "max" : 963872379,
          "mean" : 9402310.984601,
          "stddev" : 23190683.077378,
          "N" : 11884
        },
        "bw_min" : 16,
        "bw_max" : 1056,
        "bw_agg" : 100.000000,
        "bw_mean" : 799.057062,
        "bw_dev" : 134.660413,
        "bw_samples" : 238,
        "iops_min" : 4,
        "iops_max" : 264,
        "iops_mean" : 199.753672,
        "iops_stddev" : 33.660889,
        "iops_samples" : 238
      },
      "trim" : {
        "io_bytes" : 0,
        "io_kbytes" : 0,
        "bw_bytes" : 0,
        "bw" : 0,
        "iops" : 0.000000,
        "runtime" : 0,
        "total_ios" : 0,
        "short_ios" : 0,
        "drop_ios" : 0,
        "slat_ns" : {
          "min" : 0,
          "max" : 0,
          "mean" : 0.000000,
          "stddev" : 0.000000,
          "N" : 0
        },
        "clat_ns" : {
          "min" : 0,
          "max" : 0,
          "mean" : 0.000000,
          "stddev" : 0.000000,
          "N" : 0
        },
        "lat_ns" : {
          "min" : 0,
          "max" : 0,
          "mean" : 0.000000,
          "stddev" : 0.000000,
          "N" : 0
        },
        "bw_min" : 0,
        "bw_max" : 0,
        "bw_agg" : 0.000000,
        "bw_mean" : 0.000000,
        "bw_dev" : 0.000000,
        "bw_samples" : 0,
        "iops_min" : 0,
        "iops_max" : 0,
        "iops_mean" : 0.000000,
        "iops_stddev" : 0.000000,
        "iops_samples" : 0
      },
      "sync" : {
        "total_ios" : 0,
        "lat_ns" : {
          "min" : 0,
          "max" : 0,
          "mean" : 0.000000,
          "stddev" : 0.000000,
          "N" : 0
        }
      },
      "job_runtime" : 120017,
      "usr_cpu" : 0.211637,
      "sys_cpu" : 0.416608,
      "ctx" : 35894,
      "majf" : 0,
      "minf" : 81,
      "iodepth_level" : {
        "1" : 0.100000,
        "2" : 99.991505,
        "4" : 0.000000,
        "8" : 0.000000,
        "16" : 0.000000,
        "32" : 0.000000,
        ">=64" : 0.000000
      },
      "iodepth_submit" : {
        "0" : 0.000000,
        "4" : 100.000000,
        "8" : 0.000000,
        "16" : 0.000000,
        "32" : 0.000000,
        "64" : 0.000000,
        ">=64" : 0.000000
      },
      "iodepth_complete" : {
        "0" : 0.000000,
        "4" : 100.000000,
        "8" : 0.000000,
        "16" : 0.000000,
        "32" : 0.000000,
        "64" : 0.000000,
        ">=64" : 0.000000
      },
      "latency_ns" : {
        "2" : 0.000000,
        "4" : 0.000000,
        "10" : 0.000000,
        "20" : 0.000000,
        "50" : 0.000000,
        "100" : 0.000000,
        "250" : 0.000000,
        "500" : 0.000000,
        "750" : 0.000000,
        "1000" : 0.000000
      },
      "latency_us" : {
        "2" : 0.000000,
        "4" : 0.000000,
        "10" : 0.000000,
        "20" : 0.010000,
        "50" : 0.010000,
        "100" : 49.150455,
        "250" : 1.287061,
        "500" : 0.010000,
        "750" : 0.000000,
        "1000" : 0.010000
      },
      "latency_ms" : {
        "2" : 24.432928,
        "4" : 0.072211,
        "10" : 1.036446,
        "20" : 17.929658,
        "50" : 5.704698,
        "100" : 0.165661,
        "250" : 0.093450,
        "500" : 0.063716,
        "750" : 0.025486,
        "1000" : 0.010000,
        "2000" : 0.000000,
        ">=2000" : 0.000000
      },
      "latency_depth" : 2,
      "latency_target" : 0,
      "latency_percentile" : 100.000000,
      "latency_window" : 0
    }
  ]
}
