{
  "fio version" : "fio-3.29-112-gc3773",
  "timestamp" : 1649813808,
  "timestamp_ms" : 1649813808064,
  "time" : "Wed Apr 13 01:36:48 2022",
  "global options" : {
    "size" : "50M",
    "runtime" : "60",
    "rwmixread" : "50",
    "directory" : "/mnt/mfs"
  },
  "jobs" : [
    {
      "jobname" : "iotest",
      "groupid" : 0,
      "error" : 0,
      "eta" : 0,
      "elapsed" : 61,
      "job options" : {
        "rw" : "randrw",
        "bs" : "4k",
        "ioengine" : "libaio",
        "iodepth" : "64",
        "numjobs" : "16",
        "direct" : "1",
        "group_reporting" : "1",
        "invalidate" : "1",
        "loops" : "1",
        "write_bw_log" : "./fio-bench-12-04-2022--23-30-08-rand-mfs/randrw/mfs/randrw50/4k/randrw-iodepth-64-numjobs-16",
        "write_lat_log" : "./fio-bench-12-04-2022--23-30-08-rand-mfs/randrw/mfs/randrw50/4k/randrw-iodepth-64-numjobs-16",
        "write_iops_log" : "./fio-bench-12-04-2022--23-30-08-rand-mfs/randrw/mfs/randrw50/4k/randrw-iodepth-64-numjobs-16",
        "log_avg_msec" : "500"
      },
      "read" : {
        "io_bytes" : 329076736,
        "io_kbytes" : 321364,
        "bw_bytes" : 5439464,
        "bw" : 5311,
        "iops" : 1327.994314,
        "runtime" : 60498,
        "total_ios" : 80341,
        "short_ios" : 0,
        "drop_ios" : 0,
        "slat_ns" : {
          "min" : 969330,
          "max" : 901047782,
          "mean" : 11858246.690992,
          "stddev" : 21691201.609285,
          "N" : 80341
        },
        "clat_ns" : {
          "min" : 13339,
          "max" : 5760321433,
          "mean" : 366988333.095157,
          "stddev" : 301937964.737540,
          "N" : 80341,
          "percentile" : {
            "1.000000" : 250609664,
            "5.000000" : 278921216,
            "10.000000" : 291504128,
            "20.000000" : 308281344,
            "30.000000" : 320864256,
            "40.000000" : 329252864,
            "50.000000" : 337641472,
            "60.000000" : 346030080,
            "70.000000" : 354418688,
            "80.000000" : 362807296,
            "90.000000" : 375390208,
            "95.000000" : 392167424,
            "99.000000" : 1149239296,
            "99.500000" : 3103784960,
            "99.900000" : 4798283776,
            "99.950000" : 5200936960,
            "99.990000" : 5670699008
          }
        },
        "lat_ns" : {
          "min" : 11415377,
          "max" : 5859985056,
          "mean" : 378849955.468441,
          "stddev" : 308542148.748417,
          "N" : 80341
        },
        "bw_min" : 912,
        "bw_max" : 8051,
        "bw_agg" : 100.000000,
        "bw_mean" : 5350.453098,
        "bw_dev" : 101.322035,
        "bw_samples" : 1909,
        "iops_min" : 228,
        "iops_max" : 2012,
        "iops_mean" : 1337.592371,
        "iops_stddev" : 25.329837,
        "iops_samples" : 1909
      },
      "write" : {
        "io_bytes" : 331657216,
        "io_kbytes" : 323884,
        "bw_bytes" : 5482118,
        "bw" : 5353,
        "iops" : 1338.407881,
        "runtime" : 60498,
        "total_ios" : 80971,
        "short_ios" : 0,
        "drop_ios" : 0,
        "slat_ns" : {
          "min" : 36667,
          "max" : 4998972,
          "mean" : 76001.778328,
          "stddev" : 42902.234923,
          "N" : 80971
        },
        "clat_ns" : {
          "min" : 11426342,
          "max" : 5760247401,
          "mean" : 381924951.212545,
          "stddev" : 298861084.955143,
          "N" : 80971,
          "percentile" : {
            "1.000000" : 263192576,
            "5.000000" : 291504128,
            "10.000000" : 308281344,
            "20.000000" : 325058560,
            "30.000000" : 333447168,
            "40.000000" : 341835776,
            "50.000000" : 350224384,
            "60.000000" : 358612992,
            "70.000000" : 367001600,
            "80.000000" : 379584512,
            "90.000000" : 392167424,
            "95.000000" : 413138944,
            "99.000000" : 1266679808,
            "99.500000" : 3137339392,
            "99.900000" : 4664066048,
            "99.950000" : 5200936960,
            "99.990000" : 5536481280
          }
        },
        "lat_ns" : {
          "min" : 11501073,
          "max" : 5760321363,
          "mean" : 382004303.241086,
          "stddev" : 298860505.072958,
          "N" : 80971
        },
        "bw_min" : 856,
        "bw_max" : 7777,
        "bw_agg" : 100.000000,
        "bw_mean" : 5390.939626,
        "bw_dev" : 98.880562,
        "bw_samples" : 1910,
        "iops_min" : 214,
        "iops_max" : 1944,
        "iops_mean" : 1347.724437,
        "iops_stddev" : 24.720722,
        "iops_samples" : 1910
      },
      "trim" : {
        "io_bytes" : 0,
        "io_kbytes" : 0,
        "bw_bytes" : 0,
        "bw" : 0,
        "iops" : 0.000000,
        "runtime" : 0,
        "total_ios" : 0,
        "short_ios" : 0,
        "drop_ios" : 0,
        "slat_ns" : {
          "min" : 0,
          "max" : 0,
          "mean" : 0.000000,
          "stddev" : 0.000000,
          "N" : 0
        },
        "clat_ns" : {
          "min" : 0,
          "max" : 0,
          "mean" : 0.000000,
          "stddev" : 0.000000,
          "N" : 0
        },
        "lat_ns" : {
          "min" : 0,
          "max" : 0,
          "mean" : 0.000000,
          "stddev" : 0.000000,
          "N" : 0
        },
        "bw_min" : 0,
        "bw_max" : 0,
        "bw_agg" : 0.000000,
        "bw_mean" : 0.000000,
        "bw_dev" : 0.000000,
        "bw_samples" : 0,
        "iops_min" : 0,
        "iops_max" : 0,
        "iops_mean" : 0.000000,
        "iops_stddev" : 0.000000,
        "iops_samples" : 0
      },
      "sync" : {
        "total_ios" : 0,
        "lat_ns" : {
          "min" : 0,
          "max" : 0,
          "mean" : 0.000000,
          "stddev" : 0.000000,
          "N" : 0
        }
      },
      "job_runtime" : 961716,
      "usr_cpu" : 0.187269,
      "sys_cpu" : 0.361541,
      "ctx" : 275251,
      "majf" : 0,
      "minf" : 626,
      "iodepth_level" : {
        "1" : 0.100000,
        "2" : 0.100000,
        "4" : 0.100000,
        "8" : 0.100000,
        "16" : 0.158699,
        "32" : 0.317397,
        ">=64" : 99.375124
      },
      "iodepth_submit" : {
        "0" : 0.000000,
        "4" : 100.000000,
        "8" : 0.000000,
        "16" : 0.000000,
        "32" : 0.000000,
        "64" : 0.000000,
        ">=64" : 0.000000
      },
      "iodepth_complete" : {
        "0" : 0.000000,
        "4" : 99.990020,
        "8" : 0.000000,
        "16" : 0.000000,
        "32" : 0.000000,
        "64" : 0.100000,
        ">=64" : 0.000000
      },
      "latency_ns" : {
        "2" : 0.000000,
        "4" : 0.000000,
        "10" : 0.000000,
        "20" : 0.000000,
        "50" : 0.000000,
        "100" : 0.000000,
        "250" : 0.000000,
        "500" : 0.000000,
        "750" : 0.000000,
        "1000" : 0.000000
      },
      "latency_us" : {
        "2" : 0.000000,
        "4" : 0.000000,
        "10" : 0.000000,
        "20" : 0.010000,
        "50" : 0.000000,
        "100" : 0.000000,
        "250" : 0.000000,
        "500" : 0.000000,
        "750" : 0.000000,
        "1000" : 0.000000
      },
      "latency_ms" : {
        "2" : 0.000000,
        "4" : 0.000000,
        "10" : 0.000000,
        "20" : 0.010000,
        "50" : 0.028516,
        "100" : 0.038435,
        "250" : 0.689967,
        "500" : 96.325134,
        "750" : 1.758084,
        "1000" : 0.078729,
        "2000" : 0.286402,
        ">=2000" : 0.781715
      },
      "latency_depth" : 64,
      "latency_target" : 0,
      "latency_percentile" : 100.000000,
      "latency_window" : 0
    }
  ]
}
