{
  "fio version" : "fio-3.29-112-gc3773",
  "timestamp" : 1649810867,
  "timestamp_ms" : 1649810867079,
  "time" : "Wed Apr 13 00:47:47 2022",
  "global options" : {
    "size" : "50M",
    "runtime" : "60",
    "rwmixread" : "50",
    "directory" : "/mnt/mfs"
  },
  "jobs" : [
    {
      "jobname" : "iotest",
      "groupid" : 0,
      "error" : 0,
      "eta" : 0,
      "elapsed" : 61,
      "job options" : {
        "rw" : "randrw",
        "bs" : "4k",
        "ioengine" : "libaio",
        "iodepth" : "1",
        "numjobs" : "8",
        "direct" : "1",
        "group_reporting" : "1",
        "invalidate" : "1",
        "loops" : "1",
        "write_bw_log" : "./fio-bench-12-04-2022--23-30-08-rand-mfs/randrw/mfs/randrw50/4k/randrw-iodepth-1-numjobs-8",
        "write_lat_log" : "./fio-bench-12-04-2022--23-30-08-rand-mfs/randrw/mfs/randrw50/4k/randrw-iodepth-1-numjobs-8",
        "write_iops_log" : "./fio-bench-12-04-2022--23-30-08-rand-mfs/randrw/mfs/randrw50/4k/randrw-iodepth-1-numjobs-8",
        "log_avg_msec" : "500"
      },
      "read" : {
        "io_bytes" : 167653376,
        "io_kbytes" : 163724,
        "bw_bytes" : 2782120,
        "bw" : 2716,
        "iops" : 679.228689,
        "runtime" : 60261,
        "total_ios" : 40931,
        "short_ios" : 0,
        "drop_ios" : 0,
        "slat_ns" : {
          "min" : 981413,
          "max" : 1241782801,
          "mean" : 11633644.634409,
          "stddev" : 32587118.758352,
          "N" : 40931
        },
        "clat_ns" : {
          "min" : 1746,
          "max" : 102108,
          "mean" : 3100.510029,
          "stddev" : 2369.046178,
          "N" : 40931,
          "percentile" : {
            "1.000000" : 2576,
            "5.000000" : 2736,
            "10.000000" : 2800,
            "20.000000" : 2800,
            "30.000000" : 2864,
            "40.000000" : 2864,
            "50.000000" : 2864,
            "60.000000" : 2928,
            "70.000000" : 2928,
            "80.000000" : 2992,
            "90.000000" : 2992,
            "95.000000" : 3088,
            "99.000000" : 4192,
            "99.500000" : 24704,
            "99.900000" : 34560,
            "99.950000" : 43776,
            "99.990000" : 62208
          }
        },
        "lat_ns" : {
          "min" : 987629,
          "max" : 1241790833,
          "mean" : 11639932.057463,
          "stddev" : 32587264.157415,
          "N" : 40931
        },
        "bw_min" : 64,
        "bw_max" : 4674,
        "bw_agg" : 100.000000,
        "bw_mean" : 2763.033827,
        "bw_dev" : 164.619755,
        "bw_samples" : 947,
        "iops_min" : 16,
        "iops_max" : 1168,
        "iops_mean" : 690.733086,
        "iops_stddev" : 41.151559,
        "iops_samples" : 947
      },
      "write" : {
        "io_bytes" : 169213952,
        "io_kbytes" : 165248,
        "bw_bytes" : 2808017,
        "bw" : 2742,
        "iops" : 685.551186,
        "runtime" : 60261,
        "total_ios" : 41312,
        "short_ios" : 0,
        "drop_ios" : 0,
        "slat_ns" : {
          "min" : 35689,
          "max" : 1872521,
          "mean" : 70418.442123,
          "stddev" : 26043.777012,
          "N" : 41312
        },
        "clat_ns" : {
          "min" : 1676,
          "max" : 181867,
          "mean" : 2985.642307,
          "stddev" : 3003.557715,
          "N" : 41312,
          "percentile" : {
            "1.000000" : 2448,
            "5.000000" : 2640,
            "10.000000" : 2640,
            "20.000000" : 2736,
            "30.000000" : 2736,
            "40.000000" : 2736,
            "50.000000" : 2800,
            "60.000000" : 2800,
            "70.000000" : 2800,
            "80.000000" : 2864,
            "90.000000" : 2928,
            "95.000000" : 2992,
            "99.000000" : 3344,
            "99.500000" : 18304,
            "99.900000" : 45312,
            "99.950000" : 64768,
            "99.990000" : 121344
          }
        },
        "lat_ns" : {
          "min" : 39950,
          "max" : 1876711,
          "mean" : 76518.554076,
          "stddev" : 26554.569731,
          "N" : 41312
        },
        "bw_min" : 64,
        "bw_max" : 4232,
        "bw_agg" : 100.000000,
        "bw_mean" : 2795.280136,
        "bw_dev" : 158.658078,
        "bw_samples" : 945,
        "iops_min" : 16,
        "iops_max" : 1058,
        "iops_mean" : 698.805203,
        "iops_stddev" : 39.662593,
        "iops_samples" : 945
      },
      "trim" : {
        "io_bytes" : 0,
        "io_kbytes" : 0,
        "bw_bytes" : 0,
        "bw" : 0,
        "iops" : 0.000000,
        "runtime" : 0,
        "total_ios" : 0,
        "short_ios" : 0,
        "drop_ios" : 0,
        "slat_ns" : {
          "min" : 0,
          "max" : 0,
          "mean" : 0.000000,
          "stddev" : 0.000000,
          "N" : 0
        },
        "clat_ns" : {
          "min" : 0,
          "max" : 0,
          "mean" : 0.000000,
          "stddev" : 0.000000,
          "N" : 0
        },
        "lat_ns" : {
          "min" : 0,
          "max" : 0,
          "mean" : 0.000000,
          "stddev" : 0.000000,
          "N" : 0
        },
        "bw_min" : 0,
        "bw_max" : 0,
        "bw_agg" : 0.000000,
        "bw_mean" : 0.000000,
        "bw_dev" : 0.000000,
        "bw_samples" : 0,
        "iops_min" : 0,
        "iops_max" : 0,
        "iops_mean" : 0.000000,
        "iops_stddev" : 0.000000,
        "iops_samples" : 0
      },
      "sync" : {
        "total_ios" : 0,
        "lat_ns" : {
          "min" : 0,
          "max" : 0,
          "mean" : 0.000000,
          "stddev" : 0.000000,
          "N" : 0
        }
      },
      "job_runtime" : 480389,
      "usr_cpu" : 0.173817,
      "sys_cpu" : 0.380317,
      "ctx" : 132631,
      "majf" : 0,
      "minf" : 321,
      "iodepth_level" : {
        "1" : 100.000000,
        "2" : 0.000000,
        "4" : 0.000000,
        "8" : 0.000000,
        "16" : 0.000000,
        "32" : 0.000000,
        ">=64" : 0.000000
      },
      "iodepth_submit" : {
        "0" : 0.000000,
        "4" : 100.000000,
        "8" : 0.000000,
        "16" : 0.000000,
        "32" : 0.000000,
        "64" : 0.000000,
        ">=64" : 0.000000
      },
      "iodepth_complete" : {
        "0" : 0.000000,
        "4" : 100.000000,
        "8" : 0.000000,
        "16" : 0.000000,
        "32" : 0.000000,
        "64" : 0.000000,
        ">=64" : 0.000000
      },
      "latency_ns" : {
        "2" : 0.000000,
        "4" : 0.000000,
        "10" : 0.000000,
        "20" : 0.000000,
        "50" : 0.000000,
        "100" : 0.000000,
        "250" : 0.000000,
        "500" : 0.000000,
        "750" : 0.000000,
        "1000" : 0.000000
      },
      "latency_us" : {
        "2" : 0.204273,
        "4" : 98.821784,
        "10" : 0.182386,
        "20" : 0.250477,
        "50" : 0.480284,
        "100" : 0.049852,
        "250" : 0.010943,
        "500" : 0.000000,
        "750" : 0.000000,
        "1000" : 0.000000
      },
      "latency_ms" : {
        "2" : 0.000000,
        "4" : 0.000000,
        "10" : 0.000000,
        "20" : 0.000000,
        "50" : 0.000000,
        "100" : 0.000000,
        "250" : 0.000000,
        "500" : 0.000000,
        "750" : 0.000000,
        "1000" : 0.000000,
        "2000" : 0.000000,
        ">=2000" : 0.000000
      },
      "latency_depth" : 1,
      "latency_target" : 0,
      "latency_percentile" : 100.000000,
      "latency_window" : 0
    }
  ]
}
