{
  "fio version" : "fio-3.29-112-gc3773",
  "timestamp" : 1649812663,
  "timestamp_ms" : 1649812663128,
  "time" : "Wed Apr 13 01:17:43 2022",
  "global options" : {
    "size" : "50M",
    "runtime" : "60",
    "rwmixread" : "50",
    "directory" : "/mnt/mfs"
  },
  "jobs" : [
    {
      "jobname" : "iotest",
      "groupid" : 0,
      "error" : 0,
      "eta" : 0,
      "elapsed" : 61,
      "job options" : {
        "rw" : "randrw",
        "bs" : "4k",
        "ioengine" : "libaio",
        "iodepth" : "8",
        "numjobs" : "64",
        "direct" : "1",
        "group_reporting" : "1",
        "invalidate" : "1",
        "loops" : "1",
        "write_bw_log" : "./fio-bench-12-04-2022--23-30-08-rand-mfs/randrw/mfs/randrw50/4k/randrw-iodepth-8-numjobs-64",
        "write_lat_log" : "./fio-bench-12-04-2022--23-30-08-rand-mfs/randrw/mfs/randrw50/4k/randrw-iodepth-8-numjobs-64",
        "write_iops_log" : "./fio-bench-12-04-2022--23-30-08-rand-mfs/randrw/mfs/randrw50/4k/randrw-iodepth-8-numjobs-64",
        "log_avg_msec" : "500"
      },
      "read" : {
        "io_bytes" : 494968832,
        "io_kbytes" : 483368,
        "bw_bytes" : 8243709,
        "bw" : 8050,
        "iops" : 2012.624496,
        "runtime" : 60042,
        "total_ios" : 120842,
        "short_ios" : 0,
        "drop_ios" : 0,
        "slat_ns" : {
          "min" : 1008021,
          "max" : 885854230,
          "mean" : 31624088.179540,
          "stddev" : 38438311.166429,
          "N" : 120842
        },
        "clat_ns" : {
          "min" : 10127,
          "max" : 1132625488,
          "mean" : 91060303.615200,
          "stddev" : 55177471.655722,
          "N" : 120842,
          "percentile" : {
            "1.000000" : 4620288,
            "5.000000" : 30539776,
            "10.000000" : 47448064,
            "20.000000" : 61603840,
            "30.000000" : 70778880,
            "40.000000" : 80216064,
            "50.000000" : 88604672,
            "60.000000" : 95944704,
            "70.000000" : 103284736,
            "80.000000" : 110624768,
            "90.000000" : 123207680,
            "95.000000" : 137363456,
            "99.000000" : 329252864,
            "99.500000" : 425721856,
            "99.900000" : 708837376,
            "99.950000" : 792723456,
            "99.990000" : 977272832
          }
        },
        "lat_ns" : {
          "min" : 1676265,
          "max" : 1726472425,
          "mean" : 122688435.683686,
          "stddev" : 73104320.273083,
          "N" : 120842
        },
        "bw_min" : 1162,
        "bw_max" : 15100,
        "bw_agg" : 100.000000,
        "bw_mean" : 8057.819782,
        "bw_dev" : 41.087771,
        "bw_samples" : 7634,
        "iops_min" : 286,
        "iops_max" : 3772,
        "iops_mean" : 2011.592478,
        "iops_stddev" : 10.282035,
        "iops_samples" : 7634
      },
      "write" : {
        "io_bytes" : 493367296,
        "io_kbytes" : 481804,
        "bw_bytes" : 8217036,
        "bw" : 8024,
        "iops" : 2006.112388,
        "runtime" : 60042,
        "total_ios" : 120451,
        "short_ios" : 0,
        "drop_ios" : 0,
        "slat_ns" : {
          "min" : 36457,
          "max" : 10556327,
          "mean" : 93475.439133,
          "stddev" : 161072.749227,
          "N" : 120451
        },
        "clat_ns" : {
          "min" : 362757,
          "max" : 1380981518,
          "mean" : 131539180.523200,
          "stddev" : 72233759.689959,
          "N" : 120451,
          "percentile" : {
            "1.000000" : 35389440,
            "5.000000" : 63176704,
            "10.000000" : 78118912,
            "20.000000" : 94896128,
            "30.000000" : 106430464,
            "40.000000" : 114819072,
            "50.000000" : 123207680,
            "60.000000" : 131596288,
            "70.000000" : 141557760,
            "80.000000" : 152043520,
            "90.000000" : 173015040,
            "95.000000" : 202375168,
            "99.000000" : 442499072,
            "99.500000" : 591396864,
            "99.900000" : 910163968,
            "99.950000" : 1019215872,
            "99.990000" : 1233125376
          }
        },
        "lat_ns" : {
          "min" : 412275,
          "max" : 1381058413,
          "mean" : 131636490.371637,
          "stddev" : 72231039.451002,
          "N" : 120451
        },
        "bw_min" : 1287,
        "bw_max" : 13045,
        "bw_agg" : 100.000000,
        "bw_mean" : 8035.342113,
        "bw_dev" : 33.084989,
        "bw_samples" : 7633,
        "iops_min" : 321,
        "iops_max" : 3259,
        "iops_mean" : 2005.955722,
        "iops_stddev" : 8.283330,
        "iops_samples" : 7633
      },
      "trim" : {
        "io_bytes" : 0,
        "io_kbytes" : 0,
        "bw_bytes" : 0,
        "bw" : 0,
        "iops" : 0.000000,
        "runtime" : 0,
        "total_ios" : 0,
        "short_ios" : 0,
        "drop_ios" : 0,
        "slat_ns" : {
          "min" : 0,
          "max" : 0,
          "mean" : 0.000000,
          "stddev" : 0.000000,
          "N" : 0
        },
        "clat_ns" : {
          "min" : 0,
          "max" : 0,
          "mean" : 0.000000,
          "stddev" : 0.000000,
          "N" : 0
        },
        "lat_ns" : {
          "min" : 0,
          "max" : 0,
          "mean" : 0.000000,
          "stddev" : 0.000000,
          "N" : 0
        },
        "bw_min" : 0,
        "bw_max" : 0,
        "bw_agg" : 0.000000,
        "bw_mean" : 0.000000,
        "bw_dev" : 0.000000,
        "bw_samples" : 0,
        "iops_min" : 0,
        "iops_max" : 0,
        "iops_mean" : 0.000000,
        "iops_stddev" : 0.000000,
        "iops_samples" : 0
      },
      "sync" : {
        "total_ios" : 0,
        "lat_ns" : {
          "min" : 0,
          "max" : 0,
          "mean" : 0.000000,
          "stddev" : 0.000000,
          "N" : 0
        }
      },
      "job_runtime" : 3841007,
      "usr_cpu" : 0.068758,
      "sys_cpu" : 0.142437,
      "ctx" : 425155,
      "majf" : 0,
      "minf" : 2634,
      "iodepth_level" : {
        "1" : 0.100000,
        "2" : 0.100000,
        "4" : 0.106095,
        "8" : 99.814334,
        "16" : 0.000000,
        "32" : 0.000000,
        ">=64" : 0.000000
      },
      "iodepth_submit" : {
        "0" : 0.000000,
        "4" : 100.000000,
        "8" : 0.000000,
        "16" : 0.000000,
        "32" : 0.000000,
        "64" : 0.000000,
        ">=64" : 0.000000
      },
      "iodepth_complete" : {
        "0" : 0.000000,
        "4" : 99.973434,
        "8" : 0.100000,
        "16" : 0.000000,
        "32" : 0.000000,
        "64" : 0.000000,
        ">=64" : 0.000000
      },
      "latency_ns" : {
        "2" : 0.000000,
        "4" : 0.000000,
        "10" : 0.000000,
        "20" : 0.000000,
        "50" : 0.000000,
        "100" : 0.000000,
        "250" : 0.000000,
        "500" : 0.000000,
        "750" : 0.000000,
        "1000" : 0.000000
      },
      "latency_us" : {
        "2" : 0.000000,
        "4" : 0.000000,
        "10" : 0.000000,
        "20" : 0.026109,
        "50" : 0.010000,
        "100" : 0.000000,
        "250" : 0.000000,
        "500" : 0.114384,
        "750" : 0.351854,
        "1000" : 0.182765
      },
      "latency_ms" : {
        "2" : 0.097392,
        "4" : 0.058850,
        "10" : 0.487374,
        "20" : 0.746810,
        "50" : 4.676472,
        "100" : 38.285404,
        "250" : 52.640151,
        "500" : 1.830140,
        "750" : 0.327817,
        "1000" : 0.138421,
        "2000" : 0.035641,
        ">=2000" : 0.000000
      },
      "latency_depth" : 8,
      "latency_target" : 0,
      "latency_percentile" : 100.000000,
      "latency_window" : 0
    }
  ]
}
