{
  "fio version" : "fio-3.29-112-gc3773",
  "timestamp" : 1649812542,
  "timestamp_ms" : 1649812542159,
  "time" : "Wed Apr 13 01:15:42 2022",
  "global options" : {
    "size" : "50M",
    "runtime" : "60",
    "rwmixread" : "50",
    "directory" : "/mnt/mfs"
  },
  "jobs" : [
    {
      "jobname" : "iotest",
      "groupid" : 0,
      "error" : 0,
      "eta" : 0,
      "elapsed" : 61,
      "job options" : {
        "rw" : "randrw",
        "bs" : "4k",
        "ioengine" : "libaio",
        "iodepth" : "8",
        "numjobs" : "16",
        "direct" : "1",
        "group_reporting" : "1",
        "invalidate" : "1",
        "loops" : "1",
        "write_bw_log" : "./fio-bench-12-04-2022--23-30-08-rand-mfs/randrw/mfs/randrw50/4k/randrw-iodepth-8-numjobs-16",
        "write_lat_log" : "./fio-bench-12-04-2022--23-30-08-rand-mfs/randrw/mfs/randrw50/4k/randrw-iodepth-8-numjobs-16",
        "write_iops_log" : "./fio-bench-12-04-2022--23-30-08-rand-mfs/randrw/mfs/randrw50/4k/randrw-iodepth-8-numjobs-16",
        "log_avg_msec" : "500"
      },
      "read" : {
        "io_bytes" : 341876736,
        "io_kbytes" : 333864,
        "bw_bytes" : 5696236,
        "bw" : 5562,
        "iops" : 1390.682795,
        "runtime" : 60018,
        "total_ios" : 83466,
        "short_ios" : 0,
        "drop_ios" : 0,
        "slat_ns" : {
          "min" : 966396,
          "max" : 855576331,
          "mean" : 11391609.497268,
          "stddev" : 16442076.811277,
          "N" : 83466
        },
        "clat_ns" : {
          "min" : 12781,
          "max" : 1333631911,
          "mean" : 32722971.571490,
          "stddev" : 27672073.427678,
          "N" : 83466,
          "percentile" : {
            "1.000000" : 2113536,
            "5.000000" : 11862016,
            "10.000000" : 18219008,
            "20.000000" : 22675456,
            "30.000000" : 26345472,
            "40.000000" : 29753344,
            "50.000000" : 32636928,
            "60.000000" : 35389440,
            "70.000000" : 37486592,
            "80.000000" : 40632320,
            "90.000000" : 44302336,
            "95.000000" : 47448064,
            "99.000000" : 53739520,
            "99.500000" : 76021760,
            "99.900000" : 480247808,
            "99.950000" : 717225984,
            "99.990000" : 918552576
          }
        },
        "lat_ns" : {
          "min" : 1578696,
          "max" : 1603141727,
          "mean" : 44117893.949524,
          "stddev" : 37338288.384429,
          "N" : 83466
        },
        "bw_min" : 864,
        "bw_max" : 8074,
        "bw_agg" : 100.000000,
        "bw_mean" : 5582.733230,
        "bw_dev" : 80.662766,
        "bw_samples" : 1910,
        "iops_min" : 216,
        "iops_max" : 2018,
        "iops_mean" : 1395.658185,
        "iops_stddev" : 20.164978,
        "iops_samples" : 1910
      },
      "write" : {
        "io_bytes" : 344555520,
        "io_kbytes" : 336480,
        "bw_bytes" : 5740869,
        "bw" : 5606,
        "iops" : 1401.579526,
        "runtime" : 60018,
        "total_ios" : 84120,
        "short_ios" : 0,
        "drop_ios" : 0,
        "slat_ns" : {
          "min" : 35689,
          "max" : 2100272,
          "mean" : 75999.565537,
          "stddev" : 35656.197160,
          "N" : 84120
        },
        "clat_ns" : {
          "min" : 483163,
          "max" : 1507213503,
          "mean" : 47406738.356990,
          "stddev" : 39289104.960161,
          "N" : 84120,
          "percentile" : {
            "1.000000" : 13828096,
            "5.000000" : 23724032,
            "10.000000" : 29491200,
            "20.000000" : 35389440,
            "30.000000" : 39059456,
            "40.000000" : 42729472,
            "50.000000" : 45350912,
            "60.000000" : 48496640,
            "70.000000" : 51642368,
            "80.000000" : 55312384,
            "90.000000" : 61603840,
            "95.000000" : 67633152,
            "99.000000" : 87556096,
            "99.500000" : 111673344,
            "99.900000" : 775946240,
            "99.950000" : 952107008,
            "99.990000" : 1367343104
          }
        },
        "lat_ns" : {
          "min" : 545113,
          "max" : 1507270074,
          "mean" : 47486080.437304,
          "stddev" : 39288230.619327,
          "N" : 84120
        },
        "bw_min" : 752,
        "bw_max" : 7441,
        "bw_agg" : 100.000000,
        "bw_mean" : 5609.540056,
        "bw_dev" : 72.977701,
        "bw_samples" : 1916,
        "iops_min" : 188,
        "iops_max" : 1860,
        "iops_mean" : 1402.364076,
        "iops_stddev" : 18.244927,
        "iops_samples" : 1916
      },
      "trim" : {
        "io_bytes" : 0,
        "io_kbytes" : 0,
        "bw_bytes" : 0,
        "bw" : 0,
        "iops" : 0.000000,
        "runtime" : 0,
        "total_ios" : 0,
        "short_ios" : 0,
        "drop_ios" : 0,
        "slat_ns" : {
          "min" : 0,
          "max" : 0,
          "mean" : 0.000000,
          "stddev" : 0.000000,
          "N" : 0
        },
        "clat_ns" : {
          "min" : 0,
          "max" : 0,
          "mean" : 0.000000,
          "stddev" : 0.000000,
          "N" : 0
        },
        "lat_ns" : {
          "min" : 0,
          "max" : 0,
          "mean" : 0.000000,
          "stddev" : 0.000000,
          "N" : 0
        },
        "bw_min" : 0,
        "bw_max" : 0,
        "bw_agg" : 0.000000,
        "bw_mean" : 0.000000,
        "bw_dev" : 0.000000,
        "bw_samples" : 0,
        "iops_min" : 0,
        "iops_max" : 0,
        "iops_mean" : 0.000000,
        "iops_stddev" : 0.000000,
        "iops_samples" : 0
      },
      "sync" : {
        "total_ios" : 0,
        "lat_ns" : {
          "min" : 0,
          "max" : 0,
          "mean" : 0.000000,
          "stddev" : 0.000000,
          "N" : 0
        }
      },
      "job_runtime" : 960128,
      "usr_cpu" : 0.186017,
      "sys_cpu" : 0.380887,
      "ctx" : 286378,
      "majf" : 0,
      "minf" : 705,
      "iodepth_level" : {
        "1" : 0.100000,
        "2" : 0.100000,
        "4" : 0.100000,
        "8" : 99.933169,
        "16" : 0.000000,
        "32" : 0.000000,
        ">=64" : 0.000000
      },
      "iodepth_submit" : {
        "0" : 0.000000,
        "4" : 100.000000,
        "8" : 0.000000,
        "16" : 0.000000,
        "32" : 0.000000,
        "64" : 0.000000,
        ">=64" : 0.000000
      },
      "iodepth_complete" : {
        "0" : 0.000000,
        "4" : 99.990447,
        "8" : 0.100000,
        "16" : 0.000000,
        "32" : 0.000000,
        "64" : 0.000000,
        ">=64" : 0.000000
      },
      "latency_ns" : {
        "2" : 0.000000,
        "4" : 0.000000,
        "10" : 0.000000,
        "20" : 0.000000,
        "50" : 0.000000,
        "100" : 0.000000,
        "250" : 0.000000,
        "500" : 0.000000,
        "750" : 0.000000,
        "1000" : 0.000000
      },
      "latency_us" : {
        "2" : 0.000000,
        "4" : 0.000000,
        "10" : 0.000000,
        "20" : 0.010000,
        "50" : 0.010000,
        "100" : 0.000000,
        "250" : 0.000000,
        "500" : 0.012531,
        "750" : 0.664137,
        "1000" : 0.131276
      },
      "latency_ms" : {
        "2" : 0.066831,
        "4" : 0.443354,
        "10" : 1.209528,
        "20" : 5.301756,
        "50" : 73.442292,
        "100" : 18.225269,
        "250" : 0.254795,
        "500" : 0.112181,
        "750" : 0.048930,
        "1000" : 0.050720,
        "2000" : 0.026852,
        ">=2000" : 0.000000
      },
      "latency_depth" : 8,
      "latency_target" : 0,
      "latency_percentile" : 100.000000,
      "latency_window" : 0
    }
  ]
}
