{
  "fio version" : "fio-3.29-112-gc3773",
  "timestamp" : 1649813385,
  "timestamp_ms" : 1649813385241,
  "time" : "Wed Apr 13 01:29:45 2022",
  "global options" : {
    "size" : "50M",
    "runtime" : "60",
    "rwmixread" : "50",
    "directory" : "/mnt/mfs"
  },
  "jobs" : [
    {
      "jobname" : "iotest",
      "groupid" : 0,
      "error" : 0,
      "eta" : 0,
      "elapsed" : 61,
      "job options" : {
        "rw" : "randrw",
        "bs" : "4k",
        "ioengine" : "libaio",
        "iodepth" : "32",
        "numjobs" : "16",
        "direct" : "1",
        "group_reporting" : "1",
        "invalidate" : "1",
        "loops" : "1",
        "write_bw_log" : "./fio-bench-12-04-2022--23-30-08-rand-mfs/randrw/mfs/randrw50/4k/randrw-iodepth-32-numjobs-16",
        "write_lat_log" : "./fio-bench-12-04-2022--23-30-08-rand-mfs/randrw/mfs/randrw50/4k/randrw-iodepth-32-numjobs-16",
        "write_iops_log" : "./fio-bench-12-04-2022--23-30-08-rand-mfs/randrw/mfs/randrw50/4k/randrw-iodepth-32-numjobs-16",
        "log_avg_msec" : "500"
      },
      "read" : {
        "io_bytes" : 338317312,
        "io_kbytes" : 330388,
        "bw_bytes" : 5636461,
        "bw" : 5504,
        "iops" : 1376.089166,
        "runtime" : 60023,
        "total_ios" : 82597,
        "short_ios" : 0,
        "drop_ios" : 0,
        "slat_ns" : {
          "min" : 983368,
          "max" : 905768916,
          "mean" : 11512315.753163,
          "stddev" : 16962799.378350,
          "N" : 82597
        },
        "clat_ns" : {
          "min" : 11733,
          "max" : 4613837601,
          "mean" : 171674514.010787,
          "stddev" : 118791261.915890,
          "N" : 82597,
          "percentile" : {
            "1.000000" : 111673344,
            "5.000000" : 129499136,
            "10.000000" : 137363456,
            "20.000000" : 147849216,
            "30.000000" : 154140672,
            "40.000000" : 158334976,
            "50.000000" : 164626432,
            "60.000000" : 168820736,
            "70.000000" : 175112192,
            "80.000000" : 179306496,
            "90.000000" : 187695104,
            "95.000000" : 196083712,
            "99.000000" : 341835776,
            "99.500000" : 484442112,
            "99.900000" : 2499805184,
            "99.950000" : 2902458368,
            "99.990000" : 3976200192
          }
        },
        "lat_ns" : {
          "min" : 1270765,
          "max" : 4735936133,
          "mean" : 183190243.250796,
          "stddev" : 126050411.951154,
          "N" : 82597
        },
        "bw_min" : 1416,
        "bw_max" : 8034,
        "bw_agg" : 100.000000,
        "bw_mean" : 5513.343783,
        "bw_dev" : 83.892722,
        "bw_samples" : 1911,
        "iops_min" : 354,
        "iops_max" : 2008,
        "iops_mean" : 1378.317160,
        "iops_stddev" : 20.973285,
        "iops_samples" : 1911
      },
      "write" : {
        "io_bytes" : 341065728,
        "io_kbytes" : 333072,
        "bw_bytes" : 5682250,
        "bw" : 5549,
        "iops" : 1387.268214,
        "runtime" : 60023,
        "total_ios" : 83268,
        "short_ios" : 0,
        "drop_ios" : 0,
        "slat_ns" : {
          "min" : 36527,
          "max" : 1675288,
          "mean" : 76117.405474,
          "stddev" : 33743.237505,
          "N" : 83268
        },
        "clat_ns" : {
          "min" : 12971517,
          "max" : 4617588297,
          "mean" : 186660451.265949,
          "stddev" : 129859906.687613,
          "N" : 83268,
          "percentile" : {
            "1.000000" : 123207680,
            "5.000000" : 141557760,
            "10.000000" : 149946368,
            "20.000000" : 160432128,
            "30.000000" : 166723584,
            "40.000000" : 173015040,
            "50.000000" : 177209344,
            "60.000000" : 183500800,
            "70.000000" : 189792256,
            "80.000000" : 196083712,
            "90.000000" : 204472320,
            "95.000000" : 214958080,
            "99.000000" : 375390208,
            "99.500000" : 522190848,
            "99.900000" : 2734686208,
            "99.950000" : 3238002688,
            "99.990000" : 4328521728
          }
        },
        "lat_ns" : {
          "min" : 13054069,
          "max" : 4617672456,
          "mean" : 186739947.618173,
          "stddev" : 129860817.569974,
          "N" : 83268
        },
        "bw_min" : 1312,
        "bw_max" : 7608,
        "bw_agg" : 100.000000,
        "bw_mean" : 5552.930739,
        "bw_dev" : 77.760151,
        "bw_samples" : 1912,
        "iops_min" : 328,
        "iops_max" : 1902,
        "iops_mean" : 1388.220185,
        "iops_stddev" : 19.440820,
        "iops_samples" : 1912
      },
      "trim" : {
        "io_bytes" : 0,
        "io_kbytes" : 0,
        "bw_bytes" : 0,
        "bw" : 0,
        "iops" : 0.000000,
        "runtime" : 0,
        "total_ios" : 0,
        "short_ios" : 0,
        "drop_ios" : 0,
        "slat_ns" : {
          "min" : 0,
          "max" : 0,
          "mean" : 0.000000,
          "stddev" : 0.000000,
          "N" : 0
        },
        "clat_ns" : {
          "min" : 0,
          "max" : 0,
          "mean" : 0.000000,
          "stddev" : 0.000000,
          "N" : 0
        },
        "lat_ns" : {
          "min" : 0,
          "max" : 0,
          "mean" : 0.000000,
          "stddev" : 0.000000,
          "N" : 0
        },
        "bw_min" : 0,
        "bw_max" : 0,
        "bw_agg" : 0.000000,
        "bw_mean" : 0.000000,
        "bw_dev" : 0.000000,
        "bw_samples" : 0,
        "iops_min" : 0,
        "iops_max" : 0,
        "iops_mean" : 0.000000,
        "iops_stddev" : 0.000000,
        "iops_samples" : 0
      },
      "sync" : {
        "total_ios" : 0,
        "lat_ns" : {
          "min" : 0,
          "max" : 0,
          "mean" : 0.000000,
          "stddev" : 0.000000,
          "N" : 0
        }
      },
      "job_runtime" : 960177,
      "usr_cpu" : 0.181946,
      "sys_cpu" : 0.384096,
      "ctx" : 283516,
      "majf" : 0,
      "minf" : 627,
      "iodepth_level" : {
        "1" : 0.100000,
        "2" : 0.100000,
        "4" : 0.100000,
        "8" : 0.100000,
        "16" : 0.154342,
        "32" : 99.700962,
        ">=64" : 0.000000
      },
      "iodepth_submit" : {
        "0" : 0.000000,
        "4" : 100.000000,
        "8" : 0.000000,
        "16" : 0.000000,
        "32" : 0.000000,
        "64" : 0.000000,
        ">=64" : 0.000000
      },
      "iodepth_complete" : {
        "0" : 0.000000,
        "4" : 99.990326,
        "8" : 0.000000,
        "16" : 0.000000,
        "32" : 0.100000,
        "64" : 0.000000,
        ">=64" : 0.000000
      },
      "latency_ns" : {
        "2" : 0.000000,
        "4" : 0.000000,
        "10" : 0.000000,
        "20" : 0.000000,
        "50" : 0.000000,
        "100" : 0.000000,
        "250" : 0.000000,
        "500" : 0.000000,
        "750" : 0.000000,
        "1000" : 0.000000
      },
      "latency_us" : {
        "2" : 0.000000,
        "4" : 0.000000,
        "10" : 0.000000,
        "20" : 0.010000,
        "50" : 0.000000,
        "100" : 0.010000,
        "250" : 0.010000,
        "500" : 0.000000,
        "750" : 0.000000,
        "1000" : 0.000000
      },
      "latency_ms" : {
        "2" : 0.010000,
        "4" : 0.000000,
        "10" : 0.000000,
        "20" : 0.010000,
        "50" : 0.068128,
        "100" : 0.239954,
        "250" : 97.338800,
        "500" : 1.840654,
        "750" : 0.209809,
        "1000" : 0.027733,
        "2000" : 0.090435,
        ">=2000" : 0.166400
      },
      "latency_depth" : 32,
      "latency_target" : 0,
      "latency_percentile" : 100.000000,
      "latency_window" : 0
    }
  ]
}
