{
  "fio version" : "fio-3.29-112-gc3773",
  "timestamp" : 1649812180,
  "timestamp_ms" : 1649812180227,
  "time" : "Wed Apr 13 01:09:40 2022",
  "global options" : {
    "size" : "50M",
    "runtime" : "60",
    "rwmixread" : "50",
    "directory" : "/mnt/mfs"
  },
  "jobs" : [
    {
      "jobname" : "iotest",
      "groupid" : 0,
      "error" : 0,
      "eta" : 0,
      "elapsed" : 61,
      "job options" : {
        "rw" : "randrw",
        "bs" : "4k",
        "ioengine" : "libaio",
        "iodepth" : "4",
        "numjobs" : "32",
        "direct" : "1",
        "group_reporting" : "1",
        "invalidate" : "1",
        "loops" : "1",
        "write_bw_log" : "./fio-bench-12-04-2022--23-30-08-rand-mfs/randrw/mfs/randrw50/4k/randrw-iodepth-4-numjobs-32",
        "write_lat_log" : "./fio-bench-12-04-2022--23-30-08-rand-mfs/randrw/mfs/randrw50/4k/randrw-iodepth-4-numjobs-32",
        "write_iops_log" : "./fio-bench-12-04-2022--23-30-08-rand-mfs/randrw/mfs/randrw50/4k/randrw-iodepth-4-numjobs-32",
        "log_avg_msec" : "500"
      },
      "read" : {
        "io_bytes" : 456204288,
        "io_kbytes" : 445512,
        "bw_bytes" : 7579781,
        "bw" : 7402,
        "iops" : 1850.532507,
        "runtime" : 60187,
        "total_ios" : 111378,
        "short_ios" : 0,
        "drop_ios" : 0,
        "slat_ns" : {
          "min" : 1005228,
          "max" : 665634276,
          "mean" : 17137205.341585,
          "stddev" : 22299768.097766,
          "N" : 111378
        },
        "clat_ns" : {
          "min" : 11943,
          "max" : 511965975,
          "mean" : 15713552.842779,
          "stddev" : 17286482.110518,
          "N" : 111378,
          "percentile" : {
            "1.000000" : 238592,
            "5.000000" : 276480,
            "10.000000" : 346112,
            "20.000000" : 3227648,
            "30.000000" : 5668864,
            "40.000000" : 8093696,
            "50.000000" : 13828096,
            "60.000000" : 21626880,
            "70.000000" : 23724032,
            "80.000000" : 25821184,
            "90.000000" : 28966912,
            "95.000000" : 31064064,
            "99.000000" : 39059456,
            "99.500000" : 63700992,
            "99.900000" : 256901120,
            "99.950000" : 304087040,
            "99.990000" : 387973120
          }
        },
        "lat_ns" : {
          "min" : 1353458,
          "max" : 821426316,
          "mean" : 32854728.966196,
          "stddev" : 29673747.721071,
          "N" : 111378
        },
        "bw_min" : 1800,
        "bw_max" : 11896,
        "bw_agg" : 100.000000,
        "bw_mean" : 7434.366106,
        "bw_dev" : 61.620363,
        "bw_samples" : 3832,
        "iops_min" : 450,
        "iops_max" : 2974,
        "iops_mean" : 1858.560224,
        "iops_stddev" : 15.405480,
        "iops_samples" : 3832
      },
      "write" : {
        "io_bytes" : 456593408,
        "io_kbytes" : 445892,
        "bw_bytes" : 7586246,
        "bw" : 7408,
        "iops" : 1852.110921,
        "runtime" : 60187,
        "total_ios" : 111473,
        "short_ios" : 0,
        "drop_ios" : 0,
        "slat_ns" : {
          "min" : 36108,
          "max" : 8418270,
          "mean" : 83670.395244,
          "stddev" : 68783.433341,
          "N" : 111473
        },
        "clat_ns" : {
          "min" : 12851,
          "max" : 821425897,
          "mean" : 36032983.880509,
          "stddev" : 30262527.902111,
          "N" : 111473,
          "percentile" : {
            "1.000000" : 216064,
            "5.000000" : 259072,
            "10.000000" : 366592,
            "20.000000" : 23199744,
            "30.000000" : 27394048,
            "40.000000" : 30539776,
            "50.000000" : 34340864,
            "60.000000" : 38010880,
            "70.000000" : 42205184,
            "80.000000" : 46923776,
            "90.000000" : 55836672,
            "95.000000" : 65798144,
            "99.000000" : 115867648,
            "99.500000" : 223346688,
            "99.900000" : 400556032,
            "99.950000" : 463470592,
            "99.990000" : 599785472
          }
        },
        "lat_ns" : {
          "min" : 81855,
          "max" : 821514316,
          "mean" : 36120440.158989,
          "stddev" : 30261436.585075,
          "N" : 111473
        },
        "bw_min" : 1976,
        "bw_max" : 10624,
        "bw_agg" : 100.000000,
        "bw_mean" : 7429.001471,
        "bw_dev" : 53.003372,
        "bw_samples" : 3838,
        "iops_min" : 494,
        "iops_max" : 2656,
        "iops_mean" : 1857.219118,
        "iops_stddev" : 13.250861,
        "iops_samples" : 3838
      },
      "trim" : {
        "io_bytes" : 0,
        "io_kbytes" : 0,
        "bw_bytes" : 0,
        "bw" : 0,
        "iops" : 0.000000,
        "runtime" : 0,
        "total_ios" : 0,
        "short_ios" : 0,
        "drop_ios" : 0,
        "slat_ns" : {
          "min" : 0,
          "max" : 0,
          "mean" : 0.000000,
          "stddev" : 0.000000,
          "N" : 0
        },
        "clat_ns" : {
          "min" : 0,
          "max" : 0,
          "mean" : 0.000000,
          "stddev" : 0.000000,
          "N" : 0
        },
        "lat_ns" : {
          "min" : 0,
          "max" : 0,
          "mean" : 0.000000,
          "stddev" : 0.000000,
          "N" : 0
        },
        "bw_min" : 0,
        "bw_max" : 0,
        "bw_agg" : 0.000000,
        "bw_mean" : 0.000000,
        "bw_dev" : 0.000000,
        "bw_samples" : 0,
        "iops_min" : 0,
        "iops_max" : 0,
        "iops_mean" : 0.000000,
        "iops_stddev" : 0.000000,
        "iops_samples" : 0
      },
      "sync" : {
        "total_ios" : 0,
        "lat_ns" : {
          "min" : 0,
          "max" : 0,
          "mean" : 0.000000,
          "stddev" : 0.000000,
          "N" : 0
        }
      },
      "job_runtime" : 1922955,
      "usr_cpu" : 0.113887,
      "sys_cpu" : 0.275825,
      "ctx" : 399439,
      "majf" : 0,
      "minf" : 1372,
      "iodepth_level" : {
        "1" : 0.100000,
        "2" : 0.100000,
        "4" : 99.956922,
        "8" : 0.000000,
        "16" : 0.000000,
        "32" : 0.000000,
        ">=64" : 0.000000
      },
      "iodepth_submit" : {
        "0" : 0.000000,
        "4" : 100.000000,
        "8" : 0.000000,
        "16" : 0.000000,
        "32" : 0.000000,
        "64" : 0.000000,
        ">=64" : 0.000000
      },
      "iodepth_complete" : {
        "0" : 0.000000,
        "4" : 100.000000,
        "8" : 0.000000,
        "16" : 0.000000,
        "32" : 0.000000,
        "64" : 0.000000,
        ">=64" : 0.000000
      },
      "latency_ns" : {
        "2" : 0.000000,
        "4" : 0.000000,
        "10" : 0.000000,
        "20" : 0.000000,
        "50" : 0.000000,
        "100" : 0.000000,
        "250" : 0.000000,
        "500" : 0.000000,
        "750" : 0.000000,
        "1000" : 0.000000
      },
      "latency_us" : {
        "2" : 0.000000,
        "4" : 0.000000,
        "10" : 0.000000,
        "20" : 0.013911,
        "50" : 0.010000,
        "100" : 0.010000,
        "250" : 2.915850,
        "500" : 8.950824,
        "750" : 0.516040,
        "1000" : 0.054296
      },
      "latency_ms" : {
        "2" : 0.467128,
        "4" : 5.088602,
        "10" : 11.500958,
        "20" : 5.211105,
        "50" : 57.061445,
        "100" : 7.404948,
        "250" : 0.546554,
        "500" : 0.251738,
        "750" : 0.015257,
        "1000" : 0.010000,
        "2000" : 0.000000,
        ">=2000" : 0.000000
      },
      "latency_depth" : 4,
      "latency_target" : 0,
      "latency_percentile" : 100.000000,
      "latency_window" : 0
    }
  ]
}
