{
  "fio version" : "fio-3.29-112-gc3773",
  "timestamp" : 1649813024,
  "timestamp_ms" : 1649813024930,
  "time" : "Wed Apr 13 01:23:44 2022",
  "global options" : {
    "size" : "50M",
    "runtime" : "60",
    "rwmixread" : "50",
    "directory" : "/mnt/mfs"
  },
  "jobs" : [
    {
      "jobname" : "iotest",
      "groupid" : 0,
      "error" : 0,
      "eta" : 0,
      "elapsed" : 61,
      "job options" : {
        "rw" : "randrw",
        "bs" : "4k",
        "ioengine" : "libaio",
        "iodepth" : "16",
        "numjobs" : "32",
        "direct" : "1",
        "group_reporting" : "1",
        "invalidate" : "1",
        "loops" : "1",
        "write_bw_log" : "./fio-bench-12-04-2022--23-30-08-rand-mfs/randrw/mfs/randrw50/4k/randrw-iodepth-16-numjobs-32",
        "write_lat_log" : "./fio-bench-12-04-2022--23-30-08-rand-mfs/randrw/mfs/randrw50/4k/randrw-iodepth-16-numjobs-32",
        "write_iops_log" : "./fio-bench-12-04-2022--23-30-08-rand-mfs/randrw/mfs/randrw50/4k/randrw-iodepth-16-numjobs-32",
        "log_avg_msec" : "500"
      },
      "read" : {
        "io_bytes" : 457039872,
        "io_kbytes" : 446328,
        "bw_bytes" : 7612002,
        "bw" : 7433,
        "iops" : 1858.399121,
        "runtime" : 60042,
        "total_ios" : 111582,
        "short_ios" : 0,
        "drop_ios" : 0,
        "slat_ns" : {
          "min" : 1014308,
          "max" : 957860145,
          "mean" : 17083432.417101,
          "stddev" : 24056178.676188,
          "N" : 111582
        },
        "clat_ns" : {
          "min" : 11524,
          "max" : 2581828950,
          "mean" : 118142616.912432,
          "stddev" : 86892215.596627,
          "N" : 111582,
          "percentile" : {
            "1.000000" : 57933824,
            "5.000000" : 77070336,
            "10.000000" : 85458944,
            "20.000000" : 94896128,
            "30.000000" : 102236160,
            "40.000000" : 107479040,
            "50.000000" : 112721920,
            "60.000000" : 117964800,
            "70.000000" : 123207680,
            "80.000000" : 128450560,
            "90.000000" : 137363456,
            "95.000000" : 143654912,
            "99.000000" : 219152384,
            "99.500000" : 641728512,
            "99.900000" : 1568669696,
            "99.950000" : 1702887424,
            "99.990000" : 2004877312
          }
        },
        "lat_ns" : {
          "min" : 1606563,
          "max" : 2672995950,
          "mean" : 135230042.991262,
          "stddev" : 99075471.447113,
          "N" : 111582
        },
        "bw_min" : 1600,
        "bw_max" : 11600,
        "bw_agg" : 100.000000,
        "bw_mean" : 7459.219735,
        "bw_dev" : 63.642913,
        "bw_samples" : 3816,
        "iops_min" : 400,
        "iops_max" : 2900,
        "iops_mean" : 1864.672947,
        "iops_stddev" : 15.909644,
        "iops_samples" : 3816
      },
      "write" : {
        "io_bytes" : 457211904,
        "io_kbytes" : 446496,
        "bw_bytes" : 7614867,
        "bw" : 7436,
        "iops" : 1859.098631,
        "runtime" : 60042,
        "total_ios" : 111624,
        "short_ios" : 0,
        "drop_ios" : 0,
        "slat_ns" : {
          "min" : 35339,
          "max" : 11264102,
          "mean" : 83715.190049,
          "stddev" : 70623.661534,
          "N" : 111624
        },
        "clat_ns" : {
          "min" : 1018708,
          "max" : 2488755278,
          "mean" : 139677655.785127,
          "stddev" : 97367484.798378,
          "N" : 111624,
          "percentile" : {
            "1.000000" : 74973184,
            "5.000000" : 94896128,
            "10.000000" : 103284736,
            "20.000000" : 113770496,
            "30.000000" : 121110528,
            "40.000000" : 126353408,
            "50.000000" : 132644864,
            "60.000000" : 137363456,
            "70.000000" : 143654912,
            "80.000000" : 149946368,
            "90.000000" : 160432128,
            "95.000000" : 173015040,
            "99.000000" : 263192576,
            "99.500000" : 683671552,
            "99.900000" : 1719664640,
            "99.950000" : 1887436800,
            "99.990000" : 2164260864
          }
        },
        "lat_ns" : {
          "min" : 1121235,
          "max" : 2488860878,
          "mean" : 139765135.703281,
          "stddev" : 97366032.909467,
          "N" : 111624
        },
        "bw_min" : 1959,
        "bw_max" : 10424,
        "bw_agg" : 100.000000,
        "bw_mean" : 7456.504181,
        "bw_dev" : 56.247326,
        "bw_samples" : 3818,
        "iops_min" : 489,
        "iops_max" : 2606,
        "iops_mean" : 1863.960559,
        "iops_stddev" : 14.061080,
        "iops_samples" : 3818
      },
      "trim" : {
        "io_bytes" : 0,
        "io_kbytes" : 0,
        "bw_bytes" : 0,
        "bw" : 0,
        "iops" : 0.000000,
        "runtime" : 0,
        "total_ios" : 0,
        "short_ios" : 0,
        "drop_ios" : 0,
        "slat_ns" : {
          "min" : 0,
          "max" : 0,
          "mean" : 0.000000,
          "stddev" : 0.000000,
          "N" : 0
        },
        "clat_ns" : {
          "min" : 0,
          "max" : 0,
          "mean" : 0.000000,
          "stddev" : 0.000000,
          "N" : 0
        },
        "lat_ns" : {
          "min" : 0,
          "max" : 0,
          "mean" : 0.000000,
          "stddev" : 0.000000,
          "N" : 0
        },
        "bw_min" : 0,
        "bw_max" : 0,
        "bw_agg" : 0.000000,
        "bw_mean" : 0.000000,
        "bw_dev" : 0.000000,
        "bw_samples" : 0,
        "iops_min" : 0,
        "iops_max" : 0,
        "iops_mean" : 0.000000,
        "iops_stddev" : 0.000000,
        "iops_samples" : 0
      },
      "sync" : {
        "total_ios" : 0,
        "lat_ns" : {
          "min" : 0,
          "max" : 0,
          "mean" : 0.000000,
          "stddev" : 0.000000,
          "N" : 0
        }
      },
      "job_runtime" : 1920413,
      "usr_cpu" : 0.122734,
      "sys_cpu" : 0.269838,
      "ctx" : 400374,
      "majf" : 0,
      "minf" : 1317,
      "iodepth_level" : {
        "1" : 0.100000,
        "2" : 0.100000,
        "4" : 0.100000,
        "8" : 0.114692,
        "16" : 99.784952,
        "32" : 0.000000,
        ">=64" : 0.000000
      },
      "iodepth_submit" : {
        "0" : 0.000000,
        "4" : 100.000000,
        "8" : 0.000000,
        "16" : 0.000000,
        "32" : 0.000000,
        "64" : 0.000000,
        ">=64" : 0.000000
      },
      "iodepth_complete" : {
        "0" : 0.000000,
        "4" : 99.985635,
        "8" : 0.000000,
        "16" : 0.100000,
        "32" : 0.000000,
        "64" : 0.000000,
        ">=64" : 0.000000
      },
      "latency_ns" : {
        "2" : 0.000000,
        "4" : 0.000000,
        "10" : 0.000000,
        "20" : 0.000000,
        "50" : 0.000000,
        "100" : 0.000000,
        "250" : 0.000000,
        "500" : 0.000000,
        "750" : 0.000000,
        "1000" : 0.000000
      },
      "latency_us" : {
        "2" : 0.000000,
        "4" : 0.000000,
        "10" : 0.000000,
        "20" : 0.012992,
        "50" : 0.010000,
        "100" : 0.010000,
        "250" : 0.000000,
        "500" : 0.000000,
        "750" : 0.000000,
        "1000" : 0.000000
      },
      "latency_ms" : {
        "2" : 0.010000,
        "4" : 0.010000,
        "10" : 0.010000,
        "20" : 0.015233,
        "50" : 0.300619,
        "100" : 16.850353,
        "250" : 81.827997,
        "500" : 0.413967,
        "750" : 0.092291,
        "1000" : 0.103940,
        "2000" : 0.348557,
        ">=2000" : 0.019713
      },
      "latency_depth" : 16,
      "latency_target" : 0,
      "latency_percentile" : 100.000000,
      "latency_window" : 0
    }
  ]
}
