{
  "fio version" : "fio-3.29-112-gc3773",
  "timestamp" : 1649811576,
  "timestamp_ms" : 1649811576678,
  "time" : "Wed Apr 13 00:59:36 2022",
  "global options" : {
    "size" : "50M",
    "runtime" : "60",
    "rwmixread" : "50",
    "directory" : "/mnt/mfs"
  },
  "jobs" : [
    {
      "jobname" : "iotest",
      "groupid" : 0,
      "error" : 0,
      "eta" : 0,
      "elapsed" : 61,
      "job options" : {
        "rw" : "randrw",
        "bs" : "4k",
        "ioengine" : "libaio",
        "iodepth" : "2",
        "numjobs" : "4",
        "direct" : "1",
        "group_reporting" : "1",
        "invalidate" : "1",
        "loops" : "1",
        "write_bw_log" : "./fio-bench-12-04-2022--23-30-08-rand-mfs/randrw/mfs/randrw50/4k/randrw-iodepth-2-numjobs-4",
        "write_lat_log" : "./fio-bench-12-04-2022--23-30-08-rand-mfs/randrw/mfs/randrw50/4k/randrw-iodepth-2-numjobs-4",
        "write_iops_log" : "./fio-bench-12-04-2022--23-30-08-rand-mfs/randrw/mfs/randrw50/4k/randrw-iodepth-2-numjobs-4",
        "log_avg_msec" : "500"
      },
      "read" : {
        "io_bytes" : 101957632,
        "io_kbytes" : 99568,
        "bw_bytes" : 1698869,
        "bw" : 1659,
        "iops" : 414.762976,
        "runtime" : 60015,
        "total_ios" : 24892,
        "short_ios" : 0,
        "drop_ios" : 0,
        "slat_ns" : {
          "min" : 982878,
          "max" : 1403399319,
          "mean" : 9469289.659569,
          "stddev" : 19699023.852215,
          "N" : 24892
        },
        "clat_ns" : {
          "min" : 8940,
          "max" : 93905884,
          "mean" : 766151.861361,
          "stddev" : 935447.765487,
          "N" : 24892,
          "percentile" : {
            "1.000000" : 80384,
            "5.000000" : 82432,
            "10.000000" : 83456,
            "20.000000" : 85504,
            "30.000000" : 86528,
            "40.000000" : 89600,
            "50.000000" : 138240,
            "60.000000" : 1286144,
            "70.000000" : 1335296,
            "80.000000" : 1417216,
            "90.000000" : 1564672,
            "95.000000" : 1695744,
            "99.000000" : 1990656,
            "99.500000" : 2179072,
            "99.900000" : 5275648,
            "99.950000" : 5865472,
            "99.990000" : 9764864
          }
        },
        "lat_ns" : {
          "min" : 1067037,
          "max" : 1497309324,
          "mean" : 10238451.867588,
          "stddev" : 19990148.587321,
          "N" : 24892
        },
        "bw_min" : 48,
        "bw_max" : 2377,
        "bw_agg" : 100.000000,
        "bw_mean" : 1690.189124,
        "bw_dev" : 98.262452,
        "bw_samples" : 470,
        "iops_min" : 12,
        "iops_max" : 594,
        "iops_mean" : 422.527895,
        "iops_stddev" : 24.560724,
        "iops_samples" : 470
      },
      "write" : {
        "io_bytes" : 103583744,
        "io_kbytes" : 101156,
        "bw_bytes" : 1725964,
        "bw" : 1685,
        "iops" : 421.377989,
        "runtime" : 60015,
        "total_ios" : 25289,
        "short_ios" : 0,
        "drop_ios" : 0,
        "slat_ns" : {
          "min" : 37155,
          "max" : 1144142,
          "mean" : 66422.691407,
          "stddev" : 18923.454225,
          "N" : 25289
        },
        "clat_ns" : {
          "min" : 49308,
          "max" : 1403417897,
          "mean" : 8667359.152833,
          "stddev" : 19849227.379907,
          "N" : 25289,
          "percentile" : {
            "1.000000" : 68096,
            "5.000000" : 70144,
            "10.000000" : 71168,
            "20.000000" : 73216,
            "30.000000" : 76288,
            "40.000000" : 81408,
            "50.000000" : 136192,
            "60.000000" : 11468800,
            "70.000000" : 12255232,
            "80.000000" : 16449536,
            "90.000000" : 21626880,
            "95.000000" : 26869760,
            "99.000000" : 39583744,
            "99.500000" : 46923776,
            "99.900000" : 74973184,
            "99.950000" : 133693440,
            "99.990000" : 1216348160
          }
        },
        "lat_ns" : {
          "min" : 89257,
          "max" : 1403478869,
          "mean" : 8736710.428012,
          "stddev" : 19848641.045758,
          "N" : 25289
        },
        "bw_min" : 40,
        "bw_max" : 2200,
        "bw_agg" : 100.000000,
        "bw_mean" : 1717.449320,
        "bw_dev" : 87.080551,
        "bw_samples" : 470,
        "iops_min" : 10,
        "iops_max" : 550,
        "iops_mean" : 429.358036,
        "iops_stddev" : 21.769041,
        "iops_samples" : 470
      },
      "trim" : {
        "io_bytes" : 0,
        "io_kbytes" : 0,
        "bw_bytes" : 0,
        "bw" : 0,
        "iops" : 0.000000,
        "runtime" : 0,
        "total_ios" : 0,
        "short_ios" : 0,
        "drop_ios" : 0,
        "slat_ns" : {
          "min" : 0,
          "max" : 0,
          "mean" : 0.000000,
          "stddev" : 0.000000,
          "N" : 0
        },
        "clat_ns" : {
          "min" : 0,
          "max" : 0,
          "mean" : 0.000000,
          "stddev" : 0.000000,
          "N" : 0
        },
        "lat_ns" : {
          "min" : 0,
          "max" : 0,
          "mean" : 0.000000,
          "stddev" : 0.000000,
          "N" : 0
        },
        "bw_min" : 0,
        "bw_max" : 0,
        "bw_agg" : 0.000000,
        "bw_mean" : 0.000000,
        "bw_dev" : 0.000000,
        "bw_samples" : 0,
        "iops_min" : 0,
        "iops_max" : 0,
        "iops_mean" : 0.000000,
        "iops_stddev" : 0.000000,
        "iops_samples" : 0
      },
      "sync" : {
        "total_ios" : 0,
        "lat_ns" : {
          "min" : 0,
          "max" : 0,
          "mean" : 0.000000,
          "stddev" : 0.000000,
          "N" : 0
        }
      },
      "job_runtime" : 238130,
      "usr_cpu" : 0.221728,
      "sys_cpu" : 0.454374,
      "ctx" : 78064,
      "majf" : 0,
      "minf" : 158,
      "iodepth_level" : {
        "1" : 0.100000,
        "2" : 99.992029,
        "4" : 0.000000,
        "8" : 0.000000,
        "16" : 0.000000,
        "32" : 0.000000,
        ">=64" : 0.000000
      },
      "iodepth_submit" : {
        "0" : 0.000000,
        "4" : 100.000000,
        "8" : 0.000000,
        "16" : 0.000000,
        "32" : 0.000000,
        "64" : 0.000000,
        ">=64" : 0.000000
      },
      "iodepth_complete" : {
        "0" : 0.000000,
        "4" : 100.000000,
        "8" : 0.000000,
        "16" : 0.000000,
        "32" : 0.000000,
        "64" : 0.000000,
        ">=64" : 0.000000
      },
      "latency_ns" : {
        "2" : 0.000000,
        "4" : 0.000000,
        "10" : 0.000000,
        "20" : 0.000000,
        "50" : 0.000000,
        "100" : 0.000000,
        "250" : 0.000000,
        "500" : 0.000000,
        "750" : 0.000000,
        "1000" : 0.000000
      },
      "latency_us" : {
        "2" : 0.000000,
        "4" : 0.000000,
        "10" : 0.010000,
        "20" : 0.010000,
        "50" : 0.010000,
        "100" : 46.950041,
        "250" : 3.411650,
        "500" : 0.011957,
        "750" : 0.010000,
        "1000" : 0.011957
      },
      "latency_ms" : {
        "2" : 24.140611,
        "4" : 0.348738,
        "10" : 1.088061,
        "20" : 17.837429,
        "50" : 5.996293,
        "100" : 0.161416,
        "250" : 0.010000,
        "500" : 0.010000,
        "750" : 0.010000,
        "1000" : 0.000000,
        "2000" : 0.010000,
        ">=2000" : 0.000000
      },
      "latency_depth" : 2,
      "latency_target" : 0,
      "latency_percentile" : 100.000000,
      "latency_window" : 0
    }
  ]
}
