{
  "fio version" : "fio-3.29-112-gc3773",
  "timestamp" : 1649812301,
  "timestamp_ms" : 1649812301065,
  "time" : "Wed Apr 13 01:11:41 2022",
  "global options" : {
    "size" : "50M",
    "runtime" : "60",
    "rwmixread" : "50",
    "directory" : "/mnt/mfs"
  },
  "jobs" : [
    {
      "jobname" : "iotest",
      "groupid" : 0,
      "error" : 0,
      "eta" : 0,
      "elapsed" : 61,
      "job options" : {
        "rw" : "randrw",
        "bs" : "4k",
        "ioengine" : "libaio",
        "iodepth" : "8",
        "numjobs" : "1",
        "direct" : "1",
        "group_reporting" : "1",
        "invalidate" : "1",
        "loops" : "1",
        "write_bw_log" : "./fio-bench-12-04-2022--23-30-08-rand-mfs/randrw/mfs/randrw50/4k/randrw-iodepth-8-numjobs-1",
        "write_lat_log" : "./fio-bench-12-04-2022--23-30-08-rand-mfs/randrw/mfs/randrw50/4k/randrw-iodepth-8-numjobs-1",
        "write_iops_log" : "./fio-bench-12-04-2022--23-30-08-rand-mfs/randrw/mfs/randrw50/4k/randrw-iodepth-8-numjobs-1",
        "log_avg_msec" : "500"
      },
      "read" : {
        "io_bytes" : 25333760,
        "io_kbytes" : 24740,
        "bw_bytes" : 422081,
        "bw" : 412,
        "iops" : 103.047267,
        "runtime" : 60021,
        "total_ios" : 6185,
        "short_ios" : 0,
        "drop_ios" : 0,
        "slat_ns" : {
          "min" : 1087431,
          "max" : 254036410,
          "mean" : 9611139.741471,
          "stddev" : 10548816.322463,
          "N" : 6185
        },
        "clat_ns" : {
          "min" : 13131,
          "max" : 278386773,
          "mean" : 27183814.078739,
          "stddev" : 12047852.723119,
          "N" : 6185,
          "percentile" : {
            "1.000000" : 1728512,
            "5.000000" : 8159232,
            "10.000000" : 15269888,
            "20.000000" : 18743296,
            "30.000000" : 22151168,
            "40.000000" : 25559040,
            "50.000000" : 27918336,
            "60.000000" : 29753344,
            "70.000000" : 32374784,
            "80.000000" : 34865152,
            "90.000000" : 38010880,
            "95.000000" : 40632320,
            "99.000000" : 53739520,
            "99.500000" : 66846720,
            "99.900000" : 117964800,
            "99.950000" : 270532608,
            "99.990000" : 278921216
          }
        },
        "lat_ns" : {
          "min" : 1686671,
          "max" : 348405204,
          "mean" : 36797868.552789,
          "stddev" : 16474416.695078,
          "N" : 6185
        },
        "bw_min" : 120,
        "bw_max" : 584,
        "bw_agg" : 99.954274,
        "bw_mean" : 412.091667,
        "bw_dev" : 69.795981,
        "bw_samples" : 120,
        "iops_min" : 30,
        "iops_max" : 146,
        "iops_mean" : 103.016667,
        "iops_stddev" : 17.439443,
        "iops_samples" : 120
      },
      "write" : {
        "io_bytes" : 25530368,
        "io_kbytes" : 24932,
        "bw_bytes" : 425357,
        "bw" : 415,
        "iops" : 103.846987,
        "runtime" : 60021,
        "total_ios" : 6233,
        "short_ios" : 0,
        "drop_ios" : 0,
        "slat_ns" : {
          "min" : 38971,
          "max" : 1270486,
          "mean" : 64232.213541,
          "stddev" : 24306.200623,
          "N" : 6233
        },
        "clat_ns" : {
          "min" : 463048,
          "max" : 293398145,
          "mean" : 40424138.392107,
          "stddev" : 14790101.309501,
          "N" : 6233,
          "percentile" : {
            "1.000000" : 12255232,
            "5.000000" : 20316160,
            "10.000000" : 25559040,
            "20.000000" : 30539776,
            "30.000000" : 34340864,
            "40.000000" : 37486592,
            "50.000000" : 39583744,
            "60.000000" : 42205184,
            "70.000000" : 44826624,
            "80.000000" : 48496640,
            "90.000000" : 55312384,
            "95.000000" : 61603840,
            "99.000000" : 85458944,
            "99.500000" : 110624768,
            "99.900000" : 137363456,
            "99.950000" : 177209344,
            "99.990000" : 291504128
          }
        },
        "lat_ns" : {
          "min" : 520318,
          "max" : 293472387,
          "mean" : 40491172.943045,
          "stddev" : 14787458.005058,
          "N" : 6233
        },
        "bw_min" : 168,
        "bw_max" : 496,
        "bw_agg" : 99.906667,
        "bw_mean" : 415.266667,
        "bw_dev" : 44.800910,
        "bw_samples" : 120,
        "iops_min" : 42,
        "iops_max" : 124,
        "iops_mean" : 103.816667,
        "iops_stddev" : 11.200228,
        "iops_samples" : 120
      },
      "trim" : {
        "io_bytes" : 0,
        "io_kbytes" : 0,
        "bw_bytes" : 0,
        "bw" : 0,
        "iops" : 0.000000,
        "runtime" : 0,
        "total_ios" : 0,
        "short_ios" : 0,
        "drop_ios" : 0,
        "slat_ns" : {
          "min" : 0,
          "max" : 0,
          "mean" : 0.000000,
          "stddev" : 0.000000,
          "N" : 0
        },
        "clat_ns" : {
          "min" : 0,
          "max" : 0,
          "mean" : 0.000000,
          "stddev" : 0.000000,
          "N" : 0
        },
        "lat_ns" : {
          "min" : 0,
          "max" : 0,
          "mean" : 0.000000,
          "stddev" : 0.000000,
          "N" : 0
        },
        "bw_min" : 0,
        "bw_max" : 0,
        "bw_agg" : 0.000000,
        "bw_mean" : 0.000000,
        "bw_dev" : 0.000000,
        "bw_samples" : 0,
        "iops_min" : 0,
        "iops_max" : 0,
        "iops_mean" : 0.000000,
        "iops_stddev" : 0.000000,
        "iops_samples" : 0
      },
      "sync" : {
        "total_ios" : 0,
        "lat_ns" : {
          "min" : 0,
          "max" : 0,
          "mean" : 0.000000,
          "stddev" : 0.000000,
          "N" : 0
        }
      },
      "job_runtime" : 60020,
      "usr_cpu" : 0.239920,
      "sys_cpu" : 0.418194,
      "ctx" : 18698,
      "majf" : 0,
      "minf" : 40,
      "iodepth_level" : {
        "1" : 0.100000,
        "2" : 0.100000,
        "4" : 0.100000,
        "8" : 99.943630,
        "16" : 0.000000,
        "32" : 0.000000,
        ">=64" : 0.000000
      },
      "iodepth_submit" : {
        "0" : 0.000000,
        "4" : 100.000000,
        "8" : 0.000000,
        "16" : 0.000000,
        "32" : 0.000000,
        "64" : 0.000000,
        ">=64" : 0.000000
      },
      "iodepth_complete" : {
        "0" : 0.000000,
        "4" : 99.991943,
        "8" : 0.100000,
        "16" : 0.000000,
        "32" : 0.000000,
        "64" : 0.000000,
        ">=64" : 0.000000
      },
      "latency_ns" : {
        "2" : 0.000000,
        "4" : 0.000000,
        "10" : 0.000000,
        "20" : 0.000000,
        "50" : 0.000000,
        "100" : 0.000000,
        "250" : 0.000000,
        "500" : 0.000000,
        "750" : 0.000000,
        "1000" : 0.000000
      },
      "latency_us" : {
        "2" : 0.000000,
        "4" : 0.000000,
        "10" : 0.000000,
        "20" : 0.010000,
        "50" : 0.000000,
        "100" : 0.000000,
        "250" : 0.000000,
        "500" : 0.434853,
        "750" : 0.442905,
        "1000" : 0.000000
      },
      "latency_ms" : {
        "2" : 0.442905,
        "4" : 0.346272,
        "10" : 1.908520,
        "20" : 11.169270,
        "50" : 76.115316,
        "100" : 8.769528,
        "250" : 0.306007,
        "500" : 0.056370,
        "750" : 0.000000,
        "1000" : 0.000000,
        "2000" : 0.000000,
        ">=2000" : 0.000000
      },
      "latency_depth" : 8,
      "latency_target" : 0,
      "latency_percentile" : 100.000000,
      "latency_window" : 0
    }
  ]
}
