{
  "fio version" : "fio-3.29-112-gc3773",
  "timestamp" : 1649811938,
  "timestamp_ms" : 1649811938750,
  "time" : "Wed Apr 13 01:05:38 2022",
  "global options" : {
    "size" : "50M",
    "runtime" : "60",
    "rwmixread" : "50",
    "directory" : "/mnt/mfs"
  },
  "jobs" : [
    {
      "jobname" : "iotest",
      "groupid" : 0,
      "error" : 0,
      "eta" : 0,
      "elapsed" : 61,
      "job options" : {
        "rw" : "randrw",
        "bs" : "4k",
        "ioengine" : "libaio",
        "iodepth" : "4",
        "numjobs" : "2",
        "direct" : "1",
        "group_reporting" : "1",
        "invalidate" : "1",
        "loops" : "1",
        "write_bw_log" : "./fio-bench-12-04-2022--23-30-08-rand-mfs/randrw/mfs/randrw50/4k/randrw-iodepth-4-numjobs-2",
        "write_lat_log" : "./fio-bench-12-04-2022--23-30-08-rand-mfs/randrw/mfs/randrw50/4k/randrw-iodepth-4-numjobs-2",
        "write_iops_log" : "./fio-bench-12-04-2022--23-30-08-rand-mfs/randrw/mfs/randrw50/4k/randrw-iodepth-4-numjobs-2",
        "log_avg_msec" : "500"
      },
      "read" : {
        "io_bytes" : 47783936,
        "io_kbytes" : 46664,
        "bw_bytes" : 796385,
        "bw" : 777,
        "iops" : 194.430093,
        "runtime" : 60001,
        "total_ios" : 11666,
        "short_ios" : 0,
        "drop_ios" : 0,
        "slat_ns" : {
          "min" : 1005367,
          "max" : 975219439,
          "mean" : 10191136.323418,
          "stddev" : 20958407.957109,
          "N" : 11666
        },
        "clat_ns" : {
          "min" : 12641,
          "max" : 975391458,
          "mean" : 9207206.947026,
          "stddev" : 20866748.659559,
          "N" : 11666,
          "percentile" : {
            "1.000000" : 220160,
            "5.000000" : 228352,
            "10.000000" : 244736,
            "20.000000" : 1531904,
            "30.000000" : 2768896,
            "40.000000" : 3981312,
            "50.000000" : 8454144,
            "60.000000" : 11862016,
            "70.000000" : 12910592,
            "80.000000" : 13697024,
            "90.000000" : 16580608,
            "95.000000" : 17432576,
            "99.000000" : 32112640,
            "99.500000" : 44826624,
            "99.900000" : 320864256,
            "99.950000" : 434110464,
            "99.990000" : 868220928
          }
        },
        "lat_ns" : {
          "min" : 1254143,
          "max" : 1174965178,
          "mean" : 19401328.559318,
          "stddev" : 34850149.449208,
          "N" : 11666
        },
        "bw_min" : 16,
        "bw_max" : 1273,
        "bw_agg" : 100.000000,
        "bw_mean" : 783.903646,
        "bw_dev" : 134.350085,
        "bw_samples" : 237,
        "iops_min" : 4,
        "iops_max" : 318,
        "iops_mean" : 195.965390,
        "iops_stddev" : 33.581516,
        "iops_samples" : 237
      },
      "write" : {
        "io_bytes" : 48623616,
        "io_kbytes" : 47484,
        "bw_bytes" : 810380,
        "bw" : 791,
        "iops" : 197.846703,
        "runtime" : 60001,
        "total_ios" : 11871,
        "short_ios" : 0,
        "drop_ios" : 0,
        "slat_ns" : {
          "min" : 36038,
          "max" : 1006555,
          "mean" : 65053.888046,
          "stddev" : 17710.368999,
          "N" : 11871
        },
        "clat_ns" : {
          "min" : 157004,
          "max" : 1174889330,
          "mean" : 21281464.498020,
          "stddev" : 30842583.395902,
          "N" : 11871,
          "percentile" : {
            "1.000000" : 201728,
            "5.000000" : 211968,
            "10.000000" : 228352,
            "20.000000" : 12517376,
            "30.000000" : 14614528,
            "40.000000" : 17170432,
            "50.000000" : 18743296,
            "60.000000" : 21889024,
            "70.000000" : 23461888,
            "80.000000" : 27394048,
            "90.000000" : 33423360,
            "95.000000" : 40632320,
            "99.000000" : 68681728,
            "99.500000" : 104333312,
            "99.900000" : 501219328,
            "99.950000" : 717225984,
            "99.990000" : 977272832
          }
        },
        "lat_ns" : {
          "min" : 206381,
          "max" : 1174951559,
          "mean" : 21349328.737933,
          "stddev" : 30841621.814133,
          "N" : 11871
        },
        "bw_min" : 24,
        "bw_max" : 1104,
        "bw_agg" : 100.000000,
        "bw_mean" : 797.490386,
        "bw_dev" : 130.721221,
        "bw_samples" : 237,
        "iops_min" : 6,
        "iops_max" : 276,
        "iops_mean" : 199.364193,
        "iops_stddev" : 32.676727,
        "iops_samples" : 237
      },
      "trim" : {
        "io_bytes" : 0,
        "io_kbytes" : 0,
        "bw_bytes" : 0,
        "bw" : 0,
        "iops" : 0.000000,
        "runtime" : 0,
        "total_ios" : 0,
        "short_ios" : 0,
        "drop_ios" : 0,
        "slat_ns" : {
          "min" : 0,
          "max" : 0,
          "mean" : 0.000000,
          "stddev" : 0.000000,
          "N" : 0
        },
        "clat_ns" : {
          "min" : 0,
          "max" : 0,
          "mean" : 0.000000,
          "stddev" : 0.000000,
          "N" : 0
        },
        "lat_ns" : {
          "min" : 0,
          "max" : 0,
          "mean" : 0.000000,
          "stddev" : 0.000000,
          "N" : 0
        },
        "bw_min" : 0,
        "bw_max" : 0,
        "bw_agg" : 0.000000,
        "bw_mean" : 0.000000,
        "bw_dev" : 0.000000,
        "bw_samples" : 0,
        "iops_min" : 0,
        "iops_max" : 0,
        "iops_mean" : 0.000000,
        "iops_stddev" : 0.000000,
        "iops_samples" : 0
      },
      "sync" : {
        "total_ios" : 0,
        "lat_ns" : {
          "min" : 0,
          "max" : 0,
          "mean" : 0.000000,
          "stddev" : 0.000000,
          "N" : 0
        }
      },
      "job_runtime" : 120000,
      "usr_cpu" : 0.240833,
      "sys_cpu" : 0.388333,
      "ctx" : 35933,
      "majf" : 0,
      "minf" : 82,
      "iodepth_level" : {
        "1" : 0.100000,
        "2" : 0.100000,
        "4" : 99.974508,
        "8" : 0.000000,
        "16" : 0.000000,
        "32" : 0.000000,
        ">=64" : 0.000000
      },
      "iodepth_submit" : {
        "0" : 0.000000,
        "4" : 100.000000,
        "8" : 0.000000,
        "16" : 0.000000,
        "32" : 0.000000,
        "64" : 0.000000,
        ">=64" : 0.000000
      },
      "iodepth_complete" : {
        "0" : 0.000000,
        "4" : 100.000000,
        "8" : 0.000000,
        "16" : 0.000000,
        "32" : 0.000000,
        "64" : 0.000000,
        ">=64" : 0.000000
      },
      "latency_ns" : {
        "2" : 0.000000,
        "4" : 0.000000,
        "10" : 0.000000,
        "20" : 0.000000,
        "50" : 0.000000,
        "100" : 0.000000,
        "250" : 0.000000,
        "500" : 0.000000,
        "750" : 0.000000,
        "1000" : 0.000000
      },
      "latency_us" : {
        "2" : 0.000000,
        "4" : 0.000000,
        "10" : 0.000000,
        "20" : 0.010000,
        "50" : 0.000000,
        "100" : 0.000000,
        "250" : 11.484046,
        "500" : 1.436037,
        "750" : 0.000000,
        "1000" : 0.010000
      },
      "latency_ms" : {
        "2" : 6.096784,
        "4" : 7.532821,
        "10" : 5.616689,
        "20" : 43.782130,
        "50" : 22.449760,
        "100" : 1.142881,
        "250" : 0.195437,
        "500" : 0.182691,
        "750" : 0.033989,
        "1000" : 0.025492,
        "2000" : 0.010000,
        ">=2000" : 0.000000
      },
      "latency_depth" : 4,
      "latency_target" : 0,
      "latency_percentile" : 100.000000,
      "latency_window" : 0
    }
  ]
}
