{
  "fio version" : "fio-3.29-112-gc3773",
  "timestamp" : 1649811878,
  "timestamp_ms" : 1649811878511,
  "time" : "Wed Apr 13 01:04:38 2022",
  "global options" : {
    "size" : "50M",
    "runtime" : "60",
    "rwmixread" : "50",
    "directory" : "/mnt/mfs"
  },
  "jobs" : [
    {
      "jobname" : "iotest",
      "groupid" : 0,
      "error" : 0,
      "eta" : 0,
      "elapsed" : 61,
      "job options" : {
        "rw" : "randrw",
        "bs" : "4k",
        "ioengine" : "libaio",
        "iodepth" : "4",
        "numjobs" : "1",
        "direct" : "1",
        "group_reporting" : "1",
        "invalidate" : "1",
        "loops" : "1",
        "write_bw_log" : "./fio-bench-12-04-2022--23-30-08-rand-mfs/randrw/mfs/randrw50/4k/randrw-iodepth-4-numjobs-1",
        "write_lat_log" : "./fio-bench-12-04-2022--23-30-08-rand-mfs/randrw/mfs/randrw50/4k/randrw-iodepth-4-numjobs-1",
        "write_iops_log" : "./fio-bench-12-04-2022--23-30-08-rand-mfs/randrw/mfs/randrw50/4k/randrw-iodepth-4-numjobs-1",
        "log_avg_msec" : "500"
      },
      "read" : {
        "io_bytes" : 25296896,
        "io_kbytes" : 24704,
        "bw_bytes" : 421530,
        "bw" : 411,
        "iops" : 102.912751,
        "runtime" : 60012,
        "total_ios" : 6176,
        "short_ios" : 0,
        "drop_ios" : 0,
        "slat_ns" : {
          "min" : 1101679,
          "max" : 206893086,
          "mean" : 9624397.388763,
          "stddev" : 10992634.491086,
          "N" : 6176
        },
        "clat_ns" : {
          "min" : 23396,
          "max" : 207981149,
          "mean" : 8480411.236723,
          "stddev" : 8278799.083890,
          "N" : 6176,
          "percentile" : {
            "1.000000" : 218112,
            "5.000000" : 226304,
            "10.000000" : 236544,
            "20.000000" : 1515520,
            "30.000000" : 2768896,
            "40.000000" : 3981312,
            "50.000000" : 8355840,
            "60.000000" : 12648448,
            "70.000000" : 13434880,
            "80.000000" : 13959168,
            "90.000000" : 17170432,
            "95.000000" : 17694720,
            "99.000000" : 20054016,
            "99.500000" : 34340864,
            "99.900000" : 74973184,
            "99.950000" : 168820736,
            "99.990000" : 208666624
          }
        },
        "lat_ns" : {
          "min" : 1339489,
          "max" : 351460377,
          "mean" : 18107705.561529,
          "stddev" : 14601205.676141,
          "N" : 6176
        },
        "bw_min" : 160,
        "bw_max" : 593,
        "bw_agg" : 99.842004,
        "bw_mean" : 411.608333,
        "bw_dev" : 75.273317,
        "bw_samples" : 120,
        "iops_min" : 40,
        "iops_max" : 148,
        "iops_mean" : 102.900000,
        "iops_stddev" : 18.813280,
        "iops_samples" : 120
      },
      "write" : {
        "io_bytes" : 25493504,
        "io_kbytes" : 24896,
        "bw_bytes" : 424806,
        "bw" : 414,
        "iops" : 103.712591,
        "runtime" : 60012,
        "total_ios" : 6224,
        "short_ios" : 0,
        "drop_ios" : 0,
        "slat_ns" : {
          "min" : 34641,
          "max" : 1023805,
          "mean" : 63973.190713,
          "stddev" : 19120.585006,
          "N" : 6224
        },
        "clat_ns" : {
          "min" : 143035,
          "max" : 287944769,
          "mean" : 20514273.574550,
          "stddev" : 13793236.886146,
          "N" : 6224,
          "percentile" : {
            "1.000000" : 201728,
            "5.000000" : 207872,
            "10.000000" : 220160,
            "20.000000" : 13041664,
            "30.000000" : 15269888,
            "40.000000" : 17956864,
            "50.000000" : 19529728,
            "60.000000" : 22675456,
            "70.000000" : 24248320,
            "80.000000" : 27918336,
            "90.000000" : 33816576,
            "95.000000" : 39059456,
            "99.000000" : 53739520,
            "99.500000" : 61079552,
            "99.900000" : 183500800,
            "99.950000" : 206569472,
            "99.990000" : 287309824
          }
        },
        "lat_ns" : {
          "min" : 194857,
          "max" : 288001411,
          "mean" : 20581020.183483,
          "stddev" : 13793321.465519,
          "N" : 6224
        },
        "bw_min" : 168,
        "bw_max" : 512,
        "bw_agg" : 99.795201,
        "bw_mean" : 414.800000,
        "bw_dev" : 52.798268,
        "bw_samples" : 120,
        "iops_min" : 42,
        "iops_max" : 128,
        "iops_mean" : 103.700000,
        "iops_stddev" : 13.199567,
        "iops_samples" : 120
      },
      "trim" : {
        "io_bytes" : 0,
        "io_kbytes" : 0,
        "bw_bytes" : 0,
        "bw" : 0,
        "iops" : 0.000000,
        "runtime" : 0,
        "total_ios" : 0,
        "short_ios" : 0,
        "drop_ios" : 0,
        "slat_ns" : {
          "min" : 0,
          "max" : 0,
          "mean" : 0.000000,
          "stddev" : 0.000000,
          "N" : 0
        },
        "clat_ns" : {
          "min" : 0,
          "max" : 0,
          "mean" : 0.000000,
          "stddev" : 0.000000,
          "N" : 0
        },
        "lat_ns" : {
          "min" : 0,
          "max" : 0,
          "mean" : 0.000000,
          "stddev" : 0.000000,
          "N" : 0
        },
        "bw_min" : 0,
        "bw_max" : 0,
        "bw_agg" : 0.000000,
        "bw_mean" : 0.000000,
        "bw_dev" : 0.000000,
        "bw_samples" : 0,
        "iops_min" : 0,
        "iops_max" : 0,
        "iops_mean" : 0.000000,
        "iops_stddev" : 0.000000,
        "iops_samples" : 0
      },
      "sync" : {
        "total_ios" : 0,
        "lat_ns" : {
          "min" : 0,
          "max" : 0,
          "mean" : 0.000000,
          "stddev" : 0.000000,
          "N" : 0
        }
      },
      "job_runtime" : 60011,
      "usr_cpu" : 0.211628,
      "sys_cpu" : 0.441586,
      "ctx" : 18674,
      "majf" : 0,
      "minf" : 41,
      "iodepth_level" : {
        "1" : 0.100000,
        "2" : 0.100000,
        "4" : 99.975806,
        "8" : 0.000000,
        "16" : 0.000000,
        "32" : 0.000000,
        ">=64" : 0.000000
      },
      "iodepth_submit" : {
        "0" : 0.000000,
        "4" : 100.000000,
        "8" : 0.000000,
        "16" : 0.000000,
        "32" : 0.000000,
        "64" : 0.000000,
        ">=64" : 0.000000
      },
      "iodepth_complete" : {
        "0" : 0.000000,
        "4" : 100.000000,
        "8" : 0.000000,
        "16" : 0.000000,
        "32" : 0.000000,
        "64" : 0.000000,
        ">=64" : 0.000000
      },
      "latency_ns" : {
        "2" : 0.000000,
        "4" : 0.000000,
        "10" : 0.000000,
        "20" : 0.000000,
        "50" : 0.000000,
        "100" : 0.000000,
        "250" : 0.000000,
        "500" : 0.000000,
        "750" : 0.000000,
        "1000" : 0.000000
      },
      "latency_us" : {
        "2" : 0.000000,
        "4" : 0.000000,
        "10" : 0.000000,
        "20" : 0.000000,
        "50" : 0.010000,
        "100" : 0.000000,
        "250" : 12.500000,
        "500" : 0.274194,
        "750" : 0.000000,
        "1000" : 0.000000
      },
      "latency_ms" : {
        "2" : 6.016129,
        "4" : 7.975806,
        "10" : 5.362903,
        "20" : 42.798387,
        "50" : 24.225806,
        "100" : 0.661290,
        "250" : 0.169355,
        "500" : 0.010000,
        "750" : 0.000000,
        "1000" : 0.000000,
        "2000" : 0.000000,
        ">=2000" : 0.000000
      },
      "latency_depth" : 4,
      "latency_target" : 0,
      "latency_percentile" : 100.000000,
      "latency_window" : 0
    }
  ]
}
