{
  "fio version" : "fio-3.29-112-gc3773",
  "timestamp" : 1649812119,
  "timestamp_ms" : 1649812119668,
  "time" : "Wed Apr 13 01:08:39 2022",
  "global options" : {
    "size" : "50M",
    "runtime" : "60",
    "rwmixread" : "50",
    "directory" : "/mnt/mfs"
  },
  "jobs" : [
    {
      "jobname" : "iotest",
      "groupid" : 0,
      "error" : 0,
      "eta" : 0,
      "elapsed" : 61,
      "job options" : {
        "rw" : "randrw",
        "bs" : "4k",
        "ioengine" : "libaio",
        "iodepth" : "4",
        "numjobs" : "16",
        "direct" : "1",
        "group_reporting" : "1",
        "invalidate" : "1",
        "loops" : "1",
        "write_bw_log" : "./fio-bench-12-04-2022--23-30-08-rand-mfs/randrw/mfs/randrw50/4k/randrw-iodepth-4-numjobs-16",
        "write_lat_log" : "./fio-bench-12-04-2022--23-30-08-rand-mfs/randrw/mfs/randrw50/4k/randrw-iodepth-4-numjobs-16",
        "write_iops_log" : "./fio-bench-12-04-2022--23-30-08-rand-mfs/randrw/mfs/randrw50/4k/randrw-iodepth-4-numjobs-16",
        "log_avg_msec" : "500"
      },
      "read" : {
        "io_bytes" : 357154816,
        "io_kbytes" : 348784,
        "bw_bytes" : 5946831,
        "bw" : 5807,
        "iops" : 1451.863199,
        "runtime" : 60058,
        "total_ios" : 87196,
        "short_ios" : 0,
        "drop_ios" : 0,
        "slat_ns" : {
          "min" : 975476,
          "max" : 85802031,
          "mean" : 10900180.862654,
          "stddev" : 10600096.090586,
          "N" : 87196
        },
        "clat_ns" : {
          "min" : 12431,
          "max" : 44309437,
          "mean" : 9915254.527788,
          "stddev" : 7298072.465278,
          "N" : 87196,
          "percentile" : {
            "1.000000" : 236544,
            "5.000000" : 264192,
            "10.000000" : 313344,
            "20.000000" : 2179072,
            "30.000000" : 3751936,
            "40.000000" : 5275648,
            "50.000000" : 10289152,
            "60.000000" : 14483456,
            "70.000000" : 15794176,
            "80.000000" : 16908288,
            "90.000000" : 19267584,
            "95.000000" : 20840448,
            "99.000000" : 22937600,
            "99.500000" : 23724032,
            "99.900000" : 26083328,
            "99.950000" : 28180480,
            "99.990000" : 31326208
          }
        },
        "lat_ns" : {
          "min" : 1242619,
          "max" : 100023216,
          "mean" : 20818814.571288,
          "stddev" : 12853674.140824,
          "N" : 87196
        },
        "bw_min" : 3792,
        "bw_max" : 8067,
        "bw_agg" : 100.000000,
        "bw_mean" : 5811.254692,
        "bw_dev" : 52.099199,
        "bw_samples" : 1917,
        "iops_min" : 948,
        "iops_max" : 2016,
        "iops_mean" : 1452.803151,
        "iops_stddev" : 13.022253,
        "iops_samples" : 1917
      },
      "write" : {
        "io_bytes" : 359825408,
        "io_kbytes" : 351392,
        "bw_bytes" : 5991298,
        "bw" : 5850,
        "iops" : 1462.719371,
        "runtime" : 60058,
        "total_ios" : 87848,
        "short_ios" : 0,
        "drop_ios" : 0,
        "slat_ns" : {
          "min" : 35410,
          "max" : 8654961,
          "mean" : 76080.365518,
          "stddev" : 52236.569500,
          "N" : 87848
        },
        "clat_ns" : {
          "min" : 141569,
          "max" : 97584912,
          "mean" : 22949077.003108,
          "stddev" : 12266541.758194,
          "N" : 87848,
          "percentile" : {
            "1.000000" : 218112,
            "5.000000" : 246784,
            "10.000000" : 313344,
            "20.000000" : 15400960,
            "30.000000" : 18219008,
            "40.000000" : 20578304,
            "50.000000" : 22937600,
            "60.000000" : 25821184,
            "70.000000" : 28180480,
            "80.000000" : 31588352,
            "90.000000" : 37486592,
            "95.000000" : 42729472,
            "99.000000" : 55312384,
            "99.500000" : 60555264,
            "99.900000" : 70778880,
            "99.950000" : 76021760,
            "99.990000" : 85458944
          }
        },
        "lat_ns" : {
          "min" : 194089,
          "max" : 97684087,
          "mean" : 23028467.553513,
          "stddev" : 12265879.008357,
          "N" : 87848
        },
        "bw_min" : 4752,
        "bw_max" : 7528,
        "bw_agg" : 100.000000,
        "bw_mean" : 5854.233123,
        "bw_dev" : 32.008675,
        "bw_samples" : 1917,
        "iops_min" : 1188,
        "iops_max" : 1882,
        "iops_mean" : 1463.539426,
        "iops_stddev" : 8.004452,
        "iops_samples" : 1917
      },
      "trim" : {
        "io_bytes" : 0,
        "io_kbytes" : 0,
        "bw_bytes" : 0,
        "bw" : 0,
        "iops" : 0.000000,
        "runtime" : 0,
        "total_ios" : 0,
        "short_ios" : 0,
        "drop_ios" : 0,
        "slat_ns" : {
          "min" : 0,
          "max" : 0,
          "mean" : 0.000000,
          "stddev" : 0.000000,
          "N" : 0
        },
        "clat_ns" : {
          "min" : 0,
          "max" : 0,
          "mean" : 0.000000,
          "stddev" : 0.000000,
          "N" : 0
        },
        "lat_ns" : {
          "min" : 0,
          "max" : 0,
          "mean" : 0.000000,
          "stddev" : 0.000000,
          "N" : 0
        },
        "bw_min" : 0,
        "bw_max" : 0,
        "bw_agg" : 0.000000,
        "bw_mean" : 0.000000,
        "bw_dev" : 0.000000,
        "bw_samples" : 0,
        "iops_min" : 0,
        "iops_max" : 0,
        "iops_mean" : 0.000000,
        "iops_stddev" : 0.000000,
        "iops_samples" : 0
      },
      "sync" : {
        "total_ios" : 0,
        "lat_ns" : {
          "min" : 0,
          "max" : 0,
          "mean" : 0.000000,
          "stddev" : 0.000000,
          "N" : 0
        }
      },
      "job_runtime" : 960214,
      "usr_cpu" : 0.164443,
      "sys_cpu" : 0.426363,
      "ctx" : 299533,
      "majf" : 0,
      "minf" : 668,
      "iodepth_level" : {
        "1" : 0.100000,
        "2" : 0.100000,
        "4" : 99.972578,
        "8" : 0.000000,
        "16" : 0.000000,
        "32" : 0.000000,
        ">=64" : 0.000000
      },
      "iodepth_submit" : {
        "0" : 0.000000,
        "4" : 100.000000,
        "8" : 0.000000,
        "16" : 0.000000,
        "32" : 0.000000,
        "64" : 0.000000,
        ">=64" : 0.000000
      },
      "iodepth_complete" : {
        "0" : 0.000000,
        "4" : 100.000000,
        "8" : 0.000000,
        "16" : 0.000000,
        "32" : 0.000000,
        "64" : 0.000000,
        ">=64" : 0.000000
      },
      "latency_ns" : {
        "2" : 0.000000,
        "4" : 0.000000,
        "10" : 0.000000,
        "20" : 0.000000,
        "50" : 0.000000,
        "100" : 0.000000,
        "250" : 0.000000,
        "500" : 0.000000,
        "750" : 0.000000,
        "1000" : 0.000000
      },
      "latency_us" : {
        "2" : 0.000000,
        "4" : 0.000000,
        "10" : 0.000000,
        "20" : 0.010000,
        "50" : 0.010000,
        "100" : 0.000000,
        "250" : 4.085830,
        "500" : 8.389891,
        "750" : 0.114828,
        "1000" : 0.010000
      },
      "latency_ms" : {
        "2" : 2.943260,
        "4" : 6.651470,
        "10" : 8.999452,
        "20" : 33.460730,
        "50" : 34.347364,
        "100" : 0.992893,
        "250" : 0.000000,
        "500" : 0.000000,
        "750" : 0.000000,
        "1000" : 0.000000,
        "2000" : 0.000000,
        ">=2000" : 0.000000
      },
      "latency_depth" : 4,
      "latency_target" : 0,
      "latency_percentile" : 100.000000,
      "latency_window" : 0
    }
  ]
}
