{
  "fio version" : "fio-3.29-112-gc3773",
  "timestamp" : 1649810781,
  "timestamp_ms" : 1649810781692,
  "time" : "Wed Apr 13 00:46:21 2022",
  "global options" : {
    "size" : "50M",
    "runtime" : "60",
    "rwmixread" : "50",
    "directory" : "/mnt/mfs"
  },
  "jobs" : [
    {
      "jobname" : "iotest",
      "groupid" : 0,
      "error" : 0,
      "eta" : 0,
      "elapsed" : 61,
      "job options" : {
        "rw" : "randrw",
        "bs" : "4k",
        "ioengine" : "libaio",
        "iodepth" : "1",
        "numjobs" : "4",
        "direct" : "1",
        "group_reporting" : "1",
        "invalidate" : "1",
        "loops" : "1",
        "write_bw_log" : "./fio-bench-12-04-2022--23-30-08-rand-mfs/randrw/mfs/randrw50/4k/randrw-iodepth-1-numjobs-4",
        "write_lat_log" : "./fio-bench-12-04-2022--23-30-08-rand-mfs/randrw/mfs/randrw50/4k/randrw-iodepth-1-numjobs-4",
        "write_iops_log" : "./fio-bench-12-04-2022--23-30-08-rand-mfs/randrw/mfs/randrw50/4k/randrw-iodepth-1-numjobs-4",
        "log_avg_msec" : "500"
      },
      "read" : {
        "io_bytes" : 81858560,
        "io_kbytes" : 79940,
        "bw_bytes" : 1363968,
        "bw" : 1332,
        "iops" : 333.000083,
        "runtime" : 60015,
        "total_ios" : 19985,
        "short_ios" : 0,
        "drop_ios" : 0,
        "slat_ns" : {
          "min" : 965419,
          "max" : 872689031,
          "mean" : 11911321.056793,
          "stddev" : 30093481.852808,
          "N" : 19985
        },
        "clat_ns" : {
          "min" : 1956,
          "max" : 72216,
          "mean" : 2934.308081,
          "stddev" : 1472.867760,
          "N" : 19985,
          "percentile" : {
            "1.000000" : 2576,
            "5.000000" : 2736,
            "10.000000" : 2736,
            "20.000000" : 2800,
            "30.000000" : 2800,
            "40.000000" : 2800,
            "50.000000" : 2864,
            "60.000000" : 2864,
            "70.000000" : 2864,
            "80.000000" : 2928,
            "90.000000" : 2928,
            "95.000000" : 2992,
            "99.000000" : 3504,
            "99.500000" : 4640,
            "99.900000" : 27776,
            "99.950000" : 33536,
            "99.990000" : 68096
          }
        },
        "lat_ns" : {
          "min" : 971286,
          "max" : 872696783,
          "mean" : 11917256.121191,
          "stddev" : 30093592.894223,
          "N" : 19985
        },
        "bw_min" : 56,
        "bw_max" : 2344,
        "bw_agg" : 100.000000,
        "bw_mean" : 1342.762994,
        "bw_dev" : 164.545080,
        "bw_samples" : 476,
        "iops_min" : 14,
        "iops_max" : 586,
        "iops_mean" : 335.659040,
        "iops_stddev" : 41.128894,
        "iops_samples" : 476
      },
      "write" : {
        "io_bytes" : 83492864,
        "io_kbytes" : 81536,
        "bw_bytes" : 1391199,
        "bw" : 1358,
        "iops" : 339.648421,
        "runtime" : 60015,
        "total_ios" : 20384,
        "short_ios" : 0,
        "drop_ios" : 0,
        "slat_ns" : {
          "min" : 37296,
          "max" : 1248487,
          "mean" : 68140.571919,
          "stddev" : 24045.603621,
          "N" : 20384
        },
        "clat_ns" : {
          "min" : 1815,
          "max" : 83670,
          "mean" : 2803.810243,
          "stddev" : 1697.120795,
          "N" : 20384,
          "percentile" : {
            "1.000000" : 2512,
            "5.000000" : 2576,
            "10.000000" : 2576,
            "20.000000" : 2640,
            "30.000000" : 2640,
            "40.000000" : 2640,
            "50.000000" : 2736,
            "60.000000" : 2736,
            "70.000000" : 2736,
            "80.000000" : 2800,
            "90.000000" : 2864,
            "95.000000" : 2928,
            "99.000000" : 3152,
            "99.500000" : 8160,
            "99.900000" : 28288,
            "99.950000" : 39168,
            "99.990000" : 71168
          }
        },
        "lat_ns" : {
          "min" : 41486,
          "max" : 1254144,
          "mean" : 73846.743672,
          "stddev" : 24260.279337,
          "N" : 20384
        },
        "bw_min" : 72,
        "bw_max" : 2121,
        "bw_agg" : 100.000000,
        "bw_mean" : 1372.671679,
        "bw_dev" : 161.252209,
        "bw_samples" : 475,
        "iops_min" : 18,
        "iops_max" : 530,
        "iops_mean" : 343.155331,
        "iops_stddev" : 40.310075,
        "iops_samples" : 475
      },
      "trim" : {
        "io_bytes" : 0,
        "io_kbytes" : 0,
        "bw_bytes" : 0,
        "bw" : 0,
        "iops" : 0.000000,
        "runtime" : 0,
        "total_ios" : 0,
        "short_ios" : 0,
        "drop_ios" : 0,
        "slat_ns" : {
          "min" : 0,
          "max" : 0,
          "mean" : 0.000000,
          "stddev" : 0.000000,
          "N" : 0
        },
        "clat_ns" : {
          "min" : 0,
          "max" : 0,
          "mean" : 0.000000,
          "stddev" : 0.000000,
          "N" : 0
        },
        "lat_ns" : {
          "min" : 0,
          "max" : 0,
          "mean" : 0.000000,
          "stddev" : 0.000000,
          "N" : 0
        },
        "bw_min" : 0,
        "bw_max" : 0,
        "bw_agg" : 0.000000,
        "bw_mean" : 0.000000,
        "bw_dev" : 0.000000,
        "bw_samples" : 0,
        "iops_min" : 0,
        "iops_max" : 0,
        "iops_mean" : 0.000000,
        "iops_stddev" : 0.000000,
        "iops_samples" : 0
      },
      "sync" : {
        "total_ios" : 0,
        "lat_ns" : {
          "min" : 0,
          "max" : 0,
          "mean" : 0.000000,
          "stddev" : 0.000000,
          "N" : 0
        }
      },
      "job_runtime" : 240030,
      "usr_cpu" : 0.224972,
      "sys_cpu" : 0.317460,
      "ctx" : 62801,
      "majf" : 0,
      "minf" : 150,
      "iodepth_level" : {
        "1" : 100.000000,
        "2" : 0.000000,
        "4" : 0.000000,
        "8" : 0.000000,
        "16" : 0.000000,
        "32" : 0.000000,
        ">=64" : 0.000000
      },
      "iodepth_submit" : {
        "0" : 0.000000,
        "4" : 100.000000,
        "8" : 0.000000,
        "16" : 0.000000,
        "32" : 0.000000,
        "64" : 0.000000,
        ">=64" : 0.000000
      },
      "iodepth_complete" : {
        "0" : 0.000000,
        "4" : 100.000000,
        "8" : 0.000000,
        "16" : 0.000000,
        "32" : 0.000000,
        "64" : 0.000000,
        ">=64" : 0.000000
      },
      "latency_ns" : {
        "2" : 0.000000,
        "4" : 0.000000,
        "10" : 0.000000,
        "20" : 0.000000,
        "50" : 0.000000,
        "100" : 0.000000,
        "250" : 0.000000,
        "500" : 0.000000,
        "750" : 0.000000,
        "1000" : 0.000000
      },
      "latency_us" : {
        "2" : 0.049543,
        "4" : 99.360896,
        "10" : 0.215512,
        "20" : 0.156060,
        "50" : 0.193218,
        "100" : 0.024771,
        "250" : 0.000000,
        "500" : 0.000000,
        "750" : 0.000000,
        "1000" : 0.000000
      },
      "latency_ms" : {
        "2" : 0.000000,
        "4" : 0.000000,
        "10" : 0.000000,
        "20" : 0.000000,
        "50" : 0.000000,
        "100" : 0.000000,
        "250" : 0.000000,
        "500" : 0.000000,
        "750" : 0.000000,
        "1000" : 0.000000,
        "2000" : 0.000000,
        ">=2000" : 0.000000
      },
      "latency_depth" : 1,
      "latency_target" : 0,
      "latency_percentile" : 100.000000,
      "latency_window" : 0
    }
  ]
}
