{
  "fio version" : "fio-3.29-112-gc3773",
  "timestamp" : 1649813566,
  "timestamp_ms" : 1649813566447,
  "time" : "Wed Apr 13 01:32:46 2022",
  "global options" : {
    "size" : "50M",
    "runtime" : "60",
    "rwmixread" : "50",
    "directory" : "/mnt/mfs"
  },
  "jobs" : [
    {
      "jobname" : "iotest",
      "groupid" : 0,
      "error" : 0,
      "eta" : 0,
      "elapsed" : 61,
      "job options" : {
        "rw" : "randrw",
        "bs" : "4k",
        "ioengine" : "libaio",
        "iodepth" : "64",
        "numjobs" : "1",
        "direct" : "1",
        "group_reporting" : "1",
        "invalidate" : "1",
        "loops" : "1",
        "write_bw_log" : "./fio-bench-12-04-2022--23-30-08-rand-mfs/randrw/mfs/randrw50/4k/randrw-iodepth-64-numjobs-1",
        "write_lat_log" : "./fio-bench-12-04-2022--23-30-08-rand-mfs/randrw/mfs/randrw50/4k/randrw-iodepth-64-numjobs-1",
        "write_iops_log" : "./fio-bench-12-04-2022--23-30-08-rand-mfs/randrw/mfs/randrw50/4k/randrw-iodepth-64-numjobs-1",
        "log_avg_msec" : "500"
      },
      "read" : {
        "io_bytes" : 22839296,
        "io_kbytes" : 22304,
        "bw_bytes" : 380578,
        "bw" : 371,
        "iops" : 92.914750,
        "runtime" : 60012,
        "total_ios" : 5576,
        "short_ios" : 0,
        "drop_ios" : 0,
        "slat_ns" : {
          "min" : 1049996,
          "max" : 875740223,
          "mean" : 10668918.010043,
          "stddev" : 22912134.789004,
          "N" : 5576
        },
        "clat_ns" : {
          "min" : 13409,
          "max" : 2088112712,
          "mean" : 328921749.306492,
          "stddev" : 187711848.698846,
          "N" : 5576,
          "percentile" : {
            "1.000000" : 235929600,
            "5.000000" : 252706816,
            "10.000000" : 258998272,
            "20.000000" : 270532608,
            "30.000000" : 278921216,
            "40.000000" : 283115520,
            "50.000000" : 291504128,
            "60.000000" : 295698432,
            "70.000000" : 304087040,
            "80.000000" : 312475648,
            "90.000000" : 341835776,
            "95.000000" : 530579456,
            "99.000000" : 1417674752,
            "99.500000" : 1468006400,
            "99.900000" : 2071986176,
            "99.950000" : 2088763392,
            "99.990000" : 2088763392
          }
        },
        "lat_ns" : {
          "min" : 23579103,
          "max" : 2365448163,
          "mean" : 339593644.627869,
          "stddev" : 192945360.374719,
          "N" : 5576
        },
        "bw_min" : 48,
        "bw_max" : 576,
        "bw_agg" : 100.000000,
        "bw_mean" : 375.796610,
        "bw_dev" : 118.827143,
        "bw_samples" : 118,
        "iops_min" : 12,
        "iops_max" : 144,
        "iops_mean" : 93.949153,
        "iops_stddev" : 29.706786,
        "iops_samples" : 118
      },
      "write" : {
        "io_bytes" : 22949888,
        "io_kbytes" : 22412,
        "bw_bytes" : 382421,
        "bw" : 373,
        "iops" : 93.364660,
        "runtime" : 60012,
        "total_ios" : 5603,
        "short_ios" : 0,
        "drop_ios" : 0,
        "slat_ns" : {
          "min" : 38622,
          "max" : 3521406,
          "mean" : 65065.849366,
          "stddev" : 51449.715507,
          "N" : 5603
        },
        "clat_ns" : {
          "min" : 23589719,
          "max" : 2365369382,
          "mean" : 345759162.556131,
          "stddev" : 195169112.666178,
          "N" : 5603,
          "percentile" : {
            "1.000000" : 244318208,
            "5.000000" : 263192576,
            "10.000000" : 270532608,
            "20.000000" : 283115520,
            "30.000000" : 291504128,
            "40.000000" : 295698432,
            "50.000000" : 304087040,
            "60.000000" : 308281344,
            "70.000000" : 316669952,
            "80.000000" : 329252864,
            "90.000000" : 367001600,
            "95.000000" : 574619648,
            "99.000000" : 1434451968,
            "99.500000" : 1635778560,
            "99.900000" : 2088763392,
            "99.950000" : 2197815296,
            "99.990000" : 2365587456
          }
        },
        "lat_ns" : {
          "min" : 23654392,
          "max" : 2365435243,
          "mean" : 345827080.180082,
          "stddev" : 195169065.952011,
          "N" : 5603
        },
        "bw_min" : 24,
        "bw_max" : 520,
        "bw_agg" : 100.000000,
        "bw_mean" : 377.762712,
        "bw_dev" : 113.161912,
        "bw_samples" : 118,
        "iops_min" : 6,
        "iops_max" : 130,
        "iops_mean" : 94.440678,
        "iops_stddev" : 28.290478,
        "iops_samples" : 118
      },
      "trim" : {
        "io_bytes" : 0,
        "io_kbytes" : 0,
        "bw_bytes" : 0,
        "bw" : 0,
        "iops" : 0.000000,
        "runtime" : 0,
        "total_ios" : 0,
        "short_ios" : 0,
        "drop_ios" : 0,
        "slat_ns" : {
          "min" : 0,
          "max" : 0,
          "mean" : 0.000000,
          "stddev" : 0.000000,
          "N" : 0
        },
        "clat_ns" : {
          "min" : 0,
          "max" : 0,
          "mean" : 0.000000,
          "stddev" : 0.000000,
          "N" : 0
        },
        "lat_ns" : {
          "min" : 0,
          "max" : 0,
          "mean" : 0.000000,
          "stddev" : 0.000000,
          "N" : 0
        },
        "bw_min" : 0,
        "bw_max" : 0,
        "bw_agg" : 0.000000,
        "bw_mean" : 0.000000,
        "bw_dev" : 0.000000,
        "bw_samples" : 0,
        "iops_min" : 0,
        "iops_max" : 0,
        "iops_mean" : 0.000000,
        "iops_stddev" : 0.000000,
        "iops_samples" : 0
      },
      "sync" : {
        "total_ios" : 0,
        "lat_ns" : {
          "min" : 0,
          "max" : 0,
          "mean" : 0.000000,
          "stddev" : 0.000000,
          "N" : 0
        }
      },
      "job_runtime" : 60011,
      "usr_cpu" : 0.121644,
      "sys_cpu" : 0.473247,
      "ctx" : 16807,
      "majf" : 0,
      "minf" : 40,
      "iodepth_level" : {
        "1" : 0.100000,
        "2" : 0.100000,
        "4" : 0.100000,
        "8" : 0.100000,
        "16" : 0.143126,
        "32" : 0.286251,
        ">=64" : 99.436443
      },
      "iodepth_submit" : {
        "0" : 0.000000,
        "4" : 100.000000,
        "8" : 0.000000,
        "16" : 0.000000,
        "32" : 0.000000,
        "64" : 0.000000,
        ">=64" : 0.000000
      },
      "iodepth_complete" : {
        "0" : 0.000000,
        "4" : 99.991005,
        "8" : 0.000000,
        "16" : 0.000000,
        "32" : 0.000000,
        "64" : 0.100000,
        ">=64" : 0.000000
      },
      "latency_ns" : {
        "2" : 0.000000,
        "4" : 0.000000,
        "10" : 0.000000,
        "20" : 0.000000,
        "50" : 0.000000,
        "100" : 0.000000,
        "250" : 0.000000,
        "500" : 0.000000,
        "750" : 0.000000,
        "1000" : 0.000000
      },
      "latency_us" : {
        "2" : 0.000000,
        "4" : 0.000000,
        "10" : 0.000000,
        "20" : 0.010000,
        "50" : 0.000000,
        "100" : 0.000000,
        "250" : 0.000000,
        "500" : 0.000000,
        "750" : 0.000000,
        "1000" : 0.000000
      },
      "latency_ms" : {
        "2" : 0.000000,
        "4" : 0.000000,
        "10" : 0.000000,
        "20" : 0.000000,
        "50" : 0.089453,
        "100" : 0.098399,
        "250" : 2.773057,
        "500" : 90.911531,
        "750" : 3.130870,
        "1000" : 0.822972,
        "2000" : 1.905358,
        ">=2000" : 0.259415
      },
      "latency_depth" : 64,
      "latency_target" : 0,
      "latency_percentile" : 100.000000,
      "latency_window" : 0
    }
  ]
}
