{
  "fio version" : "fio-3.29-112-gc3773",
  "timestamp" : 1649810978,
  "timestamp_ms" : 1649810978601,
  "time" : "Wed Apr 13 00:49:38 2022",
  "global options" : {
    "size" : "50M",
    "runtime" : "60",
    "rwmixread" : "50",
    "directory" : "/mnt/mfs"
  },
  "jobs" : [
    {
      "jobname" : "iotest",
      "groupid" : 0,
      "error" : 0,
      "eta" : 0,
      "elapsed" : 61,
      "job options" : {
        "rw" : "randrw",
        "bs" : "4k",
        "ioengine" : "libaio",
        "iodepth" : "1",
        "numjobs" : "16",
        "direct" : "1",
        "group_reporting" : "1",
        "invalidate" : "1",
        "loops" : "1",
        "write_bw_log" : "./fio-bench-12-04-2022--23-30-08-rand-mfs/randrw/mfs/randrw50/4k/randrw-iodepth-1-numjobs-16",
        "write_lat_log" : "./fio-bench-12-04-2022--23-30-08-rand-mfs/randrw/mfs/randrw50/4k/randrw-iodepth-1-numjobs-16",
        "write_iops_log" : "./fio-bench-12-04-2022--23-30-08-rand-mfs/randrw/mfs/randrw50/4k/randrw-iodepth-1-numjobs-16",
        "log_avg_msec" : "500"
      },
      "read" : {
        "io_bytes" : 323702784,
        "io_kbytes" : 316116,
        "bw_bytes" : 5393518,
        "bw" : 5267,
        "iops" : 1316.776913,
        "runtime" : 60017,
        "total_ios" : 79029,
        "short_ios" : 0,
        "drop_ios" : 0,
        "slat_ns" : {
          "min" : 977293,
          "max" : 762668929,
          "mean" : 12035597.869731,
          "stddev" : 19287211.433033,
          "N" : 79029
        },
        "clat_ns" : {
          "min" : 1885,
          "max" : 296198,
          "mean" : 3316.255096,
          "stddev" : 3995.863248,
          "N" : 79029,
          "percentile" : {
            "1.000000" : 2512,
            "5.000000" : 2640,
            "10.000000" : 2736,
            "20.000000" : 2800,
            "30.000000" : 2800,
            "40.000000" : 2864,
            "50.000000" : 2864,
            "60.000000" : 2928,
            "70.000000" : 2928,
            "80.000000" : 2992,
            "90.000000" : 3152,
            "95.000000" : 3280,
            "99.000000" : 24960,
            "99.500000" : 29056,
            "99.900000" : 54528,
            "99.950000" : 67072,
            "99.990000" : 113152
          }
        },
        "lat_ns" : {
          "min" : 983299,
          "max" : 762677240,
          "mean" : 12042360.148553,
          "stddev" : 19287507.218620,
          "N" : 79029
        },
        "bw_min" : 560,
        "bw_max" : 8018,
        "bw_agg" : 100.000000,
        "bw_mean" : 5270.352731,
        "bw_dev" : 93.123675,
        "bw_samples" : 1916,
        "iops_min" : 140,
        "iops_max" : 2004,
        "iops_mean" : 1317.598599,
        "iops_stddev" : 23.281300,
        "iops_samples" : 1916
      },
      "write" : {
        "io_bytes" : 325918720,
        "io_kbytes" : 318280,
        "bw_bytes" : 5430440,
        "bw" : 5303,
        "iops" : 1325.791026,
        "runtime" : 60017,
        "total_ios" : 79570,
        "short_ios" : 0,
        "drop_ios" : 0,
        "slat_ns" : {
          "min" : 35620,
          "max" : 8866239,
          "mean" : 77507.942855,
          "stddev" : 68399.850390,
          "N" : 79570
        },
        "clat_ns" : {
          "min" : 1466,
          "max" : 372255,
          "mean" : 3290.512354,
          "stddev" : 5963.960674,
          "N" : 79570,
          "percentile" : {
            "1.000000" : 2224,
            "5.000000" : 2576,
            "10.000000" : 2640,
            "20.000000" : 2640,
            "30.000000" : 2736,
            "40.000000" : 2736,
            "50.000000" : 2736,
            "60.000000" : 2800,
            "70.000000" : 2800,
            "80.000000" : 2864,
            "90.000000" : 2928,
            "95.000000" : 2992,
            "99.000000" : 22656,
            "99.500000" : 33536,
            "99.900000" : 91648,
            "99.950000" : 124416,
            "99.990000" : 193536
          }
        },
        "lat_ns" : {
          "min" : 39461,
          "max" : 8872316,
          "mean" : 84179.310871,
          "stddev" : 69056.281814,
          "N" : 79570
        },
        "bw_min" : 736,
        "bw_max" : 7424,
        "bw_agg" : 100.000000,
        "bw_mean" : 5309.609524,
        "bw_dev" : 85.663731,
        "bw_samples" : 1916,
        "iops_min" : 184,
        "iops_max" : 1856,
        "iops_mean" : 1327.402381,
        "iops_stddev" : 21.416128,
        "iops_samples" : 1916
      },
      "trim" : {
        "io_bytes" : 0,
        "io_kbytes" : 0,
        "bw_bytes" : 0,
        "bw" : 0,
        "iops" : 0.000000,
        "runtime" : 0,
        "total_ios" : 0,
        "short_ios" : 0,
        "drop_ios" : 0,
        "slat_ns" : {
          "min" : 0,
          "max" : 0,
          "mean" : 0.000000,
          "stddev" : 0.000000,
          "N" : 0
        },
        "clat_ns" : {
          "min" : 0,
          "max" : 0,
          "mean" : 0.000000,
          "stddev" : 0.000000,
          "N" : 0
        },
        "lat_ns" : {
          "min" : 0,
          "max" : 0,
          "mean" : 0.000000,
          "stddev" : 0.000000,
          "N" : 0
        },
        "bw_min" : 0,
        "bw_max" : 0,
        "bw_agg" : 0.000000,
        "bw_mean" : 0.000000,
        "bw_dev" : 0.000000,
        "bw_samples" : 0,
        "iops_min" : 0,
        "iops_max" : 0,
        "iops_mean" : 0.000000,
        "iops_stddev" : 0.000000,
        "iops_samples" : 0
      },
      "sync" : {
        "total_ios" : 0,
        "lat_ns" : {
          "min" : 0,
          "max" : 0,
          "mean" : 0.000000,
          "stddev" : 0.000000,
          "N" : 0
        }
      },
      "job_runtime" : 960117,
      "usr_cpu" : 0.166751,
      "sys_cpu" : 0.371621,
      "ctx" : 269511,
      "majf" : 0,
      "minf" : 645,
      "iodepth_level" : {
        "1" : 100.000000,
        "2" : 0.000000,
        "4" : 0.000000,
        "8" : 0.000000,
        "16" : 0.000000,
        "32" : 0.000000,
        ">=64" : 0.000000
      },
      "iodepth_submit" : {
        "0" : 0.000000,
        "4" : 100.000000,
        "8" : 0.000000,
        "16" : 0.000000,
        "32" : 0.000000,
        "64" : 0.000000,
        ">=64" : 0.000000
      },
      "iodepth_complete" : {
        "0" : 0.000000,
        "4" : 100.000000,
        "8" : 0.000000,
        "16" : 0.000000,
        "32" : 0.000000,
        "64" : 0.000000,
        ">=64" : 0.000000
      },
      "latency_ns" : {
        "2" : 0.000000,
        "4" : 0.000000,
        "10" : 0.000000,
        "20" : 0.000000,
        "50" : 0.000000,
        "100" : 0.000000,
        "250" : 0.000000,
        "500" : 0.000000,
        "750" : 0.000000,
        "1000" : 0.000000
      },
      "latency_us" : {
        "2" : 0.324718,
        "4" : 98.065562,
        "10" : 0.117277,
        "20" : 0.320935,
        "50" : 0.950826,
        "100" : 0.171502,
        "250" : 0.047920,
        "500" : 0.010000,
        "750" : 0.000000,
        "1000" : 0.000000
      },
      "latency_ms" : {
        "2" : 0.000000,
        "4" : 0.000000,
        "10" : 0.000000,
        "20" : 0.000000,
        "50" : 0.000000,
        "100" : 0.000000,
        "250" : 0.000000,
        "500" : 0.000000,
        "750" : 0.000000,
        "1000" : 0.000000,
        "2000" : 0.000000,
        ">=2000" : 0.000000
      },
      "latency_depth" : 1,
      "latency_target" : 0,
      "latency_percentile" : 100.000000,
      "latency_window" : 0
    }
  ]
}
