{
  "fio version" : "fio-3.29-112-gc3773",
  "timestamp" : 1649810708,
  "timestamp_ms" : 1649810708551,
  "time" : "Wed Apr 13 00:45:08 2022",
  "global options" : {
    "size" : "50M",
    "runtime" : "60",
    "rwmixread" : "50",
    "directory" : "/mnt/mfs"
  },
  "jobs" : [
    {
      "jobname" : "iotest",
      "groupid" : 0,
      "error" : 0,
      "eta" : 0,
      "elapsed" : 61,
      "job options" : {
        "rw" : "randrw",
        "bs" : "4k",
        "ioengine" : "libaio",
        "iodepth" : "1",
        "numjobs" : "2",
        "direct" : "1",
        "group_reporting" : "1",
        "invalidate" : "1",
        "loops" : "1",
        "write_bw_log" : "./fio-bench-12-04-2022--23-30-08-rand-mfs/randrw/mfs/randrw50/4k/randrw-iodepth-1-numjobs-2",
        "write_lat_log" : "./fio-bench-12-04-2022--23-30-08-rand-mfs/randrw/mfs/randrw50/4k/randrw-iodepth-1-numjobs-2",
        "write_iops_log" : "./fio-bench-12-04-2022--23-30-08-rand-mfs/randrw/mfs/randrw50/4k/randrw-iodepth-1-numjobs-2",
        "log_avg_msec" : "500"
      },
      "read" : {
        "io_bytes" : 33361920,
        "io_kbytes" : 32580,
        "bw_bytes" : 555763,
        "bw" : 542,
        "iops" : 135.684419,
        "runtime" : 60029,
        "total_ios" : 8145,
        "short_ios" : 0,
        "drop_ios" : 0,
        "slat_ns" : {
          "min" : 1043013,
          "max" : 1135652350,
          "mean" : 14637816.167465,
          "stddev" : 45453194.199797,
          "N" : 8145
        },
        "clat_ns" : {
          "min" : 1746,
          "max" : 34641,
          "mean" : 2934.258195,
          "stddev" : 1189.714356,
          "N" : 8145,
          "percentile" : {
            "1.000000" : 2736,
            "5.000000" : 2736,
            "10.000000" : 2800,
            "20.000000" : 2800,
            "30.000000" : 2800,
            "40.000000" : 2864,
            "50.000000" : 2864,
            "60.000000" : 2864,
            "70.000000" : 2928,
            "80.000000" : 2928,
            "90.000000" : 2992,
            "95.000000" : 2992,
            "99.000000" : 3984,
            "99.500000" : 4640,
            "99.900000" : 28800,
            "99.950000" : 33536,
            "99.990000" : 34560
          }
        },
        "lat_ns" : {
          "min" : 1048740,
          "max" : 1135661849,
          "mean" : 14643771.820012,
          "stddev" : 45453337.222224,
          "N" : 8145
        },
        "bw_min" : 16,
        "bw_max" : 1144,
        "bw_agg" : 100.000000,
        "bw_mean" : 554.692336,
        "bw_dev" : 188.774051,
        "bw_samples" : 235,
        "iops_min" : 4,
        "iops_max" : 286,
        "iops_mean" : 138.666618,
        "iops_stddev" : 47.189550,
        "iops_samples" : 235
      },
      "write" : {
        "io_bytes" : 34430976,
        "io_kbytes" : 33624,
        "bw_bytes" : 573572,
        "bw" : 560,
        "iops" : 140.032318,
        "runtime" : 60029,
        "total_ios" : 8406,
        "short_ios" : 0,
        "drop_ios" : 0,
        "slat_ns" : {
          "min" : 37365,
          "max" : 4487177,
          "mean" : 67966.487152,
          "stddev" : 63068.664342,
          "N" : 8406
        },
        "clat_ns" : {
          "min" : 1467,
          "max" : 46793,
          "mean" : 2718.624673,
          "stddev" : 948.541502,
          "N" : 8406,
          "percentile" : {
            "1.000000" : 2512,
            "5.000000" : 2576,
            "10.000000" : 2576,
            "20.000000" : 2576,
            "30.000000" : 2640,
            "40.000000" : 2640,
            "50.000000" : 2640,
            "60.000000" : 2736,
            "70.000000" : 2736,
            "80.000000" : 2736,
            "90.000000" : 2800,
            "95.000000" : 2800,
            "99.000000" : 2928,
            "99.500000" : 2992,
            "99.900000" : 16192,
            "99.950000" : 22400,
            "99.990000" : 46848
          }
        },
        "lat_ns" : {
          "min" : 41276,
          "max" : 4491996,
          "mean" : 73532.971925,
          "stddev" : 63116.307274,
          "N" : 8406
        },
        "bw_min" : 16,
        "bw_max" : 1040,
        "bw_agg" : 100.000000,
        "bw_mean" : 580.579758,
        "bw_dev" : 186.845797,
        "bw_samples" : 232,
        "iops_min" : 4,
        "iops_max" : 260,
        "iops_mean" : 145.144939,
        "iops_stddev" : 46.711449,
        "iops_samples" : 232
      },
      "trim" : {
        "io_bytes" : 0,
        "io_kbytes" : 0,
        "bw_bytes" : 0,
        "bw" : 0,
        "iops" : 0.000000,
        "runtime" : 0,
        "total_ios" : 0,
        "short_ios" : 0,
        "drop_ios" : 0,
        "slat_ns" : {
          "min" : 0,
          "max" : 0,
          "mean" : 0.000000,
          "stddev" : 0.000000,
          "N" : 0
        },
        "clat_ns" : {
          "min" : 0,
          "max" : 0,
          "mean" : 0.000000,
          "stddev" : 0.000000,
          "N" : 0
        },
        "lat_ns" : {
          "min" : 0,
          "max" : 0,
          "mean" : 0.000000,
          "stddev" : 0.000000,
          "N" : 0
        },
        "bw_min" : 0,
        "bw_max" : 0,
        "bw_agg" : 0.000000,
        "bw_mean" : 0.000000,
        "bw_dev" : 0.000000,
        "bw_samples" : 0,
        "iops_min" : 0,
        "iops_max" : 0,
        "iops_mean" : 0.000000,
        "iops_stddev" : 0.000000,
        "iops_samples" : 0
      },
      "sync" : {
        "total_ios" : 0,
        "lat_ns" : {
          "min" : 0,
          "max" : 0,
          "mean" : 0.000000,
          "stddev" : 0.000000,
          "N" : 0
        }
      },
      "job_runtime" : 120034,
      "usr_cpu" : 0.190779,
      "sys_cpu" : 0.255761,
      "ctx" : 25350,
      "majf" : 0,
      "minf" : 76,
      "iodepth_level" : {
        "1" : 100.000000,
        "2" : 0.000000,
        "4" : 0.000000,
        "8" : 0.000000,
        "16" : 0.000000,
        "32" : 0.000000,
        ">=64" : 0.000000
      },
      "iodepth_submit" : {
        "0" : 0.000000,
        "4" : 100.000000,
        "8" : 0.000000,
        "16" : 0.000000,
        "32" : 0.000000,
        "64" : 0.000000,
        ">=64" : 0.000000
      },
      "iodepth_complete" : {
        "0" : 0.000000,
        "4" : 100.000000,
        "8" : 0.000000,
        "16" : 0.000000,
        "32" : 0.000000,
        "64" : 0.000000,
        ">=64" : 0.000000
      },
      "latency_ns" : {
        "2" : 0.000000,
        "4" : 0.000000,
        "10" : 0.000000,
        "20" : 0.000000,
        "50" : 0.000000,
        "100" : 0.000000,
        "250" : 0.000000,
        "500" : 0.000000,
        "750" : 0.000000,
        "1000" : 0.000000
      },
      "latency_us" : {
        "2" : 0.072503,
        "4" : 99.262884,
        "10" : 0.453145,
        "20" : 0.090629,
        "50" : 0.120839,
        "100" : 0.000000,
        "250" : 0.000000,
        "500" : 0.000000,
        "750" : 0.000000,
        "1000" : 0.000000
      },
      "latency_ms" : {
        "2" : 0.000000,
        "4" : 0.000000,
        "10" : 0.000000,
        "20" : 0.000000,
        "50" : 0.000000,
        "100" : 0.000000,
        "250" : 0.000000,
        "500" : 0.000000,
        "750" : 0.000000,
        "1000" : 0.000000,
        "2000" : 0.000000,
        ">=2000" : 0.000000
      },
      "latency_depth" : 1,
      "latency_target" : 0,
      "latency_percentile" : 100.000000,
      "latency_window" : 0
    }
  ]
}
