{
  "fio version" : "fio-3.29-112-gc3773",
  "timestamp" : 1649813205,
  "timestamp_ms" : 1649813205789,
  "time" : "Wed Apr 13 01:26:45 2022",
  "global options" : {
    "size" : "50M",
    "runtime" : "60",
    "rwmixread" : "50",
    "directory" : "/mnt/mfs"
  },
  "jobs" : [
    {
      "jobname" : "iotest",
      "groupid" : 0,
      "error" : 0,
      "eta" : 0,
      "elapsed" : 60,
      "job options" : {
        "rw" : "randrw",
        "bs" : "4k",
        "ioengine" : "libaio",
        "iodepth" : "32",
        "numjobs" : "2",
        "direct" : "1",
        "group_reporting" : "1",
        "invalidate" : "1",
        "loops" : "1",
        "write_bw_log" : "./fio-bench-12-04-2022--23-30-08-rand-mfs/randrw/mfs/randrw50/4k/randrw-iodepth-32-numjobs-2",
        "write_lat_log" : "./fio-bench-12-04-2022--23-30-08-rand-mfs/randrw/mfs/randrw50/4k/randrw-iodepth-32-numjobs-2",
        "write_iops_log" : "./fio-bench-12-04-2022--23-30-08-rand-mfs/randrw/mfs/randrw50/4k/randrw-iodepth-32-numjobs-2",
        "log_avg_msec" : "500"
      },
      "read" : {
        "io_bytes" : 52006912,
        "io_kbytes" : 50788,
        "bw_bytes" : 869506,
        "bw" : 849,
        "iops" : 212.281816,
        "runtime" : 59812,
        "total_ios" : 12697,
        "short_ios" : 0,
        "drop_ios" : 0,
        "slat_ns" : {
          "min" : 1000898,
          "max" : 209000524,
          "mean" : 8991521.005749,
          "stddev" : 9563049.290342,
          "N" : 12697
        },
        "clat_ns" : {
          "min" : 94775,
          "max" : 880463875,
          "mean" : 133669579.220131,
          "stddev" : 27255975.038267,
          "N" : 12697,
          "percentile" : {
            "1.000000" : 93847552,
            "5.000000" : 105381888,
            "10.000000" : 111673344,
            "20.000000" : 119013376,
            "30.000000" : 124256256,
            "40.000000" : 128450560,
            "50.000000" : 132644864,
            "60.000000" : 137363456,
            "70.000000" : 141557760,
            "80.000000" : 145752064,
            "90.000000" : 152043520,
            "95.000000" : 158334976,
            "99.000000" : 189792256,
            "99.500000" : 227540992,
            "99.900000" : 583008256,
            "99.950000" : 650117120,
            "99.990000" : 826277888
          }
        },
        "lat_ns" : {
          "min" : 1399762,
          "max" : 922066831,
          "mean" : 142664076.900370,
          "stddev" : 29478613.956856,
          "N" : 12697
        },
        "bw_min" : 376,
        "bw_max" : 1208,
        "bw_agg" : 100.000000,
        "bw_mean" : 878.763116,
        "bw_dev" : 64.270040,
        "bw_samples" : 230,
        "iops_min" : 94,
        "iops_max" : 302,
        "iops_mean" : 219.677871,
        "iops_stddev" : 16.072100,
        "iops_samples" : 230
      },
      "write" : {
        "io_bytes" : 52850688,
        "io_kbytes" : 51612,
        "bw_bytes" : 883613,
        "bw" : 862,
        "iops" : 215.725941,
        "runtime" : 59812,
        "total_ios" : 12903,
        "short_ios" : 0,
        "drop_ios" : 0,
        "slat_ns" : {
          "min" : 43651,
          "max" : 1187934,
          "mean" : 64882.384407,
          "stddev" : 18651.111696,
          "N" : 12903
        },
        "clat_ns" : {
          "min" : 8661,
          "max" : 921993777,
          "mean" : 145330725.918779,
          "stddev" : 29939977.509655,
          "N" : 12903,
          "percentile" : {
            "1.000000" : 103284736,
            "5.000000" : 115867648,
            "10.000000" : 122159104,
            "20.000000" : 129499136,
            "30.000000" : 135266304,
            "40.000000" : 139460608,
            "50.000000" : 143654912,
            "60.000000" : 147849216,
            "70.000000" : 154140672,
            "80.000000" : 158334976,
            "90.000000" : 166723584,
            "95.000000" : 173015040,
            "99.000000" : 198180864,
            "99.500000" : 231735296,
            "99.900000" : 658505728,
            "99.950000" : 826277888,
            "99.990000" : 893386752
          }
        },
        "lat_ns" : {
          "min" : 65092,
          "max" : 922053771,
          "mean" : 145398441.305122,
          "stddev" : 29938839.878677,
          "N" : 12903
        },
        "bw_min" : 264,
        "bw_max" : 1129,
        "bw_agg" : 100.000000,
        "bw_mean" : 894.144523,
        "bw_dev" : 53.199185,
        "bw_samples" : 230,
        "iops_min" : 66,
        "iops_max" : 282,
        "iops_mean" : 223.516466,
        "iops_stddev" : 13.298127,
        "iops_samples" : 230
      },
      "trim" : {
        "io_bytes" : 0,
        "io_kbytes" : 0,
        "bw_bytes" : 0,
        "bw" : 0,
        "iops" : 0.000000,
        "runtime" : 0,
        "total_ios" : 0,
        "short_ios" : 0,
        "drop_ios" : 0,
        "slat_ns" : {
          "min" : 0,
          "max" : 0,
          "mean" : 0.000000,
          "stddev" : 0.000000,
          "N" : 0
        },
        "clat_ns" : {
          "min" : 0,
          "max" : 0,
          "mean" : 0.000000,
          "stddev" : 0.000000,
          "N" : 0
        },
        "lat_ns" : {
          "min" : 0,
          "max" : 0,
          "mean" : 0.000000,
          "stddev" : 0.000000,
          "N" : 0
        },
        "bw_min" : 0,
        "bw_max" : 0,
        "bw_agg" : 0.000000,
        "bw_mean" : 0.000000,
        "bw_dev" : 0.000000,
        "bw_samples" : 0,
        "iops_min" : 0,
        "iops_max" : 0,
        "iops_mean" : 0.000000,
        "iops_stddev" : 0.000000,
        "iops_samples" : 0
      },
      "sync" : {
        "total_ios" : 0,
        "lat_ns" : {
          "min" : 0,
          "max" : 0,
          "mean" : 0.000000,
          "stddev" : 0.000000,
          "N" : 0
        }
      },
      "job_runtime" : 115370,
      "usr_cpu" : 0.236630,
      "sys_cpu" : 0.474127,
      "ctx" : 39045,
      "majf" : 0,
      "minf" : 79,
      "iodepth_level" : {
        "1" : 0.100000,
        "2" : 0.100000,
        "4" : 0.100000,
        "8" : 0.100000,
        "16" : 0.125000,
        "32" : 99.757812,
        ">=64" : 0.000000
      },
      "iodepth_submit" : {
        "0" : 0.000000,
        "4" : 100.000000,
        "8" : 0.000000,
        "16" : 0.000000,
        "32" : 0.000000,
        "64" : 0.000000,
        ">=64" : 0.000000
      },
      "iodepth_complete" : {
        "0" : 0.000000,
        "4" : 99.992169,
        "8" : 0.000000,
        "16" : 0.000000,
        "32" : 0.100000,
        "64" : 0.000000,
        ">=64" : 0.000000
      },
      "latency_ns" : {
        "2" : 0.000000,
        "4" : 0.000000,
        "10" : 0.000000,
        "20" : 0.000000,
        "50" : 0.000000,
        "100" : 0.000000,
        "250" : 0.000000,
        "500" : 0.000000,
        "750" : 0.000000,
        "1000" : 0.000000
      },
      "latency_us" : {
        "2" : 0.000000,
        "4" : 0.000000,
        "10" : 0.010000,
        "20" : 0.000000,
        "50" : 0.000000,
        "100" : 0.010000,
        "250" : 0.010000,
        "500" : 0.000000,
        "750" : 0.000000,
        "1000" : 0.000000
      },
      "latency_ms" : {
        "2" : 0.010000,
        "4" : 0.010000,
        "10" : 0.000000,
        "20" : 0.031250,
        "50" : 0.027344,
        "100" : 1.449219,
        "250" : 98.078125,
        "500" : 0.265625,
        "750" : 0.066406,
        "1000" : 0.054688,
        "2000" : 0.000000,
        ">=2000" : 0.000000
      },
      "latency_depth" : 32,
      "latency_target" : 0,
      "latency_percentile" : 100.000000,
      "latency_window" : 0
    }
  ]
}
