{
  "fio version" : "fio-3.29-112-gc3773",
  "timestamp" : 1649811636,
  "timestamp_ms" : 1649811636968,
  "time" : "Wed Apr 13 01:00:36 2022",
  "global options" : {
    "size" : "50M",
    "runtime" : "60",
    "rwmixread" : "50",
    "directory" : "/mnt/mfs"
  },
  "jobs" : [
    {
      "jobname" : "iotest",
      "groupid" : 0,
      "error" : 0,
      "eta" : 0,
      "elapsed" : 61,
      "job options" : {
        "rw" : "randrw",
        "bs" : "4k",
        "ioengine" : "libaio",
        "iodepth" : "2",
        "numjobs" : "8",
        "direct" : "1",
        "group_reporting" : "1",
        "invalidate" : "1",
        "loops" : "1",
        "write_bw_log" : "./fio-bench-12-04-2022--23-30-08-rand-mfs/randrw/mfs/randrw50/4k/randrw-iodepth-2-numjobs-8",
        "write_lat_log" : "./fio-bench-12-04-2022--23-30-08-rand-mfs/randrw/mfs/randrw50/4k/randrw-iodepth-2-numjobs-8",
        "write_iops_log" : "./fio-bench-12-04-2022--23-30-08-rand-mfs/randrw/mfs/randrw50/4k/randrw-iodepth-2-numjobs-8",
        "log_avg_msec" : "500"
      },
      "read" : {
        "io_bytes" : 188493824,
        "io_kbytes" : 184076,
        "bw_bytes" : 3140516,
        "bw" : 3066,
        "iops" : 766.727757,
        "runtime" : 60020,
        "total_ios" : 46019,
        "short_ios" : 0,
        "drop_ios" : 0,
        "slat_ns" : {
          "min" : 972542,
          "max" : 858385068,
          "mean" : 10332058.168648,
          "stddev" : 19533991.894996,
          "N" : 46019
        },
        "clat_ns" : {
          "min" : 12781,
          "max" : 128159611,
          "mean" : 858301.007845,
          "stddev" : 1571334.630229,
          "N" : 46019,
          "percentile" : {
            "1.000000" : 79360,
            "5.000000" : 81408,
            "10.000000" : 83456,
            "20.000000" : 84480,
            "30.000000" : 86528,
            "40.000000" : 91648,
            "50.000000" : 160768,
            "60.000000" : 1302528,
            "70.000000" : 1433600,
            "80.000000" : 1564672,
            "90.000000" : 1794048,
            "95.000000" : 1990656,
            "99.000000" : 2473984,
            "99.500000" : 4145152,
            "99.900000" : 5996544,
            "99.950000" : 6258688,
            "99.990000" : 96993280
          }
        },
        "lat_ns" : {
          "min" : 1080377,
          "max" : 859757172,
          "mean" : 11193427.871814,
          "stddev" : 19927399.253608,
          "N" : 46019
        },
        "bw_min" : 80,
        "bw_max" : 4594,
        "bw_agg" : 100.000000,
        "bw_mean" : 3077.415223,
        "bw_dev" : 120.556440,
        "bw_samples" : 956,
        "iops_min" : 20,
        "iops_max" : 1148,
        "iops_mean" : 769.324569,
        "iops_stddev" : 30.134877,
        "iops_samples" : 956
      },
      "write" : {
        "io_bytes" : 189526016,
        "io_kbytes" : 185084,
        "bw_bytes" : 3157714,
        "bw" : 3083,
        "iops" : 770.926358,
        "runtime" : 60020,
        "total_ios" : 46271,
        "short_ios" : 0,
        "drop_ios" : 0,
        "slat_ns" : {
          "min" : 34851,
          "max" : 1255888,
          "mean" : 68789.030970,
          "stddev" : 23200.725038,
          "N" : 46271
        },
        "clat_ns" : {
          "min" : 12362,
          "max" : 858404693,
          "mean" : 9527021.099306,
          "stddev" : 19801530.010801,
          "N" : 46271,
          "percentile" : {
            "1.000000" : 69120,
            "5.000000" : 70144,
            "10.000000" : 71168,
            "20.000000" : 74240,
            "30.000000" : 78336,
            "40.000000" : 91648,
            "50.000000" : 268288,
            "60.000000" : 11730944,
            "70.000000" : 12910592,
            "80.000000" : 17170432,
            "90.000000" : 22413312,
            "95.000000" : 28180480,
            "99.000000" : 44826624,
            "99.500000" : 56360960,
            "99.900000" : 308281344,
            "99.950000" : 425721856,
            "99.990000" : 775946240
          }
        },
        "lat_ns" : {
          "min" : 75988,
          "max" : 858474674,
          "mean" : 9598818.639061,
          "stddev" : 19800953.925021,
          "N" : 46271
        },
        "bw_min" : 96,
        "bw_max" : 4232,
        "bw_agg" : 100.000000,
        "bw_mean" : 3090.311345,
        "bw_dev" : 114.265448,
        "bw_samples" : 957,
        "iops_min" : 24,
        "iops_max" : 1058,
        "iops_mean" : 772.569468,
        "iops_stddev" : 28.565451,
        "iops_samples" : 957
      },
      "trim" : {
        "io_bytes" : 0,
        "io_kbytes" : 0,
        "bw_bytes" : 0,
        "bw" : 0,
        "iops" : 0.000000,
        "runtime" : 0,
        "total_ios" : 0,
        "short_ios" : 0,
        "drop_ios" : 0,
        "slat_ns" : {
          "min" : 0,
          "max" : 0,
          "mean" : 0.000000,
          "stddev" : 0.000000,
          "N" : 0
        },
        "clat_ns" : {
          "min" : 0,
          "max" : 0,
          "mean" : 0.000000,
          "stddev" : 0.000000,
          "N" : 0
        },
        "lat_ns" : {
          "min" : 0,
          "max" : 0,
          "mean" : 0.000000,
          "stddev" : 0.000000,
          "N" : 0
        },
        "bw_min" : 0,
        "bw_max" : 0,
        "bw_agg" : 0.000000,
        "bw_mean" : 0.000000,
        "bw_dev" : 0.000000,
        "bw_samples" : 0,
        "iops_min" : 0,
        "iops_max" : 0,
        "iops_mean" : 0.000000,
        "iops_stddev" : 0.000000,
        "iops_samples" : 0
      },
      "sync" : {
        "total_ios" : 0,
        "lat_ns" : {
          "min" : 0,
          "max" : 0,
          "mean" : 0.000000,
          "stddev" : 0.000000,
          "N" : 0
        }
      },
      "job_runtime" : 480089,
      "usr_cpu" : 0.208920,
      "sys_cpu" : 0.404300,
      "ctx" : 148744,
      "majf" : 0,
      "minf" : 335,
      "iodepth_level" : {
        "1" : 0.100000,
        "2" : 99.991332,
        "4" : 0.000000,
        "8" : 0.000000,
        "16" : 0.000000,
        "32" : 0.000000,
        ">=64" : 0.000000
      },
      "iodepth_submit" : {
        "0" : 0.000000,
        "4" : 100.000000,
        "8" : 0.000000,
        "16" : 0.000000,
        "32" : 0.000000,
        "64" : 0.000000,
        ">=64" : 0.000000
      },
      "iodepth_complete" : {
        "0" : 0.000000,
        "4" : 100.000000,
        "8" : 0.000000,
        "16" : 0.000000,
        "32" : 0.000000,
        "64" : 0.000000,
        ">=64" : 0.000000
      },
      "latency_ns" : {
        "2" : 0.000000,
        "4" : 0.000000,
        "10" : 0.000000,
        "20" : 0.000000,
        "50" : 0.000000,
        "100" : 0.000000,
        "250" : 0.000000,
        "500" : 0.000000,
        "750" : 0.000000,
        "1000" : 0.000000
      },
      "latency_us" : {
        "2" : 0.000000,
        "4" : 0.000000,
        "10" : 0.000000,
        "20" : 0.010000,
        "50" : 0.011919,
        "100" : 43.822733,
        "250" : 6.252032,
        "500" : 0.029256,
        "750" : 0.010000,
        "1000" : 0.010000
      },
      "latency_ms" : {
        "2" : 22.391375,
        "4" : 2.156247,
        "10" : 0.940514,
        "20" : 17.826417,
        "50" : 6.182685,
        "100" : 0.229711,
        "250" : 0.073681,
        "500" : 0.052010,
        "750" : 0.010000,
        "1000" : 0.010000,
        "2000" : 0.000000,
        ">=2000" : 0.000000
      },
      "latency_depth" : 2,
      "latency_target" : 0,
      "latency_percentile" : 100.000000,
      "latency_window" : 0
    }
  ]
}
