{
  "fio version" : "fio-3.29-112-gc3773",
  "timestamp" : 1649813868,
  "timestamp_ms" : 1649813868470,
  "time" : "Wed Apr 13 01:37:48 2022",
  "global options" : {
    "size" : "50M",
    "runtime" : "60",
    "rwmixread" : "50",
    "directory" : "/mnt/mfs"
  },
  "jobs" : [
    {
      "jobname" : "iotest",
      "groupid" : 0,
      "error" : 0,
      "eta" : 0,
      "elapsed" : 61,
      "job options" : {
        "rw" : "randrw",
        "bs" : "4k",
        "ioengine" : "libaio",
        "iodepth" : "64",
        "numjobs" : "32",
        "direct" : "1",
        "group_reporting" : "1",
        "invalidate" : "1",
        "loops" : "1",
        "write_bw_log" : "./fio-bench-12-04-2022--23-30-08-rand-mfs/randrw/mfs/randrw50/4k/randrw-iodepth-64-numjobs-32",
        "write_lat_log" : "./fio-bench-12-04-2022--23-30-08-rand-mfs/randrw/mfs/randrw50/4k/randrw-iodepth-64-numjobs-32",
        "write_iops_log" : "./fio-bench-12-04-2022--23-30-08-rand-mfs/randrw/mfs/randrw50/4k/randrw-iodepth-64-numjobs-32",
        "log_avg_msec" : "500"
      },
      "read" : {
        "io_bytes" : 468193280,
        "io_kbytes" : 457220,
        "bw_bytes" : 7798802,
        "bw" : 7616,
        "iops" : 1904.004398,
        "runtime" : 60034,
        "total_ios" : 114305,
        "short_ios" : 0,
        "drop_ios" : 0,
        "slat_ns" : {
          "min" : 981343,
          "max" : 1002984338,
          "mean" : 16673050.359669,
          "stddev" : 22719575.930046,
          "N" : 114305
        },
        "clat_ns" : {
          "min" : 12082,
          "max" : 5040492533,
          "mean" : 514696734.181812,
          "stddev" : 268763136.311782,
          "N" : 114305,
          "percentile" : {
            "1.000000" : 295698432,
            "5.000000" : 408944640,
            "10.000000" : 442499072,
            "20.000000" : 463470592,
            "30.000000" : 476053504,
            "40.000000" : 488636416,
            "50.000000" : 497025024,
            "60.000000" : 509607936,
            "70.000000" : 517996544,
            "80.000000" : 530579456,
            "90.000000" : 549453824,
            "95.000000" : 566231040,
            "99.000000" : 759169024,
            "99.500000" : 2768240640,
            "99.900000" : 4596957184,
            "99.950000" : 4731174912,
            "99.990000" : 4932501504
          }
        },
        "lat_ns" : {
          "min" : 2087841,
          "max" : 5058195947,
          "mean" : 531373724.759617,
          "stddev" : 275859937.549193,
          "N" : 114305
        },
        "bw_min" : 1776,
        "bw_max" : 11896,
        "bw_agg" : 100.000000,
        "bw_mean" : 7632.480029,
        "bw_dev" : 61.159895,
        "bw_samples" : 3791,
        "iops_min" : 444,
        "iops_max" : 2974,
        "iops_mean" : 1908.050250,
        "iops_stddev" : 15.289979,
        "iops_samples" : 3791
      },
      "write" : {
        "io_bytes" : 468750336,
        "io_kbytes" : 457764,
        "bw_bytes" : 7808081,
        "bw" : 7625,
        "iops" : 1906.269780,
        "runtime" : 60034,
        "total_ios" : 114441,
        "short_ios" : 0,
        "drop_ios" : 0,
        "slat_ns" : {
          "min" : 36108,
          "max" : 9432369,
          "mean" : 84117.930165,
          "stddev" : 66944.627196,
          "N" : 114441
        },
        "clat_ns" : {
          "min" : 15558372,
          "max" : 5054585702,
          "mean" : 538572751.840328,
          "stddev" : 294654597.204252,
          "N" : 114441,
          "percentile" : {
            "1.000000" : 308281344,
            "5.000000" : 425721856,
            "10.000000" : 459276288,
            "20.000000" : 484442112,
            "30.000000" : 497025024,
            "40.000000" : 509607936,
            "50.000000" : 517996544,
            "60.000000" : 530579456,
            "70.000000" : 541065216,
            "80.000000" : 549453824,
            "90.000000" : 566231040,
            "95.000000" : 583008256,
            "99.000000" : 977272832,
            "99.500000" : 3238002688,
            "99.900000" : 4731174912,
            "99.950000" : 4865392640,
            "99.990000" : 4999610368
          }
        },
        "lat_ns" : {
          "min" : 15644138,
          "max" : 5054650095,
          "mean" : 538660615.906231,
          "stddev" : 294654054.115414,
          "N" : 114441
        },
        "bw_min" : 1751,
        "bw_max" : 11632,
        "bw_agg" : 100.000000,
        "bw_mean" : 7639.896859,
        "bw_dev" : 60.780095,
        "bw_samples" : 3792,
        "iops_min" : 437,
        "iops_max" : 2908,
        "iops_mean" : 1909.904566,
        "iops_stddev" : 15.196475,
        "iops_samples" : 3792
      },
      "trim" : {
        "io_bytes" : 0,
        "io_kbytes" : 0,
        "bw_bytes" : 0,
        "bw" : 0,
        "iops" : 0.000000,
        "runtime" : 0,
        "total_ios" : 0,
        "short_ios" : 0,
        "drop_ios" : 0,
        "slat_ns" : {
          "min" : 0,
          "max" : 0,
          "mean" : 0.000000,
          "stddev" : 0.000000,
          "N" : 0
        },
        "clat_ns" : {
          "min" : 0,
          "max" : 0,
          "mean" : 0.000000,
          "stddev" : 0.000000,
          "N" : 0
        },
        "lat_ns" : {
          "min" : 0,
          "max" : 0,
          "mean" : 0.000000,
          "stddev" : 0.000000,
          "N" : 0
        },
        "bw_min" : 0,
        "bw_max" : 0,
        "bw_agg" : 0.000000,
        "bw_mean" : 0.000000,
        "bw_dev" : 0.000000,
        "bw_samples" : 0,
        "iops_min" : 0,
        "iops_max" : 0,
        "iops_mean" : 0.000000,
        "iops_stddev" : 0.000000,
        "iops_samples" : 0
      },
      "sync" : {
        "total_ios" : 0,
        "lat_ns" : {
          "min" : 0,
          "max" : 0,
          "mean" : 0.000000,
          "stddev" : 0.000000,
          "N" : 0
        }
      },
      "job_runtime" : 1920396,
      "usr_cpu" : 0.124141,
      "sys_cpu" : 0.278536,
      "ctx" : 410354,
      "majf" : 0,
      "minf" : 1399,
      "iodepth_level" : {
        "1" : 0.100000,
        "2" : 0.100000,
        "4" : 0.100000,
        "8" : 0.111915,
        "16" : 0.223829,
        "32" : 0.447658,
        ">=64" : 99.118673
      },
      "iodepth_submit" : {
        "0" : 0.000000,
        "4" : 100.000000,
        "8" : 0.000000,
        "16" : 0.000000,
        "32" : 0.000000,
        "64" : 0.000000,
        ">=64" : 0.000000
      },
      "iodepth_complete" : {
        "0" : 0.000000,
        "4" : 99.985888,
        "8" : 0.000000,
        "16" : 0.000000,
        "32" : 0.000000,
        "64" : 0.100000,
        ">=64" : 0.000000
      },
      "latency_ns" : {
        "2" : 0.000000,
        "4" : 0.000000,
        "10" : 0.000000,
        "20" : 0.000000,
        "50" : 0.000000,
        "100" : 0.000000,
        "250" : 0.000000,
        "500" : 0.000000,
        "750" : 0.000000,
        "1000" : 0.000000
      },
      "latency_us" : {
        "2" : 0.000000,
        "4" : 0.000000,
        "10" : 0.000000,
        "20" : 0.013989,
        "50" : 0.000000,
        "100" : 0.000000,
        "250" : 0.000000,
        "500" : 0.000000,
        "750" : 0.000000,
        "1000" : 0.000000
      },
      "latency_ms" : {
        "2" : 0.000000,
        "4" : 0.010000,
        "10" : 0.010000,
        "20" : 0.010000,
        "50" : 0.065575,
        "100" : 0.081750,
        "250" : 0.263174,
        "500" : 41.528158,
        "750" : 56.963619,
        "1000" : 0.122844,
        "2000" : 0.260114,
        ">=2000" : 0.695094
      },
      "latency_depth" : 64,
      "latency_target" : 0,
      "latency_percentile" : 100.000000,
      "latency_window" : 0
    }
  ]
}
