{
  "fio version" : "fio-3.29-112-gc3773",
  "timestamp" : 1649812421,
  "timestamp_ms" : 1649812421553,
  "time" : "Wed Apr 13 01:13:41 2022",
  "global options" : {
    "size" : "50M",
    "runtime" : "60",
    "rwmixread" : "50",
    "directory" : "/mnt/mfs"
  },
  "jobs" : [
    {
      "jobname" : "iotest",
      "groupid" : 0,
      "error" : 0,
      "eta" : 0,
      "elapsed" : 61,
      "job options" : {
        "rw" : "randrw",
        "bs" : "4k",
        "ioengine" : "libaio",
        "iodepth" : "8",
        "numjobs" : "4",
        "direct" : "1",
        "group_reporting" : "1",
        "invalidate" : "1",
        "loops" : "1",
        "write_bw_log" : "./fio-bench-12-04-2022--23-30-08-rand-mfs/randrw/mfs/randrw50/4k/randrw-iodepth-8-numjobs-4",
        "write_lat_log" : "./fio-bench-12-04-2022--23-30-08-rand-mfs/randrw/mfs/randrw50/4k/randrw-iodepth-8-numjobs-4",
        "write_iops_log" : "./fio-bench-12-04-2022--23-30-08-rand-mfs/randrw/mfs/randrw50/4k/randrw-iodepth-8-numjobs-4",
        "log_avg_msec" : "500"
      },
      "read" : {
        "io_bytes" : 101859328,
        "io_kbytes" : 99472,
        "bw_bytes" : 1685687,
        "bw" : 1646,
        "iops" : 411.544699,
        "runtime" : 60426,
        "total_ios" : 24868,
        "short_ios" : 0,
        "drop_ios" : 0,
        "slat_ns" : {
          "min" : 995171,
          "max" : 584325207,
          "mean" : 9356631.019905,
          "stddev" : 12567806.643332,
          "N" : 24868
        },
        "clat_ns" : {
          "min" : 8940,
          "max" : 1747267757,
          "mean" : 26536537.133103,
          "stddev" : 25660584.512674,
          "N" : 24868,
          "percentile" : {
            "1.000000" : 1712128,
            "5.000000" : 8454144,
            "10.000000" : 14614528,
            "20.000000" : 18219008,
            "30.000000" : 21102592,
            "40.000000" : 24248320,
            "50.000000" : 26607616,
            "60.000000" : 28442624,
            "70.000000" : 30801920,
            "80.000000" : 33161216,
            "90.000000" : 36438016,
            "95.000000" : 38535168,
            "99.000000" : 54263808,
            "99.500000" : 72876032,
            "99.900000" : 246415360,
            "99.950000" : 492830720,
            "99.990000" : 1216348160
          }
        },
        "lat_ns" : {
          "min" : 1634080,
          "max" : 1939136769,
          "mean" : 35896169.659321,
          "stddev" : 32293023.867107,
          "N" : 24868
        },
        "bw_min" : 96,
        "bw_max" : 2408,
        "bw_agg" : 100.000000,
        "bw_mean" : 1698.330122,
        "bw_dev" : 92.830298,
        "bw_samples" : 469,
        "iops_min" : 24,
        "iops_max" : 602,
        "iops_mean" : 424.560856,
        "iops_stddev" : 23.202192,
        "iops_samples" : 469
      },
      "write" : {
        "io_bytes" : 103636992,
        "io_kbytes" : 101208,
        "bw_bytes" : 1715105,
        "bw" : 1674,
        "iops" : 418.727038,
        "runtime" : 60426,
        "total_ios" : 25302,
        "short_ios" : 0,
        "drop_ios" : 0,
        "slat_ns" : {
          "min" : 37715,
          "max" : 3487673,
          "mean" : 66804.983756,
          "stddev" : 35466.128742,
          "N" : 25302
        },
        "clat_ns" : {
          "min" : 464655,
          "max" : 1843754149,
          "mean" : 38956924.129041,
          "stddev" : 27633266.392068,
          "N" : 25302,
          "percentile" : {
            "1.000000" : 11075584,
            "5.000000" : 19005440,
            "10.000000" : 23986176,
            "20.000000" : 29229056,
            "30.000000" : 32636928,
            "40.000000" : 35389440,
            "50.000000" : 38010880,
            "60.000000" : 40108032,
            "70.000000" : 42729472,
            "80.000000" : 45875200,
            "90.000000" : 51642368,
            "95.000000" : 57933824,
            "99.000000" : 83361792,
            "99.500000" : 103284736,
            "99.900000" : 304087040,
            "99.950000" : 583008256,
            "99.990000" : 1199570944
          }
        },
        "lat_ns" : {
          "min" : 520109,
          "max" : 1843829299,
          "mean" : 39026650.595012,
          "stddev" : 27632525.724847,
          "N" : 25302
        },
        "bw_min" : 96,
        "bw_max" : 2177,
        "bw_agg" : 100.000000,
        "bw_mean" : 1730.799769,
        "bw_dev" : 79.143529,
        "bw_samples" : 468,
        "iops_min" : 24,
        "iops_max" : 544,
        "iops_mean" : 432.688860,
        "iops_stddev" : 19.783428,
        "iops_samples" : 468
      },
      "trim" : {
        "io_bytes" : 0,
        "io_kbytes" : 0,
        "bw_bytes" : 0,
        "bw" : 0,
        "iops" : 0.000000,
        "runtime" : 0,
        "total_ios" : 0,
        "short_ios" : 0,
        "drop_ios" : 0,
        "slat_ns" : {
          "min" : 0,
          "max" : 0,
          "mean" : 0.000000,
          "stddev" : 0.000000,
          "N" : 0
        },
        "clat_ns" : {
          "min" : 0,
          "max" : 0,
          "mean" : 0.000000,
          "stddev" : 0.000000,
          "N" : 0
        },
        "lat_ns" : {
          "min" : 0,
          "max" : 0,
          "mean" : 0.000000,
          "stddev" : 0.000000,
          "N" : 0
        },
        "bw_min" : 0,
        "bw_max" : 0,
        "bw_agg" : 0.000000,
        "bw_mean" : 0.000000,
        "bw_dev" : 0.000000,
        "bw_samples" : 0,
        "iops_min" : 0,
        "iops_max" : 0,
        "iops_mean" : 0.000000,
        "iops_stddev" : 0.000000,
        "iops_samples" : 0
      },
      "sync" : {
        "total_ios" : 0,
        "lat_ns" : {
          "min" : 0,
          "max" : 0,
          "mean" : 0.000000,
          "stddev" : 0.000000,
          "N" : 0
        }
      },
      "job_runtime" : 235114,
      "usr_cpu" : 0.224147,
      "sys_cpu" : 0.460628,
      "ctx" : 78132,
      "majf" : 0,
      "minf" : 166,
      "iodepth_level" : {
        "1" : 0.100000,
        "2" : 0.100000,
        "4" : 0.100000,
        "8" : 99.944190,
        "16" : 0.000000,
        "32" : 0.000000,
        ">=64" : 0.000000
      },
      "iodepth_submit" : {
        "0" : 0.000000,
        "4" : 100.000000,
        "8" : 0.000000,
        "16" : 0.000000,
        "32" : 0.000000,
        "64" : 0.000000,
        ">=64" : 0.000000
      },
      "iodepth_complete" : {
        "0" : 0.000000,
        "4" : 99.992023,
        "8" : 0.100000,
        "16" : 0.000000,
        "32" : 0.000000,
        "64" : 0.000000,
        ">=64" : 0.000000
      },
      "latency_ns" : {
        "2" : 0.000000,
        "4" : 0.000000,
        "10" : 0.000000,
        "20" : 0.000000,
        "50" : 0.000000,
        "100" : 0.000000,
        "250" : 0.000000,
        "500" : 0.000000,
        "750" : 0.000000,
        "1000" : 0.000000
      },
      "latency_us" : {
        "2" : 0.000000,
        "4" : 0.000000,
        "10" : 0.010000,
        "20" : 0.010000,
        "50" : 0.000000,
        "100" : 0.000000,
        "250" : 0.000000,
        "500" : 0.247160,
        "750" : 0.627865,
        "1000" : 0.010000
      },
      "latency_ms" : {
        "2" : 0.300977,
        "4" : 0.472394,
        "10" : 1.825792,
        "20" : 12.726729,
        "50" : 77.115806,
        "100" : 6.286625,
        "250" : 0.265099,
        "500" : 0.053817,
        "750" : 0.041858,
        "1000" : 0.010000,
        "2000" : 0.013953,
        ">=2000" : 0.000000
      },
      "latency_depth" : 8,
      "latency_target" : 0,
      "latency_percentile" : 100.000000,
      "latency_window" : 0
    }
  ]
}
