{
  "fio version" : "fio-3.29-112-gc3773",
  "timestamp" : 1649812240,
  "timestamp_ms" : 1649812240803,
  "time" : "Wed Apr 13 01:10:40 2022",
  "global options" : {
    "size" : "50M",
    "runtime" : "60",
    "rwmixread" : "50",
    "directory" : "/mnt/mfs"
  },
  "jobs" : [
    {
      "jobname" : "iotest",
      "groupid" : 0,
      "error" : 0,
      "eta" : 0,
      "elapsed" : 61,
      "job options" : {
        "rw" : "randrw",
        "bs" : "4k",
        "ioengine" : "libaio",
        "iodepth" : "4",
        "numjobs" : "64",
        "direct" : "1",
        "group_reporting" : "1",
        "invalidate" : "1",
        "loops" : "1",
        "write_bw_log" : "./fio-bench-12-04-2022--23-30-08-rand-mfs/randrw/mfs/randrw50/4k/randrw-iodepth-4-numjobs-64",
        "write_lat_log" : "./fio-bench-12-04-2022--23-30-08-rand-mfs/randrw/mfs/randrw50/4k/randrw-iodepth-4-numjobs-64",
        "write_iops_log" : "./fio-bench-12-04-2022--23-30-08-rand-mfs/randrw/mfs/randrw50/4k/randrw-iodepth-4-numjobs-64",
        "log_avg_msec" : "500"
      },
      "read" : {
        "io_bytes" : 507789312,
        "io_kbytes" : 495888,
        "bw_bytes" : 8453293,
        "bw" : 8255,
        "iops" : 2063.792242,
        "runtime" : 60070,
        "total_ios" : 123972,
        "short_ios" : 0,
        "drop_ios" : 0,
        "slat_ns" : {
          "min" : 985882,
          "max" : 592478579,
          "mean" : 30831049.346772,
          "stddev" : 33577761.805101,
          "N" : 123972
        },
        "clat_ns" : {
          "min" : 11174,
          "max" : 266124005,
          "mean" : 28128474.539791,
          "stddev" : 24023453.785822,
          "N" : 123972,
          "percentile" : {
            "1.000000" : 222208,
            "5.000000" : 276480,
            "10.000000" : 374784,
            "20.000000" : 5406720,
            "30.000000" : 9633792,
            "40.000000" : 14352384,
            "50.000000" : 22675456,
            "60.000000" : 39059456,
            "70.000000" : 43253760,
            "80.000000" : 47448064,
            "90.000000" : 53739520,
            "95.000000" : 58982400,
            "99.000000" : 104333312,
            "99.500000" : 135266304,
            "99.900000" : 189792256,
            "99.950000" : 214958080,
            "99.990000" : 242221056
          }
        },
        "lat_ns" : {
          "min" : 1232771,
          "max" : 735335007,
          "mean" : 58963664.437833,
          "stddev" : 42739879.644678,
          "N" : 123972
        },
        "bw_min" : 2160,
        "bw_max" : 15103,
        "bw_agg" : 100.000000,
        "bw_mean" : 8259.516319,
        "bw_dev" : 39.814702,
        "bw_samples" : 7673,
        "iops_min" : 540,
        "iops_max" : 3775,
        "iops_mean" : 2064.288918,
        "iops_stddev" : 9.953708,
        "iops_samples" : 7673
      },
      "write" : {
        "io_bytes" : 506163200,
        "io_kbytes" : 494300,
        "bw_bytes" : 8426222,
        "bw" : 8228,
        "iops" : 2057.183286,
        "runtime" : 60070,
        "total_ios" : 123575,
        "short_ios" : 0,
        "drop_ios" : 0,
        "slat_ns" : {
          "min" : 35829,
          "max" : 9843245,
          "mean" : 93717.831026,
          "stddev" : 160947.696323,
          "N" : 123575
        },
        "clat_ns" : {
          "min" : 139962,
          "max" : 677297879,
          "mean" : 64957002.018248,
          "stddev" : 42550513.942965,
          "N" : 123575,
          "percentile" : {
            "1.000000" : 179200,
            "5.000000" : 252928,
            "10.000000" : 391168,
            "20.000000" : 41680896,
            "30.000000" : 49020928,
            "40.000000" : 55836672,
            "50.000000" : 62652416,
            "60.000000" : 69730304,
            "70.000000" : 77070336,
            "80.000000" : 87556096,
            "90.000000" : 105381888,
            "95.000000" : 125304832,
            "99.000000" : 217055232,
            "99.500000" : 274726912,
            "99.900000" : 396361728,
            "99.950000" : 467664896,
            "99.990000" : 566231040
          }
        },
        "lat_ns" : {
          "min" : 177956,
          "max" : 677420520,
          "mean" : 65054612.081724,
          "stddev" : 42546832.160011,
          "N" : 123575
        },
        "bw_min" : 3124,
        "bw_max" : 13335,
        "bw_agg" : 99.991099,
        "bw_mean" : 8228.075840,
        "bw_dev" : 31.682890,
        "bw_samples" : 7676,
        "iops_min" : 778,
        "iops_max" : 3333,
        "iops_mean" : 2056.412395,
        "iops_stddev" : 7.921238,
        "iops_samples" : 7676
      },
      "trim" : {
        "io_bytes" : 0,
        "io_kbytes" : 0,
        "bw_bytes" : 0,
        "bw" : 0,
        "iops" : 0.000000,
        "runtime" : 0,
        "total_ios" : 0,
        "short_ios" : 0,
        "drop_ios" : 0,
        "slat_ns" : {
          "min" : 0,
          "max" : 0,
          "mean" : 0.000000,
          "stddev" : 0.000000,
          "N" : 0
        },
        "clat_ns" : {
          "min" : 0,
          "max" : 0,
          "mean" : 0.000000,
          "stddev" : 0.000000,
          "N" : 0
        },
        "lat_ns" : {
          "min" : 0,
          "max" : 0,
          "mean" : 0.000000,
          "stddev" : 0.000000,
          "N" : 0
        },
        "bw_min" : 0,
        "bw_max" : 0,
        "bw_agg" : 0.000000,
        "bw_mean" : 0.000000,
        "bw_dev" : 0.000000,
        "bw_samples" : 0,
        "iops_min" : 0,
        "iops_max" : 0,
        "iops_mean" : 0.000000,
        "iops_stddev" : 0.000000,
        "iops_samples" : 0
      },
      "sync" : {
        "total_ios" : 0,
        "lat_ns" : {
          "min" : 0,
          "max" : 0,
          "mean" : 0.000000,
          "stddev" : 0.000000,
          "N" : 0
        }
      },
      "job_runtime" : 3842288,
      "usr_cpu" : 0.064961,
      "sys_cpu" : 0.151342,
      "ctx" : 435960,
      "majf" : 0,
      "minf" : 2598,
      "iodepth_level" : {
        "1" : 0.100000,
        "2" : 0.100000,
        "4" : 99.922439,
        "8" : 0.000000,
        "16" : 0.000000,
        "32" : 0.000000,
        ">=64" : 0.000000
      },
      "iodepth_submit" : {
        "0" : 0.000000,
        "4" : 100.000000,
        "8" : 0.000000,
        "16" : 0.000000,
        "32" : 0.000000,
        "64" : 0.000000,
        ">=64" : 0.000000
      },
      "iodepth_complete" : {
        "0" : 0.000000,
        "4" : 100.000000,
        "8" : 0.000000,
        "16" : 0.000000,
        "32" : 0.000000,
        "64" : 0.000000,
        ">=64" : 0.000000
      },
      "latency_ns" : {
        "2" : 0.000000,
        "4" : 0.000000,
        "10" : 0.000000,
        "20" : 0.000000,
        "50" : 0.000000,
        "100" : 0.000000,
        "250" : 0.000000,
        "500" : 0.000000,
        "750" : 0.000000,
        "1000" : 0.000000
      },
      "latency_us" : {
        "2" : 0.000000,
        "4" : 0.000000,
        "10" : 0.000000,
        "20" : 0.025450,
        "50" : 0.010000,
        "100" : 0.000000,
        "250" : 3.551649,
        "500" : 7.780341,
        "750" : 0.818026,
        "1000" : 0.160778
      },
      "latency_ms" : {
        "2" : 0.197538,
        "4" : 1.365397,
        "10" : 7.778725,
        "20" : 8.828223,
        "50" : 27.165346,
        "100" : 35.707563,
        "250" : 6.288907,
        "500" : 0.319535,
        "750" : 0.012119,
        "1000" : 0.000000,
        "2000" : 0.000000,
        ">=2000" : 0.000000
      },
      "latency_depth" : 4,
      "latency_target" : 0,
      "latency_percentile" : 100.000000,
      "latency_window" : 0
    }
  ]
}
