{
  "fio version" : "fio-3.29-112-gc3773",
  "timestamp" : 1649813324,
  "timestamp_ms" : 1649813324921,
  "time" : "Wed Apr 13 01:28:44 2022",
  "global options" : {
    "size" : "50M",
    "runtime" : "60",
    "rwmixread" : "50",
    "directory" : "/mnt/mfs"
  },
  "jobs" : [
    {
      "jobname" : "iotest",
      "groupid" : 0,
      "error" : 0,
      "eta" : 0,
      "elapsed" : 61,
      "job options" : {
        "rw" : "randrw",
        "bs" : "4k",
        "ioengine" : "libaio",
        "iodepth" : "32",
        "numjobs" : "8",
        "direct" : "1",
        "group_reporting" : "1",
        "invalidate" : "1",
        "loops" : "1",
        "write_bw_log" : "./fio-bench-12-04-2022--23-30-08-rand-mfs/randrw/mfs/randrw50/4k/randrw-iodepth-32-numjobs-8",
        "write_lat_log" : "./fio-bench-12-04-2022--23-30-08-rand-mfs/randrw/mfs/randrw50/4k/randrw-iodepth-32-numjobs-8",
        "write_iops_log" : "./fio-bench-12-04-2022--23-30-08-rand-mfs/randrw/mfs/randrw50/4k/randrw-iodepth-32-numjobs-8",
        "log_avg_msec" : "500"
      },
      "read" : {
        "io_bytes" : 195346432,
        "io_kbytes" : 190768,
        "bw_bytes" : 3254580,
        "bw" : 3178,
        "iops" : 794.575322,
        "runtime" : 60022,
        "total_ios" : 47692,
        "short_ios" : 0,
        "drop_ios" : 0,
        "slat_ns" : {
          "min" : 979526,
          "max" : 702793330,
          "mean" : 9964979.847815,
          "stddev" : 15196500.680832,
          "N" : 47692
        },
        "clat_ns" : {
          "min" : 13339,
          "max" : 3116516591,
          "mean" : 148026589.676109,
          "stddev" : 97906774.548402,
          "N" : 47692,
          "percentile" : {
            "1.000000" : 96993280,
            "5.000000" : 110624768,
            "10.000000" : 117964800,
            "20.000000" : 125304832,
            "30.000000" : 130547712,
            "40.000000" : 135266304,
            "50.000000" : 139460608,
            "60.000000" : 143654912,
            "70.000000" : 147849216,
            "80.000000" : 154140672,
            "90.000000" : 162529280,
            "95.000000" : 170917888,
            "99.000000" : 333447168,
            "99.500000" : 383778816,
            "99.900000" : 2264924160,
            "99.950000" : 2533359616,
            "99.990000" : 2868903936
          }
        },
        "lat_ns" : {
          "min" : 12666937,
          "max" : 3670048924,
          "mean" : 157994651.547178,
          "stddev" : 104962201.035369,
          "N" : 47692
        },
        "bw_min" : 720,
        "bw_max" : 4627,
        "bw_agg" : 100.000000,
        "bw_mean" : 3182.270654,
        "bw_dev" : 105.091915,
        "bw_samples" : 957,
        "iops_min" : 180,
        "iops_max" : 1156,
        "iops_mean" : 795.525856,
        "iops_stddev" : 26.267275,
        "iops_samples" : 957
      },
      "write" : {
        "io_bytes" : 196694016,
        "io_kbytes" : 192084,
        "bw_bytes" : 3277032,
        "bw" : 3200,
        "iops" : 800.056646,
        "runtime" : 60022,
        "total_ios" : 48021,
        "short_ios" : 0,
        "drop_ios" : 0,
        "slat_ns" : {
          "min" : 36388,
          "max" : 12645985,
          "mean" : 69771.456988,
          "stddev" : 64189.858730,
          "N" : 48021
        },
        "clat_ns" : {
          "min" : 12678531,
          "max" : 3551439951,
          "mean" : 162527728.872264,
          "stddev" : 119908150.185872,
          "N" : 48021,
          "percentile" : {
            "1.000000" : 106430464,
            "5.000000" : 121110528,
            "10.000000" : 127401984,
            "20.000000" : 135266304,
            "30.000000" : 141557760,
            "40.000000" : 147849216,
            "50.000000" : 152043520,
            "60.000000" : 156237824,
            "70.000000" : 160432128,
            "80.000000" : 166723584,
            "90.000000" : 177209344,
            "95.000000" : 189792256,
            "99.000000" : 367001600,
            "99.500000" : 459276288,
            "99.900000" : 2566914048,
            "99.950000" : 2868903936,
            "99.990000" : 3338665984
          }
        },
        "lat_ns" : {
          "min" : 12747115,
          "max" : 3551499945,
          "mean" : 162600549.714042,
          "stddev" : 119907737.511145,
          "N" : 48021
        },
        "bw_min" : 816,
        "bw_max" : 4274,
        "bw_agg" : 100.000000,
        "bw_mean" : 3202.250980,
        "bw_dev" : 95.880134,
        "bw_samples" : 957,
        "iops_min" : 204,
        "iops_max" : 1068,
        "iops_mean" : 800.545938,
        "iops_stddev" : 23.967592,
        "iops_samples" : 957
      },
      "trim" : {
        "io_bytes" : 0,
        "io_kbytes" : 0,
        "bw_bytes" : 0,
        "bw" : 0,
        "iops" : 0.000000,
        "runtime" : 0,
        "total_ios" : 0,
        "short_ios" : 0,
        "drop_ios" : 0,
        "slat_ns" : {
          "min" : 0,
          "max" : 0,
          "mean" : 0.000000,
          "stddev" : 0.000000,
          "N" : 0
        },
        "clat_ns" : {
          "min" : 0,
          "max" : 0,
          "mean" : 0.000000,
          "stddev" : 0.000000,
          "N" : 0
        },
        "lat_ns" : {
          "min" : 0,
          "max" : 0,
          "mean" : 0.000000,
          "stddev" : 0.000000,
          "N" : 0
        },
        "bw_min" : 0,
        "bw_max" : 0,
        "bw_agg" : 0.000000,
        "bw_mean" : 0.000000,
        "bw_dev" : 0.000000,
        "bw_samples" : 0,
        "iops_min" : 0,
        "iops_max" : 0,
        "iops_mean" : 0.000000,
        "iops_stddev" : 0.000000,
        "iops_samples" : 0
      },
      "sync" : {
        "total_ios" : 0,
        "lat_ns" : {
          "min" : 0,
          "max" : 0,
          "mean" : 0.000000,
          "stddev" : 0.000000,
          "N" : 0
        }
      },
      "job_runtime" : 480092,
      "usr_cpu" : 0.192047,
      "sys_cpu" : 0.446998,
      "ctx" : 154462,
      "majf" : 0,
      "minf" : 328,
      "iodepth_level" : {
        "1" : 0.100000,
        "2" : 0.100000,
        "4" : 0.100000,
        "8" : 0.100000,
        "16" : 0.133733,
        "32" : 99.740892,
        ">=64" : 0.000000
      },
      "iodepth_submit" : {
        "0" : 0.000000,
        "4" : 100.000000,
        "8" : 0.000000,
        "16" : 0.000000,
        "32" : 0.000000,
        "64" : 0.000000,
        ">=64" : 0.000000
      },
      "iodepth_complete" : {
        "0" : 0.000000,
        "4" : 99.991621,
        "8" : 0.000000,
        "16" : 0.000000,
        "32" : 0.100000,
        "64" : 0.000000,
        ">=64" : 0.000000
      },
      "latency_ns" : {
        "2" : 0.000000,
        "4" : 0.000000,
        "10" : 0.000000,
        "20" : 0.000000,
        "50" : 0.000000,
        "100" : 0.000000,
        "250" : 0.000000,
        "500" : 0.000000,
        "750" : 0.000000,
        "1000" : 0.000000
      },
      "latency_us" : {
        "2" : 0.000000,
        "4" : 0.000000,
        "10" : 0.000000,
        "20" : 0.010000,
        "50" : 0.000000,
        "100" : 0.000000,
        "250" : 0.000000,
        "500" : 0.000000,
        "750" : 0.000000,
        "1000" : 0.000000
      },
      "latency_ms" : {
        "2" : 0.000000,
        "4" : 0.000000,
        "10" : 0.000000,
        "20" : 0.014627,
        "50" : 0.054329,
        "100" : 0.906878,
        "250" : 95.664121,
        "500" : 2.974518,
        "750" : 0.081494,
        "1000" : 0.072091,
        "2000" : 0.078359,
        ">=2000" : 0.145226
      },
      "latency_depth" : 32,
      "latency_target" : 0,
      "latency_percentile" : 100.000000,
      "latency_window" : 0
    }
  ]
}
