{
  "fio version" : "fio-3.29-112-gc3773",
  "timestamp" : 1649811145,
  "timestamp_ms" : 1649811145155,
  "time" : "Wed Apr 13 00:52:25 2022",
  "global options" : {
    "size" : "50M",
    "runtime" : "60",
    "rwmixread" : "50",
    "directory" : "/mnt/mfs"
  },
  "jobs" : [
    {
      "jobname" : "iotest",
      "groupid" : 0,
      "error" : 0,
      "eta" : 0,
      "elapsed" : 61,
      "job options" : {
        "rw" : "randrw",
        "bs" : "4k",
        "ioengine" : "libaio",
        "iodepth" : "1",
        "numjobs" : "32",
        "direct" : "1",
        "group_reporting" : "1",
        "invalidate" : "1",
        "loops" : "1",
        "write_bw_log" : "./fio-bench-12-04-2022--23-30-08-rand-mfs/randrw/mfs/randrw50/4k/randrw-iodepth-1-numjobs-32",
        "write_lat_log" : "./fio-bench-12-04-2022--23-30-08-rand-mfs/randrw/mfs/randrw50/4k/randrw-iodepth-1-numjobs-32",
        "write_iops_log" : "./fio-bench-12-04-2022--23-30-08-rand-mfs/randrw/mfs/randrw50/4k/randrw-iodepth-1-numjobs-32",
        "log_avg_msec" : "500"
      },
      "read" : {
        "io_bytes" : 431050752,
        "io_kbytes" : 420948,
        "bw_bytes" : 7181545,
        "bw" : 7013,
        "iops" : 1753.307121,
        "runtime" : 60022,
        "total_ios" : 105237,
        "short_ios" : 0,
        "drop_ios" : 0,
        "slat_ns" : {
          "min" : 989445,
          "max" : 1438919236,
          "mean" : 18117654.981565,
          "stddev" : 34543959.528331,
          "N" : 105237
        },
        "clat_ns" : {
          "min" : 1397,
          "max" : 332655,
          "mean" : 3748.307363,
          "stddev" : 6009.370827,
          "N" : 105237,
          "percentile" : {
            "1.000000" : 2096,
            "5.000000" : 2640,
            "10.000000" : 2736,
            "20.000000" : 2800,
            "30.000000" : 2864,
            "40.000000" : 2928,
            "50.000000" : 2992,
            "60.000000" : 3088,
            "70.000000" : 3216,
            "80.000000" : 3280,
            "90.000000" : 3504,
            "95.000000" : 3632,
            "99.000000" : 28544,
            "99.500000" : 38144,
            "99.900000" : 82432,
            "99.950000" : 108032,
            "99.990000" : 189440
          }
        },
        "lat_ns" : {
          "min" : 995242,
          "max" : 1438927756,
          "mean" : 18125410.030018,
          "stddev" : 34544387.985185,
          "N" : 105237
        },
        "bw_min" : 488,
        "bw_max" : 11552,
        "bw_agg" : 100.000000,
        "bw_mean" : 7104.038336,
        "bw_dev" : 75.622559,
        "bw_samples" : 3782,
        "iops_min" : 122,
        "iops_max" : 2888,
        "iops_mean" : 1775.971217,
        "iops_stddev" : 18.904964,
        "iops_samples" : 3782
      },
      "write" : {
        "io_bytes" : 430972928,
        "io_kbytes" : 420872,
        "bw_bytes" : 7180249,
        "bw" : 7011,
        "iops" : 1752.990570,
        "runtime" : 60022,
        "total_ios" : 105218,
        "short_ios" : 0,
        "drop_ios" : 0,
        "slat_ns" : {
          "min" : 35410,
          "max" : 9717537,
          "mean" : 85835.760298,
          "stddev" : 80633.612183,
          "N" : 105218
        },
        "clat_ns" : {
          "min" : 1397,
          "max" : 405221,
          "mean" : 3613.895854,
          "stddev" : 9360.500050,
          "N" : 105218,
          "percentile" : {
            "1.000000" : 1880,
            "5.000000" : 1960,
            "10.000000" : 2576,
            "20.000000" : 2640,
            "30.000000" : 2640,
            "40.000000" : 2736,
            "50.000000" : 2736,
            "60.000000" : 2800,
            "70.000000" : 2800,
            "80.000000" : 2864,
            "90.000000" : 2928,
            "95.000000" : 2992,
            "99.000000" : 30336,
            "99.500000" : 56064,
            "99.900000" : 142336,
            "99.950000" : 185344,
            "99.990000" : 325632
          }
        },
        "lat_ns" : {
          "min" : 39321,
          "max" : 9723892,
          "mean" : 93201.635300,
          "stddev" : 81858.518844,
          "N" : 105218
        },
        "bw_min" : 616,
        "bw_max" : 10512,
        "bw_agg" : 100.000000,
        "bw_mean" : 7108.667113,
        "bw_dev" : 69.495530,
        "bw_samples" : 3781,
        "iops_min" : 154,
        "iops_max" : 2628,
        "iops_mean" : 1777.128693,
        "iops_stddev" : 17.373543,
        "iops_samples" : 3781
      },
      "trim" : {
        "io_bytes" : 0,
        "io_kbytes" : 0,
        "bw_bytes" : 0,
        "bw" : 0,
        "iops" : 0.000000,
        "runtime" : 0,
        "total_ios" : 0,
        "short_ios" : 0,
        "drop_ios" : 0,
        "slat_ns" : {
          "min" : 0,
          "max" : 0,
          "mean" : 0.000000,
          "stddev" : 0.000000,
          "N" : 0
        },
        "clat_ns" : {
          "min" : 0,
          "max" : 0,
          "mean" : 0.000000,
          "stddev" : 0.000000,
          "N" : 0
        },
        "lat_ns" : {
          "min" : 0,
          "max" : 0,
          "mean" : 0.000000,
          "stddev" : 0.000000,
          "N" : 0
        },
        "bw_min" : 0,
        "bw_max" : 0,
        "bw_agg" : 0.000000,
        "bw_mean" : 0.000000,
        "bw_dev" : 0.000000,
        "bw_samples" : 0,
        "iops_min" : 0,
        "iops_max" : 0,
        "iops_mean" : 0.000000,
        "iops_stddev" : 0.000000,
        "iops_samples" : 0
      },
      "sync" : {
        "total_ios" : 0,
        "lat_ns" : {
          "min" : 0,
          "max" : 0,
          "mean" : 0.000000,
          "stddev" : 0.000000,
          "N" : 0
        }
      },
      "job_runtime" : 1920231,
      "usr_cpu" : 0.110560,
      "sys_cpu" : 0.254709,
      "ctx" : 372897,
      "majf" : 0,
      "minf" : 1292,
      "iodepth_level" : {
        "1" : 100.000000,
        "2" : 0.000000,
        "4" : 0.000000,
        "8" : 0.000000,
        "16" : 0.000000,
        "32" : 0.000000,
        ">=64" : 0.000000
      },
      "iodepth_submit" : {
        "0" : 0.000000,
        "4" : 100.000000,
        "8" : 0.000000,
        "16" : 0.000000,
        "32" : 0.000000,
        "64" : 0.000000,
        ">=64" : 0.000000
      },
      "iodepth_complete" : {
        "0" : 0.000000,
        "4" : 100.000000,
        "8" : 0.000000,
        "16" : 0.000000,
        "32" : 0.000000,
        "64" : 0.000000,
        ">=64" : 0.000000
      },
      "latency_ns" : {
        "2" : 0.000000,
        "4" : 0.000000,
        "10" : 0.000000,
        "20" : 0.000000,
        "50" : 0.000000,
        "100" : 0.000000,
        "250" : 0.000000,
        "500" : 0.000000,
        "750" : 0.000000,
        "1000" : 0.000000
      },
      "latency_us" : {
        "2" : 2.822456,
        "4" : 94.849255,
        "10" : 0.206695,
        "20" : 0.371576,
        "50" : 1.298615,
        "100" : 0.325960,
        "250" : 0.114039,
        "500" : 0.011404,
        "750" : 0.000000,
        "1000" : 0.000000
      },
      "latency_ms" : {
        "2" : 0.000000,
        "4" : 0.000000,
        "10" : 0.000000,
        "20" : 0.000000,
        "50" : 0.000000,
        "100" : 0.000000,
        "250" : 0.000000,
        "500" : 0.000000,
        "750" : 0.000000,
        "1000" : 0.000000,
        "2000" : 0.000000,
        ">=2000" : 0.000000
      },
      "latency_depth" : 1,
      "latency_target" : 0,
      "latency_percentile" : 100.000000,
      "latency_window" : 0
    }
  ]
}
