{
  "fio version" : "fio-3.29-112-gc3773",
  "timestamp" : 1649813626,
  "timestamp_ms" : 1649813626709,
  "time" : "Wed Apr 13 01:33:46 2022",
  "global options" : {
    "size" : "50M",
    "runtime" : "60",
    "rwmixread" : "50",
    "directory" : "/mnt/mfs"
  },
  "jobs" : [
    {
      "jobname" : "iotest",
      "groupid" : 0,
      "error" : 0,
      "eta" : 0,
      "elapsed" : 61,
      "job options" : {
        "rw" : "randrw",
        "bs" : "4k",
        "ioengine" : "libaio",
        "iodepth" : "64",
        "numjobs" : "2",
        "direct" : "1",
        "group_reporting" : "1",
        "invalidate" : "1",
        "loops" : "1",
        "write_bw_log" : "./fio-bench-12-04-2022--23-30-08-rand-mfs/randrw/mfs/randrw50/4k/randrw-iodepth-64-numjobs-2",
        "write_lat_log" : "./fio-bench-12-04-2022--23-30-08-rand-mfs/randrw/mfs/randrw50/4k/randrw-iodepth-64-numjobs-2",
        "write_iops_log" : "./fio-bench-12-04-2022--23-30-08-rand-mfs/randrw/mfs/randrw50/4k/randrw-iodepth-64-numjobs-2",
        "log_avg_msec" : "500"
      },
      "read" : {
        "io_bytes" : 50196480,
        "io_kbytes" : 49020,
        "bw_bytes" : 836398,
        "bw" : 816,
        "iops" : 204.198950,
        "runtime" : 60015,
        "total_ios" : 12255,
        "short_ios" : 0,
        "drop_ios" : 0,
        "slat_ns" : {
          "min" : 1016263,
          "max" : 627128352,
          "mean" : 9279932.105345,
          "stddev" : 15023975.486223,
          "N" : 12255
        },
        "clat_ns" : {
          "min" : 13270,
          "max" : 4252937133,
          "mean" : 285889088.012974,
          "stddev" : 175278450.072729,
          "N" : 12255,
          "percentile" : {
            "1.000000" : 217055232,
            "5.000000" : 235929600,
            "10.000000" : 244318208,
            "20.000000" : 252706816,
            "30.000000" : 261095424,
            "40.000000" : 267386880,
            "50.000000" : 274726912,
            "60.000000" : 278921216,
            "70.000000" : 287309824,
            "80.000000" : 295698432,
            "90.000000" : 308281344,
            "95.000000" : 316669952,
            "99.000000" : 459276288,
            "99.500000" : 522190848,
            "99.900000" : 3506438144,
            "99.950000" : 4009754624,
            "99.990000" : 4244635648
          }
        },
        "lat_ns" : {
          "min" : 1447884,
          "max" : 4254316921,
          "mean" : 295172001.833048,
          "stddev" : 179431153.439844,
          "N" : 12255
        },
        "bw_min" : 208,
        "bw_max" : 1201,
        "bw_agg" : 100.000000,
        "bw_mean" : 857.570751,
        "bw_dev" : 89.031122,
        "bw_samples" : 227,
        "iops_min" : 52,
        "iops_max" : 300,
        "iops_mean" : 214.388276,
        "iops_stddev" : 22.254308,
        "iops_samples" : 227
      },
      "write" : {
        "io_bytes" : 51183616,
        "io_kbytes" : 49984,
        "bw_bytes" : 852847,
        "bw" : 832,
        "iops" : 208.214613,
        "runtime" : 60015,
        "total_ios" : 12496,
        "short_ios" : 0,
        "drop_ios" : 0,
        "slat_ns" : {
          "min" : 50076,
          "max" : 1153920,
          "mean" : 65194.673015,
          "stddev" : 20003.663649,
          "N" : 12496
        },
        "clat_ns" : {
          "min" : 9289,
          "max" : 4252931825,
          "mean" : 297452885.806099,
          "stddev" : 172012189.437213,
          "N" : 12496,
          "percentile" : {
            "1.000000" : 227540992,
            "5.000000" : 246415360,
            "10.000000" : 254803968,
            "20.000000" : 265289728,
            "30.000000" : 270532608,
            "40.000000" : 278921216,
            "50.000000" : 287309824,
            "60.000000" : 291504128,
            "70.000000" : 299892736,
            "80.000000" : 308281344,
            "90.000000" : 320864256,
            "95.000000" : 333447168,
            "99.000000" : 442499072,
            "99.500000" : 522190848,
            "99.900000" : 3909091328,
            "99.950000" : 4009754624,
            "99.990000" : 4211081216
          }
        },
        "lat_ns" : {
          "min" : 80947,
          "max" : 4253005019,
          "mean" : 297520913.822743,
          "stddev" : 172012041.474557,
          "N" : 12496
        },
        "bw_min" : 264,
        "bw_max" : 1097,
        "bw_agg" : 100.000000,
        "bw_mean" : 875.711476,
        "bw_dev" : 80.118245,
        "bw_samples" : 227,
        "iops_min" : 66,
        "iops_max" : 274,
        "iops_mean" : 218.921163,
        "iops_stddev" : 20.026258,
        "iops_samples" : 227
      },
      "trim" : {
        "io_bytes" : 0,
        "io_kbytes" : 0,
        "bw_bytes" : 0,
        "bw" : 0,
        "iops" : 0.000000,
        "runtime" : 0,
        "total_ios" : 0,
        "short_ios" : 0,
        "drop_ios" : 0,
        "slat_ns" : {
          "min" : 0,
          "max" : 0,
          "mean" : 0.000000,
          "stddev" : 0.000000,
          "N" : 0
        },
        "clat_ns" : {
          "min" : 0,
          "max" : 0,
          "mean" : 0.000000,
          "stddev" : 0.000000,
          "N" : 0
        },
        "lat_ns" : {
          "min" : 0,
          "max" : 0,
          "mean" : 0.000000,
          "stddev" : 0.000000,
          "N" : 0
        },
        "bw_min" : 0,
        "bw_max" : 0,
        "bw_agg" : 0.000000,
        "bw_mean" : 0.000000,
        "bw_dev" : 0.000000,
        "bw_samples" : 0,
        "iops_min" : 0,
        "iops_max" : 0,
        "iops_mean" : 0.000000,
        "iops_stddev" : 0.000000,
        "iops_samples" : 0
      },
      "sync" : {
        "total_ios" : 0,
        "lat_ns" : {
          "min" : 0,
          "max" : 0,
          "mean" : 0.000000,
          "stddev" : 0.000000,
          "N" : 0
        }
      },
      "job_runtime" : 114900,
      "usr_cpu" : 0.248912,
      "sys_cpu" : 0.440383,
      "ctx" : 37740,
      "majf" : 0,
      "minf" : 78,
      "iodepth_level" : {
        "1" : 0.100000,
        "2" : 0.100000,
        "4" : 0.100000,
        "8" : 0.100000,
        "16" : 0.129288,
        "32" : 0.258575,
        ">=64" : 99.490930
      },
      "iodepth_submit" : {
        "0" : 0.000000,
        "4" : 100.000000,
        "8" : 0.000000,
        "16" : 0.000000,
        "32" : 0.000000,
        "64" : 0.000000,
        ">=64" : 0.000000
      },
      "iodepth_complete" : {
        "0" : 0.000000,
        "4" : 99.991879,
        "8" : 0.000000,
        "16" : 0.000000,
        "32" : 0.000000,
        "64" : 0.100000,
        ">=64" : 0.000000
      },
      "latency_ns" : {
        "2" : 0.000000,
        "4" : 0.000000,
        "10" : 0.000000,
        "20" : 0.000000,
        "50" : 0.000000,
        "100" : 0.000000,
        "250" : 0.000000,
        "500" : 0.000000,
        "750" : 0.000000,
        "1000" : 0.000000
      },
      "latency_us" : {
        "2" : 0.000000,
        "4" : 0.000000,
        "10" : 0.010000,
        "20" : 0.010000,
        "50" : 0.000000,
        "100" : 0.010000,
        "250" : 0.000000,
        "500" : 0.000000,
        "750" : 0.000000,
        "1000" : 0.000000
      },
      "latency_ms" : {
        "2" : 0.010000,
        "4" : 0.010000,
        "10" : 0.000000,
        "20" : 0.024241,
        "50" : 0.028282,
        "100" : 0.117167,
        "250" : 11.332875,
        "500" : 87.871197,
        "750" : 0.153529,
        "1000" : 0.032322,
        "2000" : 0.137368,
        ">=2000" : 0.282817
      },
      "latency_depth" : 64,
      "latency_target" : 0,
      "latency_percentile" : 100.000000,
      "latency_window" : 0
    }
  ]
}
