{
  "fio version" : "fio-3.29-112-gc3773",
  "timestamp" : 1649813506,
  "timestamp_ms" : 1649813506195,
  "time" : "Wed Apr 13 01:31:46 2022",
  "global options" : {
    "size" : "50M",
    "runtime" : "60",
    "rwmixread" : "50",
    "directory" : "/mnt/mfs"
  },
  "jobs" : [
    {
      "jobname" : "iotest",
      "groupid" : 0,
      "error" : 0,
      "eta" : 0,
      "elapsed" : 61,
      "job options" : {
        "rw" : "randrw",
        "bs" : "4k",
        "ioengine" : "libaio",
        "iodepth" : "32",
        "numjobs" : "64",
        "direct" : "1",
        "group_reporting" : "1",
        "invalidate" : "1",
        "loops" : "1",
        "write_bw_log" : "./fio-bench-12-04-2022--23-30-08-rand-mfs/randrw/mfs/randrw50/4k/randrw-iodepth-32-numjobs-64",
        "write_lat_log" : "./fio-bench-12-04-2022--23-30-08-rand-mfs/randrw/mfs/randrw50/4k/randrw-iodepth-32-numjobs-64",
        "write_iops_log" : "./fio-bench-12-04-2022--23-30-08-rand-mfs/randrw/mfs/randrw50/4k/randrw-iodepth-32-numjobs-64",
        "log_avg_msec" : "500"
      },
      "read" : {
        "io_bytes" : 529104896,
        "io_kbytes" : 516704,
        "bw_bytes" : 8810338,
        "bw" : 8603,
        "iops" : 2150.961619,
        "runtime" : 60055,
        "total_ios" : 129176,
        "short_ios" : 0,
        "drop_ios" : 0,
        "slat_ns" : {
          "min" : 1232841,
          "max" : 298163211,
          "mean" : 29577460.217014,
          "stddev" : 28299502.556089,
          "N" : 129176
        },
        "clat_ns" : {
          "min" : 10965,
          "max" : 763356500,
          "mean" : 440751918.183664,
          "stddev" : 53431910.347143,
          "N" : 129176,
          "percentile" : {
            "1.000000" : 308281344,
            "5.000000" : 358612992,
            "10.000000" : 379584512,
            "20.000000" : 400556032,
            "30.000000" : 417333248,
            "40.000000" : 429916160,
            "50.000000" : 442499072,
            "60.000000" : 455081984,
            "70.000000" : 467664896,
            "80.000000" : 484442112,
            "90.000000" : 501219328,
            "95.000000" : 517996544,
            "99.000000" : 549453824,
            "99.500000" : 557842432,
            "99.900000" : 591396864,
            "99.950000" : 616562688,
            "99.990000" : 717225984
          }
        },
        "lat_ns" : {
          "min" : 3762080,
          "max" : 842606013,
          "mean" : 470333686.762053,
          "stddev" : 60592325.013732,
          "N" : 129176
        },
        "bw_min" : 2876,
        "bw_max" : 13608,
        "bw_agg" : 99.490394,
        "bw_mean" : 8560.775602,
        "bw_dev" : 29.313688,
        "bw_samples" : 7590,
        "iops_min" : 704,
        "iops_max" : 3390,
        "iops_mean" : 2122.048925,
        "iops_stddev" : 7.340730,
        "iops_samples" : 7590
      },
      "write" : {
        "io_bytes" : 527523840,
        "io_kbytes" : 515160,
        "bw_bytes" : 8784011,
        "bw" : 8578,
        "iops" : 2144.534177,
        "runtime" : 60055,
        "total_ios" : 128790,
        "short_ios" : 0,
        "drop_ios" : 0,
        "slat_ns" : {
          "min" : 36457,
          "max" : 10890307,
          "mean" : 92878.534521,
          "stddev" : 140632.751682,
          "N" : 128790
        },
        "clat_ns" : {
          "min" : 23623243,
          "max" : 842420723,
          "mean" : 478813452.462412,
          "stddev" : 57075533.475420,
          "N" : 128790,
          "percentile" : {
            "1.000000" : 341835776,
            "5.000000" : 392167424,
            "10.000000" : 413138944,
            "20.000000" : 438304768,
            "30.000000" : 455081984,
            "40.000000" : 467664896,
            "50.000000" : 480247808,
            "60.000000" : 492830720,
            "70.000000" : 505413632,
            "80.000000" : 522190848,
            "90.000000" : 549453824,
            "95.000000" : 566231040,
            "99.000000" : 608174080,
            "99.500000" : 624951296,
            "99.900000" : 666894336,
            "99.950000" : 692060160,
            "99.990000" : 759169024
          }
        },
        "lat_ns" : {
          "min" : 23878583,
          "max" : 842473523,
          "mean" : 478910285.693229,
          "stddev" : 57072437.163363,
          "N" : 128790
        },
        "bw_min" : 3195,
        "bw_max" : 12884,
        "bw_agg" : 99.520458,
        "bw_mean" : 8537.941034,
        "bw_dev" : 26.344450,
        "bw_samples" : 7588,
        "iops_min" : 783,
        "iops_max" : 3206,
        "iops_mean" : 2116.290842,
        "iops_stddev" : 6.601154,
        "iops_samples" : 7588
      },
      "trim" : {
        "io_bytes" : 0,
        "io_kbytes" : 0,
        "bw_bytes" : 0,
        "bw" : 0,
        "iops" : 0.000000,
        "runtime" : 0,
        "total_ios" : 0,
        "short_ios" : 0,
        "drop_ios" : 0,
        "slat_ns" : {
          "min" : 0,
          "max" : 0,
          "mean" : 0.000000,
          "stddev" : 0.000000,
          "N" : 0
        },
        "clat_ns" : {
          "min" : 0,
          "max" : 0,
          "mean" : 0.000000,
          "stddev" : 0.000000,
          "N" : 0
        },
        "lat_ns" : {
          "min" : 0,
          "max" : 0,
          "mean" : 0.000000,
          "stddev" : 0.000000,
          "N" : 0
        },
        "bw_min" : 0,
        "bw_max" : 0,
        "bw_agg" : 0.000000,
        "bw_mean" : 0.000000,
        "bw_dev" : 0.000000,
        "bw_samples" : 0,
        "iops_min" : 0,
        "iops_max" : 0,
        "iops_mean" : 0.000000,
        "iops_stddev" : 0.000000,
        "iops_samples" : 0
      },
      "sync" : {
        "total_ios" : 0,
        "lat_ns" : {
          "min" : 0,
          "max" : 0,
          "mean" : 0.000000,
          "stddev" : 0.000000,
          "N" : 0
        }
      },
      "job_runtime" : 3841270,
      "usr_cpu" : 0.073830,
      "sys_cpu" : 0.153205,
      "ctx" : 456754,
      "majf" : 0,
      "minf" : 2690,
      "iodepth_level" : {
        "1" : 0.100000,
        "2" : 0.100000,
        "4" : 0.100000,
        "8" : 0.198476,
        "16" : 0.396952,
        "32" : 99.230906,
        ">=64" : 0.000000
      },
      "iodepth_submit" : {
        "0" : 0.000000,
        "4" : 100.000000,
        "8" : 0.000000,
        "16" : 0.000000,
        "32" : 0.000000,
        "64" : 0.000000,
        ">=64" : 0.000000
      },
      "iodepth_complete" : {
        "0" : 0.000000,
        "4" : 99.975004,
        "8" : 0.000000,
        "16" : 0.000000,
        "32" : 0.100000,
        "64" : 0.000000,
        ">=64" : 0.000000
      },
      "latency_ns" : {
        "2" : 0.000000,
        "4" : 0.000000,
        "10" : 0.000000,
        "20" : 0.000000,
        "50" : 0.000000,
        "100" : 0.000000,
        "250" : 0.000000,
        "500" : 0.000000,
        "750" : 0.000000,
        "1000" : 0.000000
      },
      "latency_us" : {
        "2" : 0.000000,
        "4" : 0.000000,
        "10" : 0.000000,
        "20" : 0.024034,
        "50" : 0.000000,
        "100" : 0.010000,
        "250" : 0.010000,
        "500" : 0.000000,
        "750" : 0.000000,
        "1000" : 0.000000
      },
      "latency_ms" : {
        "2" : 0.000000,
        "4" : 0.010000,
        "10" : 0.010000,
        "20" : 0.010000,
        "50" : 0.038765,
        "100" : 0.094586,
        "250" : 0.257786,
        "500" : 76.525589,
        "750" : 23.049162,
        "1000" : 0.010000,
        "2000" : 0.000000,
        ">=2000" : 0.000000
      },
      "latency_depth" : 32,
      "latency_target" : 0,
      "latency_percentile" : 100.000000,
      "latency_window" : 0
    }
  ]
}
