{
  "fio version" : "fio-3.29-112-gc3773",
  "timestamp" : 1649811456,
  "timestamp_ms" : 1649811456153,
  "time" : "Wed Apr 13 00:57:36 2022",
  "global options" : {
    "size" : "50M",
    "runtime" : "60",
    "rwmixread" : "50",
    "directory" : "/mnt/mfs"
  },
  "jobs" : [
    {
      "jobname" : "iotest",
      "groupid" : 0,
      "error" : 0,
      "eta" : 0,
      "elapsed" : 61,
      "job options" : {
        "rw" : "randrw",
        "bs" : "4k",
        "ioengine" : "libaio",
        "iodepth" : "2",
        "numjobs" : "1",
        "direct" : "1",
        "group_reporting" : "1",
        "invalidate" : "1",
        "loops" : "1",
        "write_bw_log" : "./fio-bench-12-04-2022--23-30-08-rand-mfs/randrw/mfs/randrw50/4k/randrw-iodepth-2-numjobs-1",
        "write_lat_log" : "./fio-bench-12-04-2022--23-30-08-rand-mfs/randrw/mfs/randrw50/4k/randrw-iodepth-2-numjobs-1",
        "write_iops_log" : "./fio-bench-12-04-2022--23-30-08-rand-mfs/randrw/mfs/randrw50/4k/randrw-iodepth-2-numjobs-1",
        "log_avg_msec" : "500"
      },
      "read" : {
        "io_bytes" : 22286336,
        "io_kbytes" : 21764,
        "bw_bytes" : 371339,
        "bw" : 362,
        "iops" : 90.659158,
        "runtime" : 60016,
        "total_ios" : 5441,
        "short_ios" : 0,
        "drop_ios" : 0,
        "slat_ns" : {
          "min" : 1049926,
          "max" : 847153301,
          "mean" : 10936191.096673,
          "stddev" : 20632126.719146,
          "N" : 5441
        },
        "clat_ns" : {
          "min" : 12711,
          "max" : 32740729,
          "mean" : 757618.336151,
          "stddev" : 947408.118662,
          "N" : 5441,
          "percentile" : {
            "1.000000" : 82432,
            "5.000000" : 83456,
            "10.000000" : 83456,
            "20.000000" : 85504,
            "30.000000" : 86528,
            "40.000000" : 89600,
            "50.000000" : 201728,
            "60.000000" : 1286144,
            "70.000000" : 1335296,
            "80.000000" : 1384448,
            "90.000000" : 1433600,
            "95.000000" : 1466368,
            "99.000000" : 1662976,
            "99.500000" : 4079616,
            "99.900000" : 6258688,
            "99.950000" : 11599872,
            "99.990000" : 32636928
          }
        },
        "lat_ns" : {
          "min" : 1139183,
          "max" : 848491113,
          "mean" : 11696709.804448,
          "stddev" : 20755329.396612,
          "N" : 5441
        },
        "bw_min" : 8,
        "bw_max" : 568,
        "bw_agg" : 100.000000,
        "bw_mean" : 365.731092,
        "bw_dev" : 119.178452,
        "bw_samples" : 119,
        "iops_min" : 2,
        "iops_max" : 142,
        "iops_mean" : 91.428571,
        "iops_stddev" : 29.789252,
        "iops_samples" : 119
      },
      "write" : {
        "io_bytes" : 22388736,
        "io_kbytes" : 21864,
        "bw_bytes" : 373046,
        "bw" : 364,
        "iops" : 91.075713,
        "runtime" : 60016,
        "total_ios" : 5466,
        "short_ios" : 0,
        "drop_ios" : 0,
        "slat_ns" : {
          "min" : 44209,
          "max" : 5053512,
          "mean" : 65720.431943,
          "stddev" : 88950.853207,
          "N" : 5466
        },
        "clat_ns" : {
          "min" : 57060,
          "max" : 847171181,
          "mean" : 10230710.144713,
          "stddev" : 20905446.652831,
          "N" : 5466,
          "percentile" : {
            "1.000000" : 68096,
            "5.000000" : 69120,
            "10.000000" : 70144,
            "20.000000" : 71168,
            "30.000000" : 73216,
            "40.000000" : 76288,
            "50.000000" : 95744,
            "60.000000" : 12255232,
            "70.000000" : 12648448,
            "80.000000" : 17432576,
            "90.000000" : 22675456,
            "95.000000" : 28704768,
            "99.000000" : 60030976,
            "99.500000" : 119013376,
            "99.900000" : 225443840,
            "99.950000" : 320864256,
            "99.990000" : 843055104
          }
        },
        "lat_ns" : {
          "min" : 112235,
          "max" : 847229429,
          "mean" : 10299215.086901,
          "stddev" : 20903788.242542,
          "N" : 5466
        },
        "bw_min" : 32,
        "bw_max" : 488,
        "bw_agg" : 100.000000,
        "bw_mean" : 367.394958,
        "bw_dev" : 100.078124,
        "bw_samples" : 119,
        "iops_min" : 8,
        "iops_max" : 122,
        "iops_mean" : 91.848739,
        "iops_stddev" : 25.019531,
        "iops_samples" : 119
      },
      "trim" : {
        "io_bytes" : 0,
        "io_kbytes" : 0,
        "bw_bytes" : 0,
        "bw" : 0,
        "iops" : 0.000000,
        "runtime" : 0,
        "total_ios" : 0,
        "short_ios" : 0,
        "drop_ios" : 0,
        "slat_ns" : {
          "min" : 0,
          "max" : 0,
          "mean" : 0.000000,
          "stddev" : 0.000000,
          "N" : 0
        },
        "clat_ns" : {
          "min" : 0,
          "max" : 0,
          "mean" : 0.000000,
          "stddev" : 0.000000,
          "N" : 0
        },
        "lat_ns" : {
          "min" : 0,
          "max" : 0,
          "mean" : 0.000000,
          "stddev" : 0.000000,
          "N" : 0
        },
        "bw_min" : 0,
        "bw_max" : 0,
        "bw_agg" : 0.000000,
        "bw_mean" : 0.000000,
        "bw_dev" : 0.000000,
        "bw_samples" : 0,
        "iops_min" : 0,
        "iops_max" : 0,
        "iops_mean" : 0.000000,
        "iops_stddev" : 0.000000,
        "iops_samples" : 0
      },
      "sync" : {
        "total_ios" : 0,
        "lat_ns" : {
          "min" : 0,
          "max" : 0,
          "mean" : 0.000000,
          "stddev" : 0.000000,
          "N" : 0
        }
      },
      "job_runtime" : 60015,
      "usr_cpu" : 0.173290,
      "sys_cpu" : 0.399900,
      "ctx" : 16424,
      "majf" : 0,
      "minf" : 41,
      "iodepth_level" : {
        "1" : 0.100000,
        "2" : 99.990832,
        "4" : 0.000000,
        "8" : 0.000000,
        "16" : 0.000000,
        "32" : 0.000000,
        ">=64" : 0.000000
      },
      "iodepth_submit" : {
        "0" : 0.000000,
        "4" : 100.000000,
        "8" : 0.000000,
        "16" : 0.000000,
        "32" : 0.000000,
        "64" : 0.000000,
        ">=64" : 0.000000
      },
      "iodepth_complete" : {
        "0" : 0.000000,
        "4" : 100.000000,
        "8" : 0.000000,
        "16" : 0.000000,
        "32" : 0.000000,
        "64" : 0.000000,
        ">=64" : 0.000000
      },
      "latency_ns" : {
        "2" : 0.000000,
        "4" : 0.000000,
        "10" : 0.000000,
        "20" : 0.000000,
        "50" : 0.000000,
        "100" : 0.000000,
        "250" : 0.000000,
        "500" : 0.000000,
        "750" : 0.000000,
        "1000" : 0.000000
      },
      "latency_us" : {
        "2" : 0.000000,
        "4" : 0.000000,
        "10" : 0.000000,
        "20" : 0.010000,
        "50" : 0.000000,
        "100" : 49.601174,
        "250" : 0.467590,
        "500" : 0.010000,
        "750" : 0.000000,
        "1000" : 0.000000
      },
      "latency_ms" : {
        "2" : 24.498029,
        "4" : 0.165032,
        "10" : 0.705969,
        "20" : 17.209132,
        "50" : 6.601265,
        "100" : 0.440084,
        "250" : 0.247547,
        "500" : 0.036674,
        "750" : 0.000000,
        "1000" : 0.010000,
        "2000" : 0.000000,
        ">=2000" : 0.000000
      },
      "latency_depth" : 2,
      "latency_target" : 0,
      "latency_percentile" : 100.000000,
      "latency_window" : 0
    }
  ]
}
