{
  "fio version" : "fio-3.29-112-gc3773",
  "timestamp" : 1649812360,
  "timestamp_ms" : 1649812360873,
  "time" : "Wed Apr 13 01:12:40 2022",
  "global options" : {
    "size" : "50M",
    "runtime" : "60",
    "rwmixread" : "50",
    "directory" : "/mnt/mfs"
  },
  "jobs" : [
    {
      "jobname" : "iotest",
      "groupid" : 0,
      "error" : 0,
      "eta" : 0,
      "elapsed" : 60,
      "job options" : {
        "rw" : "randrw",
        "bs" : "4k",
        "ioengine" : "libaio",
        "iodepth" : "8",
        "numjobs" : "2",
        "direct" : "1",
        "group_reporting" : "1",
        "invalidate" : "1",
        "loops" : "1",
        "write_bw_log" : "./fio-bench-12-04-2022--23-30-08-rand-mfs/randrw/mfs/randrw50/4k/randrw-iodepth-8-numjobs-2",
        "write_lat_log" : "./fio-bench-12-04-2022--23-30-08-rand-mfs/randrw/mfs/randrw50/4k/randrw-iodepth-8-numjobs-2",
        "write_iops_log" : "./fio-bench-12-04-2022--23-30-08-rand-mfs/randrw/mfs/randrw50/4k/randrw-iodepth-8-numjobs-2",
        "log_avg_msec" : "500"
      },
      "read" : {
        "io_bytes" : 52006912,
        "io_kbytes" : 50788,
        "bw_bytes" : 873419,
        "bw" : 852,
        "iops" : 213.237270,
        "runtime" : 59544,
        "total_ios" : 12697,
        "short_ios" : 0,
        "drop_ios" : 0,
        "slat_ns" : {
          "min" : 982669,
          "max" : 73185605,
          "mean" : 8940847.626762,
          "stddev" : 9109388.015368,
          "N" : 12697
        },
        "clat_ns" : {
          "min" : 93308,
          "max" : 98696522,
          "mean" : 25293617.879735,
          "stddev" : 9186477.361545,
          "N" : 12697,
          "percentile" : {
            "1.000000" : 1646592,
            "5.000000" : 7503872,
            "10.000000" : 14352384,
            "20.000000" : 17956864,
            "30.000000" : 20840448,
            "40.000000" : 23986176,
            "50.000000" : 26345472,
            "60.000000" : 28180480,
            "70.000000" : 30277632,
            "80.000000" : 32636928,
            "90.000000" : 35913728,
            "95.000000" : 38010880,
            "99.000000" : 42205184,
            "99.500000" : 46399488,
            "99.900000" : 67633152,
            "99.950000" : 84410368,
            "99.990000" : 92798976
          }
        },
        "lat_ns" : {
          "min" : 1572760,
          "max" : 107225001,
          "mean" : 34237465.998976,
          "stddev" : 12931724.444209,
          "N" : 12697
        },
        "bw_min" : 664,
        "bw_max" : 1201,
        "bw_agg" : 100.000000,
        "bw_mean" : 885.422918,
        "bw_dev" : 58.915792,
        "bw_samples" : 229,
        "iops_min" : 166,
        "iops_max" : 300,
        "iops_mean" : 221.346982,
        "iops_stddev" : 14.721815,
        "iops_samples" : 229
      },
      "write" : {
        "io_bytes" : 52850688,
        "io_kbytes" : 51612,
        "bw_bytes" : 887590,
        "bw" : 866,
        "iops" : 216.696896,
        "runtime" : 59544,
        "total_ios" : 12903,
        "short_ios" : 0,
        "drop_ios" : 0,
        "slat_ns" : {
          "min" : 38274,
          "max" : 9484958,
          "mean" : 66441.799969,
          "stddev" : 110509.049661,
          "N" : 12903
        },
        "clat_ns" : {
          "min" : 8661,
          "max" : 98698129,
          "mean" : 37357308.490816,
          "stddev" : 11471490.228268,
          "N" : 12903,
          "percentile" : {
            "1.000000" : 610304,
            "5.000000" : 19267584,
            "10.000000" : 23986176,
            "20.000000" : 28704768,
            "30.000000" : 31850496,
            "40.000000" : 34865152,
            "50.000000" : 37486592,
            "60.000000" : 39583744,
            "70.000000" : 42205184,
            "80.000000" : 45350912,
            "90.000000" : 50593792,
            "95.000000" : 56360960,
            "99.000000" : 68681728,
            "99.500000" : 74973184,
            "99.900000" : 86507520,
            "99.950000" : 89653248,
            "99.990000" : 98041856
          }
        },
        "lat_ns" : {
          "min" : 75010,
          "max" : 98769507,
          "mean" : 37426618.249477,
          "stddev" : 11467986.281852,
          "N" : 12903
        },
        "bw_min" : 680,
        "bw_max" : 1088,
        "bw_agg" : 100.000000,
        "bw_mean" : 900.402597,
        "bw_dev" : 37.287870,
        "bw_samples" : 229,
        "iops_min" : 170,
        "iops_max" : 272,
        "iops_mean" : 225.096104,
        "iops_stddev" : 9.318970,
        "iops_samples" : 229
      },
      "trim" : {
        "io_bytes" : 0,
        "io_kbytes" : 0,
        "bw_bytes" : 0,
        "bw" : 0,
        "iops" : 0.000000,
        "runtime" : 0,
        "total_ios" : 0,
        "short_ios" : 0,
        "drop_ios" : 0,
        "slat_ns" : {
          "min" : 0,
          "max" : 0,
          "mean" : 0.000000,
          "stddev" : 0.000000,
          "N" : 0
        },
        "clat_ns" : {
          "min" : 0,
          "max" : 0,
          "mean" : 0.000000,
          "stddev" : 0.000000,
          "N" : 0
        },
        "lat_ns" : {
          "min" : 0,
          "max" : 0,
          "mean" : 0.000000,
          "stddev" : 0.000000,
          "N" : 0
        },
        "bw_min" : 0,
        "bw_max" : 0,
        "bw_agg" : 0.000000,
        "bw_mean" : 0.000000,
        "bw_dev" : 0.000000,
        "bw_samples" : 0,
        "iops_min" : 0,
        "iops_max" : 0,
        "iops_mean" : 0.000000,
        "iops_stddev" : 0.000000,
        "iops_samples" : 0
      },
      "sync" : {
        "total_ios" : 0,
        "lat_ns" : {
          "min" : 0,
          "max" : 0,
          "mean" : 0.000000,
          "stddev" : 0.000000,
          "N" : 0
        }
      },
      "job_runtime" : 114747,
      "usr_cpu" : 0.279746,
      "sys_cpu" : 0.435741,
      "ctx" : 39080,
      "majf" : 0,
      "minf" : 82,
      "iodepth_level" : {
        "1" : 0.100000,
        "2" : 0.100000,
        "4" : 0.100000,
        "8" : 99.945312,
        "16" : 0.000000,
        "32" : 0.000000,
        ">=64" : 0.000000
      },
      "iodepth_submit" : {
        "0" : 0.000000,
        "4" : 100.000000,
        "8" : 0.000000,
        "16" : 0.000000,
        "32" : 0.000000,
        "64" : 0.000000,
        ">=64" : 0.000000
      },
      "iodepth_complete" : {
        "0" : 0.000000,
        "4" : 99.992184,
        "8" : 0.100000,
        "16" : 0.000000,
        "32" : 0.000000,
        "64" : 0.000000,
        ">=64" : 0.000000
      },
      "latency_ns" : {
        "2" : 0.000000,
        "4" : 0.000000,
        "10" : 0.000000,
        "20" : 0.000000,
        "50" : 0.000000,
        "100" : 0.000000,
        "250" : 0.000000,
        "500" : 0.000000,
        "750" : 0.000000,
        "1000" : 0.000000
      },
      "latency_us" : {
        "2" : 0.000000,
        "4" : 0.000000,
        "10" : 0.010000,
        "20" : 0.000000,
        "50" : 0.000000,
        "100" : 0.010000,
        "250" : 0.010000,
        "500" : 0.496094,
        "750" : 0.457031,
        "1000" : 0.000000
      },
      "latency_ms" : {
        "2" : 0.437500,
        "4" : 0.421875,
        "10" : 1.910156,
        "20" : 12.972656,
        "50" : 77.652344,
        "100" : 5.632812,
        "250" : 0.000000,
        "500" : 0.000000,
        "750" : 0.000000,
        "1000" : 0.000000,
        "2000" : 0.000000,
        ">=2000" : 0.000000
      },
      "latency_depth" : 8,
      "latency_target" : 0,
      "latency_percentile" : 100.000000,
      "latency_window" : 0
    }
  ]
}
