{
  "fio version" : "fio-3.29-112-gc3773",
  "timestamp" : 1649813747,
  "timestamp_ms" : 1649813747272,
  "time" : "Wed Apr 13 01:35:47 2022",
  "global options" : {
    "size" : "50M",
    "runtime" : "60",
    "rwmixread" : "50",
    "directory" : "/mnt/mfs"
  },
  "jobs" : [
    {
      "jobname" : "iotest",
      "groupid" : 0,
      "error" : 0,
      "eta" : 0,
      "elapsed" : 61,
      "job options" : {
        "rw" : "randrw",
        "bs" : "4k",
        "ioengine" : "libaio",
        "iodepth" : "64",
        "numjobs" : "8",
        "direct" : "1",
        "group_reporting" : "1",
        "invalidate" : "1",
        "loops" : "1",
        "write_bw_log" : "./fio-bench-12-04-2022--23-30-08-rand-mfs/randrw/mfs/randrw50/4k/randrw-iodepth-64-numjobs-8",
        "write_lat_log" : "./fio-bench-12-04-2022--23-30-08-rand-mfs/randrw/mfs/randrw50/4k/randrw-iodepth-64-numjobs-8",
        "write_iops_log" : "./fio-bench-12-04-2022--23-30-08-rand-mfs/randrw/mfs/randrw50/4k/randrw-iodepth-64-numjobs-8",
        "log_avg_msec" : "500"
      },
      "read" : {
        "io_bytes" : 200753152,
        "io_kbytes" : 196048,
        "bw_bytes" : 3344436,
        "bw" : 3266,
        "iops" : 816.512844,
        "runtime" : 60026,
        "total_ios" : 49012,
        "short_ios" : 0,
        "drop_ios" : 0,
        "slat_ns" : {
          "min" : 971495,
          "max" : 705148964,
          "mean" : 9523328.506080,
          "stddev" : 13434570.066975,
          "N" : 49012
        },
        "clat_ns" : {
          "min" : 9638,
          "max" : 3365637261,
          "mean" : 295725065.288664,
          "stddev" : 154110517.036938,
          "N" : 49012,
          "percentile" : {
            "1.000000" : 225443840,
            "5.000000" : 246415360,
            "10.000000" : 254803968,
            "20.000000" : 265289728,
            "30.000000" : 274726912,
            "40.000000" : 278921216,
            "50.000000" : 287309824,
            "60.000000" : 291504128,
            "70.000000" : 299892736,
            "80.000000" : 308281344,
            "90.000000" : 316669952,
            "95.000000" : 325058560,
            "99.000000" : 341835776,
            "99.500000" : 591396864,
            "99.900000" : 3170893824,
            "99.950000" : 3271557120,
            "99.990000" : 3338665984
          }
        },
        "lat_ns" : {
          "min" : 1396130,
          "max" : 3389157070,
          "mean" : 305251491.829450,
          "stddev" : 157337937.418000,
          "N" : 49012
        },
        "bw_min" : 568,
        "bw_max" : 4610,
        "bw_agg" : 100.000000,
        "bw_mean" : 3313.582501,
        "bw_dev" : 87.557546,
        "bw_samples" : 940,
        "iops_min" : 142,
        "iops_max" : 1152,
        "iops_mean" : 828.365107,
        "iops_stddev" : 21.885590,
        "iops_samples" : 940
      },
      "write" : {
        "io_bytes" : 201797632,
        "io_kbytes" : 197068,
        "bw_bytes" : 3361837,
        "bw" : 3283,
        "iops" : 820.761004,
        "runtime" : 60026,
        "total_ios" : 49267,
        "short_ios" : 0,
        "drop_ios" : 0,
        "slat_ns" : {
          "min" : 36247,
          "max" : 1497191,
          "mean" : 69627.633223,
          "stddev" : 23475.809295,
          "N" : 49267
        },
        "clat_ns" : {
          "min" : 9777,
          "max" : 3389088276,
          "mean" : 307441441.819636,
          "stddev" : 149078739.227462,
          "N" : 49267,
          "percentile" : {
            "1.000000" : 235929600,
            "5.000000" : 256901120,
            "10.000000" : 267386880,
            "20.000000" : 278921216,
            "30.000000" : 287309824,
            "40.000000" : 291504128,
            "50.000000" : 299892736,
            "60.000000" : 304087040,
            "70.000000" : 312475648,
            "80.000000" : 320864256,
            "90.000000" : 329252864,
            "95.000000" : 337641472,
            "99.000000" : 358612992,
            "99.500000" : 566231040,
            "99.900000" : 3170893824,
            "99.950000" : 3305111552,
            "99.990000" : 3372220416
          }
        },
        "lat_ns" : {
          "min" : 72356,
          "max" : 3389169013,
          "mean" : 307514097.275114,
          "stddev" : 149078636.153435,
          "N" : 49267
        },
        "bw_min" : 696,
        "bw_max" : 4354,
        "bw_agg" : 100.000000,
        "bw_mean" : 3335.692903,
        "bw_dev" : 81.009632,
        "bw_samples" : 940,
        "iops_min" : 174,
        "iops_max" : 1088,
        "iops_mean" : 833.895041,
        "iops_stddev" : 20.248396,
        "iops_samples" : 940
      },
      "trim" : {
        "io_bytes" : 0,
        "io_kbytes" : 0,
        "bw_bytes" : 0,
        "bw" : 0,
        "iops" : 0.000000,
        "runtime" : 0,
        "total_ios" : 0,
        "short_ios" : 0,
        "drop_ios" : 0,
        "slat_ns" : {
          "min" : 0,
          "max" : 0,
          "mean" : 0.000000,
          "stddev" : 0.000000,
          "N" : 0
        },
        "clat_ns" : {
          "min" : 0,
          "max" : 0,
          "mean" : 0.000000,
          "stddev" : 0.000000,
          "N" : 0
        },
        "lat_ns" : {
          "min" : 0,
          "max" : 0,
          "mean" : 0.000000,
          "stddev" : 0.000000,
          "N" : 0
        },
        "bw_min" : 0,
        "bw_max" : 0,
        "bw_agg" : 0.000000,
        "bw_mean" : 0.000000,
        "bw_dev" : 0.000000,
        "bw_samples" : 0,
        "iops_min" : 0,
        "iops_max" : 0,
        "iops_mean" : 0.000000,
        "iops_stddev" : 0.000000,
        "iops_samples" : 0
      },
      "sync" : {
        "total_ios" : 0,
        "lat_ns" : {
          "min" : 0,
          "max" : 0,
          "mean" : 0.000000,
          "stddev" : 0.000000,
          "N" : 0
        }
      },
      "job_runtime" : 471733,
      "usr_cpu" : 0.253533,
      "sys_cpu" : 0.418033,
      "ctx" : 158706,
      "majf" : 0,
      "minf" : 333,
      "iodepth_level" : {
        "1" : 0.100000,
        "2" : 0.100000,
        "4" : 0.100000,
        "8" : 0.100000,
        "16" : 0.130241,
        "32" : 0.260483,
        ">=64" : 99.487174
      },
      "iodepth_submit" : {
        "0" : 0.000000,
        "4" : 100.000000,
        "8" : 0.000000,
        "16" : 0.000000,
        "32" : 0.000000,
        "64" : 0.000000,
        ">=64" : 0.000000
      },
      "iodepth_complete" : {
        "0" : 0.000000,
        "4" : 99.991819,
        "8" : 0.000000,
        "16" : 0.000000,
        "32" : 0.000000,
        "64" : 0.100000,
        ">=64" : 0.000000
      },
      "latency_ns" : {
        "2" : 0.000000,
        "4" : 0.000000,
        "10" : 0.000000,
        "20" : 0.000000,
        "50" : 0.000000,
        "100" : 0.000000,
        "250" : 0.000000,
        "500" : 0.000000,
        "750" : 0.000000,
        "1000" : 0.000000
      },
      "latency_us" : {
        "2" : 0.000000,
        "4" : 0.000000,
        "10" : 0.010000,
        "20" : 0.010000,
        "50" : 0.000000,
        "100" : 0.010000,
        "250" : 0.010000,
        "500" : 0.000000,
        "750" : 0.000000,
        "1000" : 0.000000
      },
      "latency_ms" : {
        "2" : 0.010000,
        "4" : 0.010000,
        "10" : 0.000000,
        "20" : 0.015263,
        "50" : 0.060033,
        "100" : 0.080383,
        "250" : 4.581854,
        "500" : 94.730309,
        "750" : 0.060033,
        "1000" : 0.031543,
        "2000" : 0.130241,
        ">=2000" : 0.296096
      },
      "latency_depth" : 64,
      "latency_target" : 0,
      "latency_percentile" : 100.000000,
      "latency_window" : 0
    }
  ]
}
