{
  "fio version" : "fio-3.29-112-gc3773",
  "timestamp" : 1649813445,
  "timestamp_ms" : 1649813445626,
  "time" : "Wed Apr 13 01:30:45 2022",
  "global options" : {
    "size" : "50M",
    "runtime" : "60",
    "rwmixread" : "50",
    "directory" : "/mnt/mfs"
  },
  "jobs" : [
    {
      "jobname" : "iotest",
      "groupid" : 0,
      "error" : 0,
      "eta" : 0,
      "elapsed" : 61,
      "job options" : {
        "rw" : "randrw",
        "bs" : "4k",
        "ioengine" : "libaio",
        "iodepth" : "32",
        "numjobs" : "32",
        "direct" : "1",
        "group_reporting" : "1",
        "invalidate" : "1",
        "loops" : "1",
        "write_bw_log" : "./fio-bench-12-04-2022--23-30-08-rand-mfs/randrw/mfs/randrw50/4k/randrw-iodepth-32-numjobs-32",
        "write_lat_log" : "./fio-bench-12-04-2022--23-30-08-rand-mfs/randrw/mfs/randrw50/4k/randrw-iodepth-32-numjobs-32",
        "write_iops_log" : "./fio-bench-12-04-2022--23-30-08-rand-mfs/randrw/mfs/randrw50/4k/randrw-iodepth-32-numjobs-32",
        "log_avg_msec" : "500"
      },
      "read" : {
        "io_bytes" : 486912000,
        "io_kbytes" : 475500,
        "bw_bytes" : 8112225,
        "bw" : 7922,
        "iops" : 1980.523808,
        "runtime" : 60022,
        "total_ios" : 118875,
        "short_ios" : 0,
        "drop_ios" : 0,
        "slat_ns" : {
          "min" : 1005578,
          "max" : 138993769,
          "mean" : 16026969.964955,
          "stddev" : 15331863.774216,
          "N" : 118875
        },
        "clat_ns" : {
          "min" : 10896,
          "max" : 370421861,
          "mean" : 239716169.754179,
          "stddev" : 27454087.047648,
          "N" : 118875,
          "percentile" : {
            "1.000000" : 170917888,
            "5.000000" : 193986560,
            "10.000000" : 206569472,
            "20.000000" : 219152384,
            "30.000000" : 227540992,
            "40.000000" : 233832448,
            "50.000000" : 242221056,
            "60.000000" : 248512512,
            "70.000000" : 254803968,
            "80.000000" : 263192576,
            "90.000000" : 270532608,
            "95.000000" : 278921216,
            "99.000000" : 295698432,
            "99.500000" : 299892736,
            "99.900000" : 312475648,
            "99.950000" : 316669952,
            "99.990000" : 329252864
          }
        },
        "lat_ns" : {
          "min" : 2378590,
          "max" : 407864351,
          "mean" : 255747171.787314,
          "stddev" : 31451958.341137,
          "N" : 118875
        },
        "bw_min" : 3800,
        "bw_max" : 11272,
        "bw_agg" : 99.569625,
        "bw_mean" : 7888.451401,
        "bw_dev" : 40.987380,
        "bw_samples" : 3835,
        "iops_min" : 944,
        "iops_max" : 2818,
        "iops_mean" : 1972.079412,
        "iops_stddev" : 10.252306,
        "iops_samples" : 3835
      },
      "write" : {
        "io_bytes" : 486510592,
        "io_kbytes" : 475108,
        "bw_bytes" : 8105537,
        "bw" : 7915,
        "iops" : 1978.891073,
        "runtime" : 60022,
        "total_ios" : 118777,
        "short_ios" : 0,
        "drop_ios" : 0,
        "slat_ns" : {
          "min" : 35759,
          "max" : 6103305,
          "mean" : 84138.542420,
          "stddev" : 67604.904196,
          "N" : 118777
        },
        "clat_ns" : {
          "min" : 16693224,
          "max" : 399992865,
          "mean" : 260171608.119282,
          "stddev" : 29382628.597638,
          "N" : 118777,
          "percentile" : {
            "1.000000" : 187695104,
            "5.000000" : 212860928,
            "10.000000" : 223346688,
            "20.000000" : 238026752,
            "30.000000" : 246415360,
            "40.000000" : 254803968,
            "50.000000" : 261095424,
            "60.000000" : 267386880,
            "70.000000" : 274726912,
            "80.000000" : 283115520,
            "90.000000" : 295698432,
            "95.000000" : 304087040,
            "99.000000" : 325058560,
            "99.500000" : 333447168,
            "99.900000" : 350224384,
            "99.950000" : 358612992,
            "99.990000" : 375390208
          }
        },
        "lat_ns" : {
          "min" : 16763344,
          "max" : 400052021,
          "mean" : 260259491.854408,
          "stddev" : 29381662.507296,
          "N" : 118777
        },
        "bw_min" : 3600,
        "bw_max" : 10752,
        "bw_agg" : 99.639148,
        "bw_mean" : 7887.461485,
        "bw_dev" : 33.191253,
        "bw_samples" : 3835,
        "iops_min" : 894,
        "iops_max" : 2688,
        "iops_mean" : 1971.815266,
        "iops_stddev" : 8.303851,
        "iops_samples" : 3835
      },
      "trim" : {
        "io_bytes" : 0,
        "io_kbytes" : 0,
        "bw_bytes" : 0,
        "bw" : 0,
        "iops" : 0.000000,
        "runtime" : 0,
        "total_ios" : 0,
        "short_ios" : 0,
        "drop_ios" : 0,
        "slat_ns" : {
          "min" : 0,
          "max" : 0,
          "mean" : 0.000000,
          "stddev" : 0.000000,
          "N" : 0
        },
        "clat_ns" : {
          "min" : 0,
          "max" : 0,
          "mean" : 0.000000,
          "stddev" : 0.000000,
          "N" : 0
        },
        "lat_ns" : {
          "min" : 0,
          "max" : 0,
          "mean" : 0.000000,
          "stddev" : 0.000000,
          "N" : 0
        },
        "bw_min" : 0,
        "bw_max" : 0,
        "bw_agg" : 0.000000,
        "bw_mean" : 0.000000,
        "bw_dev" : 0.000000,
        "bw_samples" : 0,
        "iops_min" : 0,
        "iops_max" : 0,
        "iops_mean" : 0.000000,
        "iops_stddev" : 0.000000,
        "iops_samples" : 0
      },
      "sync" : {
        "total_ios" : 0,
        "lat_ns" : {
          "min" : 0,
          "max" : 0,
          "mean" : 0.000000,
          "stddev" : 0.000000,
          "N" : 0
        }
      },
      "job_runtime" : 1920358,
      "usr_cpu" : 0.132527,
      "sys_cpu" : 0.284530,
      "ctx" : 426412,
      "majf" : 0,
      "minf" : 1254,
      "iodepth_level" : {
        "1" : 0.100000,
        "2" : 0.100000,
        "4" : 0.100000,
        "8" : 0.107721,
        "16" : 0.215441,
        "32" : 99.582583,
        ">=64" : 0.000000
      },
      "iodepth_submit" : {
        "0" : 0.000000,
        "4" : 100.000000,
        "8" : 0.000000,
        "16" : 0.000000,
        "32" : 0.000000,
        "64" : 0.000000,
        ">=64" : 0.000000
      },
      "iodepth_complete" : {
        "0" : 0.000000,
        "4" : 99.986480,
        "8" : 0.000000,
        "16" : 0.000000,
        "32" : 0.100000,
        "64" : 0.000000,
        ">=64" : 0.000000
      },
      "latency_ns" : {
        "2" : 0.000000,
        "4" : 0.000000,
        "10" : 0.000000,
        "20" : 0.000000,
        "50" : 0.000000,
        "100" : 0.000000,
        "250" : 0.000000,
        "500" : 0.000000,
        "750" : 0.000000,
        "1000" : 0.000000
      },
      "latency_us" : {
        "2" : 0.000000,
        "4" : 0.000000,
        "10" : 0.000000,
        "20" : 0.012623,
        "50" : 0.010000,
        "100" : 0.000000,
        "250" : 0.010000,
        "500" : 0.000000,
        "750" : 0.000000,
        "1000" : 0.000000
      },
      "latency_ms" : {
        "2" : 0.000000,
        "4" : 0.010000,
        "10" : 0.000000,
        "20" : 0.010000,
        "50" : 0.051756,
        "100" : 0.081632,
        "250" : 48.853786,
        "500" : 50.994311,
        "750" : 0.000000,
        "1000" : 0.000000,
        "2000" : 0.000000,
        ">=2000" : 0.000000
      },
      "latency_depth" : 32,
      "latency_target" : 0,
      "latency_percentile" : 100.000000,
      "latency_window" : 0
    }
  ]
}
