{
  "fio version" : "fio-3.29-112-gc3773",
  "timestamp" : 1649811818,
  "timestamp_ms" : 1649811818256,
  "time" : "Wed Apr 13 01:03:38 2022",
  "global options" : {
    "size" : "50M",
    "runtime" : "60",
    "rwmixread" : "50",
    "directory" : "/mnt/mfs"
  },
  "jobs" : [
    {
      "jobname" : "iotest",
      "groupid" : 0,
      "error" : 0,
      "eta" : 0,
      "elapsed" : 61,
      "job options" : {
        "rw" : "randrw",
        "bs" : "4k",
        "ioengine" : "libaio",
        "iodepth" : "2",
        "numjobs" : "64",
        "direct" : "1",
        "group_reporting" : "1",
        "invalidate" : "1",
        "loops" : "1",
        "write_bw_log" : "./fio-bench-12-04-2022--23-30-08-rand-mfs/randrw/mfs/randrw50/4k/randrw-iodepth-2-numjobs-64",
        "write_lat_log" : "./fio-bench-12-04-2022--23-30-08-rand-mfs/randrw/mfs/randrw50/4k/randrw-iodepth-2-numjobs-64",
        "write_iops_log" : "./fio-bench-12-04-2022--23-30-08-rand-mfs/randrw/mfs/randrw50/4k/randrw-iodepth-2-numjobs-64",
        "log_avg_msec" : "500"
      },
      "read" : {
        "io_bytes" : 509136896,
        "io_kbytes" : 497204,
        "bw_bytes" : 8476714,
        "bw" : 8278,
        "iops" : 2069.510347,
        "runtime" : 60063,
        "total_ios" : 124301,
        "short_ios" : 0,
        "drop_ios" : 0,
        "slat_ns" : {
          "min" : 1001317,
          "max" : 836227251,
          "mean" : 30747362.600936,
          "stddev" : 36392530.873059,
          "N" : 124301
        },
        "clat_ns" : {
          "min" : 9918,
          "max" : 223591871,
          "mean" : 2849317.605707,
          "stddev" : 4214411.609825,
          "N" : 124301,
          "percentile" : {
            "1.000000" : 63232,
            "5.000000" : 82432,
            "10.000000" : 85504,
            "20.000000" : 89600,
            "30.000000" : 95744,
            "40.000000" : 124416,
            "50.000000" : 1335296,
            "60.000000" : 3915776,
            "70.000000" : 4751360,
            "80.000000" : 5537792,
            "90.000000" : 6782976,
            "95.000000" : 7962624,
            "99.000000" : 10682368,
            "99.500000" : 11993088,
            "99.900000" : 22151168,
            "99.950000" : 90701824,
            "99.990000" : 137363456
          }
        },
        "lat_ns" : {
          "min" : 1088479,
          "max" : 888999502,
          "mean" : 33600850.217834,
          "stddev" : 37210087.926978,
          "N" : 124301
        },
        "bw_min" : 2074,
        "bw_max" : 14630,
        "bw_agg" : 100.000000,
        "bw_mean" : 8289.378833,
        "bw_dev" : 38.789422,
        "bw_samples" : 7593,
        "iops_min" : 490,
        "iops_max" : 3639,
        "iops_mean" : 2053.681636,
        "iops_stddev" : 9.726498,
        "iops_samples" : 7593
      },
      "write" : {
        "io_bytes" : 507338752,
        "io_kbytes" : 495448,
        "bw_bytes" : 8446776,
        "bw" : 8248,
        "iops" : 2062.201355,
        "runtime" : 60063,
        "total_ios" : 123862,
        "short_ios" : 0,
        "drop_ios" : 0,
        "slat_ns" : {
          "min" : 35619,
          "max" : 8166698,
          "mean" : 92095.568883,
          "stddev" : 135857.885920,
          "N" : 123862
        },
        "clat_ns" : {
          "min" : 47143,
          "max" : 836246876,
          "mean" : 28133416.317176,
          "stddev" : 38234745.215300,
          "N" : 123862,
          "percentile" : {
            "1.000000" : 51456,
            "5.000000" : 57088,
            "10.000000" : 72192,
            "20.000000" : 77312,
            "30.000000" : 96768,
            "40.000000" : 132096,
            "50.000000" : 22675456,
            "60.000000" : 38010880,
            "70.000000" : 43253760,
            "80.000000" : 52690944,
            "90.000000" : 67633152,
            "95.000000" : 82313216,
            "99.000000" : 125304832,
            "99.500000" : 158334976,
            "99.900000" : 455081984,
            "99.950000" : 541065216,
            "99.990000" : 666894336
          }
        },
        "lat_ns" : {
          "min" : 86813,
          "max" : 836322933,
          "mean" : 28229379.024608,
          "stddev" : 38232684.048799,
          "N" : 123862
        },
        "bw_min" : 2561,
        "bw_max" : 12985,
        "bw_agg" : 100.000000,
        "bw_mean" : 8261.717405,
        "bw_dev" : 31.724594,
        "bw_samples" : 7593,
        "iops_min" : 611,
        "iops_max" : 3229,
        "iops_mean" : 2046.704729,
        "iops_stddev" : 7.967358,
        "iops_samples" : 7593
      },
      "trim" : {
        "io_bytes" : 0,
        "io_kbytes" : 0,
        "bw_bytes" : 0,
        "bw" : 0,
        "iops" : 0.000000,
        "runtime" : 0,
        "total_ios" : 0,
        "short_ios" : 0,
        "drop_ios" : 0,
        "slat_ns" : {
          "min" : 0,
          "max" : 0,
          "mean" : 0.000000,
          "stddev" : 0.000000,
          "N" : 0
        },
        "clat_ns" : {
          "min" : 0,
          "max" : 0,
          "mean" : 0.000000,
          "stddev" : 0.000000,
          "N" : 0
        },
        "lat_ns" : {
          "min" : 0,
          "max" : 0,
          "mean" : 0.000000,
          "stddev" : 0.000000,
          "N" : 0
        },
        "bw_min" : 0,
        "bw_max" : 0,
        "bw_agg" : 0.000000,
        "bw_mean" : 0.000000,
        "bw_dev" : 0.000000,
        "bw_samples" : 0,
        "iops_min" : 0,
        "iops_max" : 0,
        "iops_mean" : 0.000000,
        "iops_stddev" : 0.000000,
        "iops_samples" : 0
      },
      "sync" : {
        "total_ios" : 0,
        "lat_ns" : {
          "min" : 0,
          "max" : 0,
          "mean" : 0.000000,
          "stddev" : 0.000000,
          "N" : 0
        }
      },
      "job_runtime" : 3841430,
      "usr_cpu" : 0.066173,
      "sys_cpu" : 0.150647,
      "ctx" : 437332,
      "majf" : 0,
      "minf" : 2739,
      "iodepth_level" : {
        "1" : 0.100000,
        "2" : 99.974210,
        "4" : 0.000000,
        "8" : 0.000000,
        "16" : 0.000000,
        "32" : 0.000000,
        ">=64" : 0.000000
      },
      "iodepth_submit" : {
        "0" : 0.000000,
        "4" : 100.000000,
        "8" : 0.000000,
        "16" : 0.000000,
        "32" : 0.000000,
        "64" : 0.000000,
        ">=64" : 0.000000
      },
      "iodepth_complete" : {
        "0" : 0.000000,
        "4" : 100.000000,
        "8" : 0.000000,
        "16" : 0.000000,
        "32" : 0.000000,
        "64" : 0.000000,
        ">=64" : 0.000000
      },
      "latency_ns" : {
        "2" : 0.000000,
        "4" : 0.000000,
        "10" : 0.000000,
        "20" : 0.000000,
        "50" : 0.000000,
        "100" : 0.000000,
        "250" : 0.000000,
        "500" : 0.000000,
        "750" : 0.000000,
        "1000" : 0.000000
      },
      "latency_us" : {
        "2" : 0.000000,
        "4" : 0.000000,
        "10" : 0.010000,
        "20" : 0.023775,
        "50" : 0.065683,
        "100" : 31.572394,
        "250" : 16.273175,
        "500" : 1.705734,
        "750" : 0.185765,
        "1000" : 0.037475
      },
      "latency_ms" : {
        "2" : 0.379589,
        "4" : 5.196585,
        "10" : 18.784025,
        "20" : 0.735001,
        "50" : 13.742178,
        "100" : 10.084098,
        "250" : 1.060190,
        "500" : 0.120082,
        "750" : 0.032640,
        "1000" : 0.010000,
        "2000" : 0.000000,
        ">=2000" : 0.000000
      },
      "latency_depth" : 2,
      "latency_target" : 0,
      "latency_percentile" : 100.000000,
      "latency_window" : 0
    }
  ]
}
