{
  "fio version" : "fio-3.29-112-gc3773",
  "timestamp" : 1649812059,
  "timestamp_ms" : 1649812059320,
  "time" : "Wed Apr 13 01:07:39 2022",
  "global options" : {
    "size" : "50M",
    "runtime" : "60",
    "rwmixread" : "50",
    "directory" : "/mnt/mfs"
  },
  "jobs" : [
    {
      "jobname" : "iotest",
      "groupid" : 0,
      "error" : 0,
      "eta" : 0,
      "elapsed" : 61,
      "job options" : {
        "rw" : "randrw",
        "bs" : "4k",
        "ioengine" : "libaio",
        "iodepth" : "4",
        "numjobs" : "8",
        "direct" : "1",
        "group_reporting" : "1",
        "invalidate" : "1",
        "loops" : "1",
        "write_bw_log" : "./fio-bench-12-04-2022--23-30-08-rand-mfs/randrw/mfs/randrw50/4k/randrw-iodepth-4-numjobs-8",
        "write_lat_log" : "./fio-bench-12-04-2022--23-30-08-rand-mfs/randrw/mfs/randrw50/4k/randrw-iodepth-4-numjobs-8",
        "write_iops_log" : "./fio-bench-12-04-2022--23-30-08-rand-mfs/randrw/mfs/randrw50/4k/randrw-iodepth-4-numjobs-8",
        "log_avg_msec" : "500"
      },
      "read" : {
        "io_bytes" : 183349248,
        "io_kbytes" : 179052,
        "bw_bytes" : 3054649,
        "bw" : 2983,
        "iops" : 745.764124,
        "runtime" : 60023,
        "total_ios" : 44763,
        "short_ios" : 0,
        "drop_ios" : 0,
        "slat_ns" : {
          "min" : 980225,
          "max" : 1200032633,
          "mean" : 10623136.480866,
          "stddev" : 25062345.518951,
          "N" : 44763
        },
        "clat_ns" : {
          "min" : 12572,
          "max" : 1200210379,
          "mean" : 9657007.892277,
          "stddev" : 23767765.650936,
          "N" : 44763,
          "percentile" : {
            "1.000000" : 226304,
            "5.000000" : 244736,
            "10.000000" : 280576,
            "20.000000" : 1728512,
            "30.000000" : 3063808,
            "40.000000" : 4292608,
            "50.000000" : 9502720,
            "60.000000" : 12386304,
            "70.000000" : 13303808,
            "80.000000" : 14221312,
            "90.000000" : 16908288,
            "95.000000" : 17956864,
            "99.000000" : 29229056,
            "99.500000" : 41156608,
            "99.900000" : 383778816,
            "99.950000" : 534773760,
            "99.990000" : 926941184
          }
        },
        "lat_ns" : {
          "min" : 1229489,
          "max" : 1770380199,
          "mean" : 20283261.325537,
          "stddev" : 40285459.971707,
          "N" : 44763
        },
        "bw_min" : 160,
        "bw_max" : 4562,
        "bw_agg" : 100.000000,
        "bw_mean" : 3044.216337,
        "bw_dev" : 131.350826,
        "bw_samples" : 941,
        "iops_min" : 40,
        "iops_max" : 1140,
        "iops_mean" : 761.004939,
        "iops_stddev" : 32.831334,
        "iops_samples" : 941
      },
      "write" : {
        "io_bytes" : 184508416,
        "io_kbytes" : 180184,
        "bw_bytes" : 3073961,
        "bw" : 3001,
        "iops" : 750.478983,
        "runtime" : 60023,
        "total_ios" : 45046,
        "short_ios" : 0,
        "drop_ios" : 0,
        "slat_ns" : {
          "min" : 35550,
          "max" : 1434962,
          "mean" : 69203.778826,
          "stddev" : 23995.072930,
          "N" : 45046
        },
        "clat_ns" : {
          "min" : 143733,
          "max" : 1324043378,
          "mean" : 22376756.558496,
          "stddev" : 37441509.125626,
          "N" : 45046,
          "percentile" : {
            "1.000000" : 207872,
            "5.000000" : 228352,
            "10.000000" : 268288,
            "20.000000" : 13041664,
            "30.000000" : 15400960,
            "40.000000" : 17956864,
            "50.000000" : 19791872,
            "60.000000" : 22413312,
            "70.000000" : 24248320,
            "80.000000" : 27918336,
            "90.000000" : 33816576,
            "95.000000" : 40108032,
            "99.000000" : 64749568,
            "99.500000" : 149946368,
            "99.900000" : 641728512,
            "99.950000" : 775946240,
            "99.990000" : 1199570944
          }
        },
        "lat_ns" : {
          "min" : 194299,
          "max" : 1324114407,
          "mean" : 22449030.936332,
          "stddev" : 37440878.053868,
          "N" : 45046
        },
        "bw_min" : 168,
        "bw_max" : 4305,
        "bw_agg" : 100.000000,
        "bw_mean" : 3052.981684,
        "bw_dev" : 126.586622,
        "bw_samples" : 944,
        "iops_min" : 42,
        "iops_max" : 1076,
        "iops_mean" : 763.236910,
        "iops_stddev" : 31.645678,
        "iops_samples" : 944
      },
      "trim" : {
        "io_bytes" : 0,
        "io_kbytes" : 0,
        "bw_bytes" : 0,
        "bw" : 0,
        "iops" : 0.000000,
        "runtime" : 0,
        "total_ios" : 0,
        "short_ios" : 0,
        "drop_ios" : 0,
        "slat_ns" : {
          "min" : 0,
          "max" : 0,
          "mean" : 0.000000,
          "stddev" : 0.000000,
          "N" : 0
        },
        "clat_ns" : {
          "min" : 0,
          "max" : 0,
          "mean" : 0.000000,
          "stddev" : 0.000000,
          "N" : 0
        },
        "lat_ns" : {
          "min" : 0,
          "max" : 0,
          "mean" : 0.000000,
          "stddev" : 0.000000,
          "N" : 0
        },
        "bw_min" : 0,
        "bw_max" : 0,
        "bw_agg" : 0.000000,
        "bw_mean" : 0.000000,
        "bw_dev" : 0.000000,
        "bw_samples" : 0,
        "iops_min" : 0,
        "iops_max" : 0,
        "iops_mean" : 0.000000,
        "iops_stddev" : 0.000000,
        "iops_samples" : 0
      },
      "sync" : {
        "total_ios" : 0,
        "lat_ns" : {
          "min" : 0,
          "max" : 0,
          "mean" : 0.000000,
          "stddev" : 0.000000,
          "N" : 0
        }
      },
      "job_runtime" : 480054,
      "usr_cpu" : 0.196853,
      "sys_cpu" : 0.404538,
      "ctx" : 144909,
      "majf" : 0,
      "minf" : 330,
      "iodepth_level" : {
        "1" : 0.100000,
        "2" : 0.100000,
        "4" : 99.973277,
        "8" : 0.000000,
        "16" : 0.000000,
        "32" : 0.000000,
        ">=64" : 0.000000
      },
      "iodepth_submit" : {
        "0" : 0.000000,
        "4" : 100.000000,
        "8" : 0.000000,
        "16" : 0.000000,
        "32" : 0.000000,
        "64" : 0.000000,
        ">=64" : 0.000000
      },
      "iodepth_complete" : {
        "0" : 0.000000,
        "4" : 100.000000,
        "8" : 0.000000,
        "16" : 0.000000,
        "32" : 0.000000,
        "64" : 0.000000,
        ">=64" : 0.000000
      },
      "latency_ns" : {
        "2" : 0.000000,
        "4" : 0.000000,
        "10" : 0.000000,
        "20" : 0.000000,
        "50" : 0.000000,
        "100" : 0.000000,
        "250" : 0.000000,
        "500" : 0.000000,
        "750" : 0.000000,
        "1000" : 0.000000
      },
      "latency_us" : {
        "2" : 0.000000,
        "4" : 0.000000,
        "10" : 0.000000,
        "20" : 0.010000,
        "50" : 0.000000,
        "100" : 0.000000,
        "250" : 7.191930,
        "500" : 5.364718,
        "750" : 0.027837,
        "1000" : 0.010000
      },
      "latency_ms" : {
        "2" : 5.138683,
        "4" : 7.314412,
        "10" : 6.578405,
        "20" : 42.789698,
        "50" : 24.349453,
        "100" : 0.742687,
        "250" : 0.205993,
        "500" : 0.164794,
        "750" : 0.077943,
        "1000" : 0.023383,
        "2000" : 0.017816,
        ">=2000" : 0.000000
      },
      "latency_depth" : 4,
      "latency_target" : 0,
      "latency_percentile" : 100.000000,
      "latency_window" : 0
    }
  ]
}
