{
  "fio version" : "fio-3.29-112-gc3773",
  "timestamp" : 1649811999,
  "timestamp_ms" : 1649811999029,
  "time" : "Wed Apr 13 01:06:39 2022",
  "global options" : {
    "size" : "50M",
    "runtime" : "60",
    "rwmixread" : "50",
    "directory" : "/mnt/mfs"
  },
  "jobs" : [
    {
      "jobname" : "iotest",
      "groupid" : 0,
      "error" : 0,
      "eta" : 0,
      "elapsed" : 61,
      "job options" : {
        "rw" : "randrw",
        "bs" : "4k",
        "ioengine" : "libaio",
        "iodepth" : "4",
        "numjobs" : "4",
        "direct" : "1",
        "group_reporting" : "1",
        "invalidate" : "1",
        "loops" : "1",
        "write_bw_log" : "./fio-bench-12-04-2022--23-30-08-rand-mfs/randrw/mfs/randrw50/4k/randrw-iodepth-4-numjobs-4",
        "write_lat_log" : "./fio-bench-12-04-2022--23-30-08-rand-mfs/randrw/mfs/randrw50/4k/randrw-iodepth-4-numjobs-4",
        "write_iops_log" : "./fio-bench-12-04-2022--23-30-08-rand-mfs/randrw/mfs/randrw50/4k/randrw-iodepth-4-numjobs-4",
        "log_avg_msec" : "500"
      },
      "read" : {
        "io_bytes" : 98889728,
        "io_kbytes" : 96572,
        "bw_bytes" : 1647558,
        "bw" : 1608,
        "iops" : 402.235847,
        "runtime" : 60022,
        "total_ios" : 24143,
        "short_ios" : 0,
        "drop_ios" : 0,
        "slat_ns" : {
          "min" : 989513,
          "max" : 817717388,
          "mean" : 9844562.279004,
          "stddev" : 21678471.677483,
          "N" : 24143
        },
        "clat_ns" : {
          "min" : 12990,
          "max" : 906151804,
          "mean" : 8591382.503044,
          "stddev" : 18315928.358807,
          "N" : 24143,
          "percentile" : {
            "1.000000" : 224256,
            "5.000000" : 234496,
            "10.000000" : 257024,
            "20.000000" : 1564672,
            "30.000000" : 2801664,
            "40.000000" : 3981312,
            "50.000000" : 7503872,
            "60.000000" : 11862016,
            "70.000000" : 12779520,
            "80.000000" : 13565952,
            "90.000000" : 16318464,
            "95.000000" : 17170432,
            "99.000000" : 20578304,
            "99.500000" : 32374784,
            "99.900000" : 181403648,
            "99.950000" : 497025024,
            "99.990000" : 801112064
          }
        },
        "lat_ns" : {
          "min" : 1227044,
          "max" : 1374285276,
          "mean" : 18438951.991840,
          "stddev" : 31537320.333713,
          "N" : 24143
        },
        "bw_min" : 192,
        "bw_max" : 2385,
        "bw_agg" : 100.000000,
        "bw_mean" : 1643.899325,
        "bw_dev" : 114.681735,
        "bw_samples" : 469,
        "iops_min" : 48,
        "iops_max" : 596,
        "iops_mean" : 410.942796,
        "iops_stddev" : 28.661286,
        "iops_samples" : 469
      },
      "write" : {
        "io_bytes" : 100540416,
        "io_kbytes" : 98184,
        "bw_bytes" : 1675059,
        "bw" : 1635,
        "iops" : 408.950052,
        "runtime" : 60022,
        "total_ios" : 24546,
        "short_ios" : 0,
        "drop_ios" : 0,
        "slat_ns" : {
          "min" : 37016,
          "max" : 2295688,
          "mean" : 66502.272509,
          "stddev" : 24648.411848,
          "N" : 24546
        },
        "clat_ns" : {
          "min" : 12850,
          "max" : 955251550,
          "mean" : 20890075.067343,
          "stddev" : 31538605.575513,
          "N" : 24546,
          "percentile" : {
            "1.000000" : 205824,
            "5.000000" : 218112,
            "10.000000" : 240640,
            "20.000000" : 12517376,
            "30.000000" : 14745600,
            "40.000000" : 17170432,
            "50.000000" : 18743296,
            "60.000000" : 21626880,
            "70.000000" : 23199744,
            "80.000000" : 26869760,
            "90.000000" : 32112640,
            "95.000000" : 38010880,
            "99.000000" : 57409536,
            "99.500000" : 81264640,
            "99.900000" : 566231040,
            "99.950000" : 759169024,
            "99.990000" : 801112064
          }
        },
        "lat_ns" : {
          "min" : 71517,
          "max" : 955321182,
          "mean" : 20959487.419131,
          "stddev" : 31537655.934241,
          "N" : 24546
        },
        "bw_min" : 176,
        "bw_max" : 2152,
        "bw_agg" : 100.000000,
        "bw_mean" : 1663.141750,
        "bw_dev" : 106.086048,
        "bw_samples" : 471,
        "iops_min" : 44,
        "iops_max" : 538,
        "iops_mean" : 415.779082,
        "iops_stddev" : 26.519772,
        "iops_samples" : 471
      },
      "trim" : {
        "io_bytes" : 0,
        "io_kbytes" : 0,
        "bw_bytes" : 0,
        "bw" : 0,
        "iops" : 0.000000,
        "runtime" : 0,
        "total_ios" : 0,
        "short_ios" : 0,
        "drop_ios" : 0,
        "slat_ns" : {
          "min" : 0,
          "max" : 0,
          "mean" : 0.000000,
          "stddev" : 0.000000,
          "N" : 0
        },
        "clat_ns" : {
          "min" : 0,
          "max" : 0,
          "mean" : 0.000000,
          "stddev" : 0.000000,
          "N" : 0
        },
        "lat_ns" : {
          "min" : 0,
          "max" : 0,
          "mean" : 0.000000,
          "stddev" : 0.000000,
          "N" : 0
        },
        "bw_min" : 0,
        "bw_max" : 0,
        "bw_agg" : 0.000000,
        "bw_mean" : 0.000000,
        "bw_dev" : 0.000000,
        "bw_samples" : 0,
        "iops_min" : 0,
        "iops_max" : 0,
        "iops_mean" : 0.000000,
        "iops_stddev" : 0.000000,
        "iops_samples" : 0
      },
      "sync" : {
        "total_ios" : 0,
        "lat_ns" : {
          "min" : 0,
          "max" : 0,
          "mean" : 0.000000,
          "stddev" : 0.000000,
          "N" : 0
        }
      },
      "job_runtime" : 240032,
      "usr_cpu" : 0.202473,
      "sys_cpu" : 0.450357,
      "ctx" : 75873,
      "majf" : 0,
      "minf" : 154,
      "iodepth_level" : {
        "1" : 0.100000,
        "2" : 0.100000,
        "4" : 99.975354,
        "8" : 0.000000,
        "16" : 0.000000,
        "32" : 0.000000,
        ">=64" : 0.000000
      },
      "iodepth_submit" : {
        "0" : 0.000000,
        "4" : 100.000000,
        "8" : 0.000000,
        "16" : 0.000000,
        "32" : 0.000000,
        "64" : 0.000000,
        ">=64" : 0.000000
      },
      "iodepth_complete" : {
        "0" : 0.000000,
        "4" : 100.000000,
        "8" : 0.000000,
        "16" : 0.000000,
        "32" : 0.000000,
        "64" : 0.000000,
        ">=64" : 0.000000
      },
      "latency_ns" : {
        "2" : 0.000000,
        "4" : 0.000000,
        "10" : 0.000000,
        "20" : 0.000000,
        "50" : 0.000000,
        "100" : 0.000000,
        "250" : 0.000000,
        "500" : 0.000000,
        "750" : 0.000000,
        "1000" : 0.000000
      },
      "latency_us" : {
        "2" : 0.000000,
        "4" : 0.000000,
        "10" : 0.000000,
        "20" : 0.010000,
        "50" : 0.000000,
        "100" : 0.000000,
        "250" : 9.872867,
        "500" : 2.897985,
        "750" : 0.010269,
        "1000" : 0.010000
      },
      "latency_ms" : {
        "2" : 5.839101,
        "4" : 7.716322,
        "10" : 5.789809,
        "20" : 44.135226,
        "50" : 22.812134,
        "100" : 0.642856,
        "250" : 0.092423,
        "500" : 0.078046,
        "750" : 0.063669,
        "1000" : 0.039023,
        "2000" : 0.000000,
        ">=2000" : 0.000000
      },
      "latency_depth" : 4,
      "latency_target" : 0,
      "latency_percentile" : 100.000000,
      "latency_window" : 0
    }
  ]
}
