{
  "fio version" : "fio-3.29-112-gc3773",
  "timestamp" : 1649812843,
  "timestamp_ms" : 1649812843910,
  "time" : "Wed Apr 13 01:20:43 2022",
  "global options" : {
    "size" : "50M",
    "runtime" : "60",
    "rwmixread" : "50",
    "directory" : "/mnt/mfs"
  },
  "jobs" : [
    {
      "jobname" : "iotest",
      "groupid" : 0,
      "error" : 0,
      "eta" : 0,
      "elapsed" : 61,
      "job options" : {
        "rw" : "randrw",
        "bs" : "4k",
        "ioengine" : "libaio",
        "iodepth" : "16",
        "numjobs" : "4",
        "direct" : "1",
        "group_reporting" : "1",
        "invalidate" : "1",
        "loops" : "1",
        "write_bw_log" : "./fio-bench-12-04-2022--23-30-08-rand-mfs/randrw/mfs/randrw50/4k/randrw-iodepth-16-numjobs-4",
        "write_lat_log" : "./fio-bench-12-04-2022--23-30-08-rand-mfs/randrw/mfs/randrw50/4k/randrw-iodepth-16-numjobs-4",
        "write_iops_log" : "./fio-bench-12-04-2022--23-30-08-rand-mfs/randrw/mfs/randrw50/4k/randrw-iodepth-16-numjobs-4",
        "log_avg_msec" : "500"
      },
      "read" : {
        "io_bytes" : 102019072,
        "io_kbytes" : 99628,
        "bw_bytes" : 1699977,
        "bw" : 1660,
        "iops" : 415.033660,
        "runtime" : 60012,
        "total_ios" : 24907,
        "short_ios" : 0,
        "drop_ios" : 0,
        "slat_ns" : {
          "min" : 996777,
          "max" : 1281435417,
          "mean" : 9360162.270647,
          "stddev" : 15596979.107125,
          "N" : 24907
        },
        "clat_ns" : {
          "min" : 9289,
          "max" : 1542664706,
          "mean" : 63693302.466295,
          "stddev" : 44676351.467578,
          "N" : 24907,
          "percentile" : {
            "1.000000" : 29753344,
            "5.000000" : 40632320,
            "10.000000" : 45875200,
            "20.000000" : 51642368,
            "30.000000" : 55836672,
            "40.000000" : 58982400,
            "50.000000" : 62128128,
            "60.000000" : 64749568,
            "70.000000" : 67633152,
            "80.000000" : 70778880,
            "90.000000" : 74973184,
            "95.000000" : 79167488,
            "99.000000" : 95944704,
            "99.500000" : 160432128,
            "99.900000" : 926941184,
            "99.950000" : 1098907648,
            "99.990000" : 1367343104
          }
        },
        "lat_ns" : {
          "min" : 1346543,
          "max" : 1676870808,
          "mean" : 73056480.715381,
          "stddev" : 51750677.835285,
          "N" : 24907
        },
        "bw_min" : 192,
        "bw_max" : 2393,
        "bw_agg" : 100.000000,
        "bw_mean" : 1695.811030,
        "bw_dev" : 98.358497,
        "bw_samples" : 470,
        "iops_min" : 48,
        "iops_max" : 598,
        "iops_mean" : 423.908994,
        "iops_stddev" : 24.586323,
        "iops_samples" : 470
      },
      "write" : {
        "io_bytes" : 103665664,
        "io_kbytes" : 101236,
        "bw_bytes" : 1727415,
        "bw" : 1686,
        "iops" : 421.732320,
        "runtime" : 60012,
        "total_ios" : 25309,
        "short_ios" : 0,
        "drop_ios" : 0,
        "slat_ns" : {
          "min" : 38133,
          "max" : 6727968,
          "mean" : 66971.833893,
          "stddev" : 51112.836605,
          "N" : 25309
        },
        "clat_ns" : {
          "min" : 1245413,
          "max" : 1675516442,
          "mean" : 76859312.507566,
          "stddev" : 59844681.962605,
          "N" : 25309,
          "percentile" : {
            "1.000000" : 40108032,
            "5.000000" : 51118080,
            "10.000000" : 56360960,
            "20.000000" : 62652416,
            "30.000000" : 66846720,
            "40.000000" : 70778880,
            "50.000000" : 73924608,
            "60.000000" : 77070336,
            "70.000000" : 80216064,
            "80.000000" : 84410368,
            "90.000000" : 89653248,
            "95.000000" : 95944704,
            "99.000000" : 126353408,
            "99.500000" : 193986560,
            "99.900000" : 1199570944,
            "99.950000" : 1501560832,
            "99.990000" : 1669332992
          }
        },
        "lat_ns" : {
          "min" : 1319585,
          "max" : 1675575249,
          "mean" : 76929176.993955,
          "stddev" : 59843949.187476,
          "N" : 25309
        },
        "bw_min" : 216,
        "bw_max" : 2216,
        "bw_agg" : 100.000000,
        "bw_mean" : 1722.825352,
        "bw_dev" : 87.590448,
        "bw_samples" : 470,
        "iops_min" : 54,
        "iops_max" : 554,
        "iops_mean" : 430.704255,
        "iops_stddev" : 21.897104,
        "iops_samples" : 470
      },
      "trim" : {
        "io_bytes" : 0,
        "io_kbytes" : 0,
        "bw_bytes" : 0,
        "bw" : 0,
        "iops" : 0.000000,
        "runtime" : 0,
        "total_ios" : 0,
        "short_ios" : 0,
        "drop_ios" : 0,
        "slat_ns" : {
          "min" : 0,
          "max" : 0,
          "mean" : 0.000000,
          "stddev" : 0.000000,
          "N" : 0
        },
        "clat_ns" : {
          "min" : 0,
          "max" : 0,
          "mean" : 0.000000,
          "stddev" : 0.000000,
          "N" : 0
        },
        "lat_ns" : {
          "min" : 0,
          "max" : 0,
          "mean" : 0.000000,
          "stddev" : 0.000000,
          "N" : 0
        },
        "bw_min" : 0,
        "bw_max" : 0,
        "bw_agg" : 0.000000,
        "bw_mean" : 0.000000,
        "bw_dev" : 0.000000,
        "bw_samples" : 0,
        "iops_min" : 0,
        "iops_max" : 0,
        "iops_mean" : 0.000000,
        "iops_stddev" : 0.000000,
        "iops_samples" : 0
      },
      "sync" : {
        "total_ios" : 0,
        "lat_ns" : {
          "min" : 0,
          "max" : 0,
          "mean" : 0.000000,
          "stddev" : 0.000000,
          "N" : 0
        }
      },
      "job_runtime" : 235566,
      "usr_cpu" : 0.236876,
      "sys_cpu" : 0.445735,
      "ctx" : 78016,
      "majf" : 0,
      "minf" : 163,
      "iodepth_level" : {
        "1" : 0.100000,
        "2" : 0.100000,
        "4" : 0.100000,
        "8" : 0.100000,
        "16" : 99.880516,
        "32" : 0.000000,
        ">=64" : 0.000000
      },
      "iodepth_submit" : {
        "0" : 0.000000,
        "4" : 100.000000,
        "8" : 0.000000,
        "16" : 0.000000,
        "32" : 0.000000,
        "64" : 0.000000,
        ">=64" : 0.000000
      },
      "iodepth_complete" : {
        "0" : 0.000000,
        "4" : 99.992026,
        "8" : 0.000000,
        "16" : 0.100000,
        "32" : 0.000000,
        "64" : 0.000000,
        ">=64" : 0.000000
      },
      "latency_ns" : {
        "2" : 0.000000,
        "4" : 0.000000,
        "10" : 0.000000,
        "20" : 0.000000,
        "50" : 0.000000,
        "100" : 0.000000,
        "250" : 0.000000,
        "500" : 0.000000,
        "750" : 0.000000,
        "1000" : 0.000000
      },
      "latency_us" : {
        "2" : 0.000000,
        "4" : 0.000000,
        "10" : 0.010000,
        "20" : 0.010000,
        "50" : 0.000000,
        "100" : 0.000000,
        "250" : 0.000000,
        "500" : 0.000000,
        "750" : 0.000000,
        "1000" : 0.000000
      },
      "latency_ms" : {
        "2" : 0.010000,
        "4" : 0.010000,
        "10" : 0.027880,
        "20" : 0.089613,
        "50" : 10.092401,
        "100" : 87.707105,
        "250" : 1.720567,
        "500" : 0.107535,
        "750" : 0.045802,
        "1000" : 0.059742,
        "2000" : 0.127449,
        ">=2000" : 0.000000
      },
      "latency_depth" : 16,
      "latency_target" : 0,
      "latency_percentile" : 100.000000,
      "latency_window" : 0
    }
  ]
}
