{
  "fio version" : "fio-3.29-112-gc3773",
  "timestamp" : 1649811395,
  "timestamp_ms" : 1649811395896,
  "time" : "Wed Apr 13 00:56:35 2022",
  "global options" : {
    "size" : "50M",
    "runtime" : "60",
    "rwmixread" : "50",
    "directory" : "/mnt/mfs"
  },
  "jobs" : [
    {
      "jobname" : "iotest",
      "groupid" : 0,
      "error" : 0,
      "eta" : 0,
      "elapsed" : 61,
      "job options" : {
        "rw" : "randrw",
        "bs" : "4k",
        "ioengine" : "libaio",
        "iodepth" : "1",
        "numjobs" : "64",
        "direct" : "1",
        "group_reporting" : "1",
        "invalidate" : "1",
        "loops" : "1",
        "write_bw_log" : "./fio-bench-12-04-2022--23-30-08-rand-mfs/randrw/mfs/randrw50/4k/randrw-iodepth-1-numjobs-64",
        "write_lat_log" : "./fio-bench-12-04-2022--23-30-08-rand-mfs/randrw/mfs/randrw50/4k/randrw-iodepth-1-numjobs-64",
        "write_iops_log" : "./fio-bench-12-04-2022--23-30-08-rand-mfs/randrw/mfs/randrw50/4k/randrw-iodepth-1-numjobs-64",
        "log_avg_msec" : "500"
      },
      "read" : {
        "io_bytes" : 484589568,
        "io_kbytes" : 473232,
        "bw_bytes" : 8070305,
        "bw" : 7881,
        "iops" : 1970.289445,
        "runtime" : 60046,
        "total_ios" : 118308,
        "short_ios" : 0,
        "drop_ios" : 0,
        "slat_ns" : {
          "min" : 990141,
          "max" : 2102827632,
          "mean" : 32309503.693689,
          "stddev" : 53010891.120970,
          "N" : 118308
        },
        "clat_ns" : {
          "min" : 1466,
          "max" : 619842,
          "mean" : 3741.496230,
          "stddev" : 7084.108383,
          "N" : 118308,
          "percentile" : {
            "1.000000" : 2024,
            "5.000000" : 2576,
            "10.000000" : 2736,
            "20.000000" : 2864,
            "30.000000" : 2928,
            "40.000000" : 2992,
            "50.000000" : 3088,
            "60.000000" : 3344,
            "70.000000" : 3504,
            "80.000000" : 3632,
            "90.000000" : 3760,
            "95.000000" : 3920,
            "99.000000" : 23424,
            "99.500000" : 31616,
            "99.900000" : 96768,
            "99.950000" : 132096,
            "99.990000" : 276480
          }
        },
        "lat_ns" : {
          "min" : 995868,
          "max" : 2102836013,
          "mean" : 32317440.110889,
          "stddev" : 53011345.168040,
          "N" : 118308
        },
        "bw_min" : 558,
        "bw_max" : 17358,
        "bw_agg" : 100.000000,
        "bw_mean" : 7986.265861,
        "bw_dev" : 53.769554,
        "bw_samples" : 7554,
        "iops_min" : 138,
        "iops_max" : 4338,
        "iops_mean" : 1993.381152,
        "iops_stddev" : 13.439860,
        "iops_samples" : 7554
      },
      "write" : {
        "io_bytes" : 483475456,
        "io_kbytes" : 472144,
        "bw_bytes" : 8051751,
        "bw" : 7863,
        "iops" : 1965.759584,
        "runtime" : 60046,
        "total_ios" : 118036,
        "short_ios" : 0,
        "drop_ios" : 0,
        "slat_ns" : {
          "min" : 35549,
          "max" : 9578324,
          "mean" : 91423.226694,
          "stddev" : 153101.276445,
          "N" : 118036
        },
        "clat_ns" : {
          "min" : 1396,
          "max" : 1090084,
          "mean" : 3677.575435,
          "stddev" : 12562.107441,
          "N" : 118036,
          "percentile" : {
            "1.000000" : 1816,
            "5.000000" : 1880,
            "10.000000" : 1960,
            "20.000000" : 2384,
            "30.000000" : 2640,
            "40.000000" : 2640,
            "50.000000" : 2736,
            "60.000000" : 2736,
            "70.000000" : 2800,
            "80.000000" : 2864,
            "90.000000" : 2928,
            "95.000000" : 2992,
            "99.000000" : 30848,
            "99.500000" : 59648,
            "99.900000" : 183296,
            "99.950000" : 242688,
            "99.990000" : 448512
          }
        },
        "lat_ns" : {
          "min" : 39670,
          "max" : 9584889,
          "mean" : 98927.690315,
          "stddev" : 154408.798077,
          "N" : 118036
        },
        "bw_min" : 629,
        "bw_max" : 16326,
        "bw_agg" : 100.000000,
        "bw_mean" : 7977.128800,
        "bw_dev" : 49.354728,
        "bw_samples" : 7550,
        "iops_min" : 155,
        "iops_max" : 4080,
        "iops_mean" : 1991.078240,
        "iops_stddev" : 12.336860,
        "iops_samples" : 7550
      },
      "trim" : {
        "io_bytes" : 0,
        "io_kbytes" : 0,
        "bw_bytes" : 0,
        "bw" : 0,
        "iops" : 0.000000,
        "runtime" : 0,
        "total_ios" : 0,
        "short_ios" : 0,
        "drop_ios" : 0,
        "slat_ns" : {
          "min" : 0,
          "max" : 0,
          "mean" : 0.000000,
          "stddev" : 0.000000,
          "N" : 0
        },
        "clat_ns" : {
          "min" : 0,
          "max" : 0,
          "mean" : 0.000000,
          "stddev" : 0.000000,
          "N" : 0
        },
        "lat_ns" : {
          "min" : 0,
          "max" : 0,
          "mean" : 0.000000,
          "stddev" : 0.000000,
          "N" : 0
        },
        "bw_min" : 0,
        "bw_max" : 0,
        "bw_agg" : 0.000000,
        "bw_mean" : 0.000000,
        "bw_dev" : 0.000000,
        "bw_samples" : 0,
        "iops_min" : 0,
        "iops_max" : 0,
        "iops_mean" : 0.000000,
        "iops_stddev" : 0.000000,
        "iops_samples" : 0
      },
      "sync" : {
        "total_ios" : 0,
        "lat_ns" : {
          "min" : 0,
          "max" : 0,
          "mean" : 0.000000,
          "stddev" : 0.000000,
          "N" : 0
        }
      },
      "job_runtime" : 3841242,
      "usr_cpu" : 0.063183,
      "sys_cpu" : 0.141361,
      "ctx" : 415876,
      "majf" : 0,
      "minf" : 2602,
      "iodepth_level" : {
        "1" : 100.000000,
        "2" : 0.000000,
        "4" : 0.000000,
        "8" : 0.000000,
        "16" : 0.000000,
        "32" : 0.000000,
        ">=64" : 0.000000
      },
      "iodepth_submit" : {
        "0" : 0.000000,
        "4" : 100.000000,
        "8" : 0.000000,
        "16" : 0.000000,
        "32" : 0.000000,
        "64" : 0.000000,
        ">=64" : 0.000000
      },
      "iodepth_complete" : {
        "0" : 0.000000,
        "4" : 100.000000,
        "8" : 0.000000,
        "16" : 0.000000,
        "32" : 0.000000,
        "64" : 0.000000,
        ">=64" : 0.000000
      },
      "latency_ns" : {
        "2" : 0.000000,
        "4" : 0.000000,
        "10" : 0.000000,
        "20" : 0.000000,
        "50" : 0.000000,
        "100" : 0.000000,
        "250" : 0.000000,
        "500" : 0.000000,
        "750" : 0.000000,
        "1000" : 0.000000
      },
      "latency_us" : {
        "2" : 7.078665,
        "4" : 90.427512,
        "10" : 0.762871,
        "20" : 0.335951,
        "50" : 0.936347,
        "100" : 0.280946,
        "250" : 0.151051,
        "500" : 0.023271,
        "750" : 0.010000,
        "1000" : 0.010000
      },
      "latency_ms" : {
        "2" : 0.010000,
        "4" : 0.000000,
        "10" : 0.000000,
        "20" : 0.000000,
        "50" : 0.000000,
        "100" : 0.000000,
        "250" : 0.000000,
        "500" : 0.000000,
        "750" : 0.000000,
        "1000" : 0.000000,
        "2000" : 0.000000,
        ">=2000" : 0.000000
      },
      "latency_depth" : 1,
      "latency_target" : 0,
      "latency_percentile" : 100.000000,
      "latency_window" : 0
    }
  ]
}
