{
  "fio version" : "fio-3.29-112-gc3773",
  "timestamp" : 1649806922,
  "timestamp_ms" : 1649806922175,
  "time" : "Tue Apr 12 23:42:02 2022",
  "global options" : {
    "size" : "50M",
    "runtime" : "60",
    "directory" : "/mnt/mfs"
  },
  "jobs" : [
    {
      "jobname" : "iotest",
      "groupid" : 0,
      "error" : 0,
      "eta" : 0,
      "elapsed" : 18,
      "job options" : {
        "rw" : "randread",
        "bs" : "4k",
        "ioengine" : "libaio",
        "iodepth" : "2",
        "numjobs" : "1",
        "direct" : "1",
        "group_reporting" : "1",
        "invalidate" : "1",
        "loops" : "1",
        "write_bw_log" : "./fio-bench-12-04-2022--23-30-08-rand-mfs/randread/mfs/4k/randread-iodepth-2-numjobs-1",
        "write_lat_log" : "./fio-bench-12-04-2022--23-30-08-rand-mfs/randread/mfs/4k/randread-iodepth-2-numjobs-1",
        "write_iops_log" : "./fio-bench-12-04-2022--23-30-08-rand-mfs/randread/mfs/4k/randread-iodepth-2-numjobs-1",
        "log_avg_msec" : "500"
      },
      "read" : {
        "io_bytes" : 52428800,
        "io_kbytes" : 51200,
        "bw_bytes" : 2972491,
        "bw" : 2902,
        "iops" : 725.705862,
        "runtime" : 17638,
        "total_ios" : 12800,
        "short_ios" : 0,
        "drop_ios" : 0,
        "slat_ns" : {
          "min" : 1021570,
          "max" : 12665807,
          "mean" : 1364091.338359,
          "stddev" : 167779.228465,
          "N" : 12800
        },
        "clat_ns" : {
          "min" : 8660,
          "max" : 12688646,
          "mean" : 1380499.562500,
          "stddev" : 168300.628170,
          "N" : 12800,
          "percentile" : {
            "1.000000" : 1155072,
            "5.000000" : 1204224,
            "10.000000" : 1253376,
            "20.000000" : 1335296,
            "30.000000" : 1368064,
            "40.000000" : 1384448,
            "50.000000" : 1384448,
            "60.000000" : 1400832,
            "70.000000" : 1417216,
            "80.000000" : 1433600,
            "90.000000" : 1466368,
            "95.000000" : 1482752,
            "99.000000" : 1531904,
            "99.500000" : 1548288,
            "99.900000" : 1761280,
            "99.950000" : 1990656,
            "99.990000" : 11206656
          }
        },
        "lat_ns" : {
          "min" : 1169634,
          "max" : 14189746,
          "mean" : 2747433.907344,
          "stddev" : 251026.308172,
          "N" : 12800
        },
        "bw_min" : 2808,
        "bw_max" : 2944,
        "bw_agg" : 100.000000,
        "bw_mean" : 2903.514286,
        "bw_dev" : 36.578177,
        "bw_samples" : 35,
        "iops_min" : 702,
        "iops_max" : 736,
        "iops_mean" : 725.857143,
        "iops_stddev" : 9.136684,
        "iops_samples" : 35
      },
      "write" : {
        "io_bytes" : 0,
        "io_kbytes" : 0,
        "bw_bytes" : 0,
        "bw" : 0,
        "iops" : 0.000000,
        "runtime" : 0,
        "total_ios" : 0,
        "short_ios" : 0,
        "drop_ios" : 0,
        "slat_ns" : {
          "min" : 0,
          "max" : 0,
          "mean" : 0.000000,
          "stddev" : 0.000000,
          "N" : 0
        },
        "clat_ns" : {
          "min" : 0,
          "max" : 0,
          "mean" : 0.000000,
          "stddev" : 0.000000,
          "N" : 0
        },
        "lat_ns" : {
          "min" : 0,
          "max" : 0,
          "mean" : 0.000000,
          "stddev" : 0.000000,
          "N" : 0
        },
        "bw_min" : 0,
        "bw_max" : 0,
        "bw_agg" : 0.000000,
        "bw_mean" : 0.000000,
        "bw_dev" : 0.000000,
        "bw_samples" : 0,
        "iops_min" : 0,
        "iops_max" : 0,
        "iops_mean" : 0.000000,
        "iops_stddev" : 0.000000,
        "iops_samples" : 0
      },
      "trim" : {
        "io_bytes" : 0,
        "io_kbytes" : 0,
        "bw_bytes" : 0,
        "bw" : 0,
        "iops" : 0.000000,
        "runtime" : 0,
        "total_ios" : 0,
        "short_ios" : 0,
        "drop_ios" : 0,
        "slat_ns" : {
          "min" : 0,
          "max" : 0,
          "mean" : 0.000000,
          "stddev" : 0.000000,
          "N" : 0
        },
        "clat_ns" : {
          "min" : 0,
          "max" : 0,
          "mean" : 0.000000,
          "stddev" : 0.000000,
          "N" : 0
        },
        "lat_ns" : {
          "min" : 0,
          "max" : 0,
          "mean" : 0.000000,
          "stddev" : 0.000000,
          "N" : 0
        },
        "bw_min" : 0,
        "bw_max" : 0,
        "bw_agg" : 0.000000,
        "bw_mean" : 0.000000,
        "bw_dev" : 0.000000,
        "bw_samples" : 0,
        "iops_min" : 0,
        "iops_max" : 0,
        "iops_mean" : 0.000000,
        "iops_stddev" : 0.000000,
        "iops_samples" : 0
      },
      "sync" : {
        "total_ios" : 0,
        "lat_ns" : {
          "min" : 0,
          "max" : 0,
          "mean" : 0.000000,
          "stddev" : 0.000000,
          "N" : 0
        }
      },
      "job_runtime" : 17637,
      "usr_cpu" : 0.827805,
      "sys_cpu" : 1.241708,
      "ctx" : 12839,
      "majf" : 0,
      "minf" : 39,
      "iodepth_level" : {
        "1" : 0.100000,
        "2" : 99.992188,
        "4" : 0.000000,
        "8" : 0.000000,
        "16" : 0.000000,
        "32" : 0.000000,
        ">=64" : 0.000000
      },
      "iodepth_submit" : {
        "0" : 0.000000,
        "4" : 100.000000,
        "8" : 0.000000,
        "16" : 0.000000,
        "32" : 0.000000,
        "64" : 0.000000,
        ">=64" : 0.000000
      },
      "iodepth_complete" : {
        "0" : 0.000000,
        "4" : 100.000000,
        "8" : 0.000000,
        "16" : 0.000000,
        "32" : 0.000000,
        "64" : 0.000000,
        ">=64" : 0.000000
      },
      "latency_ns" : {
        "2" : 0.000000,
        "4" : 0.000000,
        "10" : 0.000000,
        "20" : 0.000000,
        "50" : 0.000000,
        "100" : 0.000000,
        "250" : 0.000000,
        "500" : 0.000000,
        "750" : 0.000000,
        "1000" : 0.000000
      },
      "latency_us" : {
        "2" : 0.000000,
        "4" : 0.000000,
        "10" : 0.010000,
        "20" : 0.000000,
        "50" : 0.000000,
        "100" : 0.000000,
        "250" : 0.000000,
        "500" : 0.000000,
        "750" : 0.000000,
        "1000" : 0.000000
      },
      "latency_ms" : {
        "2" : 99.945312,
        "4" : 0.015625,
        "10" : 0.015625,
        "20" : 0.015625,
        "50" : 0.000000,
        "100" : 0.000000,
        "250" : 0.000000,
        "500" : 0.000000,
        "750" : 0.000000,
        "1000" : 0.000000,
        "2000" : 0.000000,
        ">=2000" : 0.000000
      },
      "latency_depth" : 2,
      "latency_target" : 0,
      "latency_percentile" : 100.000000,
      "latency_window" : 0
    }
  ]
}
