{
  "fio version" : "fio-3.29-112-gc3773",
  "timestamp" : 1649806944,
  "timestamp_ms" : 1649806944701,
  "time" : "Tue Apr 12 23:42:24 2022",
  "global options" : {
    "size" : "50M",
    "runtime" : "60",
    "directory" : "/mnt/mfs"
  },
  "jobs" : [
    {
      "jobname" : "iotest",
      "groupid" : 0,
      "error" : 0,
      "eta" : 0,
      "elapsed" : 23,
      "job options" : {
        "rw" : "randread",
        "bs" : "4k",
        "ioengine" : "libaio",
        "iodepth" : "2",
        "numjobs" : "2",
        "direct" : "1",
        "group_reporting" : "1",
        "invalidate" : "1",
        "loops" : "1",
        "write_bw_log" : "./fio-bench-12-04-2022--23-30-08-rand-mfs/randread/mfs/4k/randread-iodepth-2-numjobs-2",
        "write_lat_log" : "./fio-bench-12-04-2022--23-30-08-rand-mfs/randread/mfs/4k/randread-iodepth-2-numjobs-2",
        "write_iops_log" : "./fio-bench-12-04-2022--23-30-08-rand-mfs/randread/mfs/4k/randread-iodepth-2-numjobs-2",
        "log_avg_msec" : "500"
      },
      "read" : {
        "io_bytes" : 104857600,
        "io_kbytes" : 102400,
        "bw_bytes" : 4704455,
        "bw" : 4594,
        "iops" : 1148.548611,
        "runtime" : 22289,
        "total_ios" : 25600,
        "short_ios" : 0,
        "drop_ios" : 0,
        "slat_ns" : {
          "min" : 998942,
          "max" : 1051425661,
          "mean" : 1615086.064336,
          "stddev" : 9746883.820890,
          "N" : 25600
        },
        "clat_ns" : {
          "min" : 8451,
          "max" : 1051447103,
          "mean" : 1631755.136289,
          "stddev" : 9746939.949583,
          "N" : 25600,
          "percentile" : {
            "1.000000" : 1155072,
            "5.000000" : 1220608,
            "10.000000" : 1286144,
            "20.000000" : 1335296,
            "30.000000" : 1368064,
            "40.000000" : 1384448,
            "50.000000" : 1400832,
            "60.000000" : 1417216,
            "70.000000" : 1433600,
            "80.000000" : 1466368,
            "90.000000" : 1564672,
            "95.000000" : 1679360,
            "99.000000" : 5668864,
            "99.500000" : 5996544,
            "99.900000" : 6258688,
            "99.950000" : 6389760,
            "99.990000" : 337641472
          }
        },
        "lat_ns" : {
          "min" : 1379857,
          "max" : 1053955667,
          "mean" : 3249731.497266,
          "stddev" : 13843180.000953,
          "N" : 25600
        },
        "bw_min" : 1296,
        "bw_max" : 5888,
        "bw_agg" : 100.000000,
        "bw_mean" : 5045.604023,
        "bw_dev" : 732.609137,
        "bw_samples" : 80,
        "iops_min" : 324,
        "iops_max" : 1472,
        "iops_mean" : 1261.338152,
        "iops_stddev" : 183.147007,
        "iops_samples" : 80
      },
      "write" : {
        "io_bytes" : 0,
        "io_kbytes" : 0,
        "bw_bytes" : 0,
        "bw" : 0,
        "iops" : 0.000000,
        "runtime" : 0,
        "total_ios" : 0,
        "short_ios" : 0,
        "drop_ios" : 0,
        "slat_ns" : {
          "min" : 0,
          "max" : 0,
          "mean" : 0.000000,
          "stddev" : 0.000000,
          "N" : 0
        },
        "clat_ns" : {
          "min" : 0,
          "max" : 0,
          "mean" : 0.000000,
          "stddev" : 0.000000,
          "N" : 0
        },
        "lat_ns" : {
          "min" : 0,
          "max" : 0,
          "mean" : 0.000000,
          "stddev" : 0.000000,
          "N" : 0
        },
        "bw_min" : 0,
        "bw_max" : 0,
        "bw_agg" : 0.000000,
        "bw_mean" : 0.000000,
        "bw_dev" : 0.000000,
        "bw_samples" : 0,
        "iops_min" : 0,
        "iops_max" : 0,
        "iops_mean" : 0.000000,
        "iops_stddev" : 0.000000,
        "iops_samples" : 0
      },
      "trim" : {
        "io_bytes" : 0,
        "io_kbytes" : 0,
        "bw_bytes" : 0,
        "bw" : 0,
        "iops" : 0.000000,
        "runtime" : 0,
        "total_ios" : 0,
        "short_ios" : 0,
        "drop_ios" : 0,
        "slat_ns" : {
          "min" : 0,
          "max" : 0,
          "mean" : 0.000000,
          "stddev" : 0.000000,
          "N" : 0
        },
        "clat_ns" : {
          "min" : 0,
          "max" : 0,
          "mean" : 0.000000,
          "stddev" : 0.000000,
          "N" : 0
        },
        "lat_ns" : {
          "min" : 0,
          "max" : 0,
          "mean" : 0.000000,
          "stddev" : 0.000000,
          "N" : 0
        },
        "bw_min" : 0,
        "bw_max" : 0,
        "bw_agg" : 0.000000,
        "bw_mean" : 0.000000,
        "bw_dev" : 0.000000,
        "bw_samples" : 0,
        "iops_min" : 0,
        "iops_max" : 0,
        "iops_mean" : 0.000000,
        "iops_stddev" : 0.000000,
        "iops_samples" : 0
      },
      "sync" : {
        "total_ios" : 0,
        "lat_ns" : {
          "min" : 0,
          "max" : 0,
          "mean" : 0.000000,
          "stddev" : 0.000000,
          "N" : 0
        }
      },
      "job_runtime" : 41707,
      "usr_cpu" : 0.582636,
      "sys_cpu" : 1.165272,
      "ctx" : 27128,
      "majf" : 0,
      "minf" : 80,
      "iodepth_level" : {
        "1" : 0.100000,
        "2" : 99.992188,
        "4" : 0.000000,
        "8" : 0.000000,
        "16" : 0.000000,
        "32" : 0.000000,
        ">=64" : 0.000000
      },
      "iodepth_submit" : {
        "0" : 0.000000,
        "4" : 100.000000,
        "8" : 0.000000,
        "16" : 0.000000,
        "32" : 0.000000,
        "64" : 0.000000,
        ">=64" : 0.000000
      },
      "iodepth_complete" : {
        "0" : 0.000000,
        "4" : 100.000000,
        "8" : 0.000000,
        "16" : 0.000000,
        "32" : 0.000000,
        "64" : 0.000000,
        ">=64" : 0.000000
      },
      "latency_ns" : {
        "2" : 0.000000,
        "4" : 0.000000,
        "10" : 0.000000,
        "20" : 0.000000,
        "50" : 0.000000,
        "100" : 0.000000,
        "250" : 0.000000,
        "500" : 0.000000,
        "750" : 0.000000,
        "1000" : 0.000000
      },
      "latency_us" : {
        "2" : 0.000000,
        "4" : 0.000000,
        "10" : 0.010000,
        "20" : 0.000000,
        "50" : 0.000000,
        "100" : 0.000000,
        "250" : 0.000000,
        "500" : 0.000000,
        "750" : 0.000000,
        "1000" : 0.000000
      },
      "latency_ms" : {
        "2" : 96.425781,
        "4" : 0.789062,
        "10" : 2.753906,
        "20" : 0.010000,
        "50" : 0.000000,
        "100" : 0.000000,
        "250" : 0.000000,
        "500" : 0.010000,
        "750" : 0.000000,
        "1000" : 0.000000,
        "2000" : 0.010000,
        ">=2000" : 0.000000
      },
      "latency_depth" : 2,
      "latency_target" : 0,
      "latency_percentile" : 100.000000,
      "latency_window" : 0
    }
  ]
}
