{
  "fio version" : "fio-3.29-112-gc3773",
  "timestamp" : 1649808236,
  "timestamp_ms" : 1649808236567,
  "time" : "Wed Apr 13 00:03:56 2022",
  "global options" : {
    "size" : "50M",
    "runtime" : "60",
    "directory" : "/mnt/mfs"
  },
  "jobs" : [
    {
      "jobname" : "iotest",
      "groupid" : 0,
      "error" : 0,
      "eta" : 0,
      "elapsed" : 61,
      "job options" : {
        "rw" : "randread",
        "bs" : "4k",
        "ioengine" : "libaio",
        "iodepth" : "32",
        "numjobs" : "32",
        "direct" : "1",
        "group_reporting" : "1",
        "invalidate" : "1",
        "loops" : "1",
        "write_bw_log" : "./fio-bench-12-04-2022--23-30-08-rand-mfs/randread/mfs/4k/randread-iodepth-32-numjobs-32",
        "write_lat_log" : "./fio-bench-12-04-2022--23-30-08-rand-mfs/randread/mfs/4k/randread-iodepth-32-numjobs-32",
        "write_iops_log" : "./fio-bench-12-04-2022--23-30-08-rand-mfs/randread/mfs/4k/randread-iodepth-32-numjobs-32",
        "log_avg_msec" : "500"
      },
      "read" : {
        "io_bytes" : 682102784,
        "io_kbytes" : 666116,
        "bw_bytes" : 11366485,
        "bw" : 11100,
        "iops" : 2775.020830,
        "runtime" : 60010,
        "total_ios" : 166529,
        "short_ios" : 0,
        "drop_ios" : 0,
        "slat_ns" : {
          "min" : 2540342,
          "max" : 225432491,
          "mean" : 11511755.180395,
          "stddev" : 3959303.236210,
          "N" : 166529
        },
        "clat_ns" : {
          "min" : 12921,
          "max" : 3166268678,
          "mean" : 356052686.526917,
          "stddev" : 70295579.417760,
          "N" : 166529,
          "percentile" : {
            "1.000000" : 274726912,
            "5.000000" : 304087040,
            "10.000000" : 320864256,
            "20.000000" : 333447168,
            "30.000000" : 337641472,
            "40.000000" : 341835776,
            "50.000000" : 350224384,
            "60.000000" : 358612992,
            "70.000000" : 371195904,
            "80.000000" : 379584512,
            "90.000000" : 392167424,
            "95.000000" : 396361728,
            "99.000000" : 417333248,
            "99.500000" : 574619648,
            "99.900000" : 1233125376,
            "99.950000" : 1870659584,
            "99.990000" : 2835349504
          }
        },
        "lat_ns" : {
          "min" : 8515484,
          "max" : 3244036318,
          "mean" : 367568032.552330,
          "stddev" : 71967621.640513,
          "N" : 166529
        },
        "bw_min" : 3651,
        "bw_max" : 13736,
        "bw_agg" : 99.593850,
        "bw_mean" : 11055.466400,
        "bw_dev" : 41.130029,
        "bw_samples" : 3828,
        "iops_min" : 909,
        "iops_max" : 3434,
        "iops_mean" : 2763.845854,
        "iops_stddev" : 10.287974,
        "iops_samples" : 3828
      },
      "write" : {
        "io_bytes" : 0,
        "io_kbytes" : 0,
        "bw_bytes" : 0,
        "bw" : 0,
        "iops" : 0.000000,
        "runtime" : 0,
        "total_ios" : 0,
        "short_ios" : 0,
        "drop_ios" : 0,
        "slat_ns" : {
          "min" : 0,
          "max" : 0,
          "mean" : 0.000000,
          "stddev" : 0.000000,
          "N" : 0
        },
        "clat_ns" : {
          "min" : 0,
          "max" : 0,
          "mean" : 0.000000,
          "stddev" : 0.000000,
          "N" : 0
        },
        "lat_ns" : {
          "min" : 0,
          "max" : 0,
          "mean" : 0.000000,
          "stddev" : 0.000000,
          "N" : 0
        },
        "bw_min" : 0,
        "bw_max" : 0,
        "bw_agg" : 0.000000,
        "bw_mean" : 0.000000,
        "bw_dev" : 0.000000,
        "bw_samples" : 0,
        "iops_min" : 0,
        "iops_max" : 0,
        "iops_mean" : 0.000000,
        "iops_stddev" : 0.000000,
        "iops_samples" : 0
      },
      "trim" : {
        "io_bytes" : 0,
        "io_kbytes" : 0,
        "bw_bytes" : 0,
        "bw" : 0,
        "iops" : 0.000000,
        "runtime" : 0,
        "total_ios" : 0,
        "short_ios" : 0,
        "drop_ios" : 0,
        "slat_ns" : {
          "min" : 0,
          "max" : 0,
          "mean" : 0.000000,
          "stddev" : 0.000000,
          "N" : 0
        },
        "clat_ns" : {
          "min" : 0,
          "max" : 0,
          "mean" : 0.000000,
          "stddev" : 0.000000,
          "N" : 0
        },
        "lat_ns" : {
          "min" : 0,
          "max" : 0,
          "mean" : 0.000000,
          "stddev" : 0.000000,
          "N" : 0
        },
        "bw_min" : 0,
        "bw_max" : 0,
        "bw_agg" : 0.000000,
        "bw_mean" : 0.000000,
        "bw_dev" : 0.000000,
        "bw_samples" : 0,
        "iops_min" : 0,
        "iops_max" : 0,
        "iops_mean" : 0.000000,
        "iops_stddev" : 0.000000,
        "iops_samples" : 0
      },
      "sync" : {
        "total_ios" : 0,
        "lat_ns" : {
          "min" : 0,
          "max" : 0,
          "mean" : 0.000000,
          "stddev" : 0.000000,
          "N" : 0
        }
      },
      "job_runtime" : 1920178,
      "usr_cpu" : 0.083013,
      "sys_cpu" : 0.168318,
      "ctx" : 259367,
      "majf" : 0,
      "minf" : 2288,
      "iodepth_level" : {
        "1" : 0.100000,
        "2" : 0.100000,
        "4" : 0.100000,
        "8" : 0.153727,
        "16" : 0.307454,
        "32" : 99.404308,
        ">=64" : 0.000000
      },
      "iodepth_submit" : {
        "0" : 0.000000,
        "4" : 100.000000,
        "8" : 0.000000,
        "16" : 0.000000,
        "32" : 0.000000,
        "64" : 0.000000,
        ">=64" : 0.000000
      },
      "iodepth_complete" : {
        "0" : 0.000000,
        "4" : 99.980673,
        "8" : 0.000000,
        "16" : 0.000000,
        "32" : 0.100000,
        "64" : 0.000000,
        ">=64" : 0.000000
      },
      "latency_ns" : {
        "2" : 0.000000,
        "4" : 0.000000,
        "10" : 0.000000,
        "20" : 0.000000,
        "50" : 0.000000,
        "100" : 0.000000,
        "250" : 0.000000,
        "500" : 0.000000,
        "750" : 0.000000,
        "1000" : 0.000000
      },
      "latency_us" : {
        "2" : 0.000000,
        "4" : 0.000000,
        "10" : 0.000000,
        "20" : 0.018615,
        "50" : 0.010000,
        "100" : 0.000000,
        "250" : 0.000000,
        "500" : 0.000000,
        "750" : 0.000000,
        "1000" : 0.000000
      },
      "latency_ms" : {
        "2" : 0.000000,
        "4" : 0.000000,
        "10" : 0.010000,
        "20" : 0.019216,
        "50" : 0.050442,
        "100" : 0.082268,
        "250" : 0.250407,
        "500" : 98.917906,
        "750" : 0.374109,
        "1000" : 0.108089,
        "2000" : 0.130308,
        ">=2000" : 0.044437
      },
      "latency_depth" : 32,
      "latency_target" : 0,
      "latency_percentile" : 100.000000,
      "latency_window" : 0
    }
  ]
}
