{
  "fio version" : "fio-3.29-112-gc3773",
  "timestamp" : 1649806235,
  "timestamp_ms" : 1649806235052,
  "time" : "Tue Apr 12 23:30:35 2022",
  "global options" : {
    "size" : "50M",
    "runtime" : "60",
    "directory" : "/mnt/mfs"
  },
  "jobs" : [
    {
      "jobname" : "iotest",
      "groupid" : 0,
      "error" : 0,
      "eta" : 0,
      "elapsed" : 21,
      "job options" : {
        "rw" : "randread",
        "bs" : "4k",
        "ioengine" : "libaio",
        "iodepth" : "1",
        "numjobs" : "1",
        "direct" : "1",
        "group_reporting" : "1",
        "invalidate" : "1",
        "loops" : "1",
        "write_bw_log" : "./fio-bench-12-04-2022--23-30-08-rand-mfs/randread/mfs/4k/randread-iodepth-1-numjobs-1",
        "write_lat_log" : "./fio-bench-12-04-2022--23-30-08-rand-mfs/randread/mfs/4k/randread-iodepth-1-numjobs-1",
        "write_iops_log" : "./fio-bench-12-04-2022--23-30-08-rand-mfs/randread/mfs/4k/randread-iodepth-1-numjobs-1",
        "log_avg_msec" : "500"
      },
      "read" : {
        "io_bytes" : 52428800,
        "io_kbytes" : 51200,
        "bw_bytes" : 2640451,
        "bw" : 2578,
        "iops" : 644.641418,
        "runtime" : 19856,
        "total_ios" : 12800,
        "short_ios" : 0,
        "drop_ios" : 0,
        "slat_ns" : {
          "min" : 1026599,
          "max" : 10114430,
          "mean" : 1537213.356719,
          "stddev" : 779854.363960,
          "N" : 12800
        },
        "clat_ns" : {
          "min" : 1955,
          "max" : 14877,
          "mean" : 2792.804453,
          "stddev" : 264.474170,
          "N" : 12800,
          "percentile" : {
            "1.000000" : 2736,
            "5.000000" : 2736,
            "10.000000" : 2736,
            "20.000000" : 2736,
            "30.000000" : 2736,
            "40.000000" : 2800,
            "50.000000" : 2800,
            "60.000000" : 2800,
            "70.000000" : 2800,
            "80.000000" : 2800,
            "90.000000" : 2864,
            "95.000000" : 2864,
            "99.000000" : 3088,
            "99.500000" : 3152,
            "99.900000" : 9280,
            "99.950000" : 9664,
            "99.990000" : 13632
          }
        },
        "lat_ns" : {
          "min" : 1032326,
          "max" : 10120157,
          "mean" : 1542898.122969,
          "stddev" : 779874.792303,
          "N" : 12800
        },
        "bw_min" : 696,
        "bw_max" : 2960,
        "bw_agg" : 99.784166,
        "bw_mean" : 2573.512821,
        "bw_dev" : 753.204693,
        "bw_samples" : 39,
        "iops_min" : 174,
        "iops_max" : 740,
        "iops_mean" : 643.358974,
        "iops_stddev" : 188.293652,
        "iops_samples" : 39
      },
      "write" : {
        "io_bytes" : 0,
        "io_kbytes" : 0,
        "bw_bytes" : 0,
        "bw" : 0,
        "iops" : 0.000000,
        "runtime" : 0,
        "total_ios" : 0,
        "short_ios" : 0,
        "drop_ios" : 0,
        "slat_ns" : {
          "min" : 0,
          "max" : 0,
          "mean" : 0.000000,
          "stddev" : 0.000000,
          "N" : 0
        },
        "clat_ns" : {
          "min" : 0,
          "max" : 0,
          "mean" : 0.000000,
          "stddev" : 0.000000,
          "N" : 0
        },
        "lat_ns" : {
          "min" : 0,
          "max" : 0,
          "mean" : 0.000000,
          "stddev" : 0.000000,
          "N" : 0
        },
        "bw_min" : 0,
        "bw_max" : 0,
        "bw_agg" : 0.000000,
        "bw_mean" : 0.000000,
        "bw_dev" : 0.000000,
        "bw_samples" : 0,
        "iops_min" : 0,
        "iops_max" : 0,
        "iops_mean" : 0.000000,
        "iops_stddev" : 0.000000,
        "iops_samples" : 0
      },
      "trim" : {
        "io_bytes" : 0,
        "io_kbytes" : 0,
        "bw_bytes" : 0,
        "bw" : 0,
        "iops" : 0.000000,
        "runtime" : 0,
        "total_ios" : 0,
        "short_ios" : 0,
        "drop_ios" : 0,
        "slat_ns" : {
          "min" : 0,
          "max" : 0,
          "mean" : 0.000000,
          "stddev" : 0.000000,
          "N" : 0
        },
        "clat_ns" : {
          "min" : 0,
          "max" : 0,
          "mean" : 0.000000,
          "stddev" : 0.000000,
          "N" : 0
        },
        "lat_ns" : {
          "min" : 0,
          "max" : 0,
          "mean" : 0.000000,
          "stddev" : 0.000000,
          "N" : 0
        },
        "bw_min" : 0,
        "bw_max" : 0,
        "bw_agg" : 0.000000,
        "bw_mean" : 0.000000,
        "bw_dev" : 0.000000,
        "bw_samples" : 0,
        "iops_min" : 0,
        "iops_max" : 0,
        "iops_mean" : 0.000000,
        "iops_stddev" : 0.000000,
        "iops_samples" : 0
      },
      "sync" : {
        "total_ios" : 0,
        "lat_ns" : {
          "min" : 0,
          "max" : 0,
          "mean" : 0.000000,
          "stddev" : 0.000000,
          "N" : 0
        }
      },
      "job_runtime" : 19855,
      "usr_cpu" : 0.659783,
      "sys_cpu" : 1.188617,
      "ctx" : 12863,
      "majf" : 0,
      "minf" : 37,
      "iodepth_level" : {
        "1" : 100.000000,
        "2" : 0.000000,
        "4" : 0.000000,
        "8" : 0.000000,
        "16" : 0.000000,
        "32" : 0.000000,
        ">=64" : 0.000000
      },
      "iodepth_submit" : {
        "0" : 0.000000,
        "4" : 100.000000,
        "8" : 0.000000,
        "16" : 0.000000,
        "32" : 0.000000,
        "64" : 0.000000,
        ">=64" : 0.000000
      },
      "iodepth_complete" : {
        "0" : 0.000000,
        "4" : 100.000000,
        "8" : 0.000000,
        "16" : 0.000000,
        "32" : 0.000000,
        "64" : 0.000000,
        ">=64" : 0.000000
      },
      "latency_ns" : {
        "2" : 0.000000,
        "4" : 0.000000,
        "10" : 0.000000,
        "20" : 0.000000,
        "50" : 0.000000,
        "100" : 0.000000,
        "250" : 0.000000,
        "500" : 0.000000,
        "750" : 0.000000,
        "1000" : 0.000000
      },
      "latency_us" : {
        "2" : 0.010000,
        "4" : 99.851562,
        "10" : 0.117188,
        "20" : 0.023438,
        "50" : 0.000000,
        "100" : 0.000000,
        "250" : 0.000000,
        "500" : 0.000000,
        "750" : 0.000000,
        "1000" : 0.000000
      },
      "latency_ms" : {
        "2" : 0.000000,
        "4" : 0.000000,
        "10" : 0.000000,
        "20" : 0.000000,
        "50" : 0.000000,
        "100" : 0.000000,
        "250" : 0.000000,
        "500" : 0.000000,
        "750" : 0.000000,
        "1000" : 0.000000,
        "2000" : 0.000000,
        ">=2000" : 0.000000
      },
      "latency_depth" : 1,
      "latency_target" : 0,
      "latency_percentile" : 100.000000,
      "latency_window" : 0
    }
  ]
}
