{
  "fio version" : "fio-3.29-112-gc3773",
  "timestamp" : 1649808315,
  "timestamp_ms" : 1649808315093,
  "time" : "Wed Apr 13 00:05:15 2022",
  "global options" : {
    "size" : "50M",
    "runtime" : "60",
    "directory" : "/mnt/mfs"
  },
  "jobs" : [
    {
      "jobname" : "iotest",
      "groupid" : 0,
      "error" : 0,
      "eta" : 0,
      "elapsed" : 18,
      "job options" : {
        "rw" : "randread",
        "bs" : "4k",
        "ioengine" : "libaio",
        "iodepth" : "64",
        "numjobs" : "1",
        "direct" : "1",
        "group_reporting" : "1",
        "invalidate" : "1",
        "loops" : "1",
        "write_bw_log" : "./fio-bench-12-04-2022--23-30-08-rand-mfs/randread/mfs/4k/randread-iodepth-64-numjobs-1",
        "write_lat_log" : "./fio-bench-12-04-2022--23-30-08-rand-mfs/randread/mfs/4k/randread-iodepth-64-numjobs-1",
        "write_iops_log" : "./fio-bench-12-04-2022--23-30-08-rand-mfs/randread/mfs/4k/randread-iodepth-64-numjobs-1",
        "log_avg_msec" : "500"
      },
      "read" : {
        "io_bytes" : 52428800,
        "io_kbytes" : 51200,
        "bw_bytes" : 2954400,
        "bw" : 2885,
        "iops" : 721.289305,
        "runtime" : 17746,
        "total_ios" : 12800,
        "short_ios" : 0,
        "drop_ios" : 0,
        "slat_ns" : {
          "min" : 1005367,
          "max" : 9724578,
          "mean" : 1372514.639922,
          "stddev" : 131140.573325,
          "N" : 12800
        },
        "clat_ns" : {
          "min" : 9149,
          "max" : 98147362,
          "mean" : 87116687.042735,
          "stddev" : 3888590.121334,
          "N" : 12800,
          "percentile" : {
            "1.000000" : 84410368,
            "5.000000" : 85458944,
            "10.000000" : 85458944,
            "20.000000" : 86507520,
            "30.000000" : 86507520,
            "40.000000" : 86507520,
            "50.000000" : 87556096,
            "60.000000" : 87556096,
            "70.000000" : 87556096,
            "80.000000" : 88604672,
            "90.000000" : 88604672,
            "95.000000" : 89653248,
            "99.000000" : 91750400,
            "99.500000" : 95944704,
            "99.900000" : 98041856,
            "99.950000" : 98041856,
            "99.990000" : 98041856
          }
        },
        "lat_ns" : {
          "min" : 1389774,
          "max" : 99538113,
          "mean" : 88492067.138047,
          "stddev" : 3894916.135050,
          "N" : 12800
        },
        "bw_min" : 2368,
        "bw_max" : 2944,
        "bw_agg" : 99.474682,
        "bw_mean" : 2870.600000,
        "bw_dev" : 91.785940,
        "bw_samples" : 35,
        "iops_min" : 592,
        "iops_max" : 736,
        "iops_mean" : 717.628571,
        "iops_stddev" : 22.941211,
        "iops_samples" : 35
      },
      "write" : {
        "io_bytes" : 0,
        "io_kbytes" : 0,
        "bw_bytes" : 0,
        "bw" : 0,
        "iops" : 0.000000,
        "runtime" : 0,
        "total_ios" : 0,
        "short_ios" : 0,
        "drop_ios" : 0,
        "slat_ns" : {
          "min" : 0,
          "max" : 0,
          "mean" : 0.000000,
          "stddev" : 0.000000,
          "N" : 0
        },
        "clat_ns" : {
          "min" : 0,
          "max" : 0,
          "mean" : 0.000000,
          "stddev" : 0.000000,
          "N" : 0
        },
        "lat_ns" : {
          "min" : 0,
          "max" : 0,
          "mean" : 0.000000,
          "stddev" : 0.000000,
          "N" : 0
        },
        "bw_min" : 0,
        "bw_max" : 0,
        "bw_agg" : 0.000000,
        "bw_mean" : 0.000000,
        "bw_dev" : 0.000000,
        "bw_samples" : 0,
        "iops_min" : 0,
        "iops_max" : 0,
        "iops_mean" : 0.000000,
        "iops_stddev" : 0.000000,
        "iops_samples" : 0
      },
      "trim" : {
        "io_bytes" : 0,
        "io_kbytes" : 0,
        "bw_bytes" : 0,
        "bw" : 0,
        "iops" : 0.000000,
        "runtime" : 0,
        "total_ios" : 0,
        "short_ios" : 0,
        "drop_ios" : 0,
        "slat_ns" : {
          "min" : 0,
          "max" : 0,
          "mean" : 0.000000,
          "stddev" : 0.000000,
          "N" : 0
        },
        "clat_ns" : {
          "min" : 0,
          "max" : 0,
          "mean" : 0.000000,
          "stddev" : 0.000000,
          "N" : 0
        },
        "lat_ns" : {
          "min" : 0,
          "max" : 0,
          "mean" : 0.000000,
          "stddev" : 0.000000,
          "N" : 0
        },
        "bw_min" : 0,
        "bw_max" : 0,
        "bw_agg" : 0.000000,
        "bw_mean" : 0.000000,
        "bw_dev" : 0.000000,
        "bw_samples" : 0,
        "iops_min" : 0,
        "iops_max" : 0,
        "iops_mean" : 0.000000,
        "iops_stddev" : 0.000000,
        "iops_samples" : 0
      },
      "sync" : {
        "total_ios" : 0,
        "lat_ns" : {
          "min" : 0,
          "max" : 0,
          "mean" : 0.000000,
          "stddev" : 0.000000,
          "N" : 0
        }
      },
      "job_runtime" : 17745,
      "usr_cpu" : 0.659341,
      "sys_cpu" : 1.408848,
      "ctx" : 12838,
      "majf" : 0,
      "minf" : 105,
      "iodepth_level" : {
        "1" : 0.100000,
        "2" : 0.100000,
        "4" : 0.100000,
        "8" : 0.100000,
        "16" : 0.125000,
        "32" : 0.250000,
        ">=64" : 99.507812
      },
      "iodepth_submit" : {
        "0" : 0.000000,
        "4" : 100.000000,
        "8" : 0.000000,
        "16" : 0.000000,
        "32" : 0.000000,
        "64" : 0.000000,
        ">=64" : 0.000000
      },
      "iodepth_complete" : {
        "0" : 0.000000,
        "4" : 99.992149,
        "8" : 0.000000,
        "16" : 0.000000,
        "32" : 0.000000,
        "64" : 0.100000,
        ">=64" : 0.000000
      },
      "latency_ns" : {
        "2" : 0.000000,
        "4" : 0.000000,
        "10" : 0.000000,
        "20" : 0.000000,
        "50" : 0.000000,
        "100" : 0.000000,
        "250" : 0.000000,
        "500" : 0.000000,
        "750" : 0.000000,
        "1000" : 0.000000
      },
      "latency_us" : {
        "2" : 0.000000,
        "4" : 0.000000,
        "10" : 0.010000,
        "20" : 0.000000,
        "50" : 0.000000,
        "100" : 0.000000,
        "250" : 0.000000,
        "500" : 0.000000,
        "750" : 0.000000,
        "1000" : 0.000000
      },
      "latency_ms" : {
        "2" : 0.010000,
        "4" : 0.010000,
        "10" : 0.039062,
        "20" : 0.054688,
        "50" : 0.171875,
        "100" : 99.710938,
        "250" : 0.000000,
        "500" : 0.000000,
        "750" : 0.000000,
        "1000" : 0.000000,
        "2000" : 0.000000,
        ">=2000" : 0.000000
      },
      "latency_depth" : 64,
      "latency_target" : 0,
      "latency_percentile" : 100.000000,
      "latency_window" : 0
    }
  ]
}
