{
  "fio version" : "fio-3.29-112-gc3773",
  "timestamp" : 1649808511,
  "timestamp_ms" : 1649808511302,
  "time" : "Wed Apr 13 00:08:31 2022",
  "global options" : {
    "size" : "50M",
    "runtime" : "60",
    "directory" : "/mnt/mfs"
  },
  "jobs" : [
    {
      "jobname" : "iotest",
      "groupid" : 0,
      "error" : 0,
      "eta" : 0,
      "elapsed" : 61,
      "job options" : {
        "rw" : "randread",
        "bs" : "4k",
        "ioengine" : "libaio",
        "iodepth" : "64",
        "numjobs" : "32",
        "direct" : "1",
        "group_reporting" : "1",
        "invalidate" : "1",
        "loops" : "1",
        "write_bw_log" : "./fio-bench-12-04-2022--23-30-08-rand-mfs/randread/mfs/4k/randread-iodepth-64-numjobs-32",
        "write_lat_log" : "./fio-bench-12-04-2022--23-30-08-rand-mfs/randread/mfs/4k/randread-iodepth-64-numjobs-32",
        "write_iops_log" : "./fio-bench-12-04-2022--23-30-08-rand-mfs/randread/mfs/4k/randread-iodepth-64-numjobs-32",
        "log_avg_msec" : "500"
      },
      "read" : {
        "io_bytes" : 682024960,
        "io_kbytes" : 666040,
        "bw_bytes" : 11364809,
        "bw" : 11098,
        "iops" : 2774.611744,
        "runtime" : 60012,
        "total_ios" : 166510,
        "short_ios" : 0,
        "drop_ios" : 0,
        "slat_ns" : {
          "min" : 2724584,
          "max" : 140406090,
          "mean" : 11513105.543139,
          "stddev" : 4650261.317751,
          "N" : 166510
        },
        "clat_ns" : {
          "min" : 10756,
          "max" : 3731502802,
          "mean" : 721301548.666285,
          "stddev" : 154603922.719633,
          "N" : 166510,
          "percentile" : {
            "1.000000" : 501219328,
            "5.000000" : 574619648,
            "10.000000" : 616562688,
            "20.000000" : 658505728,
            "30.000000" : 683671552,
            "40.000000" : 708837376,
            "50.000000" : 725614592,
            "60.000000" : 742391808,
            "70.000000" : 759169024,
            "80.000000" : 767557632,
            "90.000000" : 784334848,
            "95.000000" : 801112064,
            "99.000000" : 1166016512,
            "99.500000" : 1619001344,
            "99.900000" : 2801795072,
            "99.950000" : 3372220416,
            "99.990000" : 3674210304
          }
        },
        "lat_ns" : {
          "min" : 8240308,
          "max" : 3749533758,
          "mean" : 732818279.731374,
          "stddev" : 156193446.216963,
          "N" : 166510
        },
        "bw_min" : 4592,
        "bw_max" : 14536,
        "bw_agg" : 99.788743,
        "bw_mean" : 11075.093360,
        "bw_dev" : 48.574542,
        "bw_samples" : 3794,
        "iops_min" : 1148,
        "iops_max" : 3634,
        "iops_mean" : 2768.699311,
        "iops_stddev" : 12.143650,
        "iops_samples" : 3794
      },
      "write" : {
        "io_bytes" : 0,
        "io_kbytes" : 0,
        "bw_bytes" : 0,
        "bw" : 0,
        "iops" : 0.000000,
        "runtime" : 0,
        "total_ios" : 0,
        "short_ios" : 0,
        "drop_ios" : 0,
        "slat_ns" : {
          "min" : 0,
          "max" : 0,
          "mean" : 0.000000,
          "stddev" : 0.000000,
          "N" : 0
        },
        "clat_ns" : {
          "min" : 0,
          "max" : 0,
          "mean" : 0.000000,
          "stddev" : 0.000000,
          "N" : 0
        },
        "lat_ns" : {
          "min" : 0,
          "max" : 0,
          "mean" : 0.000000,
          "stddev" : 0.000000,
          "N" : 0
        },
        "bw_min" : 0,
        "bw_max" : 0,
        "bw_agg" : 0.000000,
        "bw_mean" : 0.000000,
        "bw_dev" : 0.000000,
        "bw_samples" : 0,
        "iops_min" : 0,
        "iops_max" : 0,
        "iops_mean" : 0.000000,
        "iops_stddev" : 0.000000,
        "iops_samples" : 0
      },
      "trim" : {
        "io_bytes" : 0,
        "io_kbytes" : 0,
        "bw_bytes" : 0,
        "bw" : 0,
        "iops" : 0.000000,
        "runtime" : 0,
        "total_ios" : 0,
        "short_ios" : 0,
        "drop_ios" : 0,
        "slat_ns" : {
          "min" : 0,
          "max" : 0,
          "mean" : 0.000000,
          "stddev" : 0.000000,
          "N" : 0
        },
        "clat_ns" : {
          "min" : 0,
          "max" : 0,
          "mean" : 0.000000,
          "stddev" : 0.000000,
          "N" : 0
        },
        "lat_ns" : {
          "min" : 0,
          "max" : 0,
          "mean" : 0.000000,
          "stddev" : 0.000000,
          "N" : 0
        },
        "bw_min" : 0,
        "bw_max" : 0,
        "bw_agg" : 0.000000,
        "bw_mean" : 0.000000,
        "bw_dev" : 0.000000,
        "bw_samples" : 0,
        "iops_min" : 0,
        "iops_max" : 0,
        "iops_mean" : 0.000000,
        "iops_stddev" : 0.000000,
        "iops_samples" : 0
      },
      "sync" : {
        "total_ios" : 0,
        "lat_ns" : {
          "min" : 0,
          "max" : 0,
          "mean" : 0.000000,
          "stddev" : 0.000000,
          "N" : 0
        }
      },
      "job_runtime" : 1920169,
      "usr_cpu" : 0.083170,
      "sys_cpu" : 0.167537,
      "ctx" : 257874,
      "majf" : 0,
      "minf" : 3336,
      "iodepth_level" : {
        "1" : 0.100000,
        "2" : 0.100000,
        "4" : 0.100000,
        "8" : 0.153745,
        "16" : 0.307489,
        "32" : 0.614978,
        ">=64" : 98.789262
      },
      "iodepth_submit" : {
        "0" : 0.000000,
        "4" : 100.000000,
        "8" : 0.000000,
        "16" : 0.000000,
        "32" : 0.000000,
        "64" : 0.000000,
        ">=64" : 0.000000
      },
      "iodepth_complete" : {
        "0" : 0.000000,
        "4" : 99.980550,
        "8" : 0.000000,
        "16" : 0.000000,
        "32" : 0.000000,
        "64" : 0.100000,
        ">=64" : 0.000000
      },
      "latency_ns" : {
        "2" : 0.000000,
        "4" : 0.000000,
        "10" : 0.000000,
        "20" : 0.000000,
        "50" : 0.000000,
        "100" : 0.000000,
        "250" : 0.000000,
        "500" : 0.000000,
        "750" : 0.000000,
        "1000" : 0.000000
      },
      "latency_us" : {
        "2" : 0.000000,
        "4" : 0.000000,
        "10" : 0.000000,
        "20" : 0.018618,
        "50" : 0.000000,
        "100" : 0.000000,
        "250" : 0.000000,
        "500" : 0.010000,
        "750" : 0.000000,
        "1000" : 0.000000
      },
      "latency_ms" : {
        "2" : 0.000000,
        "4" : 0.000000,
        "10" : 0.010000,
        "20" : 0.019218,
        "50" : 0.051649,
        "100" : 0.084680,
        "250" : 0.249234,
        "500" : 0.569936,
        "750" : 65.394871,
        "1000" : 32.395051,
        "2000" : 0.894241,
        ">=2000" : 0.319500
      },
      "latency_depth" : 64,
      "latency_target" : 0,
      "latency_percentile" : 100.000000,
      "latency_window" : 0
    }
  ]
}
