{
  "fio version" : "fio-3.29-112-gc3773",
  "timestamp" : 1649808571,
  "timestamp_ms" : 1649808571856,
  "time" : "Wed Apr 13 00:09:31 2022",
  "global options" : {
    "size" : "50M",
    "runtime" : "60",
    "directory" : "/mnt/mfs"
  },
  "jobs" : [
    {
      "jobname" : "iotest",
      "groupid" : 0,
      "error" : 0,
      "eta" : 0,
      "elapsed" : 61,
      "job options" : {
        "rw" : "randread",
        "bs" : "4k",
        "ioengine" : "libaio",
        "iodepth" : "64",
        "numjobs" : "64",
        "direct" : "1",
        "group_reporting" : "1",
        "invalidate" : "1",
        "loops" : "1",
        "write_bw_log" : "./fio-bench-12-04-2022--23-30-08-rand-mfs/randread/mfs/4k/randread-iodepth-64-numjobs-64",
        "write_lat_log" : "./fio-bench-12-04-2022--23-30-08-rand-mfs/randread/mfs/4k/randread-iodepth-64-numjobs-64",
        "write_iops_log" : "./fio-bench-12-04-2022--23-30-08-rand-mfs/randread/mfs/4k/randread-iodepth-64-numjobs-64",
        "log_avg_msec" : "500"
      },
      "read" : {
        "io_bytes" : 682205184,
        "io_kbytes" : 666216,
        "bw_bytes" : 11365540,
        "bw" : 11099,
        "iops" : 2774.790084,
        "runtime" : 60024,
        "total_ios" : 166554,
        "short_ios" : 0,
        "drop_ios" : 0,
        "slat_ns" : {
          "min" : 3476705,
          "max" : 400644249,
          "mean" : 23035389.738367,
          "stddev" : 6888123.219915,
          "N" : 166554
        },
        "clat_ns" : {
          "min" : 11035,
          "max" : 5007462187,
          "mean" : 1434924716.587845,
          "stddev" : 237565212.477103,
          "N" : 166554,
          "percentile" : {
            "1.000000" : 591396864,
            "5.000000" : 1199570944,
            "10.000000" : 1266679808,
            "20.000000" : 1400897536,
            "30.000000" : 1417674752,
            "40.000000" : 1434451968,
            "50.000000" : 1451229184,
            "60.000000" : 1451229184,
            "70.000000" : 1468006400,
            "80.000000" : 1484783616,
            "90.000000" : 1501560832,
            "95.000000" : 1535115264,
            "99.000000" : 2365587456,
            "99.500000" : 2936012800,
            "99.900000" : 3774873600,
            "99.950000" : 3942645760,
            "99.990000" : 4596957184
          }
        },
        "lat_ns" : {
          "min" : 20374484,
          "max" : 5054257256,
          "mean" : 1457964718.639612,
          "stddev" : 239532932.781644,
          "N" : 166554
        },
        "bw_min" : 1573,
        "bw_max" : 15394,
        "bw_agg" : 99.485005,
        "bw_mean" : 11042.612334,
        "bw_dev" : 26.037292,
        "bw_samples" : 7531,
        "iops_min" : 379,
        "iops_max" : 3848,
        "iops_mean" : 2760.147648,
        "iops_stddev" : 6.519715,
        "iops_samples" : 7531
      },
      "write" : {
        "io_bytes" : 0,
        "io_kbytes" : 0,
        "bw_bytes" : 0,
        "bw" : 0,
        "iops" : 0.000000,
        "runtime" : 0,
        "total_ios" : 0,
        "short_ios" : 0,
        "drop_ios" : 0,
        "slat_ns" : {
          "min" : 0,
          "max" : 0,
          "mean" : 0.000000,
          "stddev" : 0.000000,
          "N" : 0
        },
        "clat_ns" : {
          "min" : 0,
          "max" : 0,
          "mean" : 0.000000,
          "stddev" : 0.000000,
          "N" : 0
        },
        "lat_ns" : {
          "min" : 0,
          "max" : 0,
          "mean" : 0.000000,
          "stddev" : 0.000000,
          "N" : 0
        },
        "bw_min" : 0,
        "bw_max" : 0,
        "bw_agg" : 0.000000,
        "bw_mean" : 0.000000,
        "bw_dev" : 0.000000,
        "bw_samples" : 0,
        "iops_min" : 0,
        "iops_max" : 0,
        "iops_mean" : 0.000000,
        "iops_stddev" : 0.000000,
        "iops_samples" : 0
      },
      "trim" : {
        "io_bytes" : 0,
        "io_kbytes" : 0,
        "bw_bytes" : 0,
        "bw" : 0,
        "iops" : 0.000000,
        "runtime" : 0,
        "total_ios" : 0,
        "short_ios" : 0,
        "drop_ios" : 0,
        "slat_ns" : {
          "min" : 0,
          "max" : 0,
          "mean" : 0.000000,
          "stddev" : 0.000000,
          "N" : 0
        },
        "clat_ns" : {
          "min" : 0,
          "max" : 0,
          "mean" : 0.000000,
          "stddev" : 0.000000,
          "N" : 0
        },
        "lat_ns" : {
          "min" : 0,
          "max" : 0,
          "mean" : 0.000000,
          "stddev" : 0.000000,
          "N" : 0
        },
        "bw_min" : 0,
        "bw_max" : 0,
        "bw_agg" : 0.000000,
        "bw_mean" : 0.000000,
        "bw_dev" : 0.000000,
        "bw_samples" : 0,
        "iops_min" : 0,
        "iops_max" : 0,
        "iops_mean" : 0.000000,
        "iops_stddev" : 0.000000,
        "iops_samples" : 0
      },
      "sync" : {
        "total_ios" : 0,
        "lat_ns" : {
          "min" : 0,
          "max" : 0,
          "mean" : 0.000000,
          "stddev" : 0.000000,
          "N" : 0
        }
      },
      "job_runtime" : 3840748,
      "usr_cpu" : 0.051917,
      "sys_cpu" : 0.089071,
      "ctx" : 254370,
      "majf" : 0,
      "minf" : 6544,
      "iodepth_level" : {
        "1" : 0.100000,
        "2" : 0.100000,
        "4" : 0.153704,
        "8" : 0.307408,
        "16" : 0.614816,
        "32" : 1.229631,
        ">=64" : 97.579164
      },
      "iodepth_submit" : {
        "0" : 0.000000,
        "4" : 100.000000,
        "8" : 0.000000,
        "16" : 0.000000,
        "32" : 0.000000,
        "64" : 0.000000,
        ">=64" : 0.000000
      },
      "iodepth_complete" : {
        "0" : 0.000000,
        "4" : 99.960636,
        "8" : 0.000000,
        "16" : 0.000000,
        "32" : 0.000000,
        "64" : 0.100000,
        ">=64" : 0.000000
      },
      "latency_ns" : {
        "2" : 0.000000,
        "4" : 0.000000,
        "10" : 0.000000,
        "20" : 0.000000,
        "50" : 0.000000,
        "100" : 0.000000,
        "250" : 0.000000,
        "500" : 0.000000,
        "750" : 0.000000,
        "1000" : 0.000000
      },
      "latency_us" : {
        "2" : 0.000000,
        "4" : 0.000000,
        "10" : 0.000000,
        "20" : 0.035424,
        "50" : 0.010000,
        "100" : 0.010000,
        "250" : 0.010000,
        "500" : 0.000000,
        "750" : 0.010000,
        "1000" : 0.000000
      },
      "latency_ms" : {
        "2" : 0.000000,
        "4" : 0.000000,
        "10" : 0.000000,
        "20" : 0.000000,
        "50" : 0.074450,
        "100" : 0.079254,
        "250" : 0.240763,
        "500" : 0.417882,
        "750" : 0.417282,
        "1000" : 0.416682,
        "2000" : 96.761411,
        ">=2000" : 1.553850
      },
      "latency_depth" : 64,
      "latency_target" : 0,
      "latency_percentile" : 100.000000,
      "latency_window" : 0
    }
  ]
}
