{
  "fio version" : "fio-3.29-112-gc3773",
  "timestamp" : 1649807064,
  "timestamp_ms" : 1649807064748,
  "time" : "Tue Apr 12 23:44:24 2022",
  "global options" : {
    "size" : "50M",
    "runtime" : "60",
    "directory" : "/mnt/mfs"
  },
  "jobs" : [
    {
      "jobname" : "iotest",
      "groupid" : 0,
      "error" : 0,
      "eta" : 0,
      "elapsed" : 61,
      "job options" : {
        "rw" : "randread",
        "bs" : "4k",
        "ioengine" : "libaio",
        "iodepth" : "2",
        "numjobs" : "16",
        "direct" : "1",
        "group_reporting" : "1",
        "invalidate" : "1",
        "loops" : "1",
        "write_bw_log" : "./fio-bench-12-04-2022--23-30-08-rand-mfs/randread/mfs/4k/randread-iodepth-2-numjobs-16",
        "write_lat_log" : "./fio-bench-12-04-2022--23-30-08-rand-mfs/randread/mfs/4k/randread-iodepth-2-numjobs-16",
        "write_iops_log" : "./fio-bench-12-04-2022--23-30-08-rand-mfs/randread/mfs/4k/randread-iodepth-2-numjobs-16",
        "log_avg_msec" : "500"
      },
      "read" : {
        "io_bytes" : 681316352,
        "io_kbytes" : 665348,
        "bw_bytes" : 11354137,
        "bw" : 11088,
        "iops" : 2772.006133,
        "runtime" : 60006,
        "total_ios" : 166337,
        "short_ios" : 0,
        "drop_ios" : 0,
        "slat_ns" : {
          "min" : 1401088,
          "max" : 5580670160,
          "mean" : 5756994.460469,
          "stddev" : 44915424.586101,
          "N" : 166337
        },
        "clat_ns" : {
          "min" : 12432,
          "max" : 5580689716,
          "mean" : 5773971.366978,
          "stddev" : 44915568.245254,
          "N" : 166337,
          "percentile" : {
            "1.000000" : 4014080,
            "5.000000" : 4227072,
            "10.000000" : 4227072,
            "20.000000" : 4489216,
            "30.000000" : 4489216,
            "40.000000" : 4751360,
            "50.000000" : 4751360,
            "60.000000" : 4751360,
            "70.000000" : 5013504,
            "80.000000" : 5013504,
            "90.000000" : 5210112,
            "95.000000" : 5275648,
            "99.000000" : 5603328,
            "99.500000" : 6062080,
            "99.900000" : 86507520,
            "99.950000" : 624951296,
            "99.990000" : 2004877312
          }
        },
        "lat_ns" : {
          "min" : 3529225,
          "max" : 5586434939,
          "mean" : 11533936.229288,
          "stddev" : 64010751.992112,
          "N" : 166337
        },
        "bw_min" : 800,
        "bw_max" : 14859,
        "bw_agg" : 100.000000,
        "bw_mean" : 12346.387144,
        "bw_dev" : 190.806152,
        "bw_samples" : 1710,
        "iops_min" : 200,
        "iops_max" : 3712,
        "iops_mean" : 3085.808129,
        "iops_stddev" : 47.688444,
        "iops_samples" : 1710
      },
      "write" : {
        "io_bytes" : 0,
        "io_kbytes" : 0,
        "bw_bytes" : 0,
        "bw" : 0,
        "iops" : 0.000000,
        "runtime" : 0,
        "total_ios" : 0,
        "short_ios" : 0,
        "drop_ios" : 0,
        "slat_ns" : {
          "min" : 0,
          "max" : 0,
          "mean" : 0.000000,
          "stddev" : 0.000000,
          "N" : 0
        },
        "clat_ns" : {
          "min" : 0,
          "max" : 0,
          "mean" : 0.000000,
          "stddev" : 0.000000,
          "N" : 0
        },
        "lat_ns" : {
          "min" : 0,
          "max" : 0,
          "mean" : 0.000000,
          "stddev" : 0.000000,
          "N" : 0
        },
        "bw_min" : 0,
        "bw_max" : 0,
        "bw_agg" : 0.000000,
        "bw_mean" : 0.000000,
        "bw_dev" : 0.000000,
        "bw_samples" : 0,
        "iops_min" : 0,
        "iops_max" : 0,
        "iops_mean" : 0.000000,
        "iops_stddev" : 0.000000,
        "iops_samples" : 0
      },
      "trim" : {
        "io_bytes" : 0,
        "io_kbytes" : 0,
        "bw_bytes" : 0,
        "bw" : 0,
        "iops" : 0.000000,
        "runtime" : 0,
        "total_ios" : 0,
        "short_ios" : 0,
        "drop_ios" : 0,
        "slat_ns" : {
          "min" : 0,
          "max" : 0,
          "mean" : 0.000000,
          "stddev" : 0.000000,
          "N" : 0
        },
        "clat_ns" : {
          "min" : 0,
          "max" : 0,
          "mean" : 0.000000,
          "stddev" : 0.000000,
          "N" : 0
        },
        "lat_ns" : {
          "min" : 0,
          "max" : 0,
          "mean" : 0.000000,
          "stddev" : 0.000000,
          "N" : 0
        },
        "bw_min" : 0,
        "bw_max" : 0,
        "bw_agg" : 0.000000,
        "bw_mean" : 0.000000,
        "bw_dev" : 0.000000,
        "bw_samples" : 0,
        "iops_min" : 0,
        "iops_max" : 0,
        "iops_mean" : 0.000000,
        "iops_stddev" : 0.000000,
        "iops_samples" : 0
      },
      "sync" : {
        "total_ios" : 0,
        "lat_ns" : {
          "min" : 0,
          "max" : 0,
          "mean" : 0.000000,
          "stddev" : 0.000000,
          "N" : 0
        }
      },
      "job_runtime" : 960039,
      "usr_cpu" : 0.160410,
      "sys_cpu" : 0.339361,
      "ctx" : 186570,
      "majf" : 0,
      "minf" : 653,
      "iodepth_level" : {
        "1" : 0.100000,
        "2" : 99.990381,
        "4" : 0.000000,
        "8" : 0.000000,
        "16" : 0.000000,
        "32" : 0.000000,
        ">=64" : 0.000000
      },
      "iodepth_submit" : {
        "0" : 0.000000,
        "4" : 100.000000,
        "8" : 0.000000,
        "16" : 0.000000,
        "32" : 0.000000,
        "64" : 0.000000,
        ">=64" : 0.000000
      },
      "iodepth_complete" : {
        "0" : 0.000000,
        "4" : 100.000000,
        "8" : 0.000000,
        "16" : 0.000000,
        "32" : 0.000000,
        "64" : 0.000000,
        ">=64" : 0.000000
      },
      "latency_ns" : {
        "2" : 0.000000,
        "4" : 0.000000,
        "10" : 0.000000,
        "20" : 0.000000,
        "50" : 0.000000,
        "100" : 0.000000,
        "250" : 0.000000,
        "500" : 0.000000,
        "750" : 0.000000,
        "1000" : 0.000000
      },
      "latency_us" : {
        "2" : 0.000000,
        "4" : 0.000000,
        "10" : 0.000000,
        "20" : 0.010000,
        "50" : 0.000000,
        "100" : 0.000000,
        "250" : 0.000000,
        "500" : 0.000000,
        "750" : 0.000000,
        "1000" : 0.000000
      },
      "latency_ms" : {
        "2" : 0.010000,
        "4" : 0.471933,
        "10" : 99.272561,
        "20" : 0.094988,
        "50" : 0.036071,
        "100" : 0.019238,
        "250" : 0.019238,
        "500" : 0.010220,
        "750" : 0.018637,
        "1000" : 0.010000,
        "2000" : 0.018036,
        ">=2000" : 0.020440
      },
      "latency_depth" : 2,
      "latency_target" : 0,
      "latency_percentile" : 100.000000,
      "latency_window" : 0
    }
  ]
}
