{
  "fio version" : "fio-3.29-112-gc3773",
  "timestamp" : 1649807899,
  "timestamp_ms" : 1649807899704,
  "time" : "Tue Apr 12 23:58:19 2022",
  "global options" : {
    "size" : "50M",
    "runtime" : "60",
    "directory" : "/mnt/mfs"
  },
  "jobs" : [
    {
      "jobname" : "iotest",
      "groupid" : 0,
      "error" : 0,
      "eta" : 0,
      "elapsed" : 61,
      "job options" : {
        "rw" : "randread",
        "bs" : "4k",
        "ioengine" : "libaio",
        "iodepth" : "16",
        "numjobs" : "16",
        "direct" : "1",
        "group_reporting" : "1",
        "invalidate" : "1",
        "loops" : "1",
        "write_bw_log" : "./fio-bench-12-04-2022--23-30-08-rand-mfs/randread/mfs/4k/randread-iodepth-16-numjobs-16",
        "write_lat_log" : "./fio-bench-12-04-2022--23-30-08-rand-mfs/randread/mfs/4k/randread-iodepth-16-numjobs-16",
        "write_iops_log" : "./fio-bench-12-04-2022--23-30-08-rand-mfs/randread/mfs/4k/randread-iodepth-16-numjobs-16",
        "log_avg_msec" : "500"
      },
      "read" : {
        "io_bytes" : 673533952,
        "io_kbytes" : 657748,
        "bw_bytes" : 11224069,
        "bw" : 10961,
        "iops" : 2740.251300,
        "runtime" : 60008,
        "total_ios" : 164437,
        "short_ios" : 0,
        "drop_ios" : 0,
        "slat_ns" : {
          "min" : 988745,
          "max" : 8051932641,
          "mean" : 5823520.051254,
          "stddev" : 41231052.949544,
          "N" : 164437
        },
        "clat_ns" : {
          "min" : 12641,
          "max" : 8131394705,
          "mean" : 87432828.994034,
          "stddev" : 186774494.726829,
          "N" : 164437,
          "percentile" : {
            "1.000000" : 28180480,
            "5.000000" : 44302336,
            "10.000000" : 55312384,
            "20.000000" : 69730304,
            "30.000000" : 69730304,
            "40.000000" : 70778880,
            "50.000000" : 70778880,
            "60.000000" : 70778880,
            "70.000000" : 71827456,
            "80.000000" : 74973184,
            "90.000000" : 76021760,
            "95.000000" : 79167488,
            "99.000000" : 767557632,
            "99.500000" : 1333788672,
            "99.900000" : 2264924160,
            "99.950000" : 4076863488,
            "99.990000" : 4278190080
          }
        },
        "lat_ns" : {
          "min" : 4077761,
          "max" : 8136136867,
          "mean" : 93259325.763989,
          "stddev" : 194415008.439069,
          "N" : 164437
        },
        "bw_min" : 728,
        "bw_max" : 22839,
        "bw_agg" : 100.000000,
        "bw_mean" : 11814.073710,
        "bw_dev" : 293.111572,
        "bw_samples" : 1779,
        "iops_min" : 182,
        "iops_max" : 5706,
        "iops_mean" : 2952.719666,
        "iops_stddev" : 73.254631,
        "iops_samples" : 1779
      },
      "write" : {
        "io_bytes" : 0,
        "io_kbytes" : 0,
        "bw_bytes" : 0,
        "bw" : 0,
        "iops" : 0.000000,
        "runtime" : 0,
        "total_ios" : 0,
        "short_ios" : 0,
        "drop_ios" : 0,
        "slat_ns" : {
          "min" : 0,
          "max" : 0,
          "mean" : 0.000000,
          "stddev" : 0.000000,
          "N" : 0
        },
        "clat_ns" : {
          "min" : 0,
          "max" : 0,
          "mean" : 0.000000,
          "stddev" : 0.000000,
          "N" : 0
        },
        "lat_ns" : {
          "min" : 0,
          "max" : 0,
          "mean" : 0.000000,
          "stddev" : 0.000000,
          "N" : 0
        },
        "bw_min" : 0,
        "bw_max" : 0,
        "bw_agg" : 0.000000,
        "bw_mean" : 0.000000,
        "bw_dev" : 0.000000,
        "bw_samples" : 0,
        "iops_min" : 0,
        "iops_max" : 0,
        "iops_mean" : 0.000000,
        "iops_stddev" : 0.000000,
        "iops_samples" : 0
      },
      "trim" : {
        "io_bytes" : 0,
        "io_kbytes" : 0,
        "bw_bytes" : 0,
        "bw" : 0,
        "iops" : 0.000000,
        "runtime" : 0,
        "total_ios" : 0,
        "short_ios" : 0,
        "drop_ios" : 0,
        "slat_ns" : {
          "min" : 0,
          "max" : 0,
          "mean" : 0.000000,
          "stddev" : 0.000000,
          "N" : 0
        },
        "clat_ns" : {
          "min" : 0,
          "max" : 0,
          "mean" : 0.000000,
          "stddev" : 0.000000,
          "N" : 0
        },
        "lat_ns" : {
          "min" : 0,
          "max" : 0,
          "mean" : 0.000000,
          "stddev" : 0.000000,
          "N" : 0
        },
        "bw_min" : 0,
        "bw_max" : 0,
        "bw_agg" : 0.000000,
        "bw_mean" : 0.000000,
        "bw_dev" : 0.000000,
        "bw_samples" : 0,
        "iops_min" : 0,
        "iops_max" : 0,
        "iops_mean" : 0.000000,
        "iops_stddev" : 0.000000,
        "iops_samples" : 0
      },
      "sync" : {
        "total_ios" : 0,
        "lat_ns" : {
          "min" : 0,
          "max" : 0,
          "mean" : 0.000000,
          "stddev" : 0.000000,
          "N" : 0
        }
      },
      "job_runtime" : 960052,
      "usr_cpu" : 0.156658,
      "sys_cpu" : 0.339877,
      "ctx" : 186840,
      "majf" : 0,
      "minf" : 871,
      "iodepth_level" : {
        "1" : 0.100000,
        "2" : 0.100000,
        "4" : 0.100000,
        "8" : 0.100000,
        "16" : 99.854047,
        "32" : 0.000000,
        ">=64" : 0.000000
      },
      "iodepth_submit" : {
        "0" : 0.000000,
        "4" : 100.000000,
        "8" : 0.000000,
        "16" : 0.000000,
        "32" : 0.000000,
        "64" : 0.000000,
        ">=64" : 0.000000
      },
      "iodepth_complete" : {
        "0" : 0.000000,
        "4" : 99.990257,
        "8" : 0.000000,
        "16" : 0.100000,
        "32" : 0.000000,
        "64" : 0.000000,
        ">=64" : 0.000000
      },
      "latency_ns" : {
        "2" : 0.000000,
        "4" : 0.000000,
        "10" : 0.000000,
        "20" : 0.000000,
        "50" : 0.000000,
        "100" : 0.000000,
        "250" : 0.000000,
        "500" : 0.000000,
        "750" : 0.000000,
        "1000" : 0.000000
      },
      "latency_us" : {
        "2" : 0.000000,
        "4" : 0.000000,
        "10" : 0.000000,
        "20" : 0.010000,
        "50" : 0.010000,
        "100" : 0.000000,
        "250" : 0.000000,
        "500" : 0.000000,
        "750" : 0.000000,
        "1000" : 0.000000
      },
      "latency_ms" : {
        "2" : 0.000000,
        "4" : 0.000000,
        "10" : 0.015203,
        "20" : 0.015812,
        "50" : 6.887744,
        "100" : 90.435851,
        "250" : 0.884837,
        "500" : 0.426303,
        "750" : 0.312582,
        "1000" : 0.259066,
        "2000" : 0.517523,
        ">=2000" : 0.235348
      },
      "latency_depth" : 16,
      "latency_target" : 0,
      "latency_percentile" : 100.000000,
      "latency_window" : 0
    }
  ]
}
