{
  "fio version" : "fio-3.29-112-gc3773",
  "timestamp" : 1649808176,
  "timestamp_ms" : 1649808176176,
  "time" : "Wed Apr 13 00:02:56 2022",
  "global options" : {
    "size" : "50M",
    "runtime" : "60",
    "directory" : "/mnt/mfs"
  },
  "jobs" : [
    {
      "jobname" : "iotest",
      "groupid" : 0,
      "error" : 0,
      "eta" : 0,
      "elapsed" : 61,
      "job options" : {
        "rw" : "randread",
        "bs" : "4k",
        "ioengine" : "libaio",
        "iodepth" : "32",
        "numjobs" : "16",
        "direct" : "1",
        "group_reporting" : "1",
        "invalidate" : "1",
        "loops" : "1",
        "write_bw_log" : "./fio-bench-12-04-2022--23-30-08-rand-mfs/randread/mfs/4k/randread-iodepth-32-numjobs-16",
        "write_lat_log" : "./fio-bench-12-04-2022--23-30-08-rand-mfs/randread/mfs/4k/randread-iodepth-32-numjobs-16",
        "write_iops_log" : "./fio-bench-12-04-2022--23-30-08-rand-mfs/randread/mfs/4k/randread-iodepth-32-numjobs-16",
        "log_avg_msec" : "500"
      },
      "read" : {
        "io_bytes" : 681390080,
        "io_kbytes" : 665420,
        "bw_bytes" : 11339492,
        "bw" : 11073,
        "iops" : 2768.430687,
        "runtime" : 60090,
        "total_ios" : 166355,
        "short_ios" : 0,
        "drop_ios" : 0,
        "slat_ns" : {
          "min" : 1409610,
          "max" : 5268275306,
          "mean" : 5757432.749896,
          "stddev" : 49536419.552826,
          "N" : 166355
        },
        "clat_ns" : {
          "min" : 12711,
          "max" : 5739493147,
          "mean" : 177001918.791139,
          "stddev" : 294514595.071158,
          "N" : 166355,
          "percentile" : {
            "1.000000" : 133693440,
            "5.000000" : 143654912,
            "10.000000" : 143654912,
            "20.000000" : 143654912,
            "30.000000" : 145752064,
            "40.000000" : 145752064,
            "50.000000" : 145752064,
            "60.000000" : 145752064,
            "70.000000" : 147849216,
            "80.000000" : 156237824,
            "90.000000" : 156237824,
            "95.000000" : 158334976,
            "99.000000" : 901775360,
            "99.500000" : 2164260864,
            "99.900000" : 4328521728,
            "99.950000" : 5603590144,
            "99.990000" : 5737807872
          }
        },
        "lat_ns" : {
          "min" : 4259907,
          "max" : 5744482897,
          "mean" : 182762333.889754,
          "stddev" : 299745588.276885,
          "N" : 166355
        },
        "bw_min" : 792,
        "bw_max" : 14376,
        "bw_agg" : 100.000000,
        "bw_mean" : 12594.942465,
        "bw_dev" : 166.477572,
        "bw_samples" : 1677,
        "iops_min" : 198,
        "iops_max" : 3594,
        "iops_mean" : 3147.900547,
        "iops_stddev" : 41.609651,
        "iops_samples" : 1677
      },
      "write" : {
        "io_bytes" : 0,
        "io_kbytes" : 0,
        "bw_bytes" : 0,
        "bw" : 0,
        "iops" : 0.000000,
        "runtime" : 0,
        "total_ios" : 0,
        "short_ios" : 0,
        "drop_ios" : 0,
        "slat_ns" : {
          "min" : 0,
          "max" : 0,
          "mean" : 0.000000,
          "stddev" : 0.000000,
          "N" : 0
        },
        "clat_ns" : {
          "min" : 0,
          "max" : 0,
          "mean" : 0.000000,
          "stddev" : 0.000000,
          "N" : 0
        },
        "lat_ns" : {
          "min" : 0,
          "max" : 0,
          "mean" : 0.000000,
          "stddev" : 0.000000,
          "N" : 0
        },
        "bw_min" : 0,
        "bw_max" : 0,
        "bw_agg" : 0.000000,
        "bw_mean" : 0.000000,
        "bw_dev" : 0.000000,
        "bw_samples" : 0,
        "iops_min" : 0,
        "iops_max" : 0,
        "iops_mean" : 0.000000,
        "iops_stddev" : 0.000000,
        "iops_samples" : 0
      },
      "trim" : {
        "io_bytes" : 0,
        "io_kbytes" : 0,
        "bw_bytes" : 0,
        "bw" : 0,
        "iops" : 0.000000,
        "runtime" : 0,
        "total_ios" : 0,
        "short_ios" : 0,
        "drop_ios" : 0,
        "slat_ns" : {
          "min" : 0,
          "max" : 0,
          "mean" : 0.000000,
          "stddev" : 0.000000,
          "N" : 0
        },
        "clat_ns" : {
          "min" : 0,
          "max" : 0,
          "mean" : 0.000000,
          "stddev" : 0.000000,
          "N" : 0
        },
        "lat_ns" : {
          "min" : 0,
          "max" : 0,
          "mean" : 0.000000,
          "stddev" : 0.000000,
          "N" : 0
        },
        "bw_min" : 0,
        "bw_max" : 0,
        "bw_agg" : 0.000000,
        "bw_mean" : 0.000000,
        "bw_dev" : 0.000000,
        "bw_samples" : 0,
        "iops_min" : 0,
        "iops_max" : 0,
        "iops_mean" : 0.000000,
        "iops_stddev" : 0.000000,
        "iops_samples" : 0
      },
      "sync" : {
        "total_ios" : 0,
        "lat_ns" : {
          "min" : 0,
          "max" : 0,
          "mean" : 0.000000,
          "stddev" : 0.000000,
          "N" : 0
        }
      },
      "job_runtime" : 960235,
      "usr_cpu" : 0.166730,
      "sys_cpu" : 0.336793,
      "ctx" : 185725,
      "majf" : 0,
      "minf" : 1147,
      "iodepth_level" : {
        "1" : 0.100000,
        "2" : 0.100000,
        "4" : 0.100000,
        "8" : 0.100000,
        "16" : 0.153888,
        "32" : 99.701842,
        ">=64" : 0.000000
      },
      "iodepth_submit" : {
        "0" : 0.000000,
        "4" : 100.000000,
        "8" : 0.000000,
        "16" : 0.000000,
        "32" : 0.000000,
        "64" : 0.000000,
        ">=64" : 0.000000
      },
      "iodepth_complete" : {
        "0" : 0.000000,
        "4" : 99.990354,
        "8" : 0.000000,
        "16" : 0.000000,
        "32" : 0.100000,
        "64" : 0.000000,
        ">=64" : 0.000000
      },
      "latency_ns" : {
        "2" : 0.000000,
        "4" : 0.000000,
        "10" : 0.000000,
        "20" : 0.000000,
        "50" : 0.000000,
        "100" : 0.000000,
        "250" : 0.000000,
        "500" : 0.000000,
        "750" : 0.000000,
        "1000" : 0.000000
      },
      "latency_us" : {
        "2" : 0.000000,
        "4" : 0.000000,
        "10" : 0.000000,
        "20" : 0.010000,
        "50" : 0.010000,
        "100" : 0.000000,
        "250" : 0.000000,
        "500" : 0.000000,
        "750" : 0.000000,
        "1000" : 0.000000
      },
      "latency_ms" : {
        "2" : 0.000000,
        "4" : 0.000000,
        "10" : 0.012022,
        "20" : 0.016831,
        "50" : 0.043882,
        "100" : 0.076944,
        "250" : 98.079408,
        "500" : 0.428000,
        "750" : 0.198371,
        "1000" : 0.147877,
        "2000" : 0.209191,
        ">=2000" : 0.777855
      },
      "latency_depth" : 32,
      "latency_target" : 0,
      "latency_percentile" : 100.000000,
      "latency_window" : 0
    }
  ]
}
