{
  "fio version" : "fio-3.29-112-gc3773",
  "timestamp" : 1649807342,
  "timestamp_ms" : 1649807342094,
  "time" : "Tue Apr 12 23:49:02 2022",
  "global options" : {
    "size" : "50M",
    "runtime" : "60",
    "directory" : "/mnt/mfs"
  },
  "jobs" : [
    {
      "jobname" : "iotest",
      "groupid" : 0,
      "error" : 0,
      "eta" : 0,
      "elapsed" : 61,
      "job options" : {
        "rw" : "randread",
        "bs" : "4k",
        "ioengine" : "libaio",
        "iodepth" : "4",
        "numjobs" : "16",
        "direct" : "1",
        "group_reporting" : "1",
        "invalidate" : "1",
        "loops" : "1",
        "write_bw_log" : "./fio-bench-12-04-2022--23-30-08-rand-mfs/randread/mfs/4k/randread-iodepth-4-numjobs-16",
        "write_lat_log" : "./fio-bench-12-04-2022--23-30-08-rand-mfs/randread/mfs/4k/randread-iodepth-4-numjobs-16",
        "write_iops_log" : "./fio-bench-12-04-2022--23-30-08-rand-mfs/randread/mfs/4k/randread-iodepth-4-numjobs-16",
        "log_avg_msec" : "500"
      },
      "read" : {
        "io_bytes" : 662585344,
        "io_kbytes" : 647056,
        "bw_bytes" : 11042352,
        "bw" : 10783,
        "iops" : 2695.886941,
        "runtime" : 60004,
        "total_ios" : 161764,
        "short_ios" : 0,
        "drop_ios" : 0,
        "slat_ns" : {
          "min" : 969119,
          "max" : 19179043546,
          "mean" : 5784387.442039,
          "stddev" : 59983709.525465,
          "N" : 161764
        },
        "clat_ns" : {
          "min" : 8381,
          "max" : 19191792400,
          "mean" : 17397017.327465,
          "stddev" : 106161879.429917,
          "N" : 161764,
          "percentile" : {
            "1.000000" : 4751360,
            "5.000000" : 6782976,
            "10.000000" : 10813440,
            "20.000000" : 11993088,
            "30.000000" : 13041664,
            "40.000000" : 13828096,
            "50.000000" : 13959168,
            "60.000000" : 13959168,
            "70.000000" : 14221312,
            "80.000000" : 14483456,
            "90.000000" : 15269888,
            "95.000000" : 16318464,
            "99.000000" : 76021760,
            "99.500000" : 233832448,
            "99.900000" : 616562688,
            "99.950000" : 1753219072,
            "99.990000" : 3774873600
          }
        },
        "lat_ns" : {
          "min" : 3711792,
          "max" : 19196786621,
          "mean" : 23184385.212464,
          "stddev" : 123661062.686070,
          "N" : 161764
        },
        "bw_min" : 1024,
        "bw_max" : 21795,
        "bw_agg" : 100.000000,
        "bw_mean" : 12046.316990,
        "bw_dev" : 319.925085,
        "bw_samples" : 1712,
        "iops_min" : 256,
        "iops_max" : 5448,
        "iops_mean" : 3010.787866,
        "iops_stddev" : 79.957051,
        "iops_samples" : 1712
      },
      "write" : {
        "io_bytes" : 0,
        "io_kbytes" : 0,
        "bw_bytes" : 0,
        "bw" : 0,
        "iops" : 0.000000,
        "runtime" : 0,
        "total_ios" : 0,
        "short_ios" : 0,
        "drop_ios" : 0,
        "slat_ns" : {
          "min" : 0,
          "max" : 0,
          "mean" : 0.000000,
          "stddev" : 0.000000,
          "N" : 0
        },
        "clat_ns" : {
          "min" : 0,
          "max" : 0,
          "mean" : 0.000000,
          "stddev" : 0.000000,
          "N" : 0
        },
        "lat_ns" : {
          "min" : 0,
          "max" : 0,
          "mean" : 0.000000,
          "stddev" : 0.000000,
          "N" : 0
        },
        "bw_min" : 0,
        "bw_max" : 0,
        "bw_agg" : 0.000000,
        "bw_mean" : 0.000000,
        "bw_dev" : 0.000000,
        "bw_samples" : 0,
        "iops_min" : 0,
        "iops_max" : 0,
        "iops_mean" : 0.000000,
        "iops_stddev" : 0.000000,
        "iops_samples" : 0
      },
      "trim" : {
        "io_bytes" : 0,
        "io_kbytes" : 0,
        "bw_bytes" : 0,
        "bw" : 0,
        "iops" : 0.000000,
        "runtime" : 0,
        "total_ios" : 0,
        "short_ios" : 0,
        "drop_ios" : 0,
        "slat_ns" : {
          "min" : 0,
          "max" : 0,
          "mean" : 0.000000,
          "stddev" : 0.000000,
          "N" : 0
        },
        "clat_ns" : {
          "min" : 0,
          "max" : 0,
          "mean" : 0.000000,
          "stddev" : 0.000000,
          "N" : 0
        },
        "lat_ns" : {
          "min" : 0,
          "max" : 0,
          "mean" : 0.000000,
          "stddev" : 0.000000,
          "N" : 0
        },
        "bw_min" : 0,
        "bw_max" : 0,
        "bw_agg" : 0.000000,
        "bw_mean" : 0.000000,
        "bw_dev" : 0.000000,
        "bw_samples" : 0,
        "iops_min" : 0,
        "iops_max" : 0,
        "iops_mean" : 0.000000,
        "iops_stddev" : 0.000000,
        "iops_samples" : 0
      },
      "sync" : {
        "total_ios" : 0,
        "lat_ns" : {
          "min" : 0,
          "max" : 0,
          "mean" : 0.000000,
          "stddev" : 0.000000,
          "N" : 0
        }
      },
      "job_runtime" : 938101,
      "usr_cpu" : 0.157019,
      "sys_cpu" : 0.341221,
      "ctx" : 183521,
      "majf" : 0,
      "minf" : 693,
      "iodepth_level" : {
        "1" : 0.100000,
        "2" : 0.100000,
        "4" : 99.970327,
        "8" : 0.000000,
        "16" : 0.000000,
        "32" : 0.000000,
        ">=64" : 0.000000
      },
      "iodepth_submit" : {
        "0" : 0.000000,
        "4" : 100.000000,
        "8" : 0.000000,
        "16" : 0.000000,
        "32" : 0.000000,
        "64" : 0.000000,
        ">=64" : 0.000000
      },
      "iodepth_complete" : {
        "0" : 0.000000,
        "4" : 100.000000,
        "8" : 0.000000,
        "16" : 0.000000,
        "32" : 0.000000,
        "64" : 0.000000,
        ">=64" : 0.000000
      },
      "latency_ns" : {
        "2" : 0.000000,
        "4" : 0.000000,
        "10" : 0.000000,
        "20" : 0.000000,
        "50" : 0.000000,
        "100" : 0.000000,
        "250" : 0.000000,
        "500" : 0.000000,
        "750" : 0.000000,
        "1000" : 0.000000
      },
      "latency_us" : {
        "2" : 0.000000,
        "4" : 0.000000,
        "10" : 0.010000,
        "20" : 0.010000,
        "50" : 0.000000,
        "100" : 0.000000,
        "250" : 0.000000,
        "500" : 0.000000,
        "750" : 0.000000,
        "1000" : 0.000000
      },
      "latency_ms" : {
        "2" : 0.000000,
        "4" : 0.025346,
        "10" : 7.170940,
        "20" : 90.845924,
        "50" : 0.697312,
        "100" : 0.350511,
        "250" : 0.504439,
        "500" : 0.286219,
        "750" : 0.016691,
        "1000" : 0.027818,
        "2000" : 0.024109,
        ">=2000" : 0.040800
      },
      "latency_depth" : 4,
      "latency_target" : 0,
      "latency_percentile" : 100.000000,
      "latency_window" : 0
    }
  ]
}
