{
  "fio version" : "fio-3.29-112-gc3773",
  "timestamp" : 1649807624,
  "timestamp_ms" : 1649807624316,
  "time" : "Tue Apr 12 23:53:44 2022",
  "global options" : {
    "size" : "50M",
    "runtime" : "60",
    "directory" : "/mnt/mfs"
  },
  "jobs" : [
    {
      "jobname" : "iotest",
      "groupid" : 0,
      "error" : 0,
      "eta" : 0,
      "elapsed" : 61,
      "job options" : {
        "rw" : "randread",
        "bs" : "4k",
        "ioengine" : "libaio",
        "iodepth" : "8",
        "numjobs" : "16",
        "direct" : "1",
        "group_reporting" : "1",
        "invalidate" : "1",
        "loops" : "1",
        "write_bw_log" : "./fio-bench-12-04-2022--23-30-08-rand-mfs/randread/mfs/4k/randread-iodepth-8-numjobs-16",
        "write_lat_log" : "./fio-bench-12-04-2022--23-30-08-rand-mfs/randread/mfs/4k/randread-iodepth-8-numjobs-16",
        "write_iops_log" : "./fio-bench-12-04-2022--23-30-08-rand-mfs/randread/mfs/4k/randread-iodepth-8-numjobs-16",
        "log_avg_msec" : "500"
      },
      "read" : {
        "io_bytes" : 681381888,
        "io_kbytes" : 665412,
        "bw_bytes" : 11354850,
        "bw" : 11088,
        "iops" : 2772.180376,
        "runtime" : 60008,
        "total_ios" : 166353,
        "short_ios" : 0,
        "drop_ios" : 0,
        "slat_ns" : {
          "min" : 1463108,
          "max" : 7836980923,
          "mean" : 5756381.440202,
          "stddev" : 51422518.630350,
          "N" : 166353
        },
        "clat_ns" : {
          "min" : 12013,
          "max" : 11692422073,
          "mean" : 40079759.589235,
          "stddev" : 143123611.304344,
          "N" : 166353,
          "percentile" : {
            "1.000000" : 29753344,
            "5.000000" : 30277632,
            "10.000000" : 31588352,
            "20.000000" : 32636928,
            "30.000000" : 32899072,
            "40.000000" : 32899072,
            "50.000000" : 32899072,
            "60.000000" : 33423360,
            "70.000000" : 34865152,
            "80.000000" : 35389440,
            "90.000000" : 35389440,
            "95.000000" : 35913728,
            "99.000000" : 39059456,
            "99.500000" : 86507520,
            "99.900000" : 2038431744,
            "99.950000" : 3774873600,
            "99.990000" : 5536481280
          }
        },
        "lat_ns" : {
          "min" : 4524118,
          "max" : 11697411404,
          "mean" : 45839092.319297,
          "stddev" : 155840227.459694,
          "N" : 166353
        },
        "bw_min" : 944,
        "bw_max" : 14891,
        "bw_agg" : 100.000000,
        "bw_mean" : 12538.838111,
        "bw_dev" : 164.075597,
        "bw_samples" : 1692,
        "iops_min" : 236,
        "iops_max" : 3722,
        "iops_mean" : 3133.887396,
        "iops_stddev" : 41.007474,
        "iops_samples" : 1692
      },
      "write" : {
        "io_bytes" : 0,
        "io_kbytes" : 0,
        "bw_bytes" : 0,
        "bw" : 0,
        "iops" : 0.000000,
        "runtime" : 0,
        "total_ios" : 0,
        "short_ios" : 0,
        "drop_ios" : 0,
        "slat_ns" : {
          "min" : 0,
          "max" : 0,
          "mean" : 0.000000,
          "stddev" : 0.000000,
          "N" : 0
        },
        "clat_ns" : {
          "min" : 0,
          "max" : 0,
          "mean" : 0.000000,
          "stddev" : 0.000000,
          "N" : 0
        },
        "lat_ns" : {
          "min" : 0,
          "max" : 0,
          "mean" : 0.000000,
          "stddev" : 0.000000,
          "N" : 0
        },
        "bw_min" : 0,
        "bw_max" : 0,
        "bw_agg" : 0.000000,
        "bw_mean" : 0.000000,
        "bw_dev" : 0.000000,
        "bw_samples" : 0,
        "iops_min" : 0,
        "iops_max" : 0,
        "iops_mean" : 0.000000,
        "iops_stddev" : 0.000000,
        "iops_samples" : 0
      },
      "trim" : {
        "io_bytes" : 0,
        "io_kbytes" : 0,
        "bw_bytes" : 0,
        "bw" : 0,
        "iops" : 0.000000,
        "runtime" : 0,
        "total_ios" : 0,
        "short_ios" : 0,
        "drop_ios" : 0,
        "slat_ns" : {
          "min" : 0,
          "max" : 0,
          "mean" : 0.000000,
          "stddev" : 0.000000,
          "N" : 0
        },
        "clat_ns" : {
          "min" : 0,
          "max" : 0,
          "mean" : 0.000000,
          "stddev" : 0.000000,
          "N" : 0
        },
        "lat_ns" : {
          "min" : 0,
          "max" : 0,
          "mean" : 0.000000,
          "stddev" : 0.000000,
          "N" : 0
        },
        "bw_min" : 0,
        "bw_max" : 0,
        "bw_agg" : 0.000000,
        "bw_mean" : 0.000000,
        "bw_dev" : 0.000000,
        "bw_samples" : 0,
        "iops_min" : 0,
        "iops_max" : 0,
        "iops_mean" : 0.000000,
        "iops_stddev" : 0.000000,
        "iops_samples" : 0
      },
      "sync" : {
        "total_ios" : 0,
        "lat_ns" : {
          "min" : 0,
          "max" : 0,
          "mean" : 0.000000,
          "stddev" : 0.000000,
          "N" : 0
        }
      },
      "job_runtime" : 960043,
      "usr_cpu" : 0.155514,
      "sys_cpu" : 0.345193,
      "ctx" : 186164,
      "majf" : 0,
      "minf" : 760,
      "iodepth_level" : {
        "1" : 0.100000,
        "2" : 0.100000,
        "4" : 0.100000,
        "8" : 99.932673,
        "16" : 0.000000,
        "32" : 0.000000,
        ">=64" : 0.000000
      },
      "iodepth_submit" : {
        "0" : 0.000000,
        "4" : 100.000000,
        "8" : 0.000000,
        "16" : 0.000000,
        "32" : 0.000000,
        "64" : 0.000000,
        ">=64" : 0.000000
      },
      "iodepth_complete" : {
        "0" : 0.000000,
        "4" : 99.990376,
        "8" : 0.100000,
        "16" : 0.000000,
        "32" : 0.000000,
        "64" : 0.000000,
        ">=64" : 0.000000
      },
      "latency_ns" : {
        "2" : 0.000000,
        "4" : 0.000000,
        "10" : 0.000000,
        "20" : 0.000000,
        "50" : 0.000000,
        "100" : 0.000000,
        "250" : 0.000000,
        "500" : 0.000000,
        "750" : 0.000000,
        "1000" : 0.000000
      },
      "latency_us" : {
        "2" : 0.000000,
        "4" : 0.000000,
        "10" : 0.000000,
        "20" : 0.010000,
        "50" : 0.000000,
        "100" : 0.010000,
        "250" : 0.000000,
        "500" : 0.000000,
        "750" : 0.000000,
        "1000" : 0.000000
      },
      "latency_ms" : {
        "2" : 0.000000,
        "4" : 0.000000,
        "10" : 0.015629,
        "20" : 0.015629,
        "50" : 99.403077,
        "100" : 0.075743,
        "250" : 0.048091,
        "500" : 0.119625,
        "750" : 0.107603,
        "1000" : 0.011421,
        "2000" : 0.043281,
        ">=2000" : 0.150283
      },
      "latency_depth" : 8,
      "latency_target" : 0,
      "latency_percentile" : 100.000000,
      "latency_window" : 0
    }
  ]
}
