{
  "fio version" : "fio-3.29-112-gc3773",
  "timestamp" : 1649808297,
  "timestamp_ms" : 1649808297113,
  "time" : "Wed Apr 13 00:04:57 2022",
  "global options" : {
    "size" : "50M",
    "runtime" : "60",
    "directory" : "/mnt/mfs"
  },
  "jobs" : [
    {
      "jobname" : "iotest",
      "groupid" : 0,
      "error" : 0,
      "eta" : 0,
      "elapsed" : 61,
      "job options" : {
        "rw" : "randread",
        "bs" : "4k",
        "ioengine" : "libaio",
        "iodepth" : "32",
        "numjobs" : "64",
        "direct" : "1",
        "group_reporting" : "1",
        "invalidate" : "1",
        "loops" : "1",
        "write_bw_log" : "./fio-bench-12-04-2022--23-30-08-rand-mfs/randread/mfs/4k/randread-iodepth-32-numjobs-64",
        "write_lat_log" : "./fio-bench-12-04-2022--23-30-08-rand-mfs/randread/mfs/4k/randread-iodepth-32-numjobs-64",
        "write_iops_log" : "./fio-bench-12-04-2022--23-30-08-rand-mfs/randread/mfs/4k/randread-iodepth-32-numjobs-64",
        "log_avg_msec" : "500"
      },
      "read" : {
        "io_bytes" : 682213376,
        "io_kbytes" : 666224,
        "bw_bytes" : 11365676,
        "bw" : 11099,
        "iops" : 2774.823404,
        "runtime" : 60024,
        "total_ios" : 166556,
        "short_ios" : 0,
        "drop_ios" : 0,
        "slat_ns" : {
          "min" : 3456102,
          "max" : 349994081,
          "mean" : 23037395.718557,
          "stddev" : 8175919.896269,
          "N" : 166556
        },
        "clat_ns" : {
          "min" : 10756,
          "max" : 3663009461,
          "mean" : 710470350.080586,
          "stddev" : 182756601.934470,
          "N" : 166556,
          "percentile" : {
            "1.000000" : 442499072,
            "5.000000" : 574619648,
            "10.000000" : 591396864,
            "20.000000" : 650117120,
            "30.000000" : 700448768,
            "40.000000" : 700448768,
            "50.000000" : 708837376,
            "60.000000" : 717225984,
            "70.000000" : 717225984,
            "80.000000" : 725614592,
            "90.000000" : 742391808,
            "95.000000" : 775946240,
            "99.000000" : 1434451968,
            "99.500000" : 2122317824,
            "99.900000" : 3036676096,
            "99.950000" : 3238002688,
            "99.990000" : 3439329280
          }
        },
        "lat_ns" : {
          "min" : 19900750,
          "max" : 3717840763,
          "mean" : 733512041.495941,
          "stddev" : 187409601.099030,
          "N" : 166556
        },
        "bw_min" : 3918,
        "bw_max" : 15261,
        "bw_agg" : 99.645987,
        "bw_mean" : 11060.520652,
        "bw_dev" : 28.392665,
        "bw_samples" : 7607,
        "iops_min" : 966,
        "iops_max" : 3813,
        "iops_mean" : 2764.539026,
        "iops_stddev" : 7.109923,
        "iops_samples" : 7607
      },
      "write" : {
        "io_bytes" : 0,
        "io_kbytes" : 0,
        "bw_bytes" : 0,
        "bw" : 0,
        "iops" : 0.000000,
        "runtime" : 0,
        "total_ios" : 0,
        "short_ios" : 0,
        "drop_ios" : 0,
        "slat_ns" : {
          "min" : 0,
          "max" : 0,
          "mean" : 0.000000,
          "stddev" : 0.000000,
          "N" : 0
        },
        "clat_ns" : {
          "min" : 0,
          "max" : 0,
          "mean" : 0.000000,
          "stddev" : 0.000000,
          "N" : 0
        },
        "lat_ns" : {
          "min" : 0,
          "max" : 0,
          "mean" : 0.000000,
          "stddev" : 0.000000,
          "N" : 0
        },
        "bw_min" : 0,
        "bw_max" : 0,
        "bw_agg" : 0.000000,
        "bw_mean" : 0.000000,
        "bw_dev" : 0.000000,
        "bw_samples" : 0,
        "iops_min" : 0,
        "iops_max" : 0,
        "iops_mean" : 0.000000,
        "iops_stddev" : 0.000000,
        "iops_samples" : 0
      },
      "trim" : {
        "io_bytes" : 0,
        "io_kbytes" : 0,
        "bw_bytes" : 0,
        "bw" : 0,
        "iops" : 0.000000,
        "runtime" : 0,
        "total_ios" : 0,
        "short_ios" : 0,
        "drop_ios" : 0,
        "slat_ns" : {
          "min" : 0,
          "max" : 0,
          "mean" : 0.000000,
          "stddev" : 0.000000,
          "N" : 0
        },
        "clat_ns" : {
          "min" : 0,
          "max" : 0,
          "mean" : 0.000000,
          "stddev" : 0.000000,
          "N" : 0
        },
        "lat_ns" : {
          "min" : 0,
          "max" : 0,
          "mean" : 0.000000,
          "stddev" : 0.000000,
          "N" : 0
        },
        "bw_min" : 0,
        "bw_max" : 0,
        "bw_agg" : 0.000000,
        "bw_mean" : 0.000000,
        "bw_dev" : 0.000000,
        "bw_samples" : 0,
        "iops_min" : 0,
        "iops_max" : 0,
        "iops_mean" : 0.000000,
        "iops_stddev" : 0.000000,
        "iops_samples" : 0
      },
      "sync" : {
        "total_ios" : 0,
        "lat_ns" : {
          "min" : 0,
          "max" : 0,
          "mean" : 0.000000,
          "stddev" : 0.000000,
          "N" : 0
        }
      },
      "job_runtime" : 3840744,
      "usr_cpu" : 0.050771,
      "sys_cpu" : 0.090269,
      "ctx" : 235542,
      "majf" : 0,
      "minf" : 4554,
      "iodepth_level" : {
        "1" : 0.100000,
        "2" : 0.100000,
        "4" : 0.153702,
        "8" : 0.307404,
        "16" : 0.614808,
        "32" : 98.808809,
        ">=64" : 0.000000
      },
      "iodepth_submit" : {
        "0" : 0.000000,
        "4" : 100.000000,
        "8" : 0.000000,
        "16" : 0.000000,
        "32" : 0.000000,
        "64" : 0.000000,
        ">=64" : 0.000000
      },
      "iodepth_complete" : {
        "0" : 0.000000,
        "4" : 99.961126,
        "8" : 0.000000,
        "16" : 0.000000,
        "32" : 0.100000,
        "64" : 0.000000,
        ">=64" : 0.000000
      },
      "latency_ns" : {
        "2" : 0.000000,
        "4" : 0.000000,
        "10" : 0.000000,
        "20" : 0.000000,
        "50" : 0.000000,
        "100" : 0.000000,
        "250" : 0.000000,
        "500" : 0.000000,
        "750" : 0.000000,
        "1000" : 0.000000
      },
      "latency_us" : {
        "2" : 0.000000,
        "4" : 0.000000,
        "10" : 0.000000,
        "20" : 0.036624,
        "50" : 0.010000,
        "100" : 0.000000,
        "250" : 0.000000,
        "500" : 0.000000,
        "750" : 0.010000,
        "1000" : 0.000000
      },
      "latency_ms" : {
        "2" : 0.000000,
        "4" : 0.000000,
        "10" : 0.000000,
        "20" : 0.010000,
        "50" : 0.074449,
        "100" : 0.078052,
        "250" : 0.237157,
        "500" : 0.797329,
        "750" : 89.939720,
        "1000" : 6.836740,
        "2000" : 1.428949,
        ">=2000" : 0.568578
      },
      "latency_depth" : 32,
      "latency_target" : 0,
      "latency_percentile" : 100.000000,
      "latency_window" : 0
    }
  ]
}
