{
  "fio version" : "fio-3.29-112-gc3773",
  "timestamp" : 1649808450,
  "timestamp_ms" : 1649808450914,
  "time" : "Wed Apr 13 00:07:30 2022",
  "global options" : {
    "size" : "50M",
    "runtime" : "60",
    "directory" : "/mnt/mfs"
  },
  "jobs" : [
    {
      "jobname" : "iotest",
      "groupid" : 0,
      "error" : 0,
      "eta" : 0,
      "elapsed" : 61,
      "job options" : {
        "rw" : "randread",
        "bs" : "4k",
        "ioengine" : "libaio",
        "iodepth" : "64",
        "numjobs" : "16",
        "direct" : "1",
        "group_reporting" : "1",
        "invalidate" : "1",
        "loops" : "1",
        "write_bw_log" : "./fio-bench-12-04-2022--23-30-08-rand-mfs/randread/mfs/4k/randread-iodepth-64-numjobs-16",
        "write_lat_log" : "./fio-bench-12-04-2022--23-30-08-rand-mfs/randread/mfs/4k/randread-iodepth-64-numjobs-16",
        "write_iops_log" : "./fio-bench-12-04-2022--23-30-08-rand-mfs/randread/mfs/4k/randread-iodepth-64-numjobs-16",
        "log_avg_msec" : "500"
      },
      "read" : {
        "io_bytes" : 673996800,
        "io_kbytes" : 658200,
        "bw_bytes" : 11226170,
        "bw" : 10963,
        "iops" : 2740.764183,
        "runtime" : 60038,
        "total_ios" : 164550,
        "short_ios" : 0,
        "drop_ios" : 0,
        "slat_ns" : {
          "min" : 1111037,
          "max" : 3824656650,
          "mean" : 5820014.886126,
          "stddev" : 37687268.269218,
          "N" : 164550
        },
        "clat_ns" : {
          "min" : 13061,
          "max" : 6798145800,
          "mean" : 365525220.846776,
          "stddev" : 386428026.102468,
          "N" : 164550,
          "percentile" : {
            "1.000000" : 139460608,
            "5.000000" : 208666624,
            "10.000000" : 250609664,
            "20.000000" : 274726912,
            "30.000000" : 291504128,
            "40.000000" : 295698432,
            "50.000000" : 295698432,
            "60.000000" : 299892736,
            "70.000000" : 316669952,
            "80.000000" : 316669952,
            "90.000000" : 325058560,
            "95.000000" : 700448768,
            "99.000000" : 2332033024,
            "99.500000" : 3103784960,
            "99.900000" : 4529848320,
            "99.950000" : 4932501504,
            "99.990000" : 6140461056
          }
        },
        "lat_ns" : {
          "min" : 4057297,
          "max" : 6852538008,
          "mean" : 371348207.998140,
          "stddev" : 390172577.938978,
          "N" : 164550
        },
        "bw_min" : 800,
        "bw_max" : 22190,
        "bw_agg" : 100.000000,
        "bw_mean" : 11888.352557,
        "bw_dev" : 269.253992,
        "bw_samples" : 1756,
        "iops_min" : 200,
        "iops_max" : 5546,
        "iops_mean" : 2971.259032,
        "iops_stddev" : 67.290386,
        "iops_samples" : 1756
      },
      "write" : {
        "io_bytes" : 0,
        "io_kbytes" : 0,
        "bw_bytes" : 0,
        "bw" : 0,
        "iops" : 0.000000,
        "runtime" : 0,
        "total_ios" : 0,
        "short_ios" : 0,
        "drop_ios" : 0,
        "slat_ns" : {
          "min" : 0,
          "max" : 0,
          "mean" : 0.000000,
          "stddev" : 0.000000,
          "N" : 0
        },
        "clat_ns" : {
          "min" : 0,
          "max" : 0,
          "mean" : 0.000000,
          "stddev" : 0.000000,
          "N" : 0
        },
        "lat_ns" : {
          "min" : 0,
          "max" : 0,
          "mean" : 0.000000,
          "stddev" : 0.000000,
          "N" : 0
        },
        "bw_min" : 0,
        "bw_max" : 0,
        "bw_agg" : 0.000000,
        "bw_mean" : 0.000000,
        "bw_dev" : 0.000000,
        "bw_samples" : 0,
        "iops_min" : 0,
        "iops_max" : 0,
        "iops_mean" : 0.000000,
        "iops_stddev" : 0.000000,
        "iops_samples" : 0
      },
      "trim" : {
        "io_bytes" : 0,
        "io_kbytes" : 0,
        "bw_bytes" : 0,
        "bw" : 0,
        "iops" : 0.000000,
        "runtime" : 0,
        "total_ios" : 0,
        "short_ios" : 0,
        "drop_ios" : 0,
        "slat_ns" : {
          "min" : 0,
          "max" : 0,
          "mean" : 0.000000,
          "stddev" : 0.000000,
          "N" : 0
        },
        "clat_ns" : {
          "min" : 0,
          "max" : 0,
          "mean" : 0.000000,
          "stddev" : 0.000000,
          "N" : 0
        },
        "lat_ns" : {
          "min" : 0,
          "max" : 0,
          "mean" : 0.000000,
          "stddev" : 0.000000,
          "N" : 0
        },
        "bw_min" : 0,
        "bw_max" : 0,
        "bw_agg" : 0.000000,
        "bw_mean" : 0.000000,
        "bw_dev" : 0.000000,
        "bw_samples" : 0,
        "iops_min" : 0,
        "iops_max" : 0,
        "iops_mean" : 0.000000,
        "iops_stddev" : 0.000000,
        "iops_samples" : 0
      },
      "sync" : {
        "total_ios" : 0,
        "lat_ns" : {
          "min" : 0,
          "max" : 0,
          "mean" : 0.000000,
          "stddev" : 0.000000,
          "N" : 0
        }
      },
      "job_runtime" : 960134,
      "usr_cpu" : 0.166852,
      "sys_cpu" : 0.332662,
      "ctx" : 185601,
      "majf" : 0,
      "minf" : 1651,
      "iodepth_level" : {
        "1" : 0.100000,
        "2" : 0.100000,
        "4" : 0.100000,
        "8" : 0.100000,
        "16" : 0.155576,
        "32" : 0.311152,
        ">=64" : 99.387420
      },
      "iodepth_submit" : {
        "0" : 0.000000,
        "4" : 100.000000,
        "8" : 0.000000,
        "16" : 0.000000,
        "32" : 0.000000,
        "64" : 0.000000,
        ">=64" : 0.000000
      },
      "iodepth_complete" : {
        "0" : 0.000000,
        "4" : 99.990218,
        "8" : 0.000000,
        "16" : 0.000000,
        "32" : 0.000000,
        "64" : 0.100000,
        ">=64" : 0.000000
      },
      "latency_ns" : {
        "2" : 0.000000,
        "4" : 0.000000,
        "10" : 0.000000,
        "20" : 0.000000,
        "50" : 0.000000,
        "100" : 0.000000,
        "250" : 0.000000,
        "500" : 0.000000,
        "750" : 0.000000,
        "1000" : 0.000000
      },
      "latency_us" : {
        "2" : 0.000000,
        "4" : 0.000000,
        "10" : 0.000000,
        "20" : 0.010000,
        "50" : 0.010000,
        "100" : 0.000000,
        "250" : 0.000000,
        "500" : 0.000000,
        "750" : 0.000000,
        "1000" : 0.000000
      },
      "latency_ms" : {
        "2" : 0.000000,
        "4" : 0.000000,
        "10" : 0.013978,
        "20" : 0.015801,
        "50" : 0.048010,
        "100" : 0.102704,
        "250" : 9.759344,
        "500" : 83.668794,
        "750" : 1.764813,
        "1000" : 1.104831,
        "2000" : 1.750228,
        ">=2000" : 1.761775
      },
      "latency_depth" : 64,
      "latency_target" : 0,
      "latency_percentile" : 100.000000,
      "latency_window" : 0
    }
  ]
}
