{
  "fio version" : "fio-3.29-112-gc3773",
  "timestamp" : 1649808020,
  "timestamp_ms" : 1649808020646,
  "time" : "Wed Apr 13 00:00:20 2022",
  "global options" : {
    "size" : "50M",
    "runtime" : "60",
    "directory" : "/mnt/mfs"
  },
  "jobs" : [
    {
      "jobname" : "iotest",
      "groupid" : 0,
      "error" : 0,
      "eta" : 0,
      "elapsed" : 61,
      "job options" : {
        "rw" : "randread",
        "bs" : "4k",
        "ioengine" : "libaio",
        "iodepth" : "16",
        "numjobs" : "64",
        "direct" : "1",
        "group_reporting" : "1",
        "invalidate" : "1",
        "loops" : "1",
        "write_bw_log" : "./fio-bench-12-04-2022--23-30-08-rand-mfs/randread/mfs/4k/randread-iodepth-16-numjobs-64",
        "write_lat_log" : "./fio-bench-12-04-2022--23-30-08-rand-mfs/randread/mfs/4k/randread-iodepth-16-numjobs-64",
        "write_iops_log" : "./fio-bench-12-04-2022--23-30-08-rand-mfs/randread/mfs/4k/randread-iodepth-16-numjobs-64",
        "log_avg_msec" : "500"
      },
      "read" : {
        "io_bytes" : 682205184,
        "io_kbytes" : 666216,
        "bw_bytes" : 11362511,
        "bw" : 11096,
        "iops" : 2774.050633,
        "runtime" : 60040,
        "total_ios" : 166554,
        "short_ios" : 0,
        "drop_ios" : 0,
        "slat_ns" : {
          "min" : 3474540,
          "max" : 686785227,
          "mean" : 23036260.696963,
          "stddev" : 4332684.471246,
          "N" : 166554
        },
        "clat_ns" : {
          "min" : 11384,
          "max" : 1022416574,
          "mean" : 344840770.949229,
          "stddev" : 28674422.551435,
          "N" : 166554,
          "percentile" : {
            "1.000000" : 287309824,
            "5.000000" : 333447168,
            "10.000000" : 337641472,
            "20.000000" : 337641472,
            "30.000000" : 341835776,
            "40.000000" : 341835776,
            "50.000000" : 346030080,
            "60.000000" : 346030080,
            "70.000000" : 350224384,
            "80.000000" : 350224384,
            "90.000000" : 354418688,
            "95.000000" : 358612992,
            "99.000000" : 387973120,
            "99.500000" : 429916160,
            "99.900000" : 616562688,
            "99.950000" : 750780416,
            "99.990000" : 1010827264
          }
        },
        "lat_ns" : {
          "min" : 17358803,
          "max" : 1045232715,
          "mean" : 367881394.725242,
          "stddev" : 29547140.580122,
          "N" : 166554
        },
        "bw_min" : 2996,
        "bw_max" : 13720,
        "bw_agg" : 99.421404,
        "bw_mean" : 11032.990896,
        "bw_dev" : 15.240517,
        "bw_samples" : 7663,
        "iops_min" : 740,
        "iops_max" : 3430,
        "iops_mean" : 2757.915686,
        "iops_stddev" : 3.820413,
        "iops_samples" : 7663
      },
      "write" : {
        "io_bytes" : 0,
        "io_kbytes" : 0,
        "bw_bytes" : 0,
        "bw" : 0,
        "iops" : 0.000000,
        "runtime" : 0,
        "total_ios" : 0,
        "short_ios" : 0,
        "drop_ios" : 0,
        "slat_ns" : {
          "min" : 0,
          "max" : 0,
          "mean" : 0.000000,
          "stddev" : 0.000000,
          "N" : 0
        },
        "clat_ns" : {
          "min" : 0,
          "max" : 0,
          "mean" : 0.000000,
          "stddev" : 0.000000,
          "N" : 0
        },
        "lat_ns" : {
          "min" : 0,
          "max" : 0,
          "mean" : 0.000000,
          "stddev" : 0.000000,
          "N" : 0
        },
        "bw_min" : 0,
        "bw_max" : 0,
        "bw_agg" : 0.000000,
        "bw_mean" : 0.000000,
        "bw_dev" : 0.000000,
        "bw_samples" : 0,
        "iops_min" : 0,
        "iops_max" : 0,
        "iops_mean" : 0.000000,
        "iops_stddev" : 0.000000,
        "iops_samples" : 0
      },
      "trim" : {
        "io_bytes" : 0,
        "io_kbytes" : 0,
        "bw_bytes" : 0,
        "bw" : 0,
        "iops" : 0.000000,
        "runtime" : 0,
        "total_ios" : 0,
        "short_ios" : 0,
        "drop_ios" : 0,
        "slat_ns" : {
          "min" : 0,
          "max" : 0,
          "mean" : 0.000000,
          "stddev" : 0.000000,
          "N" : 0
        },
        "clat_ns" : {
          "min" : 0,
          "max" : 0,
          "mean" : 0.000000,
          "stddev" : 0.000000,
          "N" : 0
        },
        "lat_ns" : {
          "min" : 0,
          "max" : 0,
          "mean" : 0.000000,
          "stddev" : 0.000000,
          "N" : 0
        },
        "bw_min" : 0,
        "bw_max" : 0,
        "bw_agg" : 0.000000,
        "bw_mean" : 0.000000,
        "bw_dev" : 0.000000,
        "bw_samples" : 0,
        "iops_min" : 0,
        "iops_max" : 0,
        "iops_mean" : 0.000000,
        "iops_stddev" : 0.000000,
        "iops_samples" : 0
      },
      "sync" : {
        "total_ios" : 0,
        "lat_ns" : {
          "min" : 0,
          "max" : 0,
          "mean" : 0.000000,
          "stddev" : 0.000000,
          "N" : 0
        }
      },
      "job_runtime" : 3840703,
      "usr_cpu" : 0.048116,
      "sys_cpu" : 0.092066,
      "ctx" : 240377,
      "majf" : 0,
      "minf" : 3669,
      "iodepth_level" : {
        "1" : 0.100000,
        "2" : 0.100000,
        "4" : 0.153704,
        "8" : 0.307408,
        "16" : 99.423610,
        "32" : 0.000000,
        ">=64" : 0.000000
      },
      "iodepth_submit" : {
        "0" : 0.000000,
        "4" : 100.000000,
        "8" : 0.000000,
        "16" : 0.000000,
        "32" : 0.000000,
        "64" : 0.000000,
        ">=64" : 0.000000
      },
      "iodepth_complete" : {
        "0" : 0.000000,
        "4" : 99.961366,
        "8" : 0.000000,
        "16" : 0.100000,
        "32" : 0.000000,
        "64" : 0.000000,
        ">=64" : 0.000000
      },
      "latency_ns" : {
        "2" : 0.000000,
        "4" : 0.000000,
        "10" : 0.000000,
        "20" : 0.000000,
        "50" : 0.000000,
        "100" : 0.000000,
        "250" : 0.000000,
        "500" : 0.000000,
        "750" : 0.000000,
        "1000" : 0.000000
      },
      "latency_us" : {
        "2" : 0.000000,
        "4" : 0.000000,
        "10" : 0.000000,
        "20" : 0.036625,
        "50" : 0.010000,
        "100" : 0.000000,
        "250" : 0.000000,
        "500" : 0.000000,
        "750" : 0.000000,
        "1000" : 0.000000
      },
      "latency_ms" : {
        "2" : 0.000000,
        "4" : 0.000000,
        "10" : 0.000000,
        "20" : 0.022215,
        "50" : 0.036024,
        "100" : 0.093063,
        "250" : 0.610613,
        "500" : 98.923472,
        "750" : 0.226353,
        "1000" : 0.022215,
        "2000" : 0.027619,
        ">=2000" : 0.000000
      },
      "latency_depth" : 16,
      "latency_target" : 0,
      "latency_percentile" : 100.000000,
      "latency_window" : 0
    }
  ]
}
