{
  "fio version" : "fio-3.29-112-gc3773",
  "timestamp" : 1649352705,
  "timestamp_ms" : 1649352705890,
  "time" : "Thu Apr  7 17:31:45 2022",
  "global options" : {
    "size" : "50M",
    "runtime" : "60",
    "directory" : "/mnt/gfs"
  },
  "jobs" : [
    {
      "jobname" : "iotest",
      "groupid" : 0,
      "error" : 0,
      "eta" : 0,
      "elapsed" : 61,
      "job options" : {
        "rw" : "randwrite",
        "bs" : "4k",
        "ioengine" : "libaio",
        "iodepth" : "2",
        "numjobs" : "64",
        "direct" : "1",
        "group_reporting" : "1",
        "invalidate" : "1",
        "loops" : "1",
        "write_bw_log" : "./fio-bench-07-04-2022--16-25-57-rand-gfs/randwrite/gfs/4k/randwrite-iodepth-2-numjobs-64",
        "write_lat_log" : "./fio-bench-07-04-2022--16-25-57-rand-gfs/randwrite/gfs/4k/randwrite-iodepth-2-numjobs-64",
        "write_iops_log" : "./fio-bench-07-04-2022--16-25-57-rand-gfs/randwrite/gfs/4k/randwrite-iodepth-2-numjobs-64",
        "log_avg_msec" : "500"
      },
      "read" : {
        "io_bytes" : 0,
        "io_kbytes" : 0,
        "bw_bytes" : 0,
        "bw" : 0,
        "iops" : 0.000000,
        "runtime" : 0,
        "total_ios" : 0,
        "short_ios" : 0,
        "drop_ios" : 0,
        "slat_ns" : {
          "min" : 0,
          "max" : 0,
          "mean" : 0.000000,
          "stddev" : 0.000000,
          "N" : 0
        },
        "clat_ns" : {
          "min" : 0,
          "max" : 0,
          "mean" : 0.000000,
          "stddev" : 0.000000,
          "N" : 0
        },
        "lat_ns" : {
          "min" : 0,
          "max" : 0,
          "mean" : 0.000000,
          "stddev" : 0.000000,
          "N" : 0
        },
        "bw_min" : 0,
        "bw_max" : 0,
        "bw_agg" : 0.000000,
        "bw_mean" : 0.000000,
        "bw_dev" : 0.000000,
        "bw_samples" : 0,
        "iops_min" : 0,
        "iops_max" : 0,
        "iops_mean" : 0.000000,
        "iops_stddev" : 0.000000,
        "iops_samples" : 0
      },
      "write" : {
        "io_bytes" : 160153600,
        "io_kbytes" : 156400,
        "bw_bytes" : 2660977,
        "bw" : 2598,
        "iops" : 649.652743,
        "runtime" : 60186,
        "total_ios" : 39100,
        "short_ios" : 0,
        "drop_ios" : 0,
        "slat_ns" : {
          "min" : 26470,
          "max" : 1064719441,
          "mean" : 73837592.021662,
          "stddev" : 33644077.118830,
          "N" : 39100
        },
        "clat_ns" : {
          "min" : 3718926,
          "max" : 1874834897,
          "mean" : 122756420.727852,
          "stddev" : 155019529.746704,
          "N" : 39100,
          "percentile" : {
            "1.000000" : 42205184,
            "5.000000" : 58982400,
            "10.000000" : 60030976,
            "20.000000" : 72876032,
            "30.000000" : 74973184,
            "40.000000" : 77070336,
            "50.000000" : 126353408,
            "60.000000" : 131596288,
            "70.000000" : 135266304,
            "80.000000" : 139460608,
            "90.000000" : 141557760,
            "95.000000" : 145752064,
            "99.000000" : 1149239296,
            "99.500000" : 1535115264,
            "99.900000" : 1786773504,
            "99.950000" : 1803550720,
            "99.990000" : 1853882368
          }
        },
        "lat_ns" : {
          "min" : 7839370,
          "max" : 1948624500,
          "mean" : 196598566.589335,
          "stddev" : 161951530.555277,
          "N" : 39100
        },
        "bw_min" : 584,
        "bw_max" : 4624,
        "bw_agg" : 100.000000,
        "bw_mean" : 2772.299162,
        "bw_dev" : 10.435530,
        "bw_samples" : 7183,
        "iops_min" : 146,
        "iops_max" : 1156,
        "iops_mean" : 692.754376,
        "iops_stddev" : 2.608989,
        "iops_samples" : 7183
      },
      "trim" : {
        "io_bytes" : 0,
        "io_kbytes" : 0,
        "bw_bytes" : 0,
        "bw" : 0,
        "iops" : 0.000000,
        "runtime" : 0,
        "total_ios" : 0,
        "short_ios" : 0,
        "drop_ios" : 0,
        "slat_ns" : {
          "min" : 0,
          "max" : 0,
          "mean" : 0.000000,
          "stddev" : 0.000000,
          "N" : 0
        },
        "clat_ns" : {
          "min" : 0,
          "max" : 0,
          "mean" : 0.000000,
          "stddev" : 0.000000,
          "N" : 0
        },
        "lat_ns" : {
          "min" : 0,
          "max" : 0,
          "mean" : 0.000000,
          "stddev" : 0.000000,
          "N" : 0
        },
        "bw_min" : 0,
        "bw_max" : 0,
        "bw_agg" : 0.000000,
        "bw_mean" : 0.000000,
        "bw_dev" : 0.000000,
        "bw_samples" : 0,
        "iops_min" : 0,
        "iops_max" : 0,
        "iops_mean" : 0.000000,
        "iops_stddev" : 0.000000,
        "iops_samples" : 0
      },
      "sync" : {
        "total_ios" : 0,
        "lat_ns" : {
          "min" : 0,
          "max" : 0,
          "mean" : 0.000000,
          "stddev" : 0.000000,
          "N" : 0
        }
      },
      "job_runtime" : 3847395,
      "usr_cpu" : 0.024666,
      "sys_cpu" : 0.028331,
      "ctx" : 97885,
      "majf" : 0,
      "minf" : 2437,
      "iodepth_level" : {
        "1" : 0.163683,
        "2" : 99.836317,
        "4" : 0.000000,
        "8" : 0.000000,
        "16" : 0.000000,
        "32" : 0.000000,
        ">=64" : 0.000000
      },
      "iodepth_submit" : {
        "0" : 0.000000,
        "4" : 100.000000,
        "8" : 0.000000,
        "16" : 0.000000,
        "32" : 0.000000,
        "64" : 0.000000,
        ">=64" : 0.000000
      },
      "iodepth_complete" : {
        "0" : 0.000000,
        "4" : 100.000000,
        "8" : 0.000000,
        "16" : 0.000000,
        "32" : 0.000000,
        "64" : 0.000000,
        ">=64" : 0.000000
      },
      "latency_ns" : {
        "2" : 0.000000,
        "4" : 0.000000,
        "10" : 0.000000,
        "20" : 0.000000,
        "50" : 0.000000,
        "100" : 0.000000,
        "250" : 0.000000,
        "500" : 0.000000,
        "750" : 0.000000,
        "1000" : 0.000000
      },
      "latency_us" : {
        "2" : 0.000000,
        "4" : 0.000000,
        "10" : 0.000000,
        "20" : 0.000000,
        "50" : 0.000000,
        "100" : 0.000000,
        "250" : 0.000000,
        "500" : 0.000000,
        "750" : 0.000000,
        "1000" : 0.000000
      },
      "latency_ms" : {
        "2" : 0.000000,
        "4" : 0.084399,
        "10" : 0.225064,
        "20" : 0.107417,
        "50" : 0.936061,
        "100" : 44.595908,
        "250" : 52.514066,
        "500" : 0.107417,
        "750" : 0.066496,
        "1000" : 0.156010,
        "2000" : 1.207161,
        ">=2000" : 0.000000
      },
      "latency_depth" : 2,
      "latency_target" : 0,
      "latency_percentile" : 100.000000,
      "latency_window" : 0
    }
  ]
}
