{
  "fio version" : "fio-3.29-112-gc3773",
  "timestamp" : 1649352400,
  "timestamp_ms" : 1649352400605,
  "time" : "Thu Apr  7 17:26:40 2022",
  "global options" : {
    "size" : "50M",
    "runtime" : "60",
    "directory" : "/mnt/gfs"
  },
  "jobs" : [
    {
      "jobname" : "iotest",
      "groupid" : 0,
      "error" : 0,
      "eta" : 0,
      "elapsed" : 49,
      "job options" : {
        "rw" : "randwrite",
        "bs" : "4k",
        "ioengine" : "libaio",
        "iodepth" : "2",
        "numjobs" : "2",
        "direct" : "1",
        "group_reporting" : "1",
        "invalidate" : "1",
        "loops" : "1",
        "write_bw_log" : "./fio-bench-07-04-2022--16-25-57-rand-gfs/randwrite/gfs/4k/randwrite-iodepth-2-numjobs-2",
        "write_lat_log" : "./fio-bench-07-04-2022--16-25-57-rand-gfs/randwrite/gfs/4k/randwrite-iodepth-2-numjobs-2",
        "write_iops_log" : "./fio-bench-07-04-2022--16-25-57-rand-gfs/randwrite/gfs/4k/randwrite-iodepth-2-numjobs-2",
        "log_avg_msec" : "500"
      },
      "read" : {
        "io_bytes" : 0,
        "io_kbytes" : 0,
        "bw_bytes" : 0,
        "bw" : 0,
        "iops" : 0.000000,
        "runtime" : 0,
        "total_ios" : 0,
        "short_ios" : 0,
        "drop_ios" : 0,
        "slat_ns" : {
          "min" : 0,
          "max" : 0,
          "mean" : 0.000000,
          "stddev" : 0.000000,
          "N" : 0
        },
        "clat_ns" : {
          "min" : 0,
          "max" : 0,
          "mean" : 0.000000,
          "stddev" : 0.000000,
          "N" : 0
        },
        "lat_ns" : {
          "min" : 0,
          "max" : 0,
          "mean" : 0.000000,
          "stddev" : 0.000000,
          "N" : 0
        },
        "bw_min" : 0,
        "bw_max" : 0,
        "bw_agg" : 0.000000,
        "bw_mean" : 0.000000,
        "bw_dev" : 0.000000,
        "bw_samples" : 0,
        "iops_min" : 0,
        "iops_max" : 0,
        "iops_mean" : 0.000000,
        "iops_stddev" : 0.000000,
        "iops_samples" : 0
      },
      "write" : {
        "io_bytes" : 104857600,
        "io_kbytes" : 102400,
        "bw_bytes" : 2163618,
        "bw" : 2112,
        "iops" : 528.227138,
        "runtime" : 48464,
        "total_ios" : 25600,
        "short_ios" : 0,
        "drop_ios" : 0,
        "slat_ns" : {
          "min" : 18368,
          "max" : 6352219,
          "mean" : 37514.988867,
          "stddev" : 63652.915894,
          "N" : 25600
        },
        "clat_ns" : {
          "min" : 2670737,
          "max" : 3144287678,
          "mean" : 7442964.604883,
          "stddev" : 84933612.926622,
          "N" : 25600,
          "percentile" : {
            "1.000000" : 2703360,
            "5.000000" : 2932736,
            "10.000000" : 2965504,
            "20.000000" : 2965504,
            "30.000000" : 2965504,
            "40.000000" : 2965504,
            "50.000000" : 3194880,
            "60.000000" : 4554752,
            "70.000000" : 5931008,
            "80.000000" : 6193152,
            "90.000000" : 6717440,
            "95.000000" : 7307264,
            "99.000000" : 8716288,
            "99.500000" : 8978432,
            "99.900000" : 1904214016,
            "99.950000" : 2600468480,
            "99.990000" : 2835349504
          }
        },
        "lat_ns" : {
          "min" : 2714248,
          "max" : 3144326231,
          "mean" : 7483394.396211,
          "stddev" : 84933761.829462,
          "N" : 25600
        },
        "bw_min" : 280,
        "bw_max" : 5248,
        "bw_agg" : 100.000000,
        "bw_mean" : 3144.984375,
        "bw_dev" : 702.724988,
        "bw_samples" : 128,
        "iops_min" : 70,
        "iops_max" : 1312,
        "iops_mean" : 786.140625,
        "iops_stddev" : 175.680440,
        "iops_samples" : 128
      },
      "trim" : {
        "io_bytes" : 0,
        "io_kbytes" : 0,
        "bw_bytes" : 0,
        "bw" : 0,
        "iops" : 0.000000,
        "runtime" : 0,
        "total_ios" : 0,
        "short_ios" : 0,
        "drop_ios" : 0,
        "slat_ns" : {
          "min" : 0,
          "max" : 0,
          "mean" : 0.000000,
          "stddev" : 0.000000,
          "N" : 0
        },
        "clat_ns" : {
          "min" : 0,
          "max" : 0,
          "mean" : 0.000000,
          "stddev" : 0.000000,
          "N" : 0
        },
        "lat_ns" : {
          "min" : 0,
          "max" : 0,
          "mean" : 0.000000,
          "stddev" : 0.000000,
          "N" : 0
        },
        "bw_min" : 0,
        "bw_max" : 0,
        "bw_agg" : 0.000000,
        "bw_mean" : 0.000000,
        "bw_dev" : 0.000000,
        "bw_samples" : 0,
        "iops_min" : 0,
        "iops_max" : 0,
        "iops_mean" : 0.000000,
        "iops_stddev" : 0.000000,
        "iops_samples" : 0
      },
      "sync" : {
        "total_ios" : 0,
        "lat_ns" : {
          "min" : 0,
          "max" : 0,
          "mean" : 0.000000,
          "stddev" : 0.000000,
          "N" : 0
        }
      },
      "job_runtime" : 95900,
      "usr_cpu" : 0.444213,
      "sys_cpu" : 0.648592,
      "ctx" : 51227,
      "majf" : 0,
      "minf" : 74,
      "iodepth_level" : {
        "1" : 0.100000,
        "2" : 99.992188,
        "4" : 0.000000,
        "8" : 0.000000,
        "16" : 0.000000,
        "32" : 0.000000,
        ">=64" : 0.000000
      },
      "iodepth_submit" : {
        "0" : 0.000000,
        "4" : 100.000000,
        "8" : 0.000000,
        "16" : 0.000000,
        "32" : 0.000000,
        "64" : 0.000000,
        ">=64" : 0.000000
      },
      "iodepth_complete" : {
        "0" : 0.000000,
        "4" : 100.000000,
        "8" : 0.000000,
        "16" : 0.000000,
        "32" : 0.000000,
        "64" : 0.000000,
        ">=64" : 0.000000
      },
      "latency_ns" : {
        "2" : 0.000000,
        "4" : 0.000000,
        "10" : 0.000000,
        "20" : 0.000000,
        "50" : 0.000000,
        "100" : 0.000000,
        "250" : 0.000000,
        "500" : 0.000000,
        "750" : 0.000000,
        "1000" : 0.000000
      },
      "latency_us" : {
        "2" : 0.000000,
        "4" : 0.000000,
        "10" : 0.000000,
        "20" : 0.000000,
        "50" : 0.000000,
        "100" : 0.000000,
        "250" : 0.000000,
        "500" : 0.000000,
        "750" : 0.000000,
        "1000" : 0.000000
      },
      "latency_ms" : {
        "2" : 0.000000,
        "4" : 58.777344,
        "10" : 40.945312,
        "20" : 0.117188,
        "50" : 0.011719,
        "100" : 0.000000,
        "250" : 0.010000,
        "500" : 0.000000,
        "750" : 0.000000,
        "1000" : 0.010000,
        "2000" : 0.046875,
        ">=2000" : 0.085938
      },
      "latency_depth" : 2,
      "latency_target" : 0,
      "latency_percentile" : 100.000000,
      "latency_window" : 0
    }
  ]
}
