{
  "fio version" : "fio-3.29-112-gc3773",
  "timestamp" : 1649352645,
  "timestamp_ms" : 1649352645227,
  "time" : "Thu Apr  7 17:30:45 2022",
  "global options" : {
    "size" : "50M",
    "runtime" : "60",
    "directory" : "/mnt/gfs"
  },
  "jobs" : [
    {
      "jobname" : "iotest",
      "groupid" : 0,
      "error" : 0,
      "eta" : 0,
      "elapsed" : 61,
      "job options" : {
        "rw" : "randwrite",
        "bs" : "4k",
        "ioengine" : "libaio",
        "iodepth" : "2",
        "numjobs" : "32",
        "direct" : "1",
        "group_reporting" : "1",
        "invalidate" : "1",
        "loops" : "1",
        "write_bw_log" : "./fio-bench-07-04-2022--16-25-57-rand-gfs/randwrite/gfs/4k/randwrite-iodepth-2-numjobs-32",
        "write_lat_log" : "./fio-bench-07-04-2022--16-25-57-rand-gfs/randwrite/gfs/4k/randwrite-iodepth-2-numjobs-32",
        "write_iops_log" : "./fio-bench-07-04-2022--16-25-57-rand-gfs/randwrite/gfs/4k/randwrite-iodepth-2-numjobs-32",
        "log_avg_msec" : "500"
      },
      "read" : {
        "io_bytes" : 0,
        "io_kbytes" : 0,
        "bw_bytes" : 0,
        "bw" : 0,
        "iops" : 0.000000,
        "runtime" : 0,
        "total_ios" : 0,
        "short_ios" : 0,
        "drop_ios" : 0,
        "slat_ns" : {
          "min" : 0,
          "max" : 0,
          "mean" : 0.000000,
          "stddev" : 0.000000,
          "N" : 0
        },
        "clat_ns" : {
          "min" : 0,
          "max" : 0,
          "mean" : 0.000000,
          "stddev" : 0.000000,
          "N" : 0
        },
        "lat_ns" : {
          "min" : 0,
          "max" : 0,
          "mean" : 0.000000,
          "stddev" : 0.000000,
          "N" : 0
        },
        "bw_min" : 0,
        "bw_max" : 0,
        "bw_agg" : 0.000000,
        "bw_mean" : 0.000000,
        "bw_dev" : 0.000000,
        "bw_samples" : 0,
        "iops_min" : 0,
        "iops_max" : 0,
        "iops_mean" : 0.000000,
        "iops_stddev" : 0.000000,
        "iops_samples" : 0
      },
      "write" : {
        "io_bytes" : 163844096,
        "io_kbytes" : 160004,
        "bw_bytes" : 2697421,
        "bw" : 2634,
        "iops" : 658.550238,
        "runtime" : 60741,
        "total_ios" : 40001,
        "short_ios" : 0,
        "drop_ios" : 0,
        "slat_ns" : {
          "min" : 17530,
          "max" : 11171724,
          "mean" : 47366.249044,
          "stddev" : 173479.900444,
          "N" : 40001
        },
        "clat_ns" : {
          "min" : 5631887,
          "max" : 3709003369,
          "mean" : 96232636.599310,
          "stddev" : 154504414.366729,
          "N" : 40001,
          "percentile" : {
            "1.000000" : 30801920,
            "5.000000" : 41156608,
            "10.000000" : 42205184,
            "20.000000" : 61603840,
            "30.000000" : 63176704,
            "40.000000" : 71827456,
            "50.000000" : 77070336,
            "60.000000" : 106430464,
            "70.000000" : 108527616,
            "80.000000" : 115867648,
            "90.000000" : 116916224,
            "95.000000" : 117964800,
            "99.000000" : 120061952,
            "99.500000" : 1317011456,
            "99.900000" : 2264924160,
            "99.950000" : 2432696320,
            "99.990000" : 2835349504
          }
        },
        "lat_ns" : {
          "min" : 5709132,
          "max" : 3709042271,
          "mean" : 96283059.099623,
          "stddev" : 154518261.427050,
          "N" : 40001
        },
        "bw_min" : 296,
        "bw_max" : 6527,
        "bw_agg" : 100.000000,
        "bw_mean" : 2918.003072,
        "bw_dev" : 28.707812,
        "bw_samples" : 3502,
        "iops_min" : 74,
        "iops_max" : 1631,
        "iops_mean" : 729.472923,
        "iops_stddev" : 7.175738,
        "iops_samples" : 3502
      },
      "trim" : {
        "io_bytes" : 0,
        "io_kbytes" : 0,
        "bw_bytes" : 0,
        "bw" : 0,
        "iops" : 0.000000,
        "runtime" : 0,
        "total_ios" : 0,
        "short_ios" : 0,
        "drop_ios" : 0,
        "slat_ns" : {
          "min" : 0,
          "max" : 0,
          "mean" : 0.000000,
          "stddev" : 0.000000,
          "N" : 0
        },
        "clat_ns" : {
          "min" : 0,
          "max" : 0,
          "mean" : 0.000000,
          "stddev" : 0.000000,
          "N" : 0
        },
        "lat_ns" : {
          "min" : 0,
          "max" : 0,
          "mean" : 0.000000,
          "stddev" : 0.000000,
          "N" : 0
        },
        "bw_min" : 0,
        "bw_max" : 0,
        "bw_agg" : 0.000000,
        "bw_mean" : 0.000000,
        "bw_dev" : 0.000000,
        "bw_samples" : 0,
        "iops_min" : 0,
        "iops_max" : 0,
        "iops_mean" : 0.000000,
        "iops_stddev" : 0.000000,
        "iops_samples" : 0
      },
      "sync" : {
        "total_ios" : 0,
        "lat_ns" : {
          "min" : 0,
          "max" : 0,
          "mean" : 0.000000,
          "stddev" : 0.000000,
          "N" : 0
        }
      },
      "job_runtime" : 1926452,
      "usr_cpu" : 0.042358,
      "sys_cpu" : 0.052168,
      "ctx" : 80095,
      "majf" : 0,
      "minf" : 1195,
      "iodepth_level" : {
        "1" : 0.100000,
        "2" : 99.920002,
        "4" : 0.000000,
        "8" : 0.000000,
        "16" : 0.000000,
        "32" : 0.000000,
        ">=64" : 0.000000
      },
      "iodepth_submit" : {
        "0" : 0.000000,
        "4" : 100.000000,
        "8" : 0.000000,
        "16" : 0.000000,
        "32" : 0.000000,
        "64" : 0.000000,
        ">=64" : 0.000000
      },
      "iodepth_complete" : {
        "0" : 0.000000,
        "4" : 100.000000,
        "8" : 0.000000,
        "16" : 0.000000,
        "32" : 0.000000,
        "64" : 0.000000,
        ">=64" : 0.000000
      },
      "latency_ns" : {
        "2" : 0.000000,
        "4" : 0.000000,
        "10" : 0.000000,
        "20" : 0.000000,
        "50" : 0.000000,
        "100" : 0.000000,
        "250" : 0.000000,
        "500" : 0.000000,
        "750" : 0.000000,
        "1000" : 0.000000
      },
      "latency_us" : {
        "2" : 0.000000,
        "4" : 0.000000,
        "10" : 0.000000,
        "20" : 0.000000,
        "50" : 0.000000,
        "100" : 0.000000,
        "250" : 0.000000,
        "500" : 0.000000,
        "750" : 0.000000,
        "1000" : 0.000000
      },
      "latency_ms" : {
        "2" : 0.000000,
        "4" : 0.000000,
        "10" : 0.032499,
        "20" : 0.099998,
        "50" : 13.987150,
        "100" : 43.228919,
        "250" : 41.786455,
        "500" : 0.010000,
        "750" : 0.024999,
        "1000" : 0.069998,
        "2000" : 0.537487,
        ">=2000" : 0.227494
      },
      "latency_depth" : 2,
      "latency_target" : 0,
      "latency_percentile" : 100.000000,
      "latency_window" : 0
    }
  ]
}
