{
  "fio version" : "fio-3.29-112-gc3773",
  "timestamp" : 1649352121,
  "timestamp_ms" : 1649352121541,
  "time" : "Thu Apr  7 17:22:01 2022",
  "global options" : {
    "size" : "50M",
    "runtime" : "60",
    "directory" : "/mnt/gfs"
  },
  "jobs" : [
    {
      "jobname" : "iotest",
      "groupid" : 0,
      "error" : 0,
      "eta" : 0,
      "elapsed" : 61,
      "job options" : {
        "rw" : "randwrite",
        "bs" : "4k",
        "ioengine" : "libaio",
        "iodepth" : "1",
        "numjobs" : "8",
        "direct" : "1",
        "group_reporting" : "1",
        "invalidate" : "1",
        "loops" : "1",
        "write_bw_log" : "./fio-bench-07-04-2022--16-25-57-rand-gfs/randwrite/gfs/4k/randwrite-iodepth-1-numjobs-8",
        "write_lat_log" : "./fio-bench-07-04-2022--16-25-57-rand-gfs/randwrite/gfs/4k/randwrite-iodepth-1-numjobs-8",
        "write_iops_log" : "./fio-bench-07-04-2022--16-25-57-rand-gfs/randwrite/gfs/4k/randwrite-iodepth-1-numjobs-8",
        "log_avg_msec" : "500"
      },
      "read" : {
        "io_bytes" : 0,
        "io_kbytes" : 0,
        "bw_bytes" : 0,
        "bw" : 0,
        "iops" : 0.000000,
        "runtime" : 0,
        "total_ios" : 0,
        "short_ios" : 0,
        "drop_ios" : 0,
        "slat_ns" : {
          "min" : 0,
          "max" : 0,
          "mean" : 0.000000,
          "stddev" : 0.000000,
          "N" : 0
        },
        "clat_ns" : {
          "min" : 0,
          "max" : 0,
          "mean" : 0.000000,
          "stddev" : 0.000000,
          "N" : 0
        },
        "lat_ns" : {
          "min" : 0,
          "max" : 0,
          "mean" : 0.000000,
          "stddev" : 0.000000,
          "N" : 0
        },
        "bw_min" : 0,
        "bw_max" : 0,
        "bw_agg" : 0.000000,
        "bw_mean" : 0.000000,
        "bw_dev" : 0.000000,
        "bw_samples" : 0,
        "iops_min" : 0,
        "iops_max" : 0,
        "iops_mean" : 0.000000,
        "iops_stddev" : 0.000000,
        "iops_samples" : 0
      },
      "write" : {
        "io_bytes" : 158687232,
        "io_kbytes" : 154968,
        "bw_bytes" : 2632196,
        "bw" : 2570,
        "iops" : 642.626105,
        "runtime" : 60287,
        "total_ios" : 38742,
        "short_ios" : 0,
        "drop_ios" : 0,
        "slat_ns" : {
          "min" : 18578,
          "max" : 12635783,
          "mean" : 37911.128259,
          "stddev" : 168177.971086,
          "N" : 38742
        },
        "clat_ns" : {
          "min" : 2677301,
          "max" : 3704641877,
          "mean" : 12353243.522276,
          "stddev" : 90884710.100562,
          "N" : 38742,
          "percentile" : {
            "1.000000" : 2932736,
            "5.000000" : 2965504,
            "10.000000" : 3719168,
            "20.000000" : 4882432,
            "30.000000" : 6193152,
            "40.000000" : 8454144,
            "50.000000" : 8978432,
            "60.000000" : 9240576,
            "70.000000" : 10682368,
            "80.000000" : 12910592,
            "90.000000" : 13959168,
            "95.000000" : 14483456,
            "99.000000" : 15794176,
            "99.500000" : 16449536,
            "99.900000" : 1837105152,
            "99.950000" : 2365587456,
            "99.990000" : 3573547008
          }
        },
        "lat_ns" : {
          "min" : 2714178,
          "max" : 3704678404,
          "mean" : 12394007.128801,
          "stddev" : 90888298.303145,
          "N" : 38742
        },
        "bw_min" : 160,
        "bw_max" : 7728,
        "bw_agg" : 100.000000,
        "bw_mean" : 3255.515210,
        "bw_dev" : 194.356726,
        "bw_samples" : 758,
        "iops_min" : 40,
        "iops_max" : 1932,
        "iops_mean" : 813.836996,
        "iops_stddev" : 48.580445,
        "iops_samples" : 758
      },
      "trim" : {
        "io_bytes" : 0,
        "io_kbytes" : 0,
        "bw_bytes" : 0,
        "bw" : 0,
        "iops" : 0.000000,
        "runtime" : 0,
        "total_ios" : 0,
        "short_ios" : 0,
        "drop_ios" : 0,
        "slat_ns" : {
          "min" : 0,
          "max" : 0,
          "mean" : 0.000000,
          "stddev" : 0.000000,
          "N" : 0
        },
        "clat_ns" : {
          "min" : 0,
          "max" : 0,
          "mean" : 0.000000,
          "stddev" : 0.000000,
          "N" : 0
        },
        "lat_ns" : {
          "min" : 0,
          "max" : 0,
          "mean" : 0.000000,
          "stddev" : 0.000000,
          "N" : 0
        },
        "bw_min" : 0,
        "bw_max" : 0,
        "bw_agg" : 0.000000,
        "bw_mean" : 0.000000,
        "bw_dev" : 0.000000,
        "bw_samples" : 0,
        "iops_min" : 0,
        "iops_max" : 0,
        "iops_mean" : 0.000000,
        "iops_stddev" : 0.000000,
        "iops_samples" : 0
      },
      "sync" : {
        "total_ios" : 0,
        "lat_ns" : {
          "min" : 0,
          "max" : 0,
          "mean" : 0.000000,
          "stddev" : 0.000000,
          "N" : 0
        }
      },
      "job_runtime" : 480500,
      "usr_cpu" : 0.105307,
      "sys_cpu" : 0.210406,
      "ctx" : 77532,
      "majf" : 0,
      "minf" : 296,
      "iodepth_level" : {
        "1" : 100.000000,
        "2" : 0.000000,
        "4" : 0.000000,
        "8" : 0.000000,
        "16" : 0.000000,
        "32" : 0.000000,
        ">=64" : 0.000000
      },
      "iodepth_submit" : {
        "0" : 0.000000,
        "4" : 100.000000,
        "8" : 0.000000,
        "16" : 0.000000,
        "32" : 0.000000,
        "64" : 0.000000,
        ">=64" : 0.000000
      },
      "iodepth_complete" : {
        "0" : 0.000000,
        "4" : 100.000000,
        "8" : 0.000000,
        "16" : 0.000000,
        "32" : 0.000000,
        "64" : 0.000000,
        ">=64" : 0.000000
      },
      "latency_ns" : {
        "2" : 0.000000,
        "4" : 0.000000,
        "10" : 0.000000,
        "20" : 0.000000,
        "50" : 0.000000,
        "100" : 0.000000,
        "250" : 0.000000,
        "500" : 0.000000,
        "750" : 0.000000,
        "1000" : 0.000000
      },
      "latency_us" : {
        "2" : 0.000000,
        "4" : 0.000000,
        "10" : 0.000000,
        "20" : 0.000000,
        "50" : 0.000000,
        "100" : 0.000000,
        "250" : 0.000000,
        "500" : 0.000000,
        "750" : 0.000000,
        "1000" : 0.000000
      },
      "latency_ms" : {
        "2" : 0.000000,
        "4" : 10.760931,
        "10" : 57.604151,
        "20" : 31.358732,
        "50" : 0.077435,
        "100" : 0.010000,
        "250" : 0.010000,
        "500" : 0.012906,
        "750" : 0.015487,
        "1000" : 0.010000,
        "2000" : 0.074854,
        ">=2000" : 0.077435
      },
      "latency_depth" : 1,
      "latency_target" : 0,
      "latency_percentile" : 100.000000,
      "latency_window" : 0
    }
  ]
}
