{
  "fio version" : "fio-3.29-112-gc3773",
  "timestamp" : 1649352985,
  "timestamp_ms" : 1649352985426,
  "time" : "Thu Apr  7 17:36:25 2022",
  "global options" : {
    "size" : "50M",
    "runtime" : "60",
    "directory" : "/mnt/gfs"
  },
  "jobs" : [
    {
      "jobname" : "iotest",
      "groupid" : 0,
      "error" : 0,
      "eta" : 0,
      "elapsed" : 62,
      "job options" : {
        "rw" : "randwrite",
        "bs" : "4k",
        "ioengine" : "libaio",
        "iodepth" : "4",
        "numjobs" : "16",
        "direct" : "1",
        "group_reporting" : "1",
        "invalidate" : "1",
        "loops" : "1",
        "write_bw_log" : "./fio-bench-07-04-2022--16-25-57-rand-gfs/randwrite/gfs/4k/randwrite-iodepth-4-numjobs-16",
        "write_lat_log" : "./fio-bench-07-04-2022--16-25-57-rand-gfs/randwrite/gfs/4k/randwrite-iodepth-4-numjobs-16",
        "write_iops_log" : "./fio-bench-07-04-2022--16-25-57-rand-gfs/randwrite/gfs/4k/randwrite-iodepth-4-numjobs-16",
        "log_avg_msec" : "500"
      },
      "read" : {
        "io_bytes" : 0,
        "io_kbytes" : 0,
        "bw_bytes" : 0,
        "bw" : 0,
        "iops" : 0.000000,
        "runtime" : 0,
        "total_ios" : 0,
        "short_ios" : 0,
        "drop_ios" : 0,
        "slat_ns" : {
          "min" : 0,
          "max" : 0,
          "mean" : 0.000000,
          "stddev" : 0.000000,
          "N" : 0
        },
        "clat_ns" : {
          "min" : 0,
          "max" : 0,
          "mean" : 0.000000,
          "stddev" : 0.000000,
          "N" : 0
        },
        "lat_ns" : {
          "min" : 0,
          "max" : 0,
          "mean" : 0.000000,
          "stddev" : 0.000000,
          "N" : 0
        },
        "bw_min" : 0,
        "bw_max" : 0,
        "bw_agg" : 0.000000,
        "bw_mean" : 0.000000,
        "bw_dev" : 0.000000,
        "bw_samples" : 0,
        "iops_min" : 0,
        "iops_max" : 0,
        "iops_mean" : 0.000000,
        "iops_stddev" : 0.000000,
        "iops_samples" : 0
      },
      "write" : {
        "io_bytes" : 161759232,
        "io_kbytes" : 157968,
        "bw_bytes" : 2649098,
        "bw" : 2587,
        "iops" : 646.752481,
        "runtime" : 61062,
        "total_ios" : 39492,
        "short_ios" : 0,
        "drop_ios" : 0,
        "slat_ns" : {
          "min" : 17670,
          "max" : 7120975,
          "mean" : 42970.382052,
          "stddev" : 97946.240472,
          "N" : 39492
        },
        "clat_ns" : {
          "min" : 4910489,
          "max" : 2841201849,
          "mean" : 97937530.774283,
          "stddev" : 176789011.753514,
          "N" : 39492,
          "percentile" : {
            "1.000000" : 33161216,
            "5.000000" : 35389440,
            "10.000000" : 36438016,
            "20.000000" : 53215232,
            "30.000000" : 54263808,
            "40.000000" : 70778880,
            "50.000000" : 83361792,
            "60.000000" : 95944704,
            "70.000000" : 108527616,
            "80.000000" : 124256256,
            "90.000000" : 126353408,
            "95.000000" : 126353408,
            "99.000000" : 583008256,
            "99.500000" : 1736441856,
            "99.900000" : 2600468480,
            "99.950000" : 2667577344,
            "99.990000" : 2835349504
          }
        },
        "lat_ns" : {
          "min" : 4950578,
          "max" : 2841240611,
          "mean" : 97983457.017472,
          "stddev" : 176791219.916985,
          "N" : 39492
        },
        "bw_min" : 368,
        "bw_max" : 7235,
        "bw_agg" : 100.000000,
        "bw_mean" : 2957.472369,
        "bw_dev" : 58.623753,
        "bw_samples" : 1711,
        "iops_min" : 92,
        "iops_max" : 1808,
        "iops_mean" : 739.360970,
        "iops_stddev" : 14.653546,
        "iops_samples" : 1711
      },
      "trim" : {
        "io_bytes" : 0,
        "io_kbytes" : 0,
        "bw_bytes" : 0,
        "bw" : 0,
        "iops" : 0.000000,
        "runtime" : 0,
        "total_ios" : 0,
        "short_ios" : 0,
        "drop_ios" : 0,
        "slat_ns" : {
          "min" : 0,
          "max" : 0,
          "mean" : 0.000000,
          "stddev" : 0.000000,
          "N" : 0
        },
        "clat_ns" : {
          "min" : 0,
          "max" : 0,
          "mean" : 0.000000,
          "stddev" : 0.000000,
          "N" : 0
        },
        "lat_ns" : {
          "min" : 0,
          "max" : 0,
          "mean" : 0.000000,
          "stddev" : 0.000000,
          "N" : 0
        },
        "bw_min" : 0,
        "bw_max" : 0,
        "bw_agg" : 0.000000,
        "bw_mean" : 0.000000,
        "bw_dev" : 0.000000,
        "bw_samples" : 0,
        "iops_min" : 0,
        "iops_max" : 0,
        "iops_mean" : 0.000000,
        "iops_stddev" : 0.000000,
        "iops_samples" : 0
      },
      "sync" : {
        "total_ios" : 0,
        "lat_ns" : {
          "min" : 0,
          "max" : 0,
          "mean" : 0.000000,
          "stddev" : 0.000000,
          "N" : 0
        }
      },
      "job_runtime" : 967791,
      "usr_cpu" : 0.079666,
      "sys_cpu" : 0.095785,
      "ctx" : 78981,
      "majf" : 0,
      "minf" : 628,
      "iodepth_level" : {
        "1" : 0.100000,
        "2" : 0.100000,
        "4" : 99.878456,
        "8" : 0.000000,
        "16" : 0.000000,
        "32" : 0.000000,
        ">=64" : 0.000000
      },
      "iodepth_submit" : {
        "0" : 0.000000,
        "4" : 100.000000,
        "8" : 0.000000,
        "16" : 0.000000,
        "32" : 0.000000,
        "64" : 0.000000,
        ">=64" : 0.000000
      },
      "iodepth_complete" : {
        "0" : 0.000000,
        "4" : 100.000000,
        "8" : 0.000000,
        "16" : 0.000000,
        "32" : 0.000000,
        "64" : 0.000000,
        ">=64" : 0.000000
      },
      "latency_ns" : {
        "2" : 0.000000,
        "4" : 0.000000,
        "10" : 0.000000,
        "20" : 0.000000,
        "50" : 0.000000,
        "100" : 0.000000,
        "250" : 0.000000,
        "500" : 0.000000,
        "750" : 0.000000,
        "1000" : 0.000000
      },
      "latency_us" : {
        "2" : 0.000000,
        "4" : 0.000000,
        "10" : 0.000000,
        "20" : 0.000000,
        "50" : 0.000000,
        "100" : 0.000000,
        "250" : 0.000000,
        "500" : 0.000000,
        "750" : 0.000000,
        "1000" : 0.000000
      },
      "latency_ms" : {
        "2" : 0.000000,
        "4" : 0.000000,
        "10" : 0.053175,
        "20" : 0.589993,
        "50" : 16.332422,
        "100" : 43.294845,
        "250" : 38.704041,
        "500" : 0.010129,
        "750" : 0.091158,
        "1000" : 0.048111,
        "2000" : 0.615314,
        ">=2000" : 0.260812
      },
      "latency_depth" : 4,
      "latency_target" : 0,
      "latency_percentile" : 100.000000,
      "latency_window" : 0
    }
  ]
}
