{
  "fio version" : "fio-3.29-112-gc3773",
  "timestamp" : 1649352461,
  "timestamp_ms" : 1649352461037,
  "time" : "Thu Apr  7 17:27:41 2022",
  "global options" : {
    "size" : "50M",
    "runtime" : "60",
    "directory" : "/mnt/gfs"
  },
  "jobs" : [
    {
      "jobname" : "iotest",
      "groupid" : 0,
      "error" : 0,
      "eta" : 0,
      "elapsed" : 61,
      "job options" : {
        "rw" : "randwrite",
        "bs" : "4k",
        "ioengine" : "libaio",
        "iodepth" : "2",
        "numjobs" : "4",
        "direct" : "1",
        "group_reporting" : "1",
        "invalidate" : "1",
        "loops" : "1",
        "write_bw_log" : "./fio-bench-07-04-2022--16-25-57-rand-gfs/randwrite/gfs/4k/randwrite-iodepth-2-numjobs-4",
        "write_lat_log" : "./fio-bench-07-04-2022--16-25-57-rand-gfs/randwrite/gfs/4k/randwrite-iodepth-2-numjobs-4",
        "write_iops_log" : "./fio-bench-07-04-2022--16-25-57-rand-gfs/randwrite/gfs/4k/randwrite-iodepth-2-numjobs-4",
        "log_avg_msec" : "500"
      },
      "read" : {
        "io_bytes" : 0,
        "io_kbytes" : 0,
        "bw_bytes" : 0,
        "bw" : 0,
        "iops" : 0.000000,
        "runtime" : 0,
        "total_ios" : 0,
        "short_ios" : 0,
        "drop_ios" : 0,
        "slat_ns" : {
          "min" : 0,
          "max" : 0,
          "mean" : 0.000000,
          "stddev" : 0.000000,
          "N" : 0
        },
        "clat_ns" : {
          "min" : 0,
          "max" : 0,
          "mean" : 0.000000,
          "stddev" : 0.000000,
          "N" : 0
        },
        "lat_ns" : {
          "min" : 0,
          "max" : 0,
          "mean" : 0.000000,
          "stddev" : 0.000000,
          "N" : 0
        },
        "bw_min" : 0,
        "bw_max" : 0,
        "bw_agg" : 0.000000,
        "bw_mean" : 0.000000,
        "bw_dev" : 0.000000,
        "bw_samples" : 0,
        "iops_min" : 0,
        "iops_max" : 0,
        "iops_mean" : 0.000000,
        "iops_stddev" : 0.000000,
        "iops_samples" : 0
      },
      "write" : {
        "io_bytes" : 159490048,
        "io_kbytes" : 155752,
        "bw_bytes" : 2650348,
        "bw" : 2588,
        "iops" : 647.057846,
        "runtime" : 60177,
        "total_ios" : 38938,
        "short_ios" : 0,
        "drop_ios" : 0,
        "slat_ns" : {
          "min" : 17669,
          "max" : 6329171,
          "mean" : 38362.466074,
          "stddev" : 94435.634843,
          "N" : 38938
        },
        "clat_ns" : {
          "min" : 2668851,
          "max" : 2926125366,
          "mean" : 12062003.998947,
          "stddev" : 58767364.728843,
          "N" : 38938,
          "percentile" : {
            "1.000000" : 2965504,
            "5.000000" : 3948544,
            "10.000000" : 5734400,
            "20.000000" : 6193152,
            "30.000000" : 8159232,
            "40.000000" : 8978432,
            "50.000000" : 8978432,
            "60.000000" : 9240576,
            "70.000000" : 10682368,
            "80.000000" : 15138816,
            "90.000000" : 17956864,
            "95.000000" : 18219008,
            "99.000000" : 20578304,
            "99.500000" : 21102592,
            "99.900000" : 1098907648,
            "99.950000" : 1535115264,
            "99.990000" : 2902458368
          }
        },
        "lat_ns" : {
          "min" : 2703842,
          "max" : 2926159728,
          "mean" : 12103284.170887,
          "stddev" : 58767325.594790,
          "N" : 38938
        },
        "bw_min" : 256,
        "bw_max" : 7202,
        "bw_agg" : 100.000000,
        "bw_mean" : 2942.844045,
        "bw_dev" : 282.490868,
        "bw_samples" : 420,
        "iops_min" : 64,
        "iops_max" : 1800,
        "iops_mean" : 735.613905,
        "iops_stddev" : 70.610514,
        "iops_samples" : 420
      },
      "trim" : {
        "io_bytes" : 0,
        "io_kbytes" : 0,
        "bw_bytes" : 0,
        "bw" : 0,
        "iops" : 0.000000,
        "runtime" : 0,
        "total_ios" : 0,
        "short_ios" : 0,
        "drop_ios" : 0,
        "slat_ns" : {
          "min" : 0,
          "max" : 0,
          "mean" : 0.000000,
          "stddev" : 0.000000,
          "N" : 0
        },
        "clat_ns" : {
          "min" : 0,
          "max" : 0,
          "mean" : 0.000000,
          "stddev" : 0.000000,
          "N" : 0
        },
        "lat_ns" : {
          "min" : 0,
          "max" : 0,
          "mean" : 0.000000,
          "stddev" : 0.000000,
          "N" : 0
        },
        "bw_min" : 0,
        "bw_max" : 0,
        "bw_agg" : 0.000000,
        "bw_mean" : 0.000000,
        "bw_dev" : 0.000000,
        "bw_samples" : 0,
        "iops_min" : 0,
        "iops_max" : 0,
        "iops_mean" : 0.000000,
        "iops_stddev" : 0.000000,
        "iops_samples" : 0
      },
      "sync" : {
        "total_ios" : 0,
        "lat_ns" : {
          "min" : 0,
          "max" : 0,
          "mean" : 0.000000,
          "stddev" : 0.000000,
          "N" : 0
        }
      },
      "job_runtime" : 235813,
      "usr_cpu" : 0.286244,
      "sys_cpu" : 0.381234,
      "ctx" : 77928,
      "majf" : 0,
      "minf" : 162,
      "iodepth_level" : {
        "1" : 0.100000,
        "2" : 99.989727,
        "4" : 0.000000,
        "8" : 0.000000,
        "16" : 0.000000,
        "32" : 0.000000,
        ">=64" : 0.000000
      },
      "iodepth_submit" : {
        "0" : 0.000000,
        "4" : 100.000000,
        "8" : 0.000000,
        "16" : 0.000000,
        "32" : 0.000000,
        "64" : 0.000000,
        ">=64" : 0.000000
      },
      "iodepth_complete" : {
        "0" : 0.000000,
        "4" : 100.000000,
        "8" : 0.000000,
        "16" : 0.000000,
        "32" : 0.000000,
        "64" : 0.000000,
        ">=64" : 0.000000
      },
      "latency_ns" : {
        "2" : 0.000000,
        "4" : 0.000000,
        "10" : 0.000000,
        "20" : 0.000000,
        "50" : 0.000000,
        "100" : 0.000000,
        "250" : 0.000000,
        "500" : 0.000000,
        "750" : 0.000000,
        "1000" : 0.000000
      },
      "latency_us" : {
        "2" : 0.000000,
        "4" : 0.000000,
        "10" : 0.000000,
        "20" : 0.000000,
        "50" : 0.000000,
        "100" : 0.000000,
        "250" : 0.000000,
        "500" : 0.000000,
        "750" : 0.000000,
        "1000" : 0.000000
      },
      "latency_ms" : {
        "2" : 0.000000,
        "4" : 5.051621,
        "10" : 62.578972,
        "20" : 31.085315,
        "50" : 1.142842,
        "100" : 0.010000,
        "250" : 0.015409,
        "500" : 0.010000,
        "750" : 0.010000,
        "1000" : 0.010000,
        "2000" : 0.087318,
        ">=2000" : 0.020545
      },
      "latency_depth" : 2,
      "latency_target" : 0,
      "latency_percentile" : 100.000000,
      "latency_window" : 0
    }
  ]
}
