{
  "fio version" : "fio-3.29-112-gc3773",
  "timestamp" : 1649354719,
  "timestamp_ms" : 1649354719619,
  "time" : "Thu Apr  7 18:05:19 2022",
  "global options" : {
    "size" : "50M",
    "runtime" : "60",
    "directory" : "/mnt/gfs"
  },
  "jobs" : [
    {
      "jobname" : "iotest",
      "groupid" : 0,
      "error" : 0,
      "eta" : 0,
      "elapsed" : 61,
      "job options" : {
        "rw" : "randwrite",
        "bs" : "4k",
        "ioengine" : "libaio",
        "iodepth" : "64",
        "numjobs" : "64",
        "direct" : "1",
        "group_reporting" : "1",
        "invalidate" : "1",
        "loops" : "1",
        "write_bw_log" : "./fio-bench-07-04-2022--16-25-57-rand-gfs/randwrite/gfs/4k/randwrite-iodepth-64-numjobs-64",
        "write_lat_log" : "./fio-bench-07-04-2022--16-25-57-rand-gfs/randwrite/gfs/4k/randwrite-iodepth-64-numjobs-64",
        "write_iops_log" : "./fio-bench-07-04-2022--16-25-57-rand-gfs/randwrite/gfs/4k/randwrite-iodepth-64-numjobs-64",
        "log_avg_msec" : "500"
      },
      "read" : {
        "io_bytes" : 0,
        "io_kbytes" : 0,
        "bw_bytes" : 0,
        "bw" : 0,
        "iops" : 0.000000,
        "runtime" : 0,
        "total_ios" : 0,
        "short_ios" : 0,
        "drop_ios" : 0,
        "slat_ns" : {
          "min" : 0,
          "max" : 0,
          "mean" : 0.000000,
          "stddev" : 0.000000,
          "N" : 0
        },
        "clat_ns" : {
          "min" : 0,
          "max" : 0,
          "mean" : 0.000000,
          "stddev" : 0.000000,
          "N" : 0
        },
        "lat_ns" : {
          "min" : 0,
          "max" : 0,
          "mean" : 0.000000,
          "stddev" : 0.000000,
          "N" : 0
        },
        "bw_min" : 0,
        "bw_max" : 0,
        "bw_agg" : 0.000000,
        "bw_mean" : 0.000000,
        "bw_dev" : 0.000000,
        "bw_samples" : 0,
        "iops_min" : 0,
        "iops_max" : 0,
        "iops_mean" : 0.000000,
        "iops_stddev" : 0.000000,
        "iops_samples" : 0
      },
      "write" : {
        "io_bytes" : 108077056,
        "io_kbytes" : 105544,
        "bw_bytes" : 1794882,
        "bw" : 1752,
        "iops" : 438.203740,
        "runtime" : 60214,
        "total_ios" : 26386,
        "short_ios" : 0,
        "drop_ios" : 0,
        "slat_ns" : {
          "min" : 99384,
          "max" : 2334571008,
          "mean" : 145612627.053968,
          "stddev" : 228089492.658055,
          "N" : 26386
        },
        "clat_ns" : {
          "min" : 39754433,
          "max" : 10912146150,
          "mean" : 8290290516.557834,
          "stddev" : 1716382624.132227,
          "N" : 26386,
          "percentile" : {
            "1.000000" : 1233125376,
            "5.000000" : 5268045824,
            "10.000000" : 6073352192,
            "20.000000" : 7147094016,
            "30.000000" : 8086618112,
            "40.000000" : 8287944704,
            "50.000000" : 8791261184,
            "60.000000" : 9059696640,
            "70.000000" : 9193914368,
            "80.000000" : 9596567552,
            "90.000000" : 10133438464,
            "95.000000" : 10267656192,
            "99.000000" : 10536091648,
            "99.500000" : 10670309376,
            "99.900000" : 10804527104,
            "99.950000" : 10804527104,
            "99.990000" : 10938744832
          }
        },
        "lat_ns" : {
          "min" : 114281162,
          "max" : 11007209043,
          "mean" : 8435907943.316683,
          "stddev" : 1691285942.050400,
          "N" : 26386
        },
        "bw_min" : 509,
        "bw_max" : 3192,
        "bw_agg" : 100.000000,
        "bw_mean" : 2143.148021,
        "bw_dev" : 12.909313,
        "bw_samples" : 5327,
        "iops_min" : 125,
        "iops_max" : 798,
        "iops_mean" : 535.703895,
        "iops_stddev" : 3.228065,
        "iops_samples" : 5327
      },
      "trim" : {
        "io_bytes" : 0,
        "io_kbytes" : 0,
        "bw_bytes" : 0,
        "bw" : 0,
        "iops" : 0.000000,
        "runtime" : 0,
        "total_ios" : 0,
        "short_ios" : 0,
        "drop_ios" : 0,
        "slat_ns" : {
          "min" : 0,
          "max" : 0,
          "mean" : 0.000000,
          "stddev" : 0.000000,
          "N" : 0
        },
        "clat_ns" : {
          "min" : 0,
          "max" : 0,
          "mean" : 0.000000,
          "stddev" : 0.000000,
          "N" : 0
        },
        "lat_ns" : {
          "min" : 0,
          "max" : 0,
          "mean" : 0.000000,
          "stddev" : 0.000000,
          "N" : 0
        },
        "bw_min" : 0,
        "bw_max" : 0,
        "bw_agg" : 0.000000,
        "bw_mean" : 0.000000,
        "bw_dev" : 0.000000,
        "bw_samples" : 0,
        "iops_min" : 0,
        "iops_max" : 0,
        "iops_mean" : 0.000000,
        "iops_stddev" : 0.000000,
        "iops_samples" : 0
      },
      "sync" : {
        "total_ios" : 0,
        "lat_ns" : {
          "min" : 0,
          "max" : 0,
          "mean" : 0.000000,
          "stddev" : 0.000000,
          "N" : 0
        }
      },
      "job_runtime" : 3848465,
      "usr_cpu" : 0.015591,
      "sys_cpu" : 0.017046,
      "ctx" : 52997,
      "majf" : 0,
      "minf" : 2600,
      "iodepth_level" : {
        "1" : 0.242553,
        "2" : 0.485106,
        "4" : 0.970211,
        "8" : 1.940423,
        "16" : 3.880846,
        "32" : 7.761692,
        ">=64" : 84.719169
      },
      "iodepth_submit" : {
        "0" : 0.000000,
        "4" : 100.000000,
        "8" : 0.000000,
        "16" : 0.000000,
        "32" : 0.000000,
        "64" : 0.000000,
        ">=64" : 0.000000
      },
      "iodepth_complete" : {
        "0" : 0.000000,
        "4" : 99.714515,
        "8" : 0.000000,
        "16" : 0.000000,
        "32" : 0.000000,
        "64" : 0.285485,
        ">=64" : 0.000000
      },
      "latency_ns" : {
        "2" : 0.000000,
        "4" : 0.000000,
        "10" : 0.000000,
        "20" : 0.000000,
        "50" : 0.000000,
        "100" : 0.000000,
        "250" : 0.000000,
        "500" : 0.000000,
        "750" : 0.000000,
        "1000" : 0.000000
      },
      "latency_us" : {
        "2" : 0.000000,
        "4" : 0.000000,
        "10" : 0.000000,
        "20" : 0.000000,
        "50" : 0.000000,
        "100" : 0.000000,
        "250" : 0.000000,
        "500" : 0.000000,
        "750" : 0.000000,
        "1000" : 0.000000
      },
      "latency_ms" : {
        "2" : 0.000000,
        "4" : 0.000000,
        "10" : 0.000000,
        "20" : 0.000000,
        "50" : 0.034109,
        "100" : 0.151596,
        "250" : 0.216024,
        "500" : 0.000000,
        "750" : 0.000000,
        "1000" : 0.075798,
        "2000" : 1.061169,
        ">=2000" : 98.461305
      },
      "latency_depth" : 64,
      "latency_target" : 0,
      "latency_percentile" : 100.000000,
      "latency_window" : 0
    }
  ]
}
