{
  "fio version" : "fio-3.29-112-gc3773",
  "timestamp" : 1649353511,
  "timestamp_ms" : 1649353511096,
  "time" : "Thu Apr  7 17:45:11 2022",
  "global options" : {
    "size" : "50M",
    "runtime" : "60",
    "directory" : "/mnt/gfs"
  },
  "jobs" : [
    {
      "jobname" : "iotest",
      "groupid" : 0,
      "error" : 0,
      "eta" : 0,
      "elapsed" : 63,
      "job options" : {
        "rw" : "randwrite",
        "bs" : "4k",
        "ioengine" : "libaio",
        "iodepth" : "8",
        "numjobs" : "64",
        "direct" : "1",
        "group_reporting" : "1",
        "invalidate" : "1",
        "loops" : "1",
        "write_bw_log" : "./fio-bench-07-04-2022--16-25-57-rand-gfs/randwrite/gfs/4k/randwrite-iodepth-8-numjobs-64",
        "write_lat_log" : "./fio-bench-07-04-2022--16-25-57-rand-gfs/randwrite/gfs/4k/randwrite-iodepth-8-numjobs-64",
        "write_iops_log" : "./fio-bench-07-04-2022--16-25-57-rand-gfs/randwrite/gfs/4k/randwrite-iodepth-8-numjobs-64",
        "log_avg_msec" : "500"
      },
      "read" : {
        "io_bytes" : 0,
        "io_kbytes" : 0,
        "bw_bytes" : 0,
        "bw" : 0,
        "iops" : 0.000000,
        "runtime" : 0,
        "total_ios" : 0,
        "short_ios" : 0,
        "drop_ios" : 0,
        "slat_ns" : {
          "min" : 0,
          "max" : 0,
          "mean" : 0.000000,
          "stddev" : 0.000000,
          "N" : 0
        },
        "clat_ns" : {
          "min" : 0,
          "max" : 0,
          "mean" : 0.000000,
          "stddev" : 0.000000,
          "N" : 0
        },
        "lat_ns" : {
          "min" : 0,
          "max" : 0,
          "mean" : 0.000000,
          "stddev" : 0.000000,
          "N" : 0
        },
        "bw_min" : 0,
        "bw_max" : 0,
        "bw_agg" : 0.000000,
        "bw_mean" : 0.000000,
        "bw_dev" : 0.000000,
        "bw_samples" : 0,
        "iops_min" : 0,
        "iops_max" : 0,
        "iops_mean" : 0.000000,
        "iops_stddev" : 0.000000,
        "iops_samples" : 0
      },
      "write" : {
        "io_bytes" : 114688000,
        "io_kbytes" : 112000,
        "bw_bytes" : 1855042,
        "bw" : 1811,
        "iops" : 452.891225,
        "runtime" : 61825,
        "total_ios" : 28000,
        "short_ios" : 0,
        "drop_ios" : 0,
        "slat_ns" : {
          "min" : 92680,
          "max" : 2015867167,
          "mean" : 137190953.132893,
          "stddev" : 209894833.405273,
          "N" : 28000
        },
        "clat_ns" : {
          "min" : 3968044,
          "max" : 5061512268,
          "mean" : 944500108.109214,
          "stddev" : 699408676.936676,
          "N" : 28000,
          "percentile" : {
            "1.000000" : 434110464,
            "5.000000" : 599785472,
            "10.000000" : 675282944,
            "20.000000" : 675282944,
            "30.000000" : 675282944,
            "40.000000" : 675282944,
            "50.000000" : 675282944,
            "60.000000" : 683671552,
            "70.000000" : 683671552,
            "80.000000" : 767557632,
            "90.000000" : 1837105152,
            "95.000000" : 2801795072,
            "99.000000" : 3707764736,
            "99.500000" : 4865392640,
            "99.900000" : 4865392640,
            "99.950000" : 4865392640,
            "99.990000" : 5066719232
          }
        },
        "lat_ns" : {
          "min" : 101566300,
          "max" : 5157345283,
          "mean" : 1081695806.432500,
          "stddev" : 752952844.293062,
          "N" : 28000
        },
        "bw_min" : 511,
        "bw_max" : 3256,
        "bw_agg" : 100.000000,
        "bw_mean" : 2276.205013,
        "bw_dev" : 11.252090,
        "bw_samples" : 6184,
        "iops_min" : 127,
        "iops_max" : 814,
        "iops_mean" : 568.927210,
        "iops_stddev" : 2.812880,
        "iops_samples" : 6184
      },
      "trim" : {
        "io_bytes" : 0,
        "io_kbytes" : 0,
        "bw_bytes" : 0,
        "bw" : 0,
        "iops" : 0.000000,
        "runtime" : 0,
        "total_ios" : 0,
        "short_ios" : 0,
        "drop_ios" : 0,
        "slat_ns" : {
          "min" : 0,
          "max" : 0,
          "mean" : 0.000000,
          "stddev" : 0.000000,
          "N" : 0
        },
        "clat_ns" : {
          "min" : 0,
          "max" : 0,
          "mean" : 0.000000,
          "stddev" : 0.000000,
          "N" : 0
        },
        "lat_ns" : {
          "min" : 0,
          "max" : 0,
          "mean" : 0.000000,
          "stddev" : 0.000000,
          "N" : 0
        },
        "bw_min" : 0,
        "bw_max" : 0,
        "bw_agg" : 0.000000,
        "bw_mean" : 0.000000,
        "bw_dev" : 0.000000,
        "bw_samples" : 0,
        "iops_min" : 0,
        "iops_max" : 0,
        "iops_mean" : 0.000000,
        "iops_stddev" : 0.000000,
        "iops_samples" : 0
      },
      "sync" : {
        "total_ios" : 0,
        "lat_ns" : {
          "min" : 0,
          "max" : 0,
          "mean" : 0.000000,
          "stddev" : 0.000000,
          "N" : 0
        }
      },
      "job_runtime" : 3850452,
      "usr_cpu" : 0.016725,
      "sys_cpu" : 0.018595,
      "ctx" : 56212,
      "majf" : 0,
      "minf" : 2661,
      "iodepth_level" : {
        "1" : 0.228571,
        "2" : 0.457143,
        "4" : 0.914286,
        "8" : 98.400000,
        "16" : 0.000000,
        "32" : 0.000000,
        ">=64" : 0.000000
      },
      "iodepth_submit" : {
        "0" : 0.000000,
        "4" : 100.000000,
        "8" : 0.000000,
        "16" : 0.000000,
        "32" : 0.000000,
        "64" : 0.000000,
        ">=64" : 0.000000
      },
      "iodepth_complete" : {
        "0" : 0.000000,
        "4" : 99.768250,
        "8" : 0.231750,
        "16" : 0.000000,
        "32" : 0.000000,
        "64" : 0.000000,
        ">=64" : 0.000000
      },
      "latency_ns" : {
        "2" : 0.000000,
        "4" : 0.000000,
        "10" : 0.000000,
        "20" : 0.000000,
        "50" : 0.000000,
        "100" : 0.000000,
        "250" : 0.000000,
        "500" : 0.000000,
        "750" : 0.000000,
        "1000" : 0.000000
      },
      "latency_us" : {
        "2" : 0.000000,
        "4" : 0.000000,
        "10" : 0.000000,
        "20" : 0.000000,
        "50" : 0.000000,
        "100" : 0.000000,
        "250" : 0.000000,
        "500" : 0.000000,
        "750" : 0.000000,
        "1000" : 0.000000
      },
      "latency_ms" : {
        "2" : 0.000000,
        "4" : 0.010714,
        "10" : 0.035714,
        "20" : 0.010000,
        "50" : 0.000000,
        "100" : 0.053571,
        "250" : 0.400000,
        "500" : 0.692857,
        "750" : 77.642857,
        "1000" : 4.257143,
        "2000" : 7.428571,
        ">=2000" : 9.471429
      },
      "latency_depth" : 8,
      "latency_target" : 0,
      "latency_percentile" : 100.000000,
      "latency_window" : 0
    }
  ]
}
