{
  "fio version" : "fio-3.29-112-gc3773",
  "timestamp" : 1649353045,
  "timestamp_ms" : 1649353045912,
  "time" : "Thu Apr  7 17:37:25 2022",
  "global options" : {
    "size" : "50M",
    "runtime" : "60",
    "directory" : "/mnt/gfs"
  },
  "jobs" : [
    {
      "jobname" : "iotest",
      "groupid" : 0,
      "error" : 0,
      "eta" : 0,
      "elapsed" : 61,
      "job options" : {
        "rw" : "randwrite",
        "bs" : "4k",
        "ioengine" : "libaio",
        "iodepth" : "4",
        "numjobs" : "32",
        "direct" : "1",
        "group_reporting" : "1",
        "invalidate" : "1",
        "loops" : "1",
        "write_bw_log" : "./fio-bench-07-04-2022--16-25-57-rand-gfs/randwrite/gfs/4k/randwrite-iodepth-4-numjobs-32",
        "write_lat_log" : "./fio-bench-07-04-2022--16-25-57-rand-gfs/randwrite/gfs/4k/randwrite-iodepth-4-numjobs-32",
        "write_iops_log" : "./fio-bench-07-04-2022--16-25-57-rand-gfs/randwrite/gfs/4k/randwrite-iodepth-4-numjobs-32",
        "log_avg_msec" : "500"
      },
      "read" : {
        "io_bytes" : 0,
        "io_kbytes" : 0,
        "bw_bytes" : 0,
        "bw" : 0,
        "iops" : 0.000000,
        "runtime" : 0,
        "total_ios" : 0,
        "short_ios" : 0,
        "drop_ios" : 0,
        "slat_ns" : {
          "min" : 0,
          "max" : 0,
          "mean" : 0.000000,
          "stddev" : 0.000000,
          "N" : 0
        },
        "clat_ns" : {
          "min" : 0,
          "max" : 0,
          "mean" : 0.000000,
          "stddev" : 0.000000,
          "N" : 0
        },
        "lat_ns" : {
          "min" : 0,
          "max" : 0,
          "mean" : 0.000000,
          "stddev" : 0.000000,
          "N" : 0
        },
        "bw_min" : 0,
        "bw_max" : 0,
        "bw_agg" : 0.000000,
        "bw_mean" : 0.000000,
        "bw_dev" : 0.000000,
        "bw_samples" : 0,
        "iops_min" : 0,
        "iops_max" : 0,
        "iops_mean" : 0.000000,
        "iops_stddev" : 0.000000,
        "iops_samples" : 0
      },
      "write" : {
        "io_bytes" : 156192768,
        "io_kbytes" : 152532,
        "bw_bytes" : 2596548,
        "bw" : 2535,
        "iops" : 633.922931,
        "runtime" : 60154,
        "total_ios" : 38133,
        "short_ios" : 0,
        "drop_ios" : 0,
        "slat_ns" : {
          "min" : 27029,
          "max" : 1428777127,
          "mean" : 44144020.617366,
          "stddev" : 36608804.992888,
          "N" : 38133
        },
        "clat_ns" : {
          "min" : 17238636,
          "max" : 2126740727,
          "mean" : 157450431.591823,
          "stddev" : 188403297.303974,
          "N" : 38133,
          "percentile" : {
            "1.000000" : 76021760,
            "5.000000" : 86507520,
            "10.000000" : 89653248,
            "20.000000" : 112721920,
            "30.000000" : 135266304,
            "40.000000" : 139460608,
            "50.000000" : 141557760,
            "60.000000" : 141557760,
            "70.000000" : 145752064,
            "80.000000" : 154140672,
            "90.000000" : 158334976,
            "95.000000" : 168820736,
            "99.000000" : 1484783616,
            "99.500000" : 1870659584,
            "99.900000" : 2038431744,
            "99.950000" : 2071986176,
            "99.990000" : 2122317824
          }
        },
        "lat_ns" : {
          "min" : 41740724,
          "max" : 2177849169,
          "mean" : 201598523.860278,
          "stddev" : 194846301.415531,
          "N" : 38133
        },
        "bw_min" : 447,
        "bw_max" : 4696,
        "bw_agg" : 100.000000,
        "bw_mean" : 2769.986166,
        "bw_dev" : 21.802831,
        "bw_samples" : 3513,
        "iops_min" : 111,
        "iops_max" : 1174,
        "iops_mean" : 692.501780,
        "iops_stddev" : 5.450340,
        "iops_samples" : 3513
      },
      "trim" : {
        "io_bytes" : 0,
        "io_kbytes" : 0,
        "bw_bytes" : 0,
        "bw" : 0,
        "iops" : 0.000000,
        "runtime" : 0,
        "total_ios" : 0,
        "short_ios" : 0,
        "drop_ios" : 0,
        "slat_ns" : {
          "min" : 0,
          "max" : 0,
          "mean" : 0.000000,
          "stddev" : 0.000000,
          "N" : 0
        },
        "clat_ns" : {
          "min" : 0,
          "max" : 0,
          "mean" : 0.000000,
          "stddev" : 0.000000,
          "N" : 0
        },
        "lat_ns" : {
          "min" : 0,
          "max" : 0,
          "mean" : 0.000000,
          "stddev" : 0.000000,
          "N" : 0
        },
        "bw_min" : 0,
        "bw_max" : 0,
        "bw_agg" : 0.000000,
        "bw_mean" : 0.000000,
        "bw_dev" : 0.000000,
        "bw_samples" : 0,
        "iops_min" : 0,
        "iops_max" : 0,
        "iops_mean" : 0.000000,
        "iops_stddev" : 0.000000,
        "iops_samples" : 0
      },
      "sync" : {
        "total_ios" : 0,
        "lat_ns" : {
          "min" : 0,
          "max" : 0,
          "mean" : 0.000000,
          "stddev" : 0.000000,
          "N" : 0
        }
      },
      "job_runtime" : 1923136,
      "usr_cpu" : 0.045135,
      "sys_cpu" : 0.047475,
      "ctx" : 84222,
      "majf" : 0,
      "minf" : 1190,
      "iodepth_level" : {
        "1" : 0.100000,
        "2" : 0.167834,
        "4" : 99.748250,
        "8" : 0.000000,
        "16" : 0.000000,
        "32" : 0.000000,
        ">=64" : 0.000000
      },
      "iodepth_submit" : {
        "0" : 0.000000,
        "4" : 100.000000,
        "8" : 0.000000,
        "16" : 0.000000,
        "32" : 0.000000,
        "64" : 0.000000,
        ">=64" : 0.000000
      },
      "iodepth_complete" : {
        "0" : 0.000000,
        "4" : 100.000000,
        "8" : 0.000000,
        "16" : 0.000000,
        "32" : 0.000000,
        "64" : 0.000000,
        ">=64" : 0.000000
      },
      "latency_ns" : {
        "2" : 0.000000,
        "4" : 0.000000,
        "10" : 0.000000,
        "20" : 0.000000,
        "50" : 0.000000,
        "100" : 0.000000,
        "250" : 0.000000,
        "500" : 0.000000,
        "750" : 0.000000,
        "1000" : 0.000000
      },
      "latency_us" : {
        "2" : 0.000000,
        "4" : 0.000000,
        "10" : 0.000000,
        "20" : 0.000000,
        "50" : 0.000000,
        "100" : 0.000000,
        "250" : 0.000000,
        "500" : 0.000000,
        "750" : 0.000000,
        "1000" : 0.000000
      },
      "latency_ms" : {
        "2" : 0.000000,
        "4" : 0.000000,
        "10" : 0.000000,
        "20" : 0.010490,
        "50" : 0.089162,
        "100" : 17.323578,
        "250" : 80.568012,
        "500" : 0.298954,
        "750" : 0.036714,
        "1000" : 0.306821,
        "2000" : 1.201059,
        ">=2000" : 0.165211
      },
      "latency_depth" : 4,
      "latency_target" : 0,
      "latency_percentile" : 100.000000,
      "latency_window" : 0
    }
  ]
}
