{
  "fio version" : "fio-3.29-112-gc3773",
  "timestamp" : 1649352584,
  "timestamp_ms" : 1649352584158,
  "time" : "Thu Apr  7 17:29:44 2022",
  "global options" : {
    "size" : "50M",
    "runtime" : "60",
    "directory" : "/mnt/gfs"
  },
  "jobs" : [
    {
      "jobname" : "iotest",
      "groupid" : 0,
      "error" : 0,
      "eta" : 0,
      "elapsed" : 63,
      "job options" : {
        "rw" : "randwrite",
        "bs" : "4k",
        "ioengine" : "libaio",
        "iodepth" : "2",
        "numjobs" : "16",
        "direct" : "1",
        "group_reporting" : "1",
        "invalidate" : "1",
        "loops" : "1",
        "write_bw_log" : "./fio-bench-07-04-2022--16-25-57-rand-gfs/randwrite/gfs/4k/randwrite-iodepth-2-numjobs-16",
        "write_lat_log" : "./fio-bench-07-04-2022--16-25-57-rand-gfs/randwrite/gfs/4k/randwrite-iodepth-2-numjobs-16",
        "write_iops_log" : "./fio-bench-07-04-2022--16-25-57-rand-gfs/randwrite/gfs/4k/randwrite-iodepth-2-numjobs-16",
        "log_avg_msec" : "500"
      },
      "read" : {
        "io_bytes" : 0,
        "io_kbytes" : 0,
        "bw_bytes" : 0,
        "bw" : 0,
        "iops" : 0.000000,
        "runtime" : 0,
        "total_ios" : 0,
        "short_ios" : 0,
        "drop_ios" : 0,
        "slat_ns" : {
          "min" : 0,
          "max" : 0,
          "mean" : 0.000000,
          "stddev" : 0.000000,
          "N" : 0
        },
        "clat_ns" : {
          "min" : 0,
          "max" : 0,
          "mean" : 0.000000,
          "stddev" : 0.000000,
          "N" : 0
        },
        "lat_ns" : {
          "min" : 0,
          "max" : 0,
          "mean" : 0.000000,
          "stddev" : 0.000000,
          "N" : 0
        },
        "bw_min" : 0,
        "bw_max" : 0,
        "bw_agg" : 0.000000,
        "bw_mean" : 0.000000,
        "bw_dev" : 0.000000,
        "bw_samples" : 0,
        "iops_min" : 0,
        "iops_max" : 0,
        "iops_mean" : 0.000000,
        "iops_stddev" : 0.000000,
        "iops_samples" : 0
      },
      "write" : {
        "io_bytes" : 162234368,
        "io_kbytes" : 158432,
        "bw_bytes" : 2615080,
        "bw" : 2553,
        "iops" : 638.447403,
        "runtime" : 62038,
        "total_ios" : 39608,
        "short_ios" : 0,
        "drop_ios" : 0,
        "slat_ns" : {
          "min" : 18228,
          "max" : 8275255,
          "mean" : 40878.594653,
          "stddev" : 119087.025731,
          "N" : 39608
        },
        "clat_ns" : {
          "min" : 2907158,
          "max" : 3398827355,
          "mean" : 49140158.371996,
          "stddev" : 128216814.694516,
          "N" : 39608,
          "percentile" : {
            "1.000000" : 8716288,
            "5.000000" : 17432576,
            "10.000000" : 17956864,
            "20.000000" : 26345472,
            "30.000000" : 26607616,
            "40.000000" : 35389440,
            "50.000000" : 41156608,
            "60.000000" : 47448064,
            "70.000000" : 53739520,
            "80.000000" : 61079552,
            "90.000000" : 62652416,
            "95.000000" : 64225280,
            "99.000000" : 65273856,
            "99.500000" : 446693376,
            "99.900000" : 2055208960,
            "99.950000" : 2634022912,
            "99.990000" : 3305111552
          }
        },
        "lat_ns" : {
          "min" : 2975812,
          "max" : 3398865000,
          "mean" : 49183981.595031,
          "stddev" : 128216976.882855,
          "N" : 39608
        },
        "bw_min" : 264,
        "bw_max" : 7842,
        "bw_agg" : 100.000000,
        "bw_mean" : 2983.496639,
        "bw_dev" : 70.858898,
        "bw_samples" : 1712,
        "iops_min" : 66,
        "iops_max" : 1960,
        "iops_mean" : 745.866780,
        "iops_stddev" : 17.711316,
        "iops_samples" : 1712
      },
      "trim" : {
        "io_bytes" : 0,
        "io_kbytes" : 0,
        "bw_bytes" : 0,
        "bw" : 0,
        "iops" : 0.000000,
        "runtime" : 0,
        "total_ios" : 0,
        "short_ios" : 0,
        "drop_ios" : 0,
        "slat_ns" : {
          "min" : 0,
          "max" : 0,
          "mean" : 0.000000,
          "stddev" : 0.000000,
          "N" : 0
        },
        "clat_ns" : {
          "min" : 0,
          "max" : 0,
          "mean" : 0.000000,
          "stddev" : 0.000000,
          "N" : 0
        },
        "lat_ns" : {
          "min" : 0,
          "max" : 0,
          "mean" : 0.000000,
          "stddev" : 0.000000,
          "N" : 0
        },
        "bw_min" : 0,
        "bw_max" : 0,
        "bw_agg" : 0.000000,
        "bw_mean" : 0.000000,
        "bw_dev" : 0.000000,
        "bw_samples" : 0,
        "iops_min" : 0,
        "iops_max" : 0,
        "iops_mean" : 0.000000,
        "iops_stddev" : 0.000000,
        "iops_samples" : 0
      },
      "sync" : {
        "total_ios" : 0,
        "lat_ns" : {
          "min" : 0,
          "max" : 0,
          "mean" : 0.000000,
          "stddev" : 0.000000,
          "N" : 0
        }
      },
      "job_runtime" : 974422,
      "usr_cpu" : 0.087744,
      "sys_cpu" : 0.081279,
      "ctx" : 79290,
      "majf" : 0,
      "minf" : 618,
      "iodepth_level" : {
        "1" : 0.100000,
        "2" : 99.959604,
        "4" : 0.000000,
        "8" : 0.000000,
        "16" : 0.000000,
        "32" : 0.000000,
        ">=64" : 0.000000
      },
      "iodepth_submit" : {
        "0" : 0.000000,
        "4" : 100.000000,
        "8" : 0.000000,
        "16" : 0.000000,
        "32" : 0.000000,
        "64" : 0.000000,
        ">=64" : 0.000000
      },
      "iodepth_complete" : {
        "0" : 0.000000,
        "4" : 100.000000,
        "8" : 0.000000,
        "16" : 0.000000,
        "32" : 0.000000,
        "64" : 0.000000,
        ">=64" : 0.000000
      },
      "latency_ns" : {
        "2" : 0.000000,
        "4" : 0.000000,
        "10" : 0.000000,
        "20" : 0.000000,
        "50" : 0.000000,
        "100" : 0.000000,
        "250" : 0.000000,
        "500" : 0.000000,
        "750" : 0.000000,
        "1000" : 0.000000
      },
      "latency_us" : {
        "2" : 0.000000,
        "4" : 0.000000,
        "10" : 0.000000,
        "20" : 0.000000,
        "50" : 0.000000,
        "100" : 0.000000,
        "250" : 0.000000,
        "500" : 0.000000,
        "750" : 0.000000,
        "1000" : 0.000000
      },
      "latency_ms" : {
        "2" : 0.000000,
        "4" : 0.015148,
        "10" : 2.355585,
        "20" : 12.315694,
        "50" : 45.634720,
        "100" : 39.047667,
        "250" : 0.106039,
        "500" : 0.035346,
        "750" : 0.037871,
        "1000" : 0.022723,
        "2000" : 0.267623,
        ">=2000" : 0.161584
      },
      "latency_depth" : 2,
      "latency_target" : 0,
      "latency_percentile" : 100.000000,
      "latency_window" : 0
    }
  ]
}
