{
  "fio version" : "fio-3.29-112-gc3773",
  "timestamp" : 1649353448,
  "timestamp_ms" : 1649353448819,
  "time" : "Thu Apr  7 17:44:08 2022",
  "global options" : {
    "size" : "50M",
    "runtime" : "60",
    "directory" : "/mnt/gfs"
  },
  "jobs" : [
    {
      "jobname" : "iotest",
      "groupid" : 0,
      "error" : 0,
      "eta" : 0,
      "elapsed" : 62,
      "job options" : {
        "rw" : "randwrite",
        "bs" : "4k",
        "ioengine" : "libaio",
        "iodepth" : "8",
        "numjobs" : "32",
        "direct" : "1",
        "group_reporting" : "1",
        "invalidate" : "1",
        "loops" : "1",
        "write_bw_log" : "./fio-bench-07-04-2022--16-25-57-rand-gfs/randwrite/gfs/4k/randwrite-iodepth-8-numjobs-32",
        "write_lat_log" : "./fio-bench-07-04-2022--16-25-57-rand-gfs/randwrite/gfs/4k/randwrite-iodepth-8-numjobs-32",
        "write_iops_log" : "./fio-bench-07-04-2022--16-25-57-rand-gfs/randwrite/gfs/4k/randwrite-iodepth-8-numjobs-32",
        "log_avg_msec" : "500"
      },
      "read" : {
        "io_bytes" : 0,
        "io_kbytes" : 0,
        "bw_bytes" : 0,
        "bw" : 0,
        "iops" : 0.000000,
        "runtime" : 0,
        "total_ios" : 0,
        "short_ios" : 0,
        "drop_ios" : 0,
        "slat_ns" : {
          "min" : 0,
          "max" : 0,
          "mean" : 0.000000,
          "stddev" : 0.000000,
          "N" : 0
        },
        "clat_ns" : {
          "min" : 0,
          "max" : 0,
          "mean" : 0.000000,
          "stddev" : 0.000000,
          "N" : 0
        },
        "lat_ns" : {
          "min" : 0,
          "max" : 0,
          "mean" : 0.000000,
          "stddev" : 0.000000,
          "N" : 0
        },
        "bw_min" : 0,
        "bw_max" : 0,
        "bw_agg" : 0.000000,
        "bw_mean" : 0.000000,
        "bw_dev" : 0.000000,
        "bw_samples" : 0,
        "iops_min" : 0,
        "iops_max" : 0,
        "iops_mean" : 0.000000,
        "iops_stddev" : 0.000000,
        "iops_samples" : 0
      },
      "write" : {
        "io_bytes" : 135483392,
        "io_kbytes" : 132308,
        "bw_bytes" : 2212660,
        "bw" : 2160,
        "iops" : 540.200225,
        "runtime" : 61231,
        "total_ios" : 33077,
        "short_ios" : 0,
        "drop_ios" : 0,
        "slat_ns" : {
          "min" : 25842,
          "max" : 1839473734,
          "mean" : 57249522.211567,
          "stddev" : 111145046.590496,
          "N" : 33077
        },
        "clat_ns" : {
          "min" : 3970419,
          "max" : 3538585582,
          "mean" : 407223829.168365,
          "stddev" : 357914290.236655,
          "N" : 33077,
          "percentile" : {
            "1.000000" : 225443840,
            "5.000000" : 265289728,
            "10.000000" : 295698432,
            "20.000000" : 337641472,
            "30.000000" : 337641472,
            "40.000000" : 337641472,
            "50.000000" : 337641472,
            "60.000000" : 341835776,
            "70.000000" : 341835776,
            "80.000000" : 341835776,
            "90.000000" : 367001600,
            "95.000000" : 801112064,
            "99.000000" : 2499805184,
            "99.500000" : 2667577344,
            "99.900000" : 3372220416,
            "99.950000" : 3405774848,
            "99.990000" : 3439329280
          }
        },
        "lat_ns" : {
          "min" : 63526363,
          "max" : 4079052051,
          "mean" : 464477412.699973,
          "stddev" : 389986145.982233,
          "N" : 33077
        },
        "bw_min" : 272,
        "bw_max" : 3432,
        "bw_agg" : 100.000000,
        "bw_mean" : 2453.865298,
        "bw_dev" : 20.198812,
        "bw_samples" : 3424,
        "iops_min" : 68,
        "iops_max" : 858,
        "iops_mean" : 613.466325,
        "iops_stddev" : 5.049703,
        "iops_samples" : 3424
      },
      "trim" : {
        "io_bytes" : 0,
        "io_kbytes" : 0,
        "bw_bytes" : 0,
        "bw" : 0,
        "iops" : 0.000000,
        "runtime" : 0,
        "total_ios" : 0,
        "short_ios" : 0,
        "drop_ios" : 0,
        "slat_ns" : {
          "min" : 0,
          "max" : 0,
          "mean" : 0.000000,
          "stddev" : 0.000000,
          "N" : 0
        },
        "clat_ns" : {
          "min" : 0,
          "max" : 0,
          "mean" : 0.000000,
          "stddev" : 0.000000,
          "N" : 0
        },
        "lat_ns" : {
          "min" : 0,
          "max" : 0,
          "mean" : 0.000000,
          "stddev" : 0.000000,
          "N" : 0
        },
        "bw_min" : 0,
        "bw_max" : 0,
        "bw_agg" : 0.000000,
        "bw_mean" : 0.000000,
        "bw_dev" : 0.000000,
        "bw_samples" : 0,
        "iops_min" : 0,
        "iops_max" : 0,
        "iops_mean" : 0.000000,
        "iops_stddev" : 0.000000,
        "iops_samples" : 0
      },
      "sync" : {
        "total_ios" : 0,
        "lat_ns" : {
          "min" : 0,
          "max" : 0,
          "mean" : 0.000000,
          "stddev" : 0.000000,
          "N" : 0
        }
      },
      "job_runtime" : 1930337,
      "usr_cpu" : 0.040874,
      "sys_cpu" : 0.038024,
      "ctx" : 66378,
      "majf" : 0,
      "minf" : 1248,
      "iodepth_level" : {
        "1" : 0.100000,
        "2" : 0.193488,
        "4" : 0.386976,
        "8" : 99.322792,
        "16" : 0.000000,
        "32" : 0.000000,
        ">=64" : 0.000000
      },
      "iodepth_submit" : {
        "0" : 0.000000,
        "4" : 100.000000,
        "8" : 0.000000,
        "16" : 0.000000,
        "32" : 0.000000,
        "64" : 0.000000,
        ">=64" : 0.000000
      },
      "iodepth_complete" : {
        "0" : 0.000000,
        "4" : 99.902691,
        "8" : 0.100000,
        "16" : 0.000000,
        "32" : 0.000000,
        "64" : 0.000000,
        ">=64" : 0.000000
      },
      "latency_ns" : {
        "2" : 0.000000,
        "4" : 0.000000,
        "10" : 0.000000,
        "20" : 0.000000,
        "50" : 0.000000,
        "100" : 0.000000,
        "250" : 0.000000,
        "500" : 0.000000,
        "750" : 0.000000,
        "1000" : 0.000000
      },
      "latency_us" : {
        "2" : 0.000000,
        "4" : 0.000000,
        "10" : 0.000000,
        "20" : 0.000000,
        "50" : 0.000000,
        "100" : 0.000000,
        "250" : 0.000000,
        "500" : 0.000000,
        "750" : 0.000000,
        "1000" : 0.000000
      },
      "latency_ms" : {
        "2" : 0.000000,
        "4" : 0.010000,
        "10" : 0.033256,
        "20" : 0.000000,
        "50" : 0.010000,
        "100" : 0.072558,
        "250" : 1.977205,
        "500" : 92.683738,
        "750" : 0.205581,
        "1000" : 0.773952,
        "2000" : 2.285576,
        ">=2000" : 1.962088
      },
      "latency_depth" : 8,
      "latency_target" : 0,
      "latency_percentile" : 100.000000,
      "latency_window" : 0
    }
  ]
}
