{
  "fio version" : "fio-3.29-112-gc3773",
  "timestamp" : 1649353788,
  "timestamp_ms" : 1649353788120,
  "time" : "Thu Apr  7 17:49:48 2022",
  "global options" : {
    "size" : "50M",
    "runtime" : "60",
    "directory" : "/mnt/gfs"
  },
  "jobs" : [
    {
      "jobname" : "iotest",
      "groupid" : 0,
      "error" : 0,
      "eta" : 0,
      "elapsed" : 62,
      "job options" : {
        "rw" : "randwrite",
        "bs" : "4k",
        "ioengine" : "libaio",
        "iodepth" : "16",
        "numjobs" : "16",
        "direct" : "1",
        "group_reporting" : "1",
        "invalidate" : "1",
        "loops" : "1",
        "write_bw_log" : "./fio-bench-07-04-2022--16-25-57-rand-gfs/randwrite/gfs/4k/randwrite-iodepth-16-numjobs-16",
        "write_lat_log" : "./fio-bench-07-04-2022--16-25-57-rand-gfs/randwrite/gfs/4k/randwrite-iodepth-16-numjobs-16",
        "write_iops_log" : "./fio-bench-07-04-2022--16-25-57-rand-gfs/randwrite/gfs/4k/randwrite-iodepth-16-numjobs-16",
        "log_avg_msec" : "500"
      },
      "read" : {
        "io_bytes" : 0,
        "io_kbytes" : 0,
        "bw_bytes" : 0,
        "bw" : 0,
        "iops" : 0.000000,
        "runtime" : 0,
        "total_ios" : 0,
        "short_ios" : 0,
        "drop_ios" : 0,
        "slat_ns" : {
          "min" : 0,
          "max" : 0,
          "mean" : 0.000000,
          "stddev" : 0.000000,
          "N" : 0
        },
        "clat_ns" : {
          "min" : 0,
          "max" : 0,
          "mean" : 0.000000,
          "stddev" : 0.000000,
          "N" : 0
        },
        "lat_ns" : {
          "min" : 0,
          "max" : 0,
          "mean" : 0.000000,
          "stddev" : 0.000000,
          "N" : 0
        },
        "bw_min" : 0,
        "bw_max" : 0,
        "bw_agg" : 0.000000,
        "bw_mean" : 0.000000,
        "bw_dev" : 0.000000,
        "bw_samples" : 0,
        "iops_min" : 0,
        "iops_max" : 0,
        "iops_mean" : 0.000000,
        "iops_stddev" : 0.000000,
        "iops_samples" : 0
      },
      "write" : {
        "io_bytes" : 132235264,
        "io_kbytes" : 129136,
        "bw_bytes" : 2155037,
        "bw" : 2104,
        "iops" : 526.132234,
        "runtime" : 61361,
        "total_ios" : 32284,
        "short_ios" : 0,
        "drop_ios" : 0,
        "slat_ns" : {
          "min" : 129836,
          "max" : 2136583166,
          "mean" : 29889486.800087,
          "stddev" : 88541030.192402,
          "N" : 32284
        },
        "clat_ns" : {
          "min" : 10079803,
          "max" : 2554034329,
          "mean" : 455751709.354386,
          "stddev" : 340592598.197911,
          "N" : 32284,
          "percentile" : {
            "1.000000" : 265289728,
            "5.000000" : 295698432,
            "10.000000" : 320864256,
            "20.000000" : 358612992,
            "30.000000" : 362807296,
            "40.000000" : 362807296,
            "50.000000" : 362807296,
            "60.000000" : 367001600,
            "70.000000" : 367001600,
            "80.000000" : 379584512,
            "90.000000" : 513802240,
            "95.000000" : 1233125376,
            "99.000000" : 2164260864,
            "99.500000" : 2365587456,
            "99.900000" : 2466250752,
            "99.950000" : 2466250752,
            "99.990000" : 2466250752
          }
        },
        "lat_ns" : {
          "min" : 187429277,
          "max" : 2578279104,
          "mean" : 485644656.097850,
          "stddev" : 351288909.487852,
          "N" : 32284
        },
        "bw_min" : 128,
        "bw_max" : 3488,
        "bw_agg" : 100.000000,
        "bw_mean" : 2342.469362,
        "bw_dev" : 45.979701,
        "bw_samples" : 1750,
        "iops_min" : 32,
        "iops_max" : 872,
        "iops_mean" : 585.610460,
        "iops_stddev" : 11.495663,
        "iops_samples" : 1750
      },
      "trim" : {
        "io_bytes" : 0,
        "io_kbytes" : 0,
        "bw_bytes" : 0,
        "bw" : 0,
        "iops" : 0.000000,
        "runtime" : 0,
        "total_ios" : 0,
        "short_ios" : 0,
        "drop_ios" : 0,
        "slat_ns" : {
          "min" : 0,
          "max" : 0,
          "mean" : 0.000000,
          "stddev" : 0.000000,
          "N" : 0
        },
        "clat_ns" : {
          "min" : 0,
          "max" : 0,
          "mean" : 0.000000,
          "stddev" : 0.000000,
          "N" : 0
        },
        "lat_ns" : {
          "min" : 0,
          "max" : 0,
          "mean" : 0.000000,
          "stddev" : 0.000000,
          "N" : 0
        },
        "bw_min" : 0,
        "bw_max" : 0,
        "bw_agg" : 0.000000,
        "bw_mean" : 0.000000,
        "bw_dev" : 0.000000,
        "bw_samples" : 0,
        "iops_min" : 0,
        "iops_max" : 0,
        "iops_mean" : 0.000000,
        "iops_stddev" : 0.000000,
        "iops_samples" : 0
      },
      "sync" : {
        "total_ios" : 0,
        "lat_ns" : {
          "min" : 0,
          "max" : 0,
          "mean" : 0.000000,
          "stddev" : 0.000000,
          "N" : 0
        }
      },
      "job_runtime" : 981601,
      "usr_cpu" : 0.056846,
      "sys_cpu" : 0.082315,
      "ctx" : 64720,
      "majf" : 0,
      "minf" : 606,
      "iodepth_level" : {
        "1" : 0.100000,
        "2" : 0.100000,
        "4" : 0.198241,
        "8" : 0.396481,
        "16" : 99.256598,
        "32" : 0.000000,
        ">=64" : 0.000000
      },
      "iodepth_submit" : {
        "0" : 0.000000,
        "4" : 100.000000,
        "8" : 0.000000,
        "16" : 0.000000,
        "32" : 0.000000,
        "64" : 0.000000,
        ">=64" : 0.000000
      },
      "iodepth_complete" : {
        "0" : 0.000000,
        "4" : 99.950094,
        "8" : 0.000000,
        "16" : 0.100000,
        "32" : 0.000000,
        "64" : 0.000000,
        ">=64" : 0.000000
      },
      "latency_ns" : {
        "2" : 0.000000,
        "4" : 0.000000,
        "10" : 0.000000,
        "20" : 0.000000,
        "50" : 0.000000,
        "100" : 0.000000,
        "250" : 0.000000,
        "500" : 0.000000,
        "750" : 0.000000,
        "1000" : 0.000000
      },
      "latency_us" : {
        "2" : 0.000000,
        "4" : 0.000000,
        "10" : 0.000000,
        "20" : 0.000000,
        "50" : 0.000000,
        "100" : 0.000000,
        "250" : 0.000000,
        "500" : 0.000000,
        "750" : 0.000000,
        "1000" : 0.000000
      },
      "latency_ms" : {
        "2" : 0.000000,
        "4" : 0.000000,
        "10" : 0.000000,
        "20" : 0.030975,
        "50" : 0.018585,
        "100" : 0.000000,
        "250" : 0.309751,
        "500" : 89.518028,
        "750" : 1.601412,
        "1000" : 1.982406,
        "2000" : 4.652459,
        ">=2000" : 1.886383
      },
      "latency_depth" : 16,
      "latency_target" : 0,
      "latency_percentile" : 100.000000,
      "latency_window" : 0
    }
  ]
}
