{
  "fio version" : "fio-3.29-112-gc3773",
  "timestamp" : 1649354129,
  "timestamp_ms" : 1649354129134,
  "time" : "Thu Apr  7 17:55:29 2022",
  "global options" : {
    "size" : "50M",
    "runtime" : "60",
    "directory" : "/mnt/gfs"
  },
  "jobs" : [
    {
      "jobname" : "iotest",
      "groupid" : 0,
      "error" : 0,
      "eta" : 0,
      "elapsed" : 61,
      "job options" : {
        "rw" : "randwrite",
        "bs" : "4k",
        "ioengine" : "libaio",
        "iodepth" : "32",
        "numjobs" : "8",
        "direct" : "1",
        "group_reporting" : "1",
        "invalidate" : "1",
        "loops" : "1",
        "write_bw_log" : "./fio-bench-07-04-2022--16-25-57-rand-gfs/randwrite/gfs/4k/randwrite-iodepth-32-numjobs-8",
        "write_lat_log" : "./fio-bench-07-04-2022--16-25-57-rand-gfs/randwrite/gfs/4k/randwrite-iodepth-32-numjobs-8",
        "write_iops_log" : "./fio-bench-07-04-2022--16-25-57-rand-gfs/randwrite/gfs/4k/randwrite-iodepth-32-numjobs-8",
        "log_avg_msec" : "500"
      },
      "read" : {
        "io_bytes" : 0,
        "io_kbytes" : 0,
        "bw_bytes" : 0,
        "bw" : 0,
        "iops" : 0.000000,
        "runtime" : 0,
        "total_ios" : 0,
        "short_ios" : 0,
        "drop_ios" : 0,
        "slat_ns" : {
          "min" : 0,
          "max" : 0,
          "mean" : 0.000000,
          "stddev" : 0.000000,
          "N" : 0
        },
        "clat_ns" : {
          "min" : 0,
          "max" : 0,
          "mean" : 0.000000,
          "stddev" : 0.000000,
          "N" : 0
        },
        "lat_ns" : {
          "min" : 0,
          "max" : 0,
          "mean" : 0.000000,
          "stddev" : 0.000000,
          "N" : 0
        },
        "bw_min" : 0,
        "bw_max" : 0,
        "bw_agg" : 0.000000,
        "bw_mean" : 0.000000,
        "bw_dev" : 0.000000,
        "bw_samples" : 0,
        "iops_min" : 0,
        "iops_max" : 0,
        "iops_mean" : 0.000000,
        "iops_stddev" : 0.000000,
        "iops_samples" : 0
      },
      "write" : {
        "io_bytes" : 111013888,
        "io_kbytes" : 108412,
        "bw_bytes" : 1846907,
        "bw" : 1803,
        "iops" : 450.905038,
        "runtime" : 60108,
        "total_ios" : 27103,
        "short_ios" : 0,
        "drop_ios" : 0,
        "slat_ns" : {
          "min" : 53010,
          "max" : 2036134987,
          "mean" : 17357334.404568,
          "stddev" : 87024251.554409,
          "N" : 27103
        },
        "clat_ns" : {
          "min" : 3741198,
          "max" : 3189800777,
          "mean" : 548954720.370253,
          "stddev" : 509870716.158059,
          "N" : 27103,
          "percentile" : {
            "1.000000" : 291504128,
            "5.000000" : 362807296,
            "10.000000" : 371195904,
            "20.000000" : 371195904,
            "30.000000" : 375390208,
            "40.000000" : 375390208,
            "50.000000" : 375390208,
            "60.000000" : 375390208,
            "70.000000" : 375390208,
            "80.000000" : 383778816,
            "90.000000" : 1115684864,
            "95.000000" : 2088763392,
            "99.000000" : 2432696320,
            "99.500000" : 2566914048,
            "99.900000" : 3003121664,
            "99.950000" : 3036676096,
            "99.990000" : 3170893824
          }
        },
        "lat_ns" : {
          "min" : 15976309,
          "max" : 3204316072,
          "mean" : 566315357.209276,
          "stddev" : 517413592.361190,
          "N" : 27103
        },
        "bw_min" : 144,
        "bw_max" : 3048,
        "bw_agg" : 100.000000,
        "bw_mean" : 2183.304886,
        "bw_dev" : 102.096641,
        "bw_samples" : 787,
        "iops_min" : 36,
        "iops_max" : 762,
        "iops_mean" : 545.826221,
        "iops_stddev" : 25.524160,
        "iops_samples" : 787
      },
      "trim" : {
        "io_bytes" : 0,
        "io_kbytes" : 0,
        "bw_bytes" : 0,
        "bw" : 0,
        "iops" : 0.000000,
        "runtime" : 0,
        "total_ios" : 0,
        "short_ios" : 0,
        "drop_ios" : 0,
        "slat_ns" : {
          "min" : 0,
          "max" : 0,
          "mean" : 0.000000,
          "stddev" : 0.000000,
          "N" : 0
        },
        "clat_ns" : {
          "min" : 0,
          "max" : 0,
          "mean" : 0.000000,
          "stddev" : 0.000000,
          "N" : 0
        },
        "lat_ns" : {
          "min" : 0,
          "max" : 0,
          "mean" : 0.000000,
          "stddev" : 0.000000,
          "N" : 0
        },
        "bw_min" : 0,
        "bw_max" : 0,
        "bw_agg" : 0.000000,
        "bw_mean" : 0.000000,
        "bw_dev" : 0.000000,
        "bw_samples" : 0,
        "iops_min" : 0,
        "iops_max" : 0,
        "iops_mean" : 0.000000,
        "iops_stddev" : 0.000000,
        "iops_samples" : 0
      },
      "sync" : {
        "total_ios" : 0,
        "lat_ns" : {
          "min" : 0,
          "max" : 0,
          "mean" : 0.000000,
          "stddev" : 0.000000,
          "N" : 0
        }
      },
      "job_runtime" : 480642,
      "usr_cpu" : 0.097162,
      "sys_cpu" : 0.130867,
      "ctx" : 53952,
      "majf" : 0,
      "minf" : 297,
      "iodepth_level" : {
        "1" : 0.100000,
        "2" : 0.100000,
        "4" : 0.118068,
        "8" : 0.236136,
        "16" : 0.472272,
        "32" : 99.084972,
        ">=64" : 0.000000
      },
      "iodepth_submit" : {
        "0" : 0.000000,
        "4" : 100.000000,
        "8" : 0.000000,
        "16" : 0.000000,
        "32" : 0.000000,
        "64" : 0.000000,
        ">=64" : 0.000000
      },
      "iodepth_complete" : {
        "0" : 0.000000,
        "4" : 99.970219,
        "8" : 0.000000,
        "16" : 0.000000,
        "32" : 0.100000,
        "64" : 0.000000,
        ">=64" : 0.000000
      },
      "latency_ns" : {
        "2" : 0.000000,
        "4" : 0.000000,
        "10" : 0.000000,
        "20" : 0.000000,
        "50" : 0.000000,
        "100" : 0.000000,
        "250" : 0.000000,
        "500" : 0.000000,
        "750" : 0.000000,
        "1000" : 0.000000
      },
      "latency_us" : {
        "2" : 0.000000,
        "4" : 0.000000,
        "10" : 0.000000,
        "20" : 0.000000,
        "50" : 0.000000,
        "100" : 0.000000,
        "250" : 0.000000,
        "500" : 0.000000,
        "750" : 0.000000,
        "1000" : 0.000000
      },
      "latency_ms" : {
        "2" : 0.000000,
        "4" : 0.010000,
        "10" : 0.010000,
        "20" : 0.010000,
        "50" : 0.014759,
        "100" : 0.055344,
        "250" : 0.380032,
        "500" : 87.064163,
        "750" : 0.295170,
        "1000" : 1.512748,
        "2000" : 4.785448,
        ">=2000" : 5.877578
      },
      "latency_depth" : 32,
      "latency_target" : 0,
      "latency_percentile" : 100.000000,
      "latency_window" : 0
    }
  ]
}
