{
  "fio version" : "fio-3.29-112-gc3773",
  "timestamp" : 1649354477,
  "timestamp_ms" : 1649354477048,
  "time" : "Thu Apr  7 18:01:17 2022",
  "global options" : {
    "size" : "50M",
    "runtime" : "60",
    "directory" : "/mnt/gfs"
  },
  "jobs" : [
    {
      "jobname" : "iotest",
      "groupid" : 0,
      "error" : 0,
      "eta" : 0,
      "elapsed" : 63,
      "job options" : {
        "rw" : "randwrite",
        "bs" : "4k",
        "ioengine" : "libaio",
        "iodepth" : "64",
        "numjobs" : "4",
        "direct" : "1",
        "group_reporting" : "1",
        "invalidate" : "1",
        "loops" : "1",
        "write_bw_log" : "./fio-bench-07-04-2022--16-25-57-rand-gfs/randwrite/gfs/4k/randwrite-iodepth-64-numjobs-4",
        "write_lat_log" : "./fio-bench-07-04-2022--16-25-57-rand-gfs/randwrite/gfs/4k/randwrite-iodepth-64-numjobs-4",
        "write_iops_log" : "./fio-bench-07-04-2022--16-25-57-rand-gfs/randwrite/gfs/4k/randwrite-iodepth-64-numjobs-4",
        "log_avg_msec" : "500"
      },
      "read" : {
        "io_bytes" : 0,
        "io_kbytes" : 0,
        "bw_bytes" : 0,
        "bw" : 0,
        "iops" : 0.000000,
        "runtime" : 0,
        "total_ios" : 0,
        "short_ios" : 0,
        "drop_ios" : 0,
        "slat_ns" : {
          "min" : 0,
          "max" : 0,
          "mean" : 0.000000,
          "stddev" : 0.000000,
          "N" : 0
        },
        "clat_ns" : {
          "min" : 0,
          "max" : 0,
          "mean" : 0.000000,
          "stddev" : 0.000000,
          "N" : 0
        },
        "lat_ns" : {
          "min" : 0,
          "max" : 0,
          "mean" : 0.000000,
          "stddev" : 0.000000,
          "N" : 0
        },
        "bw_min" : 0,
        "bw_max" : 0,
        "bw_agg" : 0.000000,
        "bw_mean" : 0.000000,
        "bw_dev" : 0.000000,
        "bw_samples" : 0,
        "iops_min" : 0,
        "iops_max" : 0,
        "iops_mean" : 0.000000,
        "iops_stddev" : 0.000000,
        "iops_samples" : 0
      },
      "write" : {
        "io_bytes" : 111001600,
        "io_kbytes" : 108400,
        "bw_bytes" : 1787753,
        "bw" : 1745,
        "iops" : 436.463199,
        "runtime" : 62090,
        "total_ios" : 27100,
        "short_ios" : 0,
        "drop_ios" : 0,
        "slat_ns" : {
          "min" : 43930,
          "max" : 2816602230,
          "mean" : 9085810.265756,
          "stddev" : 72027715.272582,
          "N" : 27100
        },
        "clat_ns" : {
          "min" : 8774115,
          "max" : 3537624359,
          "mean" : 576322962.881255,
          "stddev" : 568448642.272801,
          "N" : 27100,
          "percentile" : {
            "1.000000" : 299892736,
            "5.000000" : 371195904,
            "10.000000" : 375390208,
            "20.000000" : 379584512,
            "30.000000" : 383778816,
            "40.000000" : 383778816,
            "50.000000" : 383778816,
            "60.000000" : 383778816,
            "70.000000" : 383778816,
            "80.000000" : 396361728,
            "90.000000" : 1149239296,
            "95.000000" : 2071986176,
            "99.000000" : 3238002688,
            "99.500000" : 3439329280,
            "99.900000" : 3506438144,
            "99.950000" : 3506438144,
            "99.990000" : 3539992576
          }
        },
        "lat_ns" : {
          "min" : 201333359,
          "max" : 3543609494,
          "mean" : 585411829.529114,
          "stddev" : 572275063.956448,
          "N" : 27100
        },
        "bw_min" : 64,
        "bw_max" : 2920,
        "bw_agg" : 100.000000,
        "bw_mean" : 2105.888494,
        "bw_dev" : 214.309083,
        "bw_samples" : 408,
        "iops_min" : 16,
        "iops_max" : 730,
        "iops_mean" : 526.381457,
        "iops_stddev" : 53.563134,
        "iops_samples" : 408
      },
      "trim" : {
        "io_bytes" : 0,
        "io_kbytes" : 0,
        "bw_bytes" : 0,
        "bw" : 0,
        "iops" : 0.000000,
        "runtime" : 0,
        "total_ios" : 0,
        "short_ios" : 0,
        "drop_ios" : 0,
        "slat_ns" : {
          "min" : 0,
          "max" : 0,
          "mean" : 0.000000,
          "stddev" : 0.000000,
          "N" : 0
        },
        "clat_ns" : {
          "min" : 0,
          "max" : 0,
          "mean" : 0.000000,
          "stddev" : 0.000000,
          "N" : 0
        },
        "lat_ns" : {
          "min" : 0,
          "max" : 0,
          "mean" : 0.000000,
          "stddev" : 0.000000,
          "N" : 0
        },
        "bw_min" : 0,
        "bw_max" : 0,
        "bw_agg" : 0.000000,
        "bw_mean" : 0.000000,
        "bw_dev" : 0.000000,
        "bw_samples" : 0,
        "iops_min" : 0,
        "iops_max" : 0,
        "iops_mean" : 0.000000,
        "iops_stddev" : 0.000000,
        "iops_samples" : 0
      },
      "sync" : {
        "total_ios" : 0,
        "lat_ns" : {
          "min" : 0,
          "max" : 0,
          "mean" : 0.000000,
          "stddev" : 0.000000,
          "N" : 0
        }
      },
      "job_runtime" : 248352,
      "usr_cpu" : 0.168309,
      "sys_cpu" : 0.264141,
      "ctx" : 53567,
      "majf" : 0,
      "minf" : 149,
      "iodepth_level" : {
        "1" : 0.100000,
        "2" : 0.100000,
        "4" : 0.100000,
        "8" : 0.118081,
        "16" : 0.236162,
        "32" : 0.472325,
        ">=64" : 99.070111
      },
      "iodepth_submit" : {
        "0" : 0.000000,
        "4" : 100.000000,
        "8" : 0.000000,
        "16" : 0.000000,
        "32" : 0.000000,
        "64" : 0.000000,
        ">=64" : 0.000000
      },
      "iodepth_complete" : {
        "0" : 0.000000,
        "4" : 99.985104,
        "8" : 0.000000,
        "16" : 0.000000,
        "32" : 0.000000,
        "64" : 0.100000,
        ">=64" : 0.000000
      },
      "latency_ns" : {
        "2" : 0.000000,
        "4" : 0.000000,
        "10" : 0.000000,
        "20" : 0.000000,
        "50" : 0.000000,
        "100" : 0.000000,
        "250" : 0.000000,
        "500" : 0.000000,
        "750" : 0.000000,
        "1000" : 0.000000
      },
      "latency_us" : {
        "2" : 0.000000,
        "4" : 0.000000,
        "10" : 0.000000,
        "20" : 0.000000,
        "50" : 0.000000,
        "100" : 0.000000,
        "250" : 0.000000,
        "500" : 0.000000,
        "750" : 0.000000,
        "1000" : 0.000000
      },
      "latency_ms" : {
        "2" : 0.000000,
        "4" : 0.000000,
        "10" : 0.014760,
        "20" : 0.000000,
        "50" : 0.000000,
        "100" : 0.000000,
        "250" : 0.132841,
        "500" : 84.553506,
        "750" : 2.066421,
        "1000" : 1.948339,
        "2000" : 6.099631,
        ">=2000" : 5.184502
      },
      "latency_depth" : 64,
      "latency_target" : 0,
      "latency_percentile" : 100.000000,
      "latency_window" : 0
    }
  ]
}
