{
  "fio version" : "fio-3.29-112-gc3773",
  "timestamp" : 1649354658,
  "timestamp_ms" : 1649354658937,
  "time" : "Thu Apr  7 18:04:18 2022",
  "global options" : {
    "size" : "50M",
    "runtime" : "60",
    "directory" : "/mnt/gfs"
  },
  "jobs" : [
    {
      "jobname" : "iotest",
      "groupid" : 0,
      "error" : 0,
      "eta" : 0,
      "elapsed" : 61,
      "job options" : {
        "rw" : "randwrite",
        "bs" : "4k",
        "ioengine" : "libaio",
        "iodepth" : "64",
        "numjobs" : "32",
        "direct" : "1",
        "group_reporting" : "1",
        "invalidate" : "1",
        "loops" : "1",
        "write_bw_log" : "./fio-bench-07-04-2022--16-25-57-rand-gfs/randwrite/gfs/4k/randwrite-iodepth-64-numjobs-32",
        "write_lat_log" : "./fio-bench-07-04-2022--16-25-57-rand-gfs/randwrite/gfs/4k/randwrite-iodepth-64-numjobs-32",
        "write_iops_log" : "./fio-bench-07-04-2022--16-25-57-rand-gfs/randwrite/gfs/4k/randwrite-iodepth-64-numjobs-32",
        "log_avg_msec" : "500"
      },
      "read" : {
        "io_bytes" : 0,
        "io_kbytes" : 0,
        "bw_bytes" : 0,
        "bw" : 0,
        "iops" : 0.000000,
        "runtime" : 0,
        "total_ios" : 0,
        "short_ios" : 0,
        "drop_ios" : 0,
        "slat_ns" : {
          "min" : 0,
          "max" : 0,
          "mean" : 0.000000,
          "stddev" : 0.000000,
          "N" : 0
        },
        "clat_ns" : {
          "min" : 0,
          "max" : 0,
          "mean" : 0.000000,
          "stddev" : 0.000000,
          "N" : 0
        },
        "lat_ns" : {
          "min" : 0,
          "max" : 0,
          "mean" : 0.000000,
          "stddev" : 0.000000,
          "N" : 0
        },
        "bw_min" : 0,
        "bw_max" : 0,
        "bw_agg" : 0.000000,
        "bw_mean" : 0.000000,
        "bw_dev" : 0.000000,
        "bw_samples" : 0,
        "iops_min" : 0,
        "iops_max" : 0,
        "iops_mean" : 0.000000,
        "iops_stddev" : 0.000000,
        "iops_samples" : 0
      },
      "write" : {
        "io_bytes" : 116015104,
        "io_kbytes" : 113296,
        "bw_bytes" : 1928699,
        "bw" : 1883,
        "iops" : 470.873786,
        "runtime" : 60152,
        "total_ios" : 28324,
        "short_ios" : 0,
        "drop_ios" : 0,
        "slat_ns" : {
          "min" : 102178,
          "max" : 1864708262,
          "mean" : 67793414.023761,
          "stddev" : 142621577.065178,
          "N" : 28324
        },
        "clat_ns" : {
          "min" : 3748318,
          "max" : 8804908579,
          "mean" : 4019970948.841652,
          "stddev" : 1520940632.929440,
          "N" : 28324,
          "percentile" : {
            "1.000000" : 450887680,
            "5.000000" : 2197815296,
            "10.000000" : 3003121664,
            "20.000000" : 3036676096,
            "30.000000" : 3070230528,
            "40.000000" : 3070230528,
            "50.000000" : 3137339392,
            "60.000000" : 4244635648,
            "70.000000" : 4596957184,
            "80.000000" : 5670699008,
            "90.000000" : 6207569920,
            "95.000000" : 6610223104,
            "99.000000" : 8657043456,
            "99.500000" : 8657043456,
            "99.900000" : 8791261184,
            "99.950000" : 8791261184,
            "99.990000" : 8791261184
          }
        },
        "lat_ns" : {
          "min" : 53994954,
          "max" : 8866111301,
          "mean" : 4087768693.784317,
          "stddev" : 1534830075.427806,
          "N" : 28324
        },
        "bw_min" : 256,
        "bw_max" : 3120,
        "bw_agg" : 100.000000,
        "bw_mean" : 2248.698083,
        "bw_dev" : 23.910378,
        "bw_samples" : 2992,
        "iops_min" : 64,
        "iops_max" : 780,
        "iops_mean" : 562.174521,
        "iops_stddev" : 5.977594,
        "iops_samples" : 2992
      },
      "trim" : {
        "io_bytes" : 0,
        "io_kbytes" : 0,
        "bw_bytes" : 0,
        "bw" : 0,
        "iops" : 0.000000,
        "runtime" : 0,
        "total_ios" : 0,
        "short_ios" : 0,
        "drop_ios" : 0,
        "slat_ns" : {
          "min" : 0,
          "max" : 0,
          "mean" : 0.000000,
          "stddev" : 0.000000,
          "N" : 0
        },
        "clat_ns" : {
          "min" : 0,
          "max" : 0,
          "mean" : 0.000000,
          "stddev" : 0.000000,
          "N" : 0
        },
        "lat_ns" : {
          "min" : 0,
          "max" : 0,
          "mean" : 0.000000,
          "stddev" : 0.000000,
          "N" : 0
        },
        "bw_min" : 0,
        "bw_max" : 0,
        "bw_agg" : 0.000000,
        "bw_mean" : 0.000000,
        "bw_dev" : 0.000000,
        "bw_samples" : 0,
        "iops_min" : 0,
        "iops_max" : 0,
        "iops_mean" : 0.000000,
        "iops_stddev" : 0.000000,
        "iops_samples" : 0
      },
      "sync" : {
        "total_ios" : 0,
        "lat_ns" : {
          "min" : 0,
          "max" : 0,
          "mean" : 0.000000,
          "stddev" : 0.000000,
          "N" : 0
        }
      },
      "job_runtime" : 1922477,
      "usr_cpu" : 0.034539,
      "sys_cpu" : 0.033863,
      "ctx" : 56802,
      "majf" : 0,
      "minf" : 1228,
      "iodepth_level" : {
        "1" : 0.112978,
        "2" : 0.225957,
        "4" : 0.451914,
        "8" : 0.903827,
        "16" : 1.807654,
        "32" : 3.615309,
        ">=64" : 92.882361
      },
      "iodepth_submit" : {
        "0" : 0.000000,
        "4" : 100.000000,
        "8" : 0.000000,
        "16" : 0.000000,
        "32" : 0.000000,
        "64" : 0.000000,
        ">=64" : 0.000000
      },
      "iodepth_complete" : {
        "0" : 0.000000,
        "4" : 99.878512,
        "8" : 0.000000,
        "16" : 0.000000,
        "32" : 0.000000,
        "64" : 0.121488,
        ">=64" : 0.000000
      },
      "latency_ns" : {
        "2" : 0.000000,
        "4" : 0.000000,
        "10" : 0.000000,
        "20" : 0.000000,
        "50" : 0.000000,
        "100" : 0.000000,
        "250" : 0.000000,
        "500" : 0.000000,
        "750" : 0.000000,
        "1000" : 0.000000
      },
      "latency_us" : {
        "2" : 0.000000,
        "4" : 0.000000,
        "10" : 0.000000,
        "20" : 0.000000,
        "50" : 0.000000,
        "100" : 0.000000,
        "250" : 0.000000,
        "500" : 0.000000,
        "750" : 0.000000,
        "1000" : 0.000000
      },
      "latency_ms" : {
        "2" : 0.000000,
        "4" : 0.010000,
        "10" : 0.038836,
        "20" : 0.024714,
        "50" : 0.000000,
        "100" : 0.067081,
        "250" : 0.360119,
        "500" : 0.628442,
        "750" : 0.575484,
        "1000" : 0.579014,
        "2000" : 2.287812,
        ">=2000" : 95.434967
      },
      "latency_depth" : 64,
      "latency_target" : 0,
      "latency_percentile" : 100.000000,
      "latency_window" : 0
    }
  ]
}
