{
  "fio version" : "fio-3.29-112-gc3773",
  "timestamp" : 1649352862,
  "timestamp_ms" : 1649352862277,
  "time" : "Thu Apr  7 17:34:22 2022",
  "global options" : {
    "size" : "50M",
    "runtime" : "60",
    "directory" : "/mnt/gfs"
  },
  "jobs" : [
    {
      "jobname" : "iotest",
      "groupid" : 0,
      "error" : 0,
      "eta" : 0,
      "elapsed" : 61,
      "job options" : {
        "rw" : "randwrite",
        "bs" : "4k",
        "ioengine" : "libaio",
        "iodepth" : "4",
        "numjobs" : "4",
        "direct" : "1",
        "group_reporting" : "1",
        "invalidate" : "1",
        "loops" : "1",
        "write_bw_log" : "./fio-bench-07-04-2022--16-25-57-rand-gfs/randwrite/gfs/4k/randwrite-iodepth-4-numjobs-4",
        "write_lat_log" : "./fio-bench-07-04-2022--16-25-57-rand-gfs/randwrite/gfs/4k/randwrite-iodepth-4-numjobs-4",
        "write_iops_log" : "./fio-bench-07-04-2022--16-25-57-rand-gfs/randwrite/gfs/4k/randwrite-iodepth-4-numjobs-4",
        "log_avg_msec" : "500"
      },
      "read" : {
        "io_bytes" : 0,
        "io_kbytes" : 0,
        "bw_bytes" : 0,
        "bw" : 0,
        "iops" : 0.000000,
        "runtime" : 0,
        "total_ios" : 0,
        "short_ios" : 0,
        "drop_ios" : 0,
        "slat_ns" : {
          "min" : 0,
          "max" : 0,
          "mean" : 0.000000,
          "stddev" : 0.000000,
          "N" : 0
        },
        "clat_ns" : {
          "min" : 0,
          "max" : 0,
          "mean" : 0.000000,
          "stddev" : 0.000000,
          "N" : 0
        },
        "lat_ns" : {
          "min" : 0,
          "max" : 0,
          "mean" : 0.000000,
          "stddev" : 0.000000,
          "N" : 0
        },
        "bw_min" : 0,
        "bw_max" : 0,
        "bw_agg" : 0.000000,
        "bw_mean" : 0.000000,
        "bw_dev" : 0.000000,
        "bw_samples" : 0,
        "iops_min" : 0,
        "iops_max" : 0,
        "iops_mean" : 0.000000,
        "iops_stddev" : 0.000000,
        "iops_samples" : 0
      },
      "write" : {
        "io_bytes" : 159784960,
        "io_kbytes" : 156040,
        "bw_bytes" : 2662594,
        "bw" : 2600,
        "iops" : 650.047491,
        "runtime" : 60011,
        "total_ios" : 39010,
        "short_ios" : 0,
        "drop_ios" : 0,
        "slat_ns" : {
          "min" : 19276,
          "max" : 4631892,
          "mean" : 36654.799410,
          "stddev" : 35963.648242,
          "N" : 39010
        },
        "clat_ns" : {
          "min" : 3378864,
          "max" : 2567899103,
          "mean" : 23683956.913407,
          "stddev" : 75026773.421247,
          "N" : 39010,
          "percentile" : {
            "1.000000" : 10420224,
            "5.000000" : 11468800,
            "10.000000" : 11730944,
            "20.000000" : 12255232,
            "30.000000" : 17432576,
            "40.000000" : 17694720,
            "50.000000" : 17694720,
            "60.000000" : 17956864,
            "70.000000" : 20578304,
            "80.000000" : 25559040,
            "90.000000" : 35389440,
            "95.000000" : 36438016,
            "99.000000" : 38010880,
            "99.500000" : 38535168,
            "99.900000" : 1468006400,
            "99.950000" : 1635778560,
            "99.990000" : 2566914048
          }
        },
        "lat_ns" : {
          "min" : 3431525,
          "max" : 2567942335,
          "mean" : 23723508.055217,
          "stddev" : 75026949.029852,
          "N" : 39010
        },
        "bw_min" : 400,
        "bw_max" : 5954,
        "bw_agg" : 100.000000,
        "bw_mean" : 2955.235311,
        "bw_dev" : 232.960505,
        "bw_samples" : 420,
        "iops_min" : 100,
        "iops_max" : 1488,
        "iops_mean" : 738.711581,
        "iops_stddev" : 58.223645,
        "iops_samples" : 420
      },
      "trim" : {
        "io_bytes" : 0,
        "io_kbytes" : 0,
        "bw_bytes" : 0,
        "bw" : 0,
        "iops" : 0.000000,
        "runtime" : 0,
        "total_ios" : 0,
        "short_ios" : 0,
        "drop_ios" : 0,
        "slat_ns" : {
          "min" : 0,
          "max" : 0,
          "mean" : 0.000000,
          "stddev" : 0.000000,
          "N" : 0
        },
        "clat_ns" : {
          "min" : 0,
          "max" : 0,
          "mean" : 0.000000,
          "stddev" : 0.000000,
          "N" : 0
        },
        "lat_ns" : {
          "min" : 0,
          "max" : 0,
          "mean" : 0.000000,
          "stddev" : 0.000000,
          "N" : 0
        },
        "bw_min" : 0,
        "bw_max" : 0,
        "bw_agg" : 0.000000,
        "bw_mean" : 0.000000,
        "bw_dev" : 0.000000,
        "bw_samples" : 0,
        "iops_min" : 0,
        "iops_max" : 0,
        "iops_mean" : 0.000000,
        "iops_stddev" : 0.000000,
        "iops_samples" : 0
      },
      "sync" : {
        "total_ios" : 0,
        "lat_ns" : {
          "min" : 0,
          "max" : 0,
          "mean" : 0.000000,
          "stddev" : 0.000000,
          "N" : 0
        }
      },
      "job_runtime" : 231457,
      "usr_cpu" : 0.297247,
      "sys_cpu" : 0.388409,
      "ctx" : 78053,
      "majf" : 0,
      "minf" : 150,
      "iodepth_level" : {
        "1" : 0.100000,
        "2" : 0.100000,
        "4" : 99.969239,
        "8" : 0.000000,
        "16" : 0.000000,
        "32" : 0.000000,
        ">=64" : 0.000000
      },
      "iodepth_submit" : {
        "0" : 0.000000,
        "4" : 100.000000,
        "8" : 0.000000,
        "16" : 0.000000,
        "32" : 0.000000,
        "64" : 0.000000,
        ">=64" : 0.000000
      },
      "iodepth_complete" : {
        "0" : 0.000000,
        "4" : 100.000000,
        "8" : 0.000000,
        "16" : 0.000000,
        "32" : 0.000000,
        "64" : 0.000000,
        ">=64" : 0.000000
      },
      "latency_ns" : {
        "2" : 0.000000,
        "4" : 0.000000,
        "10" : 0.000000,
        "20" : 0.000000,
        "50" : 0.000000,
        "100" : 0.000000,
        "250" : 0.000000,
        "500" : 0.000000,
        "750" : 0.000000,
        "1000" : 0.000000
      },
      "latency_us" : {
        "2" : 0.000000,
        "4" : 0.000000,
        "10" : 0.000000,
        "20" : 0.000000,
        "50" : 0.000000,
        "100" : 0.000000,
        "250" : 0.000000,
        "500" : 0.000000,
        "750" : 0.000000,
        "1000" : 0.000000
      },
      "latency_ms" : {
        "2" : 0.000000,
        "4" : 0.010000,
        "10" : 0.756216,
        "20" : 67.405793,
        "50" : 31.558575,
        "100" : 0.012817,
        "250" : 0.028198,
        "500" : 0.020508,
        "750" : 0.010254,
        "1000" : 0.030761,
        "2000" : 0.133299,
        ">=2000" : 0.041015
      },
      "latency_depth" : 4,
      "latency_target" : 0,
      "latency_percentile" : 100.000000,
      "latency_window" : 0
    }
  ]
}
