{
  "fio version" : "fio-3.29-112-gc3773",
  "timestamp" : 1649352802,
  "timestamp_ms" : 1649352802023,
  "time" : "Thu Apr  7 17:33:22 2022",
  "global options" : {
    "size" : "50M",
    "runtime" : "60",
    "directory" : "/mnt/gfs"
  },
  "jobs" : [
    {
      "jobname" : "iotest",
      "groupid" : 0,
      "error" : 0,
      "eta" : 0,
      "elapsed" : 50,
      "job options" : {
        "rw" : "randwrite",
        "bs" : "4k",
        "ioengine" : "libaio",
        "iodepth" : "4",
        "numjobs" : "2",
        "direct" : "1",
        "group_reporting" : "1",
        "invalidate" : "1",
        "loops" : "1",
        "write_bw_log" : "./fio-bench-07-04-2022--16-25-57-rand-gfs/randwrite/gfs/4k/randwrite-iodepth-4-numjobs-2",
        "write_lat_log" : "./fio-bench-07-04-2022--16-25-57-rand-gfs/randwrite/gfs/4k/randwrite-iodepth-4-numjobs-2",
        "write_iops_log" : "./fio-bench-07-04-2022--16-25-57-rand-gfs/randwrite/gfs/4k/randwrite-iodepth-4-numjobs-2",
        "log_avg_msec" : "500"
      },
      "read" : {
        "io_bytes" : 0,
        "io_kbytes" : 0,
        "bw_bytes" : 0,
        "bw" : 0,
        "iops" : 0.000000,
        "runtime" : 0,
        "total_ios" : 0,
        "short_ios" : 0,
        "drop_ios" : 0,
        "slat_ns" : {
          "min" : 0,
          "max" : 0,
          "mean" : 0.000000,
          "stddev" : 0.000000,
          "N" : 0
        },
        "clat_ns" : {
          "min" : 0,
          "max" : 0,
          "mean" : 0.000000,
          "stddev" : 0.000000,
          "N" : 0
        },
        "lat_ns" : {
          "min" : 0,
          "max" : 0,
          "mean" : 0.000000,
          "stddev" : 0.000000,
          "N" : 0
        },
        "bw_min" : 0,
        "bw_max" : 0,
        "bw_agg" : 0.000000,
        "bw_mean" : 0.000000,
        "bw_dev" : 0.000000,
        "bw_samples" : 0,
        "iops_min" : 0,
        "iops_max" : 0,
        "iops_mean" : 0.000000,
        "iops_stddev" : 0.000000,
        "iops_samples" : 0
      },
      "write" : {
        "io_bytes" : 104857600,
        "io_kbytes" : 102400,
        "bw_bytes" : 2133941,
        "bw" : 2083,
        "iops" : 520.981725,
        "runtime" : 49138,
        "total_ios" : 25600,
        "short_ios" : 0,
        "drop_ios" : 0,
        "slat_ns" : {
          "min" : 18997,
          "max" : 7529341,
          "mean" : 37122.061836,
          "stddev" : 94409.131309,
          "N" : 25600
        },
        "clat_ns" : {
          "min" : 2615218,
          "max" : 3148381387,
          "mean" : 15251410.346641,
          "stddev" : 104616901.020789,
          "N" : 25600,
          "percentile" : {
            "1.000000" : 4947968,
            "5.000000" : 5734400,
            "10.000000" : 5931008,
            "20.000000" : 6193152,
            "30.000000" : 6455296,
            "40.000000" : 10944512,
            "50.000000" : 11468800,
            "60.000000" : 11730944,
            "70.000000" : 11993088,
            "80.000000" : 12255232,
            "90.000000" : 12910592,
            "95.000000" : 13697024,
            "99.000000" : 15007744,
            "99.500000" : 16318464,
            "99.900000" : 2164260864,
            "99.950000" : 2533359616,
            "99.990000" : 3137339392
          }
        },
        "lat_ns" : {
          "min" : 2654259,
          "max" : 3148419870,
          "mean" : 15291390.297539,
          "stddev" : 104616714.369149,
          "N" : 25600
        },
        "bw_min" : 88,
        "bw_max" : 5240,
        "bw_agg" : 100.000000,
        "bw_mean" : 2729.823964,
        "bw_dev" : 574.336938,
        "bw_samples" : 149,
        "iops_min" : 22,
        "iops_max" : 1310,
        "iops_mean" : 682.352072,
        "iops_stddev" : 143.583943,
        "iops_samples" : 149
      },
      "trim" : {
        "io_bytes" : 0,
        "io_kbytes" : 0,
        "bw_bytes" : 0,
        "bw" : 0,
        "iops" : 0.000000,
        "runtime" : 0,
        "total_ios" : 0,
        "short_ios" : 0,
        "drop_ios" : 0,
        "slat_ns" : {
          "min" : 0,
          "max" : 0,
          "mean" : 0.000000,
          "stddev" : 0.000000,
          "N" : 0
        },
        "clat_ns" : {
          "min" : 0,
          "max" : 0,
          "mean" : 0.000000,
          "stddev" : 0.000000,
          "N" : 0
        },
        "lat_ns" : {
          "min" : 0,
          "max" : 0,
          "mean" : 0.000000,
          "stddev" : 0.000000,
          "N" : 0
        },
        "bw_min" : 0,
        "bw_max" : 0,
        "bw_agg" : 0.000000,
        "bw_mean" : 0.000000,
        "bw_dev" : 0.000000,
        "bw_samples" : 0,
        "iops_min" : 0,
        "iops_max" : 0,
        "iops_mean" : 0.000000,
        "iops_stddev" : 0.000000,
        "iops_samples" : 0
      },
      "sync" : {
        "total_ios" : 0,
        "lat_ns" : {
          "min" : 0,
          "max" : 0,
          "mean" : 0.000000,
          "stddev" : 0.000000,
          "N" : 0
        }
      },
      "job_runtime" : 97922,
      "usr_cpu" : 0.465677,
      "sys_cpu" : 0.578011,
      "ctx" : 51166,
      "majf" : 0,
      "minf" : 77,
      "iodepth_level" : {
        "1" : 0.100000,
        "2" : 0.100000,
        "4" : 99.976562,
        "8" : 0.000000,
        "16" : 0.000000,
        "32" : 0.000000,
        ">=64" : 0.000000
      },
      "iodepth_submit" : {
        "0" : 0.000000,
        "4" : 100.000000,
        "8" : 0.000000,
        "16" : 0.000000,
        "32" : 0.000000,
        "64" : 0.000000,
        ">=64" : 0.000000
      },
      "iodepth_complete" : {
        "0" : 0.000000,
        "4" : 100.000000,
        "8" : 0.000000,
        "16" : 0.000000,
        "32" : 0.000000,
        "64" : 0.000000,
        ">=64" : 0.000000
      },
      "latency_ns" : {
        "2" : 0.000000,
        "4" : 0.000000,
        "10" : 0.000000,
        "20" : 0.000000,
        "50" : 0.000000,
        "100" : 0.000000,
        "250" : 0.000000,
        "500" : 0.000000,
        "750" : 0.000000,
        "1000" : 0.000000
      },
      "latency_us" : {
        "2" : 0.000000,
        "4" : 0.000000,
        "10" : 0.000000,
        "20" : 0.000000,
        "50" : 0.000000,
        "100" : 0.000000,
        "250" : 0.000000,
        "500" : 0.000000,
        "750" : 0.000000,
        "1000" : 0.000000
      },
      "latency_ms" : {
        "2" : 0.000000,
        "4" : 0.109375,
        "10" : 36.218750,
        "20" : 63.281250,
        "50" : 0.070312,
        "100" : 0.000000,
        "250" : 0.015625,
        "500" : 0.023438,
        "750" : 0.019531,
        "1000" : 0.011719,
        "2000" : 0.113281,
        ">=2000" : 0.136719
      },
      "latency_depth" : 4,
      "latency_target" : 0,
      "latency_percentile" : 100.000000,
      "latency_window" : 0
    }
  ]
}
