{
  "fio version" : "fio-3.29-112-gc3773",
  "timestamp" : 1649353910,
  "timestamp_ms" : 1649353910596,
  "time" : "Thu Apr  7 17:51:50 2022",
  "global options" : {
    "size" : "50M",
    "runtime" : "60",
    "directory" : "/mnt/gfs"
  },
  "jobs" : [
    {
      "jobname" : "iotest",
      "groupid" : 0,
      "error" : 0,
      "eta" : 0,
      "elapsed" : 62,
      "job options" : {
        "rw" : "randwrite",
        "bs" : "4k",
        "ioengine" : "libaio",
        "iodepth" : "16",
        "numjobs" : "64",
        "direct" : "1",
        "group_reporting" : "1",
        "invalidate" : "1",
        "loops" : "1",
        "write_bw_log" : "./fio-bench-07-04-2022--16-25-57-rand-gfs/randwrite/gfs/4k/randwrite-iodepth-16-numjobs-64",
        "write_lat_log" : "./fio-bench-07-04-2022--16-25-57-rand-gfs/randwrite/gfs/4k/randwrite-iodepth-16-numjobs-64",
        "write_iops_log" : "./fio-bench-07-04-2022--16-25-57-rand-gfs/randwrite/gfs/4k/randwrite-iodepth-16-numjobs-64",
        "log_avg_msec" : "500"
      },
      "read" : {
        "io_bytes" : 0,
        "io_kbytes" : 0,
        "bw_bytes" : 0,
        "bw" : 0,
        "iops" : 0.000000,
        "runtime" : 0,
        "total_ios" : 0,
        "short_ios" : 0,
        "drop_ios" : 0,
        "slat_ns" : {
          "min" : 0,
          "max" : 0,
          "mean" : 0.000000,
          "stddev" : 0.000000,
          "N" : 0
        },
        "clat_ns" : {
          "min" : 0,
          "max" : 0,
          "mean" : 0.000000,
          "stddev" : 0.000000,
          "N" : 0
        },
        "lat_ns" : {
          "min" : 0,
          "max" : 0,
          "mean" : 0.000000,
          "stddev" : 0.000000,
          "N" : 0
        },
        "bw_min" : 0,
        "bw_max" : 0,
        "bw_agg" : 0.000000,
        "bw_mean" : 0.000000,
        "bw_dev" : 0.000000,
        "bw_samples" : 0,
        "iops_min" : 0,
        "iops_max" : 0,
        "iops_mean" : 0.000000,
        "iops_stddev" : 0.000000,
        "iops_samples" : 0
      },
      "write" : {
        "io_bytes" : 127307776,
        "io_kbytes" : 124324,
        "bw_bytes" : 2114606,
        "bw" : 2065,
        "iops" : 516.261378,
        "runtime" : 60204,
        "total_ios" : 31081,
        "short_ios" : 0,
        "drop_ios" : 0,
        "slat_ns" : {
          "min" : 146667,
          "max" : 1539060312,
          "mean" : 123623396.427753,
          "stddev" : 164404563.593367,
          "N" : 31081
        },
        "clat_ns" : {
          "min" : 3972933,
          "max" : 5263706924,
          "mean" : 1802371468.759049,
          "stddev" : 853938061.623629,
          "N" : 31081,
          "percentile" : {
            "1.000000" : 497025024,
            "5.000000" : 1350565888,
            "10.000000" : 1384120320,
            "20.000000" : 1451229184,
            "30.000000" : 1451229184,
            "40.000000" : 1451229184,
            "50.000000" : 1451229184,
            "60.000000" : 1451229184,
            "70.000000" : 1501560832,
            "80.000000" : 1887436800,
            "90.000000" : 3573547008,
            "95.000000" : 4110417920,
            "99.000000" : 4278190080,
            "99.500000" : 4999610368,
            "99.900000" : 5066719232,
            "99.950000" : 5133828096,
            "99.990000" : 5200936960
          }
        },
        "lat_ns" : {
          "min" : 100808014,
          "max" : 5362763663,
          "mean" : 1925999375.001062,
          "stddev" : 882354635.142979,
          "N" : 31081
        },
        "bw_min" : 512,
        "bw_max" : 3272,
        "bw_agg" : 100.000000,
        "bw_mean" : 2343.804455,
        "bw_dev" : 10.382420,
        "bw_samples" : 6566,
        "iops_min" : 128,
        "iops_max" : 818,
        "iops_mean" : 585.936188,
        "iops_stddev" : 2.595862,
        "iops_samples" : 6566
      },
      "trim" : {
        "io_bytes" : 0,
        "io_kbytes" : 0,
        "bw_bytes" : 0,
        "bw" : 0,
        "iops" : 0.000000,
        "runtime" : 0,
        "total_ios" : 0,
        "short_ios" : 0,
        "drop_ios" : 0,
        "slat_ns" : {
          "min" : 0,
          "max" : 0,
          "mean" : 0.000000,
          "stddev" : 0.000000,
          "N" : 0
        },
        "clat_ns" : {
          "min" : 0,
          "max" : 0,
          "mean" : 0.000000,
          "stddev" : 0.000000,
          "N" : 0
        },
        "lat_ns" : {
          "min" : 0,
          "max" : 0,
          "mean" : 0.000000,
          "stddev" : 0.000000,
          "N" : 0
        },
        "bw_min" : 0,
        "bw_max" : 0,
        "bw_agg" : 0.000000,
        "bw_mean" : 0.000000,
        "bw_dev" : 0.000000,
        "bw_samples" : 0,
        "iops_min" : 0,
        "iops_max" : 0,
        "iops_mean" : 0.000000,
        "iops_stddev" : 0.000000,
        "iops_samples" : 0
      },
      "sync" : {
        "total_ios" : 0,
        "lat_ns" : {
          "min" : 0,
          "max" : 0,
          "mean" : 0.000000,
          "stddev" : 0.000000,
          "N" : 0
        }
      },
      "job_runtime" : 3847293,
      "usr_cpu" : 0.017363,
      "sys_cpu" : 0.021730,
      "ctx" : 62371,
      "majf" : 0,
      "minf" : 2451,
      "iodepth_level" : {
        "1" : 0.205914,
        "2" : 0.411827,
        "4" : 0.823654,
        "8" : 1.647309,
        "16" : 96.911296,
        "32" : 0.000000,
        ">=64" : 0.000000
      },
      "iodepth_submit" : {
        "0" : 0.000000,
        "4" : 100.000000,
        "8" : 0.000000,
        "16" : 0.000000,
        "32" : 0.000000,
        "64" : 0.000000,
        ">=64" : 0.000000
      },
      "iodepth_complete" : {
        "0" : 0.000000,
        "4" : 99.787974,
        "8" : 0.000000,
        "16" : 0.212026,
        "32" : 0.000000,
        "64" : 0.000000,
        ">=64" : 0.000000
      },
      "latency_ns" : {
        "2" : 0.000000,
        "4" : 0.000000,
        "10" : 0.000000,
        "20" : 0.000000,
        "50" : 0.000000,
        "100" : 0.000000,
        "250" : 0.000000,
        "500" : 0.000000,
        "750" : 0.000000,
        "1000" : 0.000000
      },
      "latency_us" : {
        "2" : 0.000000,
        "4" : 0.000000,
        "10" : 0.000000,
        "20" : 0.000000,
        "50" : 0.000000,
        "100" : 0.000000,
        "250" : 0.000000,
        "500" : 0.000000,
        "750" : 0.000000,
        "1000" : 0.000000
      },
      "latency_ms" : {
        "2" : 0.000000,
        "4" : 0.010000,
        "10" : 0.041826,
        "20" : 0.035391,
        "50" : 0.038609,
        "100" : 0.000000,
        "250" : 0.386088,
        "500" : 0.489045,
        "750" : 0.566262,
        "1000" : 0.546958,
        "2000" : 79.720730,
        ">=2000" : 18.165439
      },
      "latency_depth" : 16,
      "latency_target" : 0,
      "latency_percentile" : 100.000000,
      "latency_window" : 0
    }
  ]
}
