{
  "fio version" : "fio-3.29-112-gc3773",
  "timestamp" : 1649354189,
  "timestamp_ms" : 1649354189529,
  "time" : "Thu Apr  7 17:56:29 2022",
  "global options" : {
    "size" : "50M",
    "runtime" : "60",
    "directory" : "/mnt/gfs"
  },
  "jobs" : [
    {
      "jobname" : "iotest",
      "groupid" : 0,
      "error" : 0,
      "eta" : 0,
      "elapsed" : 61,
      "job options" : {
        "rw" : "randwrite",
        "bs" : "4k",
        "ioengine" : "libaio",
        "iodepth" : "32",
        "numjobs" : "16",
        "direct" : "1",
        "group_reporting" : "1",
        "invalidate" : "1",
        "loops" : "1",
        "write_bw_log" : "./fio-bench-07-04-2022--16-25-57-rand-gfs/randwrite/gfs/4k/randwrite-iodepth-32-numjobs-16",
        "write_lat_log" : "./fio-bench-07-04-2022--16-25-57-rand-gfs/randwrite/gfs/4k/randwrite-iodepth-32-numjobs-16",
        "write_iops_log" : "./fio-bench-07-04-2022--16-25-57-rand-gfs/randwrite/gfs/4k/randwrite-iodepth-32-numjobs-16",
        "log_avg_msec" : "500"
      },
      "read" : {
        "io_bytes" : 0,
        "io_kbytes" : 0,
        "bw_bytes" : 0,
        "bw" : 0,
        "iops" : 0.000000,
        "runtime" : 0,
        "total_ios" : 0,
        "short_ios" : 0,
        "drop_ios" : 0,
        "slat_ns" : {
          "min" : 0,
          "max" : 0,
          "mean" : 0.000000,
          "stddev" : 0.000000,
          "N" : 0
        },
        "clat_ns" : {
          "min" : 0,
          "max" : 0,
          "mean" : 0.000000,
          "stddev" : 0.000000,
          "N" : 0
        },
        "lat_ns" : {
          "min" : 0,
          "max" : 0,
          "mean" : 0.000000,
          "stddev" : 0.000000,
          "N" : 0
        },
        "bw_min" : 0,
        "bw_max" : 0,
        "bw_agg" : 0.000000,
        "bw_mean" : 0.000000,
        "bw_dev" : 0.000000,
        "bw_samples" : 0,
        "iops_min" : 0,
        "iops_max" : 0,
        "iops_mean" : 0.000000,
        "iops_stddev" : 0.000000,
        "iops_samples" : 0
      },
      "write" : {
        "io_bytes" : 110071808,
        "io_kbytes" : 107492,
        "bw_bytes" : 1830746,
        "bw" : 1787,
        "iops" : 446.959617,
        "runtime" : 60124,
        "total_ios" : 26873,
        "short_ios" : 0,
        "drop_ios" : 0,
        "slat_ns" : {
          "min" : 94076,
          "max" : 2001788177,
          "mean" : 35713972.454434,
          "stddev" : 119519601.432306,
          "N" : 26873
        },
        "clat_ns" : {
          "min" : 3980964,
          "max" : 3677049060,
          "mean" : 1102294461.182599,
          "stddev" : 695913051.284900,
          "N" : 26873,
          "percentile" : {
            "1.000000" : 442499072,
            "5.000000" : 717225984,
            "10.000000" : 734003200,
            "20.000000" : 750780416,
            "30.000000" : 750780416,
            "40.000000" : 750780416,
            "50.000000" : 759169024,
            "60.000000" : 759169024,
            "70.000000" : 792723456,
            "80.000000" : 1585446912,
            "90.000000" : 2231369728,
            "95.000000" : 2768240640,
            "99.000000" : 3472883712,
            "99.500000" : 3506438144,
            "99.900000" : 3573547008,
            "99.950000" : 3573547008,
            "99.990000" : 3640655872
          }
        },
        "lat_ns" : {
          "min" : 28219940,
          "max" : 3710793810,
          "mean" : 1138011998.698694,
          "stddev" : 706402792.538740,
          "N" : 26873
        },
        "bw_min" : 128,
        "bw_max" : 3128,
        "bw_agg" : 100.000000,
        "bw_mean" : 2095.365105,
        "bw_dev" : 53.931203,
        "bw_samples" : 1608,
        "iops_min" : 32,
        "iops_max" : 782,
        "iops_mean" : 523.841276,
        "iops_stddev" : 13.482801,
        "iops_samples" : 1608
      },
      "trim" : {
        "io_bytes" : 0,
        "io_kbytes" : 0,
        "bw_bytes" : 0,
        "bw" : 0,
        "iops" : 0.000000,
        "runtime" : 0,
        "total_ios" : 0,
        "short_ios" : 0,
        "drop_ios" : 0,
        "slat_ns" : {
          "min" : 0,
          "max" : 0,
          "mean" : 0.000000,
          "stddev" : 0.000000,
          "N" : 0
        },
        "clat_ns" : {
          "min" : 0,
          "max" : 0,
          "mean" : 0.000000,
          "stddev" : 0.000000,
          "N" : 0
        },
        "lat_ns" : {
          "min" : 0,
          "max" : 0,
          "mean" : 0.000000,
          "stddev" : 0.000000,
          "N" : 0
        },
        "bw_min" : 0,
        "bw_max" : 0,
        "bw_agg" : 0.000000,
        "bw_mean" : 0.000000,
        "bw_dev" : 0.000000,
        "bw_samples" : 0,
        "iops_min" : 0,
        "iops_max" : 0,
        "iops_mean" : 0.000000,
        "iops_stddev" : 0.000000,
        "iops_samples" : 0
      },
      "sync" : {
        "total_ios" : 0,
        "lat_ns" : {
          "min" : 0,
          "max" : 0,
          "mean" : 0.000000,
          "stddev" : 0.000000,
          "N" : 0
        }
      },
      "job_runtime" : 960990,
      "usr_cpu" : 0.053174,
      "sys_cpu" : 0.064517,
      "ctx" : 53753,
      "majf" : 0,
      "minf" : 598,
      "iodepth_level" : {
        "1" : 0.100000,
        "2" : 0.119079,
        "4" : 0.238157,
        "8" : 0.476315,
        "16" : 0.952629,
        "32" : 98.154281,
        ">=64" : 0.000000
      },
      "iodepth_submit" : {
        "0" : 0.000000,
        "4" : 100.000000,
        "8" : 0.000000,
        "16" : 0.000000,
        "32" : 0.000000,
        "64" : 0.000000,
        ">=64" : 0.000000
      },
      "iodepth_complete" : {
        "0" : 0.000000,
        "4" : 99.939378,
        "8" : 0.000000,
        "16" : 0.000000,
        "32" : 0.100000,
        "64" : 0.000000,
        ">=64" : 0.000000
      },
      "latency_ns" : {
        "2" : 0.000000,
        "4" : 0.000000,
        "10" : 0.000000,
        "20" : 0.000000,
        "50" : 0.000000,
        "100" : 0.000000,
        "250" : 0.000000,
        "500" : 0.000000,
        "750" : 0.000000,
        "1000" : 0.000000
      },
      "latency_us" : {
        "2" : 0.000000,
        "4" : 0.000000,
        "10" : 0.000000,
        "20" : 0.000000,
        "50" : 0.000000,
        "100" : 0.000000,
        "250" : 0.000000,
        "500" : 0.000000,
        "750" : 0.000000,
        "1000" : 0.000000
      },
      "latency_ms" : {
        "2" : 0.000000,
        "4" : 0.010000,
        "10" : 0.026048,
        "20" : 0.000000,
        "50" : 0.033491,
        "100" : 0.066982,
        "250" : 0.398169,
        "500" : 0.606557,
        "750" : 23.477096,
        "1000" : 49.700443,
        "2000" : 12.815837,
        ">=2000" : 12.867934
      },
      "latency_depth" : 32,
      "latency_target" : 0,
      "latency_percentile" : 100.000000,
      "latency_window" : 0
    }
  ]
}
