{
  "fio version" : "fio-3.29-112-gc3773",
  "timestamp" : 1649352243,
  "timestamp_ms" : 1649352243210,
  "time" : "Thu Apr  7 17:24:03 2022",
  "global options" : {
    "size" : "50M",
    "runtime" : "60",
    "directory" : "/mnt/gfs"
  },
  "jobs" : [
    {
      "jobname" : "iotest",
      "groupid" : 0,
      "error" : 0,
      "eta" : 0,
      "elapsed" : 61,
      "job options" : {
        "rw" : "randwrite",
        "bs" : "4k",
        "ioengine" : "libaio",
        "iodepth" : "1",
        "numjobs" : "32",
        "direct" : "1",
        "group_reporting" : "1",
        "invalidate" : "1",
        "loops" : "1",
        "write_bw_log" : "./fio-bench-07-04-2022--16-25-57-rand-gfs/randwrite/gfs/4k/randwrite-iodepth-1-numjobs-32",
        "write_lat_log" : "./fio-bench-07-04-2022--16-25-57-rand-gfs/randwrite/gfs/4k/randwrite-iodepth-1-numjobs-32",
        "write_iops_log" : "./fio-bench-07-04-2022--16-25-57-rand-gfs/randwrite/gfs/4k/randwrite-iodepth-1-numjobs-32",
        "log_avg_msec" : "500"
      },
      "read" : {
        "io_bytes" : 0,
        "io_kbytes" : 0,
        "bw_bytes" : 0,
        "bw" : 0,
        "iops" : 0.000000,
        "runtime" : 0,
        "total_ios" : 0,
        "short_ios" : 0,
        "drop_ios" : 0,
        "slat_ns" : {
          "min" : 0,
          "max" : 0,
          "mean" : 0.000000,
          "stddev" : 0.000000,
          "N" : 0
        },
        "clat_ns" : {
          "min" : 0,
          "max" : 0,
          "mean" : 0.000000,
          "stddev" : 0.000000,
          "N" : 0
        },
        "lat_ns" : {
          "min" : 0,
          "max" : 0,
          "mean" : 0.000000,
          "stddev" : 0.000000,
          "N" : 0
        },
        "bw_min" : 0,
        "bw_max" : 0,
        "bw_agg" : 0.000000,
        "bw_mean" : 0.000000,
        "bw_dev" : 0.000000,
        "bw_samples" : 0,
        "iops_min" : 0,
        "iops_max" : 0,
        "iops_mean" : 0.000000,
        "iops_stddev" : 0.000000,
        "iops_samples" : 0
      },
      "write" : {
        "io_bytes" : 161869824,
        "io_kbytes" : 158076,
        "bw_bytes" : 2695584,
        "bw" : 2632,
        "iops" : 658.101582,
        "runtime" : 60050,
        "total_ios" : 39519,
        "short_ios" : 0,
        "drop_ios" : 0,
        "slat_ns" : {
          "min" : 18578,
          "max" : 8022198,
          "mean" : 41402.789342,
          "stddev" : 101893.330581,
          "N" : 39519
        },
        "clat_ns" : {
          "min" : 2702585,
          "max" : 2906602924,
          "mean" : 48547769.817759,
          "stddev" : 123344265.130372,
          "N" : 39519,
          "percentile" : {
            "1.000000" : 10027008,
            "5.000000" : 17956864,
            "10.000000" : 20054016,
            "20.000000" : 29229056,
            "30.000000" : 31850496,
            "40.000000" : 32374784,
            "50.000000" : 37486592,
            "60.000000" : 53215232,
            "70.000000" : 54263808,
            "80.000000" : 56360960,
            "90.000000" : 58982400,
            "95.000000" : 58982400,
            "99.000000" : 60555264,
            "99.500000" : 110624768,
            "99.900000" : 2399141888,
            "99.950000" : 2634022912,
            "99.990000" : 2801795072
          }
        },
        "lat_ns" : {
          "min" : 2736458,
          "max" : 2906638682,
          "mean" : 48592179.485513,
          "stddev" : 123346798.415576,
          "N" : 39519
        },
        "bw_min" : 255,
        "bw_max" : 8192,
        "bw_agg" : 100.000000,
        "bw_mean" : 2972.562614,
        "bw_dev" : 36.232101,
        "bw_samples" : 3395,
        "iops_min" : 63,
        "iops_max" : 2048,
        "iops_mean" : 743.124479,
        "iops_stddev" : 9.057833,
        "iops_samples" : 3395
      },
      "trim" : {
        "io_bytes" : 0,
        "io_kbytes" : 0,
        "bw_bytes" : 0,
        "bw" : 0,
        "iops" : 0.000000,
        "runtime" : 0,
        "total_ios" : 0,
        "short_ios" : 0,
        "drop_ios" : 0,
        "slat_ns" : {
          "min" : 0,
          "max" : 0,
          "mean" : 0.000000,
          "stddev" : 0.000000,
          "N" : 0
        },
        "clat_ns" : {
          "min" : 0,
          "max" : 0,
          "mean" : 0.000000,
          "stddev" : 0.000000,
          "N" : 0
        },
        "lat_ns" : {
          "min" : 0,
          "max" : 0,
          "mean" : 0.000000,
          "stddev" : 0.000000,
          "N" : 0
        },
        "bw_min" : 0,
        "bw_max" : 0,
        "bw_agg" : 0.000000,
        "bw_mean" : 0.000000,
        "bw_dev" : 0.000000,
        "bw_samples" : 0,
        "iops_min" : 0,
        "iops_max" : 0,
        "iops_mean" : 0.000000,
        "iops_stddev" : 0.000000,
        "iops_samples" : 0
      },
      "sync" : {
        "total_ios" : 0,
        "lat_ns" : {
          "min" : 0,
          "max" : 0,
          "mean" : 0.000000,
          "stddev" : 0.000000,
          "N" : 0
        }
      },
      "job_runtime" : 1920794,
      "usr_cpu" : 0.042795,
      "sys_cpu" : 0.047689,
      "ctx" : 79153,
      "majf" : 0,
      "minf" : 1236,
      "iodepth_level" : {
        "1" : 100.000000,
        "2" : 0.000000,
        "4" : 0.000000,
        "8" : 0.000000,
        "16" : 0.000000,
        "32" : 0.000000,
        ">=64" : 0.000000
      },
      "iodepth_submit" : {
        "0" : 0.000000,
        "4" : 100.000000,
        "8" : 0.000000,
        "16" : 0.000000,
        "32" : 0.000000,
        "64" : 0.000000,
        ">=64" : 0.000000
      },
      "iodepth_complete" : {
        "0" : 0.000000,
        "4" : 100.000000,
        "8" : 0.000000,
        "16" : 0.000000,
        "32" : 0.000000,
        "64" : 0.000000,
        ">=64" : 0.000000
      },
      "latency_ns" : {
        "2" : 0.000000,
        "4" : 0.000000,
        "10" : 0.000000,
        "20" : 0.000000,
        "50" : 0.000000,
        "100" : 0.000000,
        "250" : 0.000000,
        "500" : 0.000000,
        "750" : 0.000000,
        "1000" : 0.000000
      },
      "latency_us" : {
        "2" : 0.000000,
        "4" : 0.000000,
        "10" : 0.000000,
        "20" : 0.000000,
        "50" : 0.000000,
        "100" : 0.000000,
        "250" : 0.000000,
        "500" : 0.000000,
        "750" : 0.000000,
        "1000" : 0.000000
      },
      "latency_ms" : {
        "2" : 0.000000,
        "4" : 0.083504,
        "10" : 0.951441,
        "20" : 9.899036,
        "50" : 44.543131,
        "100" : 43.958602,
        "250" : 0.118930,
        "500" : 0.012652,
        "750" : 0.010000,
        "1000" : 0.010000,
        "2000" : 0.263165,
        ">=2000" : 0.161947
      },
      "latency_depth" : 1,
      "latency_target" : 0,
      "latency_percentile" : 100.000000,
      "latency_window" : 0
    }
  ]
}
