{
  "fio version" : "fio-3.29-112-gc3773",
  "timestamp" : 1649354249,
  "timestamp_ms" : 1649354249997,
  "time" : "Thu Apr  7 17:57:29 2022",
  "global options" : {
    "size" : "50M",
    "runtime" : "60",
    "directory" : "/mnt/gfs"
  },
  "jobs" : [
    {
      "jobname" : "iotest",
      "groupid" : 0,
      "error" : 0,
      "eta" : 0,
      "elapsed" : 61,
      "job options" : {
        "rw" : "randwrite",
        "bs" : "4k",
        "ioengine" : "libaio",
        "iodepth" : "32",
        "numjobs" : "32",
        "direct" : "1",
        "group_reporting" : "1",
        "invalidate" : "1",
        "loops" : "1",
        "write_bw_log" : "./fio-bench-07-04-2022--16-25-57-rand-gfs/randwrite/gfs/4k/randwrite-iodepth-32-numjobs-32",
        "write_lat_log" : "./fio-bench-07-04-2022--16-25-57-rand-gfs/randwrite/gfs/4k/randwrite-iodepth-32-numjobs-32",
        "write_iops_log" : "./fio-bench-07-04-2022--16-25-57-rand-gfs/randwrite/gfs/4k/randwrite-iodepth-32-numjobs-32",
        "log_avg_msec" : "500"
      },
      "read" : {
        "io_bytes" : 0,
        "io_kbytes" : 0,
        "bw_bytes" : 0,
        "bw" : 0,
        "iops" : 0.000000,
        "runtime" : 0,
        "total_ios" : 0,
        "short_ios" : 0,
        "drop_ios" : 0,
        "slat_ns" : {
          "min" : 0,
          "max" : 0,
          "mean" : 0.000000,
          "stddev" : 0.000000,
          "N" : 0
        },
        "clat_ns" : {
          "min" : 0,
          "max" : 0,
          "mean" : 0.000000,
          "stddev" : 0.000000,
          "N" : 0
        },
        "lat_ns" : {
          "min" : 0,
          "max" : 0,
          "mean" : 0.000000,
          "stddev" : 0.000000,
          "N" : 0
        },
        "bw_min" : 0,
        "bw_max" : 0,
        "bw_agg" : 0.000000,
        "bw_mean" : 0.000000,
        "bw_dev" : 0.000000,
        "bw_samples" : 0,
        "iops_min" : 0,
        "iops_max" : 0,
        "iops_mean" : 0.000000,
        "iops_stddev" : 0.000000,
        "iops_samples" : 0
      },
      "write" : {
        "io_bytes" : 107601920,
        "io_kbytes" : 105080,
        "bw_bytes" : 1788863,
        "bw" : 1746,
        "iops" : 436.734219,
        "runtime" : 60151,
        "total_ios" : 26270,
        "short_ios" : 0,
        "drop_ios" : 0,
        "slat_ns" : {
          "min" : 116495,
          "max" : 1712102320,
          "mean" : 73094242.343243,
          "stddev" : 164285928.219348,
          "N" : 26270
        },
        "clat_ns" : {
          "min" : 3988856,
          "max" : 5549684407,
          "mean" : 2155936617.554055,
          "stddev" : 1112088792.466465,
          "N" : 26270,
          "percentile" : {
            "1.000000" : 442499072,
            "5.000000" : 1434451968,
            "10.000000" : 1468006400,
            "20.000000" : 1501560832,
            "30.000000" : 1501560832,
            "40.000000" : 1501560832,
            "50.000000" : 1518338048,
            "60.000000" : 1602224128,
            "70.000000" : 2332033024,
            "80.000000" : 3036676096,
            "90.000000" : 3942645760,
            "95.000000" : 4664066048,
            "99.000000" : 5469372416,
            "99.500000" : 5469372416,
            "99.900000" : 5469372416,
            "99.950000" : 5536481280,
            "99.990000" : 5536481280
          }
        },
        "lat_ns" : {
          "min" : 52286126,
          "max" : 5688240965,
          "mean" : 2229035249.144804,
          "stddev" : 1129153512.323470,
          "N" : 26270
        },
        "bw_min" : 256,
        "bw_max" : 3072,
        "bw_agg" : 100.000000,
        "bw_mean" : 2150.442479,
        "bw_dev" : 24.972205,
        "bw_samples" : 3006,
        "iops_min" : 64,
        "iops_max" : 768,
        "iops_mean" : 537.610620,
        "iops_stddev" : 6.243051,
        "iops_samples" : 3006
      },
      "trim" : {
        "io_bytes" : 0,
        "io_kbytes" : 0,
        "bw_bytes" : 0,
        "bw" : 0,
        "iops" : 0.000000,
        "runtime" : 0,
        "total_ios" : 0,
        "short_ios" : 0,
        "drop_ios" : 0,
        "slat_ns" : {
          "min" : 0,
          "max" : 0,
          "mean" : 0.000000,
          "stddev" : 0.000000,
          "N" : 0
        },
        "clat_ns" : {
          "min" : 0,
          "max" : 0,
          "mean" : 0.000000,
          "stddev" : 0.000000,
          "N" : 0
        },
        "lat_ns" : {
          "min" : 0,
          "max" : 0,
          "mean" : 0.000000,
          "stddev" : 0.000000,
          "N" : 0
        },
        "bw_min" : 0,
        "bw_max" : 0,
        "bw_agg" : 0.000000,
        "bw_mean" : 0.000000,
        "bw_dev" : 0.000000,
        "bw_samples" : 0,
        "iops_min" : 0,
        "iops_max" : 0,
        "iops_mean" : 0.000000,
        "iops_stddev" : 0.000000,
        "iops_samples" : 0
      },
      "sync" : {
        "total_ios" : 0,
        "lat_ns" : {
          "min" : 0,
          "max" : 0,
          "mean" : 0.000000,
          "stddev" : 0.000000,
          "N" : 0
        }
      },
      "job_runtime" : 1922589,
      "usr_cpu" : 0.035421,
      "sys_cpu" : 0.027983,
      "ctx" : 52683,
      "majf" : 0,
      "minf" : 1258,
      "iodepth_level" : {
        "1" : 0.121812,
        "2" : 0.243624,
        "4" : 0.487248,
        "8" : 0.974496,
        "16" : 1.948991,
        "32" : 96.223829,
        ">=64" : 0.000000
      },
      "iodepth_submit" : {
        "0" : 0.000000,
        "4" : 100.000000,
        "8" : 0.000000,
        "16" : 0.000000,
        "32" : 0.000000,
        "64" : 0.000000,
        ">=64" : 0.000000
      },
      "iodepth_complete" : {
        "0" : 0.000000,
        "4" : 99.873568,
        "8" : 0.000000,
        "16" : 0.000000,
        "32" : 0.126432,
        "64" : 0.000000,
        ">=64" : 0.000000
      },
      "latency_ns" : {
        "2" : 0.000000,
        "4" : 0.000000,
        "10" : 0.000000,
        "20" : 0.000000,
        "50" : 0.000000,
        "100" : 0.000000,
        "250" : 0.000000,
        "500" : 0.000000,
        "750" : 0.000000,
        "1000" : 0.000000
      },
      "latency_us" : {
        "2" : 0.000000,
        "4" : 0.000000,
        "10" : 0.000000,
        "20" : 0.000000,
        "50" : 0.000000,
        "100" : 0.000000,
        "250" : 0.000000,
        "500" : 0.000000,
        "750" : 0.000000,
        "1000" : 0.000000
      },
      "latency_ms" : {
        "2" : 0.000000,
        "4" : 0.010000,
        "10" : 0.034260,
        "20" : 0.026646,
        "50" : 0.010000,
        "100" : 0.072326,
        "250" : 0.388276,
        "500" : 0.639513,
        "750" : 0.635706,
        "1000" : 0.635706,
        "2000" : 64.244385,
        ">=2000" : 33.311762
      },
      "latency_depth" : 32,
      "latency_target" : 0,
      "latency_percentile" : 100.000000,
      "latency_window" : 0
    }
  ]
}
