{
  "fio version" : "fio-3.29-112-gc3773",
  "timestamp" : 1649354310,
  "timestamp_ms" : 1649354310857,
  "time" : "Thu Apr  7 17:58:30 2022",
  "global options" : {
    "size" : "50M",
    "runtime" : "60",
    "directory" : "/mnt/gfs"
  },
  "jobs" : [
    {
      "jobname" : "iotest",
      "groupid" : 0,
      "error" : 0,
      "eta" : 0,
      "elapsed" : 61,
      "job options" : {
        "rw" : "randwrite",
        "bs" : "4k",
        "ioengine" : "libaio",
        "iodepth" : "32",
        "numjobs" : "64",
        "direct" : "1",
        "group_reporting" : "1",
        "invalidate" : "1",
        "loops" : "1",
        "write_bw_log" : "./fio-bench-07-04-2022--16-25-57-rand-gfs/randwrite/gfs/4k/randwrite-iodepth-32-numjobs-64",
        "write_lat_log" : "./fio-bench-07-04-2022--16-25-57-rand-gfs/randwrite/gfs/4k/randwrite-iodepth-32-numjobs-64",
        "write_iops_log" : "./fio-bench-07-04-2022--16-25-57-rand-gfs/randwrite/gfs/4k/randwrite-iodepth-32-numjobs-64",
        "log_avg_msec" : "500"
      },
      "read" : {
        "io_bytes" : 0,
        "io_kbytes" : 0,
        "bw_bytes" : 0,
        "bw" : 0,
        "iops" : 0.000000,
        "runtime" : 0,
        "total_ios" : 0,
        "short_ios" : 0,
        "drop_ios" : 0,
        "slat_ns" : {
          "min" : 0,
          "max" : 0,
          "mean" : 0.000000,
          "stddev" : 0.000000,
          "N" : 0
        },
        "clat_ns" : {
          "min" : 0,
          "max" : 0,
          "mean" : 0.000000,
          "stddev" : 0.000000,
          "N" : 0
        },
        "lat_ns" : {
          "min" : 0,
          "max" : 0,
          "mean" : 0.000000,
          "stddev" : 0.000000,
          "N" : 0
        },
        "bw_min" : 0,
        "bw_max" : 0,
        "bw_agg" : 0.000000,
        "bw_mean" : 0.000000,
        "bw_dev" : 0.000000,
        "bw_samples" : 0,
        "iops_min" : 0,
        "iops_max" : 0,
        "iops_mean" : 0.000000,
        "iops_stddev" : 0.000000,
        "iops_samples" : 0
      },
      "write" : {
        "io_bytes" : 115441664,
        "io_kbytes" : 112736,
        "bw_bytes" : 1911159,
        "bw" : 1866,
        "iops" : 466.591616,
        "runtime" : 60404,
        "total_ios" : 28184,
        "short_ios" : 0,
        "drop_ios" : 0,
        "slat_ns" : {
          "min" : 38273,
          "max" : 2673435147,
          "mean" : 136343470.311879,
          "stddev" : 204193746.221782,
          "N" : 28184
        },
        "clat_ns" : {
          "min" : 4225200,
          "max" : 8685464329,
          "mean" : 4013427155.468209,
          "stddev" : 1474693553.777015,
          "N" : 28184,
          "percentile" : {
            "1.000000" : 541065216,
            "5.000000" : 2231369728,
            "10.000000" : 2902458368,
            "20.000000" : 3003121664,
            "30.000000" : 3003121664,
            "40.000000" : 3070230528,
            "50.000000" : 3271557120,
            "60.000000" : 4395630592,
            "70.000000" : 4865392640,
            "80.000000" : 5536481280,
            "90.000000" : 5872025600,
            "95.000000" : 6677331968,
            "99.000000" : 8355053568,
            "99.500000" : 8422162432,
            "99.900000" : 8489271296,
            "99.950000" : 8657043456,
            "99.990000" : 8657043456
          }
        },
        "lat_ns" : {
          "min" : 124315879,
          "max" : 8781774126,
          "mean" : 4149775534.824972,
          "stddev" : 1494358348.604639,
          "N" : 28184
        },
        "bw_min" : 512,
        "bw_max" : 3408,
        "bw_agg" : 100.000000,
        "bw_mean" : 2242.798862,
        "bw_dev" : 11.909538,
        "bw_samples" : 5968,
        "iops_min" : 128,
        "iops_max" : 852,
        "iops_mean" : 560.562953,
        "iops_stddev" : 2.976672,
        "iops_samples" : 5968
      },
      "trim" : {
        "io_bytes" : 0,
        "io_kbytes" : 0,
        "bw_bytes" : 0,
        "bw" : 0,
        "iops" : 0.000000,
        "runtime" : 0,
        "total_ios" : 0,
        "short_ios" : 0,
        "drop_ios" : 0,
        "slat_ns" : {
          "min" : 0,
          "max" : 0,
          "mean" : 0.000000,
          "stddev" : 0.000000,
          "N" : 0
        },
        "clat_ns" : {
          "min" : 0,
          "max" : 0,
          "mean" : 0.000000,
          "stddev" : 0.000000,
          "N" : 0
        },
        "lat_ns" : {
          "min" : 0,
          "max" : 0,
          "mean" : 0.000000,
          "stddev" : 0.000000,
          "N" : 0
        },
        "bw_min" : 0,
        "bw_max" : 0,
        "bw_agg" : 0.000000,
        "bw_mean" : 0.000000,
        "bw_dev" : 0.000000,
        "bw_samples" : 0,
        "iops_min" : 0,
        "iops_max" : 0,
        "iops_mean" : 0.000000,
        "iops_stddev" : 0.000000,
        "iops_samples" : 0
      },
      "sync" : {
        "total_ios" : 0,
        "lat_ns" : {
          "min" : 0,
          "max" : 0,
          "mean" : 0.000000,
          "stddev" : 0.000000,
          "N" : 0
        }
      },
      "job_runtime" : 3850567,
      "usr_cpu" : 0.017192,
      "sys_cpu" : 0.018101,
      "ctx" : 56551,
      "majf" : 0,
      "minf" : 2515,
      "iodepth_level" : {
        "1" : 0.227079,
        "2" : 0.454158,
        "4" : 0.908317,
        "8" : 1.816634,
        "16" : 3.633267,
        "32" : 92.960545,
        ">=64" : 0.000000
      },
      "iodepth_submit" : {
        "0" : 0.000000,
        "4" : 100.000000,
        "8" : 0.000000,
        "16" : 0.000000,
        "32" : 0.000000,
        "64" : 0.000000,
        ">=64" : 0.000000
      },
      "iodepth_complete" : {
        "0" : 0.000000,
        "4" : 99.756320,
        "8" : 0.000000,
        "16" : 0.000000,
        "32" : 0.243680,
        "64" : 0.000000,
        ">=64" : 0.000000
      },
      "latency_ns" : {
        "2" : 0.000000,
        "4" : 0.000000,
        "10" : 0.000000,
        "20" : 0.000000,
        "50" : 0.000000,
        "100" : 0.000000,
        "250" : 0.000000,
        "500" : 0.000000,
        "750" : 0.000000,
        "1000" : 0.000000
      },
      "latency_us" : {
        "2" : 0.000000,
        "4" : 0.000000,
        "10" : 0.000000,
        "20" : 0.000000,
        "50" : 0.000000,
        "100" : 0.000000,
        "250" : 0.000000,
        "500" : 0.000000,
        "750" : 0.000000,
        "1000" : 0.000000
      },
      "latency_ms" : {
        "2" : 0.000000,
        "4" : 0.000000,
        "10" : 0.063866,
        "20" : 0.021289,
        "50" : 0.031933,
        "100" : 0.056770,
        "250" : 0.234175,
        "500" : 0.475447,
        "750" : 0.613823,
        "1000" : 0.560602,
        "2000" : 2.363043,
        ">=2000" : 95.579052
      },
      "latency_depth" : 32,
      "latency_target" : 0,
      "latency_percentile" : 100.000000,
      "latency_window" : 0
    }
  ]
}
