{
  "fio version" : "fio-3.29-112-gc3773",
  "timestamp" : 1649353848,
  "timestamp_ms" : 1649353848567,
  "time" : "Thu Apr  7 17:50:48 2022",
  "global options" : {
    "size" : "50M",
    "runtime" : "60",
    "directory" : "/mnt/gfs"
  },
  "jobs" : [
    {
      "jobname" : "iotest",
      "groupid" : 0,
      "error" : 0,
      "eta" : 0,
      "elapsed" : 61,
      "job options" : {
        "rw" : "randwrite",
        "bs" : "4k",
        "ioengine" : "libaio",
        "iodepth" : "16",
        "numjobs" : "32",
        "direct" : "1",
        "group_reporting" : "1",
        "invalidate" : "1",
        "loops" : "1",
        "write_bw_log" : "./fio-bench-07-04-2022--16-25-57-rand-gfs/randwrite/gfs/4k/randwrite-iodepth-16-numjobs-32",
        "write_lat_log" : "./fio-bench-07-04-2022--16-25-57-rand-gfs/randwrite/gfs/4k/randwrite-iodepth-16-numjobs-32",
        "write_iops_log" : "./fio-bench-07-04-2022--16-25-57-rand-gfs/randwrite/gfs/4k/randwrite-iodepth-16-numjobs-32",
        "log_avg_msec" : "500"
      },
      "read" : {
        "io_bytes" : 0,
        "io_kbytes" : 0,
        "bw_bytes" : 0,
        "bw" : 0,
        "iops" : 0.000000,
        "runtime" : 0,
        "total_ios" : 0,
        "short_ios" : 0,
        "drop_ios" : 0,
        "slat_ns" : {
          "min" : 0,
          "max" : 0,
          "mean" : 0.000000,
          "stddev" : 0.000000,
          "N" : 0
        },
        "clat_ns" : {
          "min" : 0,
          "max" : 0,
          "mean" : 0.000000,
          "stddev" : 0.000000,
          "N" : 0
        },
        "lat_ns" : {
          "min" : 0,
          "max" : 0,
          "mean" : 0.000000,
          "stddev" : 0.000000,
          "N" : 0
        },
        "bw_min" : 0,
        "bw_max" : 0,
        "bw_agg" : 0.000000,
        "bw_mean" : 0.000000,
        "bw_dev" : 0.000000,
        "bw_samples" : 0,
        "iops_min" : 0,
        "iops_max" : 0,
        "iops_mean" : 0.000000,
        "iops_stddev" : 0.000000,
        "iops_samples" : 0
      },
      "write" : {
        "io_bytes" : 119111680,
        "io_kbytes" : 116320,
        "bw_bytes" : 1980441,
        "bw" : 1934,
        "iops" : 483.506252,
        "runtime" : 60144,
        "total_ios" : 29080,
        "short_ios" : 0,
        "drop_ios" : 0,
        "slat_ns" : {
          "min" : 95263,
          "max" : 1589868837,
          "mean" : 66015571.830743,
          "stddev" : 128158250.931725,
          "N" : 29080
        },
        "clat_ns" : {
          "min" : 4236235,
          "max" : 4075681183,
          "mean" : 981301373.962276,
          "stddev" : 696861049.837564,
          "N" : 29080,
          "percentile" : {
            "1.000000" : 455081984,
            "5.000000" : 683671552,
            "10.000000" : 717225984,
            "20.000000" : 725614592,
            "30.000000" : 725614592,
            "40.000000" : 725614592,
            "50.000000" : 725614592,
            "60.000000" : 734003200,
            "70.000000" : 734003200,
            "80.000000" : 826277888,
            "90.000000" : 1736441856,
            "95.000000" : 3036676096,
            "99.000000" : 3808428032,
            "99.500000" : 3875536896,
            "99.900000" : 3942645760,
            "99.950000" : 3942645760,
            "99.990000" : 4009754624
          }
        },
        "lat_ns" : {
          "min" : 53030362,
          "max" : 4139476424,
          "mean" : 1047321196.657324,
          "stddev" : 722662578.000947,
          "N" : 29080
        },
        "bw_min" : 256,
        "bw_max" : 2944,
        "bw_agg" : 100.000000,
        "bw_mean" : 2182.534932,
        "bw_dev" : 24.334318,
        "bw_samples" : 3351,
        "iops_min" : 64,
        "iops_max" : 736,
        "iops_mean" : 545.540530,
        "iops_stddev" : 6.083442,
        "iops_samples" : 3351
      },
      "trim" : {
        "io_bytes" : 0,
        "io_kbytes" : 0,
        "bw_bytes" : 0,
        "bw" : 0,
        "iops" : 0.000000,
        "runtime" : 0,
        "total_ios" : 0,
        "short_ios" : 0,
        "drop_ios" : 0,
        "slat_ns" : {
          "min" : 0,
          "max" : 0,
          "mean" : 0.000000,
          "stddev" : 0.000000,
          "N" : 0
        },
        "clat_ns" : {
          "min" : 0,
          "max" : 0,
          "mean" : 0.000000,
          "stddev" : 0.000000,
          "N" : 0
        },
        "lat_ns" : {
          "min" : 0,
          "max" : 0,
          "mean" : 0.000000,
          "stddev" : 0.000000,
          "N" : 0
        },
        "bw_min" : 0,
        "bw_max" : 0,
        "bw_agg" : 0.000000,
        "bw_mean" : 0.000000,
        "bw_dev" : 0.000000,
        "bw_samples" : 0,
        "iops_min" : 0,
        "iops_max" : 0,
        "iops_mean" : 0.000000,
        "iops_stddev" : 0.000000,
        "iops_samples" : 0
      },
      "sync" : {
        "total_ios" : 0,
        "lat_ns" : {
          "min" : 0,
          "max" : 0,
          "mean" : 0.000000,
          "stddev" : 0.000000,
          "N" : 0
        }
      },
      "job_runtime" : 1922426,
      "usr_cpu" : 0.033863,
      "sys_cpu" : 0.036308,
      "ctx" : 58294,
      "majf" : 0,
      "minf" : 1255,
      "iodepth_level" : {
        "1" : 0.110041,
        "2" : 0.220083,
        "4" : 0.440165,
        "8" : 0.880330,
        "16" : 98.349381,
        "32" : 0.000000,
        ">=64" : 0.000000
      },
      "iodepth_submit" : {
        "0" : 0.000000,
        "4" : 100.000000,
        "8" : 0.000000,
        "16" : 0.000000,
        "32" : 0.000000,
        "64" : 0.000000,
        ">=64" : 0.000000
      },
      "iodepth_complete" : {
        "0" : 0.000000,
        "4" : 99.888237,
        "8" : 0.000000,
        "16" : 0.111763,
        "32" : 0.000000,
        "64" : 0.000000,
        ">=64" : 0.000000
      },
      "latency_ns" : {
        "2" : 0.000000,
        "4" : 0.000000,
        "10" : 0.000000,
        "20" : 0.000000,
        "50" : 0.000000,
        "100" : 0.000000,
        "250" : 0.000000,
        "500" : 0.000000,
        "750" : 0.000000,
        "1000" : 0.000000
      },
      "latency_us" : {
        "2" : 0.000000,
        "4" : 0.000000,
        "10" : 0.000000,
        "20" : 0.000000,
        "50" : 0.000000,
        "100" : 0.000000,
        "250" : 0.000000,
        "500" : 0.000000,
        "750" : 0.000000,
        "1000" : 0.000000
      },
      "latency_ms" : {
        "2" : 0.000000,
        "4" : 0.000000,
        "10" : 0.037827,
        "20" : 0.027510,
        "50" : 0.000000,
        "100" : 0.075653,
        "250" : 0.340440,
        "500" : 0.625860,
        "750" : 71.066025,
        "1000" : 12.214580,
        "2000" : 7.011692,
        ">=2000" : 8.600413
      },
      "latency_depth" : 16,
      "latency_target" : 0,
      "latency_percentile" : 100.000000,
      "latency_window" : 0
    }
  ]
}
