{
  "fio version" : "fio-3.29-112-gc3773",
  "timestamp" : 1649352521,
  "timestamp_ms" : 1649352521836,
  "time" : "Thu Apr  7 17:28:41 2022",
  "global options" : {
    "size" : "50M",
    "runtime" : "60",
    "directory" : "/mnt/gfs"
  },
  "jobs" : [
    {
      "jobname" : "iotest",
      "groupid" : 0,
      "error" : 0,
      "eta" : 0,
      "elapsed" : 61,
      "job options" : {
        "rw" : "randwrite",
        "bs" : "4k",
        "ioengine" : "libaio",
        "iodepth" : "2",
        "numjobs" : "8",
        "direct" : "1",
        "group_reporting" : "1",
        "invalidate" : "1",
        "loops" : "1",
        "write_bw_log" : "./fio-bench-07-04-2022--16-25-57-rand-gfs/randwrite/gfs/4k/randwrite-iodepth-2-numjobs-8",
        "write_lat_log" : "./fio-bench-07-04-2022--16-25-57-rand-gfs/randwrite/gfs/4k/randwrite-iodepth-2-numjobs-8",
        "write_iops_log" : "./fio-bench-07-04-2022--16-25-57-rand-gfs/randwrite/gfs/4k/randwrite-iodepth-2-numjobs-8",
        "log_avg_msec" : "500"
      },
      "read" : {
        "io_bytes" : 0,
        "io_kbytes" : 0,
        "bw_bytes" : 0,
        "bw" : 0,
        "iops" : 0.000000,
        "runtime" : 0,
        "total_ios" : 0,
        "short_ios" : 0,
        "drop_ios" : 0,
        "slat_ns" : {
          "min" : 0,
          "max" : 0,
          "mean" : 0.000000,
          "stddev" : 0.000000,
          "N" : 0
        },
        "clat_ns" : {
          "min" : 0,
          "max" : 0,
          "mean" : 0.000000,
          "stddev" : 0.000000,
          "N" : 0
        },
        "lat_ns" : {
          "min" : 0,
          "max" : 0,
          "mean" : 0.000000,
          "stddev" : 0.000000,
          "N" : 0
        },
        "bw_min" : 0,
        "bw_max" : 0,
        "bw_agg" : 0.000000,
        "bw_mean" : 0.000000,
        "bw_dev" : 0.000000,
        "bw_samples" : 0,
        "iops_min" : 0,
        "iops_max" : 0,
        "iops_mean" : 0.000000,
        "iops_stddev" : 0.000000,
        "iops_samples" : 0
      },
      "write" : {
        "io_bytes" : 156188672,
        "io_kbytes" : 152528,
        "bw_bytes" : 2580479,
        "bw" : 2519,
        "iops" : 629.999835,
        "runtime" : 60527,
        "total_ios" : 38132,
        "short_ios" : 0,
        "drop_ios" : 0,
        "slat_ns" : {
          "min" : 18089,
          "max" : 13814327,
          "mean" : 37292.561549,
          "stddev" : 104219.865555,
          "N" : 38132
        },
        "clat_ns" : {
          "min" : 2661246,
          "max" : 5169230191,
          "mean" : 25184574.905250,
          "stddev" : 160109599.606039,
          "N" : 38132,
          "percentile" : {
            "1.000000" : 2965504,
            "5.000000" : 5931008,
            "10.000000" : 6193152,
            "20.000000" : 8978432,
            "30.000000" : 11468800,
            "40.000000" : 12255232,
            "50.000000" : 17170432,
            "60.000000" : 17694720,
            "70.000000" : 17956864,
            "80.000000" : 19529728,
            "90.000000" : 26607616,
            "95.000000" : 27131904,
            "99.000000" : 29229056,
            "99.500000" : 45875200,
            "99.900000" : 3170893824,
            "99.950000" : 3305111552,
            "99.990000" : 3573547008
          }
        },
        "lat_ns" : {
          "min" : 2721030,
          "max" : 5169267626,
          "mean" : 25224741.266653,
          "stddev" : 160109495.886239,
          "N" : 38132
        },
        "bw_min" : 80,
        "bw_max" : 10331,
        "bw_agg" : 100.000000,
        "bw_mean" : 3547.954725,
        "bw_dev" : 238.025926,
        "bw_samples" : 680,
        "iops_min" : 20,
        "iops_max" : 2582,
        "iops_mean" : 886.890388,
        "iops_stddev" : 59.483365,
        "iops_samples" : 680
      },
      "trim" : {
        "io_bytes" : 0,
        "io_kbytes" : 0,
        "bw_bytes" : 0,
        "bw" : 0,
        "iops" : 0.000000,
        "runtime" : 0,
        "total_ios" : 0,
        "short_ios" : 0,
        "drop_ios" : 0,
        "slat_ns" : {
          "min" : 0,
          "max" : 0,
          "mean" : 0.000000,
          "stddev" : 0.000000,
          "N" : 0
        },
        "clat_ns" : {
          "min" : 0,
          "max" : 0,
          "mean" : 0.000000,
          "stddev" : 0.000000,
          "N" : 0
        },
        "lat_ns" : {
          "min" : 0,
          "max" : 0,
          "mean" : 0.000000,
          "stddev" : 0.000000,
          "N" : 0
        },
        "bw_min" : 0,
        "bw_max" : 0,
        "bw_agg" : 0.000000,
        "bw_mean" : 0.000000,
        "bw_dev" : 0.000000,
        "bw_samples" : 0,
        "iops_min" : 0,
        "iops_max" : 0,
        "iops_mean" : 0.000000,
        "iops_stddev" : 0.000000,
        "iops_samples" : 0
      },
      "sync" : {
        "total_ios" : 0,
        "lat_ns" : {
          "min" : 0,
          "max" : 0,
          "mean" : 0.000000,
          "stddev" : 0.000000,
          "N" : 0
        }
      },
      "job_runtime" : 481118,
      "usr_cpu" : 0.128659,
      "sys_cpu" : 0.187064,
      "ctx" : 76314,
      "majf" : 0,
      "minf" : 318,
      "iodepth_level" : {
        "1" : 0.100000,
        "2" : 99.979020,
        "4" : 0.000000,
        "8" : 0.000000,
        "16" : 0.000000,
        "32" : 0.000000,
        ">=64" : 0.000000
      },
      "iodepth_submit" : {
        "0" : 0.000000,
        "4" : 100.000000,
        "8" : 0.000000,
        "16" : 0.000000,
        "32" : 0.000000,
        "64" : 0.000000,
        ">=64" : 0.000000
      },
      "iodepth_complete" : {
        "0" : 0.000000,
        "4" : 100.000000,
        "8" : 0.000000,
        "16" : 0.000000,
        "32" : 0.000000,
        "64" : 0.000000,
        ">=64" : 0.000000
      },
      "latency_ns" : {
        "2" : 0.000000,
        "4" : 0.000000,
        "10" : 0.000000,
        "20" : 0.000000,
        "50" : 0.000000,
        "100" : 0.000000,
        "250" : 0.000000,
        "500" : 0.000000,
        "750" : 0.000000,
        "1000" : 0.000000
      },
      "latency_us" : {
        "2" : 0.000000,
        "4" : 0.000000,
        "10" : 0.000000,
        "20" : 0.000000,
        "50" : 0.000000,
        "100" : 0.000000,
        "250" : 0.000000,
        "500" : 0.000000,
        "750" : 0.000000,
        "1000" : 0.000000
      },
      "latency_ms" : {
        "2" : 0.000000,
        "4" : 1.738697,
        "10" : 25.220287,
        "20" : 54.214308,
        "50" : 18.341550,
        "100" : 0.039337,
        "250" : 0.020980,
        "500" : 0.010490,
        "750" : 0.018357,
        "1000" : 0.023602,
        "2000" : 0.125879,
        ">=2000" : 0.246512
      },
      "latency_depth" : 2,
      "latency_target" : 0,
      "latency_percentile" : 100.000000,
      "latency_window" : 0
    }
  ]
}
