{
  "fio version" : "fio-3.29-112-gc3773",
  "timestamp" : 1649353108,
  "timestamp_ms" : 1649353108566,
  "time" : "Thu Apr  7 17:38:28 2022",
  "global options" : {
    "size" : "50M",
    "runtime" : "60",
    "directory" : "/mnt/gfs"
  },
  "jobs" : [
    {
      "jobname" : "iotest",
      "groupid" : 0,
      "error" : 0,
      "eta" : 0,
      "elapsed" : 63,
      "job options" : {
        "rw" : "randwrite",
        "bs" : "4k",
        "ioengine" : "libaio",
        "iodepth" : "4",
        "numjobs" : "64",
        "direct" : "1",
        "group_reporting" : "1",
        "invalidate" : "1",
        "loops" : "1",
        "write_bw_log" : "./fio-bench-07-04-2022--16-25-57-rand-gfs/randwrite/gfs/4k/randwrite-iodepth-4-numjobs-64",
        "write_lat_log" : "./fio-bench-07-04-2022--16-25-57-rand-gfs/randwrite/gfs/4k/randwrite-iodepth-4-numjobs-64",
        "write_iops_log" : "./fio-bench-07-04-2022--16-25-57-rand-gfs/randwrite/gfs/4k/randwrite-iodepth-4-numjobs-64",
        "log_avg_msec" : "500"
      },
      "read" : {
        "io_bytes" : 0,
        "io_kbytes" : 0,
        "bw_bytes" : 0,
        "bw" : 0,
        "iops" : 0.000000,
        "runtime" : 0,
        "total_ios" : 0,
        "short_ios" : 0,
        "drop_ios" : 0,
        "slat_ns" : {
          "min" : 0,
          "max" : 0,
          "mean" : 0.000000,
          "stddev" : 0.000000,
          "N" : 0
        },
        "clat_ns" : {
          "min" : 0,
          "max" : 0,
          "mean" : 0.000000,
          "stddev" : 0.000000,
          "N" : 0
        },
        "lat_ns" : {
          "min" : 0,
          "max" : 0,
          "mean" : 0.000000,
          "stddev" : 0.000000,
          "N" : 0
        },
        "bw_min" : 0,
        "bw_max" : 0,
        "bw_agg" : 0.000000,
        "bw_mean" : 0.000000,
        "bw_dev" : 0.000000,
        "bw_samples" : 0,
        "iops_min" : 0,
        "iops_max" : 0,
        "iops_mean" : 0.000000,
        "iops_stddev" : 0.000000,
        "iops_samples" : 0
      },
      "write" : {
        "io_bytes" : 134778880,
        "io_kbytes" : 131620,
        "bw_bytes" : 2166688,
        "bw" : 2115,
        "iops" : 528.976770,
        "runtime" : 62205,
        "total_ios" : 32905,
        "short_ios" : 0,
        "drop_ios" : 0,
        "slat_ns" : {
          "min" : 31568,
          "max" : 2333763275,
          "mean" : 115987996.893238,
          "stddev" : 154463493.784242,
          "N" : 32905
        },
        "clat_ns" : {
          "min" : 3232475,
          "max" : 3210317178,
          "mean" : 353143654.107826,
          "stddev" : 297291354.052575,
          "N" : 32905,
          "percentile" : {
            "1.000000" : 193986560,
            "5.000000" : 225443840,
            "10.000000" : 278921216,
            "20.000000" : 287309824,
            "30.000000" : 287309824,
            "40.000000" : 287309824,
            "50.000000" : 291504128,
            "60.000000" : 291504128,
            "70.000000" : 291504128,
            "80.000000" : 291504128,
            "90.000000" : 320864256,
            "95.000000" : 918552576,
            "99.000000" : 1988100096,
            "99.500000" : 2071986176,
            "99.900000" : 2432696320,
            "99.950000" : 2868903936,
            "99.990000" : 3204448256
          }
        },
        "lat_ns" : {
          "min" : 11574348,
          "max" : 3306960389,
          "mean" : 469136162.908616,
          "stddev" : 351969831.396835,
          "N" : 32905
        },
        "bw_min" : 512,
        "bw_max" : 3664,
        "bw_agg" : 100.000000,
        "bw_mean" : 2431.557306,
        "bw_dev" : 10.628642,
        "bw_samples" : 6882,
        "iops_min" : 128,
        "iops_max" : 916,
        "iops_mean" : 607.783701,
        "iops_stddev" : 2.657484,
        "iops_samples" : 6882
      },
      "trim" : {
        "io_bytes" : 0,
        "io_kbytes" : 0,
        "bw_bytes" : 0,
        "bw" : 0,
        "iops" : 0.000000,
        "runtime" : 0,
        "total_ios" : 0,
        "short_ios" : 0,
        "drop_ios" : 0,
        "slat_ns" : {
          "min" : 0,
          "max" : 0,
          "mean" : 0.000000,
          "stddev" : 0.000000,
          "N" : 0
        },
        "clat_ns" : {
          "min" : 0,
          "max" : 0,
          "mean" : 0.000000,
          "stddev" : 0.000000,
          "N" : 0
        },
        "lat_ns" : {
          "min" : 0,
          "max" : 0,
          "mean" : 0.000000,
          "stddev" : 0.000000,
          "N" : 0
        },
        "bw_min" : 0,
        "bw_max" : 0,
        "bw_agg" : 0.000000,
        "bw_mean" : 0.000000,
        "bw_dev" : 0.000000,
        "bw_samples" : 0,
        "iops_min" : 0,
        "iops_max" : 0,
        "iops_mean" : 0.000000,
        "iops_stddev" : 0.000000,
        "iops_samples" : 0
      },
      "sync" : {
        "total_ios" : 0,
        "lat_ns" : {
          "min" : 0,
          "max" : 0,
          "mean" : 0.000000,
          "stddev" : 0.000000,
          "N" : 0
        }
      },
      "job_runtime" : 3898679,
      "usr_cpu" : 0.018083,
      "sys_cpu" : 0.022623,
      "ctx" : 66143,
      "majf" : 0,
      "minf" : 2517,
      "iodepth_level" : {
        "1" : 0.194499,
        "2" : 0.388999,
        "4" : 99.416502,
        "8" : 0.000000,
        "16" : 0.000000,
        "32" : 0.000000,
        ">=64" : 0.000000
      },
      "iodepth_submit" : {
        "0" : 0.000000,
        "4" : 100.000000,
        "8" : 0.000000,
        "16" : 0.000000,
        "32" : 0.000000,
        "64" : 0.000000,
        ">=64" : 0.000000
      },
      "iodepth_complete" : {
        "0" : 0.000000,
        "4" : 100.000000,
        "8" : 0.000000,
        "16" : 0.000000,
        "32" : 0.000000,
        "64" : 0.000000,
        ">=64" : 0.000000
      },
      "latency_ns" : {
        "2" : 0.000000,
        "4" : 0.000000,
        "10" : 0.000000,
        "20" : 0.000000,
        "50" : 0.000000,
        "100" : 0.000000,
        "250" : 0.000000,
        "500" : 0.000000,
        "750" : 0.000000,
        "1000" : 0.000000
      },
      "latency_us" : {
        "2" : 0.000000,
        "4" : 0.000000,
        "10" : 0.000000,
        "20" : 0.000000,
        "50" : 0.000000,
        "100" : 0.000000,
        "250" : 0.000000,
        "500" : 0.000000,
        "750" : 0.000000,
        "1000" : 0.000000
      },
      "latency_ms" : {
        "2" : 0.000000,
        "4" : 0.010000,
        "10" : 0.000000,
        "20" : 0.042547,
        "50" : 0.066859,
        "100" : 0.039508,
        "250" : 7.476067,
        "500" : 86.503571,
        "750" : 0.610849,
        "1000" : 0.589576,
        "2000" : 3.859596,
        ">=2000" : 0.808388
      },
      "latency_depth" : 4,
      "latency_target" : 0,
      "latency_percentile" : 100.000000,
      "latency_window" : 0
    }
  ]
}
