{
  "fio version" : "fio-3.29-112-gc3773",
  "timestamp" : 1649354598,
  "timestamp_ms" : 1649354598465,
  "time" : "Thu Apr  7 18:03:18 2022",
  "global options" : {
    "size" : "50M",
    "runtime" : "60",
    "directory" : "/mnt/gfs"
  },
  "jobs" : [
    {
      "jobname" : "iotest",
      "groupid" : 0,
      "error" : 0,
      "eta" : 0,
      "elapsed" : 61,
      "job options" : {
        "rw" : "randwrite",
        "bs" : "4k",
        "ioengine" : "libaio",
        "iodepth" : "64",
        "numjobs" : "16",
        "direct" : "1",
        "group_reporting" : "1",
        "invalidate" : "1",
        "loops" : "1",
        "write_bw_log" : "./fio-bench-07-04-2022--16-25-57-rand-gfs/randwrite/gfs/4k/randwrite-iodepth-64-numjobs-16",
        "write_lat_log" : "./fio-bench-07-04-2022--16-25-57-rand-gfs/randwrite/gfs/4k/randwrite-iodepth-64-numjobs-16",
        "write_iops_log" : "./fio-bench-07-04-2022--16-25-57-rand-gfs/randwrite/gfs/4k/randwrite-iodepth-64-numjobs-16",
        "log_avg_msec" : "500"
      },
      "read" : {
        "io_bytes" : 0,
        "io_kbytes" : 0,
        "bw_bytes" : 0,
        "bw" : 0,
        "iops" : 0.000000,
        "runtime" : 0,
        "total_ios" : 0,
        "short_ios" : 0,
        "drop_ios" : 0,
        "slat_ns" : {
          "min" : 0,
          "max" : 0,
          "mean" : 0.000000,
          "stddev" : 0.000000,
          "N" : 0
        },
        "clat_ns" : {
          "min" : 0,
          "max" : 0,
          "mean" : 0.000000,
          "stddev" : 0.000000,
          "N" : 0
        },
        "lat_ns" : {
          "min" : 0,
          "max" : 0,
          "mean" : 0.000000,
          "stddev" : 0.000000,
          "N" : 0
        },
        "bw_min" : 0,
        "bw_max" : 0,
        "bw_agg" : 0.000000,
        "bw_mean" : 0.000000,
        "bw_dev" : 0.000000,
        "bw_samples" : 0,
        "iops_min" : 0,
        "iops_max" : 0,
        "iops_mean" : 0.000000,
        "iops_stddev" : 0.000000,
        "iops_samples" : 0
      },
      "write" : {
        "io_bytes" : 117940224,
        "io_kbytes" : 115176,
        "bw_bytes" : 1961649,
        "bw" : 1915,
        "iops" : 478.918218,
        "runtime" : 60123,
        "total_ios" : 28794,
        "short_ios" : 0,
        "drop_ios" : 0,
        "slat_ns" : {
          "min" : 93657,
          "max" : 1999039509,
          "mean" : 33329108.336042,
          "stddev" : 105320162.709126,
          "N" : 28794
        },
        "clat_ns" : {
          "min" : 3727436,
          "max" : 6842929788,
          "mean" : 2076954134.673821,
          "stddev" : 970652913.481830,
          "N" : 28794,
          "percentile" : {
            "1.000000" : 471859200,
            "5.000000" : 1484783616,
            "10.000000" : 1518338048,
            "20.000000" : 1535115264,
            "30.000000" : 1535115264,
            "40.000000" : 1535115264,
            "50.000000" : 1535115264,
            "60.000000" : 1551892480,
            "70.000000" : 2164260864,
            "80.000000" : 3170893824,
            "90.000000" : 3808428032,
            "95.000000" : 3976200192,
            "99.000000" : 5133828096,
            "99.500000" : 5536481280,
            "99.900000" : 5804916736,
            "99.950000" : 5804916736,
            "99.990000" : 6744440832
          }
        },
        "lat_ns" : {
          "min" : 27966104,
          "max" : 6871921653,
          "mean" : 2110286863.550705,
          "stddev" : 980429021.154314,
          "N" : 28794
        },
        "bw_min" : 208,
        "bw_max" : 2840,
        "bw_agg" : 100.000000,
        "bw_mean" : 2302.491409,
        "bw_dev" : 40.162130,
        "bw_samples" : 1544,
        "iops_min" : 52,
        "iops_max" : 710,
        "iops_mean" : 575.643686,
        "iops_stddev" : 10.040916,
        "iops_samples" : 1544
      },
      "trim" : {
        "io_bytes" : 0,
        "io_kbytes" : 0,
        "bw_bytes" : 0,
        "bw" : 0,
        "iops" : 0.000000,
        "runtime" : 0,
        "total_ios" : 0,
        "short_ios" : 0,
        "drop_ios" : 0,
        "slat_ns" : {
          "min" : 0,
          "max" : 0,
          "mean" : 0.000000,
          "stddev" : 0.000000,
          "N" : 0
        },
        "clat_ns" : {
          "min" : 0,
          "max" : 0,
          "mean" : 0.000000,
          "stddev" : 0.000000,
          "N" : 0
        },
        "lat_ns" : {
          "min" : 0,
          "max" : 0,
          "mean" : 0.000000,
          "stddev" : 0.000000,
          "N" : 0
        },
        "bw_min" : 0,
        "bw_max" : 0,
        "bw_agg" : 0.000000,
        "bw_mean" : 0.000000,
        "bw_dev" : 0.000000,
        "bw_samples" : 0,
        "iops_min" : 0,
        "iops_max" : 0,
        "iops_mean" : 0.000000,
        "iops_stddev" : 0.000000,
        "iops_samples" : 0
      },
      "sync" : {
        "total_ios" : 0,
        "lat_ns" : {
          "min" : 0,
          "max" : 0,
          "mean" : 0.000000,
          "stddev" : 0.000000,
          "N" : 0
        }
      },
      "job_runtime" : 960998,
      "usr_cpu" : 0.064516,
      "sys_cpu" : 0.062539,
      "ctx" : 57642,
      "majf" : 0,
      "minf" : 597,
      "iodepth_level" : {
        "1" : 0.100000,
        "2" : 0.111134,
        "4" : 0.222269,
        "8" : 0.444537,
        "16" : 0.889074,
        "32" : 1.778148,
        ">=64" : 96.499271
      },
      "iodepth_submit" : {
        "0" : 0.000000,
        "4" : 100.000000,
        "8" : 0.000000,
        "16" : 0.000000,
        "32" : 0.000000,
        "64" : 0.000000,
        ">=64" : 0.000000
      },
      "iodepth_complete" : {
        "0" : 0.000000,
        "4" : 99.942450,
        "8" : 0.000000,
        "16" : 0.000000,
        "32" : 0.000000,
        "64" : 0.100000,
        ">=64" : 0.000000
      },
      "latency_ns" : {
        "2" : 0.000000,
        "4" : 0.000000,
        "10" : 0.000000,
        "20" : 0.000000,
        "50" : 0.000000,
        "100" : 0.000000,
        "250" : 0.000000,
        "500" : 0.000000,
        "750" : 0.000000,
        "1000" : 0.000000
      },
      "latency_us" : {
        "2" : 0.000000,
        "4" : 0.000000,
        "10" : 0.000000,
        "20" : 0.000000,
        "50" : 0.000000,
        "100" : 0.000000,
        "250" : 0.000000,
        "500" : 0.000000,
        "750" : 0.000000,
        "1000" : 0.000000
      },
      "latency_ms" : {
        "2" : 0.000000,
        "4" : 0.010000,
        "10" : 0.027784,
        "20" : 0.000000,
        "50" : 0.031257,
        "100" : 0.065986,
        "250" : 0.354240,
        "500" : 0.573036,
        "750" : 0.573036,
        "1000" : 0.552198,
        "2000" : 64.086268,
        ">=2000" : 33.732722
      },
      "latency_depth" : 64,
      "latency_target" : 0,
      "latency_percentile" : 100.000000,
      "latency_window" : 0
    }
  ]
}
