{
  "fio version" : "fio-3.29-112-gc3773",
  "timestamp" : 1649353663,
  "timestamp_ms" : 1649353663022,
  "time" : "Thu Apr  7 17:47:43 2022",
  "global options" : {
    "size" : "50M",
    "runtime" : "60",
    "directory" : "/mnt/gfs"
  },
  "jobs" : [
    {
      "jobname" : "iotest",
      "groupid" : 0,
      "error" : 0,
      "eta" : 0,
      "elapsed" : 61,
      "job options" : {
        "rw" : "randwrite",
        "bs" : "4k",
        "ioengine" : "libaio",
        "iodepth" : "16",
        "numjobs" : "4",
        "direct" : "1",
        "group_reporting" : "1",
        "invalidate" : "1",
        "loops" : "1",
        "write_bw_log" : "./fio-bench-07-04-2022--16-25-57-rand-gfs/randwrite/gfs/4k/randwrite-iodepth-16-numjobs-4",
        "write_lat_log" : "./fio-bench-07-04-2022--16-25-57-rand-gfs/randwrite/gfs/4k/randwrite-iodepth-16-numjobs-4",
        "write_iops_log" : "./fio-bench-07-04-2022--16-25-57-rand-gfs/randwrite/gfs/4k/randwrite-iodepth-16-numjobs-4",
        "log_avg_msec" : "500"
      },
      "read" : {
        "io_bytes" : 0,
        "io_kbytes" : 0,
        "bw_bytes" : 0,
        "bw" : 0,
        "iops" : 0.000000,
        "runtime" : 0,
        "total_ios" : 0,
        "short_ios" : 0,
        "drop_ios" : 0,
        "slat_ns" : {
          "min" : 0,
          "max" : 0,
          "mean" : 0.000000,
          "stddev" : 0.000000,
          "N" : 0
        },
        "clat_ns" : {
          "min" : 0,
          "max" : 0,
          "mean" : 0.000000,
          "stddev" : 0.000000,
          "N" : 0
        },
        "lat_ns" : {
          "min" : 0,
          "max" : 0,
          "mean" : 0.000000,
          "stddev" : 0.000000,
          "N" : 0
        },
        "bw_min" : 0,
        "bw_max" : 0,
        "bw_agg" : 0.000000,
        "bw_mean" : 0.000000,
        "bw_dev" : 0.000000,
        "bw_samples" : 0,
        "iops_min" : 0,
        "iops_max" : 0,
        "iops_mean" : 0.000000,
        "iops_stddev" : 0.000000,
        "iops_samples" : 0
      },
      "write" : {
        "io_bytes" : 156450816,
        "io_kbytes" : 152784,
        "bw_bytes" : 2605472,
        "bw" : 2544,
        "iops" : 636.101720,
        "runtime" : 60047,
        "total_ios" : 38196,
        "short_ios" : 0,
        "drop_ios" : 0,
        "slat_ns" : {
          "min" : 17251,
          "max" : 5911384,
          "mean" : 41361.306472,
          "stddev" : 73547.652706,
          "N" : 38196
        },
        "clat_ns" : {
          "min" : 4439125,
          "max" : 3002422482,
          "mean" : 97781832.781103,
          "stddev" : 190293360.919024,
          "N" : 38196,
          "percentile" : {
            "1.000000" : 23461888,
            "5.000000" : 25034752,
            "10.000000" : 47448064,
            "20.000000" : 48496640,
            "30.000000" : 64749568,
            "40.000000" : 70778880,
            "50.000000" : 71827456,
            "60.000000" : 72876032,
            "70.000000" : 73924608,
            "80.000000" : 141557760,
            "90.000000" : 143654912,
            "95.000000" : 145752064,
            "99.000000" : 650117120,
            "99.500000" : 1904214016,
            "99.900000" : 2835349504,
            "99.950000" : 2902458368,
            "99.990000" : 3003121664
          }
        },
        "lat_ns" : {
          "min" : 4476979,
          "max" : 3002462571,
          "mean" : 97826123.443188,
          "stddev" : 190293518.791901,
          "N" : 38196
        },
        "bw_min" : 424,
        "bw_max" : 8029,
        "bw_agg" : 100.000000,
        "bw_mean" : 2982.325439,
        "bw_dev" : 281.026793,
        "bw_samples" : 408,
        "iops_min" : 106,
        "iops_max" : 2007,
        "iops_mean" : 745.488287,
        "iops_stddev" : 70.249949,
        "iops_samples" : 408
      },
      "trim" : {
        "io_bytes" : 0,
        "io_kbytes" : 0,
        "bw_bytes" : 0,
        "bw" : 0,
        "iops" : 0.000000,
        "runtime" : 0,
        "total_ios" : 0,
        "short_ios" : 0,
        "drop_ios" : 0,
        "slat_ns" : {
          "min" : 0,
          "max" : 0,
          "mean" : 0.000000,
          "stddev" : 0.000000,
          "N" : 0
        },
        "clat_ns" : {
          "min" : 0,
          "max" : 0,
          "mean" : 0.000000,
          "stddev" : 0.000000,
          "N" : 0
        },
        "lat_ns" : {
          "min" : 0,
          "max" : 0,
          "mean" : 0.000000,
          "stddev" : 0.000000,
          "N" : 0
        },
        "bw_min" : 0,
        "bw_max" : 0,
        "bw_agg" : 0.000000,
        "bw_mean" : 0.000000,
        "bw_dev" : 0.000000,
        "bw_samples" : 0,
        "iops_min" : 0,
        "iops_max" : 0,
        "iops_mean" : 0.000000,
        "iops_stddev" : 0.000000,
        "iops_samples" : 0
      },
      "sync" : {
        "total_ios" : 0,
        "lat_ns" : {
          "min" : 0,
          "max" : 0,
          "mean" : 0.000000,
          "stddev" : 0.000000,
          "N" : 0
        }
      },
      "job_runtime" : 233581,
      "usr_cpu" : 0.273139,
      "sys_cpu" : 0.407567,
      "ctx" : 76123,
      "majf" : 0,
      "minf" : 146,
      "iodepth_level" : {
        "1" : 0.100000,
        "2" : 0.100000,
        "4" : 0.100000,
        "8" : 0.100000,
        "16" : 99.842915,
        "32" : 0.000000,
        ">=64" : 0.000000
      },
      "iodepth_submit" : {
        "0" : 0.000000,
        "4" : 100.000000,
        "8" : 0.000000,
        "16" : 0.000000,
        "32" : 0.000000,
        "64" : 0.000000,
        ">=64" : 0.000000
      },
      "iodepth_complete" : {
        "0" : 0.000000,
        "4" : 99.989512,
        "8" : 0.000000,
        "16" : 0.100000,
        "32" : 0.000000,
        "64" : 0.000000,
        ">=64" : 0.000000
      },
      "latency_ns" : {
        "2" : 0.000000,
        "4" : 0.000000,
        "10" : 0.000000,
        "20" : 0.000000,
        "50" : 0.000000,
        "100" : 0.000000,
        "250" : 0.000000,
        "500" : 0.000000,
        "750" : 0.000000,
        "1000" : 0.000000
      },
      "latency_us" : {
        "2" : 0.000000,
        "4" : 0.000000,
        "10" : 0.000000,
        "20" : 0.000000,
        "50" : 0.000000,
        "100" : 0.000000,
        "250" : 0.000000,
        "500" : 0.000000,
        "750" : 0.000000,
        "1000" : 0.000000
      },
      "latency_ms" : {
        "2" : 0.000000,
        "4" : 0.000000,
        "10" : 0.125668,
        "20" : 0.256571,
        "50" : 27.714944,
        "100" : 49.942402,
        "250" : 20.795371,
        "500" : 0.107341,
        "750" : 0.146612,
        "1000" : 0.052362,
        "2000" : 0.397947,
        ">=2000" : 0.460781
      },
      "latency_depth" : 16,
      "latency_target" : 0,
      "latency_percentile" : 100.000000,
      "latency_window" : 0
    }
  ]
}
