{
  "fio version" : "fio-3.29-112-gc3773",
  "timestamp" : 1649354538,
  "timestamp_ms" : 1649354538048,
  "time" : "Thu Apr  7 18:02:18 2022",
  "global options" : {
    "size" : "50M",
    "runtime" : "60",
    "directory" : "/mnt/gfs"
  },
  "jobs" : [
    {
      "jobname" : "iotest",
      "groupid" : 0,
      "error" : 0,
      "eta" : 0,
      "elapsed" : 61,
      "job options" : {
        "rw" : "randwrite",
        "bs" : "4k",
        "ioengine" : "libaio",
        "iodepth" : "64",
        "numjobs" : "8",
        "direct" : "1",
        "group_reporting" : "1",
        "invalidate" : "1",
        "loops" : "1",
        "write_bw_log" : "./fio-bench-07-04-2022--16-25-57-rand-gfs/randwrite/gfs/4k/randwrite-iodepth-64-numjobs-8",
        "write_lat_log" : "./fio-bench-07-04-2022--16-25-57-rand-gfs/randwrite/gfs/4k/randwrite-iodepth-64-numjobs-8",
        "write_iops_log" : "./fio-bench-07-04-2022--16-25-57-rand-gfs/randwrite/gfs/4k/randwrite-iodepth-64-numjobs-8",
        "log_avg_msec" : "500"
      },
      "read" : {
        "io_bytes" : 0,
        "io_kbytes" : 0,
        "bw_bytes" : 0,
        "bw" : 0,
        "iops" : 0.000000,
        "runtime" : 0,
        "total_ios" : 0,
        "short_ios" : 0,
        "drop_ios" : 0,
        "slat_ns" : {
          "min" : 0,
          "max" : 0,
          "mean" : 0.000000,
          "stddev" : 0.000000,
          "N" : 0
        },
        "clat_ns" : {
          "min" : 0,
          "max" : 0,
          "mean" : 0.000000,
          "stddev" : 0.000000,
          "N" : 0
        },
        "lat_ns" : {
          "min" : 0,
          "max" : 0,
          "mean" : 0.000000,
          "stddev" : 0.000000,
          "N" : 0
        },
        "bw_min" : 0,
        "bw_max" : 0,
        "bw_agg" : 0.000000,
        "bw_mean" : 0.000000,
        "bw_dev" : 0.000000,
        "bw_samples" : 0,
        "iops_min" : 0,
        "iops_max" : 0,
        "iops_mean" : 0.000000,
        "iops_stddev" : 0.000000,
        "iops_samples" : 0
      },
      "write" : {
        "io_bytes" : 110608384,
        "io_kbytes" : 108016,
        "bw_bytes" : 1821013,
        "bw" : 1778,
        "iops" : 444.583471,
        "runtime" : 60740,
        "total_ios" : 27004,
        "short_ios" : 0,
        "drop_ios" : 0,
        "slat_ns" : {
          "min" : 51752,
          "max" : 2275052428,
          "mean" : 17948340.444156,
          "stddev" : 90464668.606295,
          "N" : 27004
        },
        "clat_ns" : {
          "min" : 5372060,
          "max" : 5073716932,
          "mean" : 1126515953.334616,
          "stddev" : 772488223.690726,
          "N" : 27004,
          "percentile" : {
            "1.000000" : 692060160,
            "5.000000" : 750780416,
            "10.000000" : 750780416,
            "20.000000" : 759169024,
            "30.000000" : 759169024,
            "40.000000" : 759169024,
            "50.000000" : 759169024,
            "60.000000" : 759169024,
            "70.000000" : 767557632,
            "80.000000" : 1518338048,
            "90.000000" : 2701131776,
            "95.000000" : 2936012800,
            "99.000000" : 3405774848,
            "99.500000" : 3774873600,
            "99.900000" : 4932501504,
            "99.950000" : 4932501504,
            "99.990000" : 4999610368
          }
        },
        "lat_ns" : {
          "min" : 590197932,
          "max" : 5087452516,
          "mean" : 1144467494.834431,
          "stddev" : 778122664.109988,
          "N" : 27004
        },
        "bw_min" : 280,
        "bw_max" : 2856,
        "bw_agg" : 100.000000,
        "bw_mean" : 2184.907216,
        "bw_dev" : 99.912385,
        "bw_samples" : 776,
        "iops_min" : 70,
        "iops_max" : 714,
        "iops_mean" : 546.206186,
        "iops_stddev" : 24.976778,
        "iops_samples" : 776
      },
      "trim" : {
        "io_bytes" : 0,
        "io_kbytes" : 0,
        "bw_bytes" : 0,
        "bw" : 0,
        "iops" : 0.000000,
        "runtime" : 0,
        "total_ios" : 0,
        "short_ios" : 0,
        "drop_ios" : 0,
        "slat_ns" : {
          "min" : 0,
          "max" : 0,
          "mean" : 0.000000,
          "stddev" : 0.000000,
          "N" : 0
        },
        "clat_ns" : {
          "min" : 0,
          "max" : 0,
          "mean" : 0.000000,
          "stddev" : 0.000000,
          "N" : 0
        },
        "lat_ns" : {
          "min" : 0,
          "max" : 0,
          "mean" : 0.000000,
          "stddev" : 0.000000,
          "N" : 0
        },
        "bw_min" : 0,
        "bw_max" : 0,
        "bw_agg" : 0.000000,
        "bw_mean" : 0.000000,
        "bw_dev" : 0.000000,
        "bw_samples" : 0,
        "iops_min" : 0,
        "iops_max" : 0,
        "iops_mean" : 0.000000,
        "iops_stddev" : 0.000000,
        "iops_samples" : 0
      },
      "sync" : {
        "total_ios" : 0,
        "lat_ns" : {
          "min" : 0,
          "max" : 0,
          "mean" : 0.000000,
          "stddev" : 0.000000,
          "N" : 0
        }
      },
      "job_runtime" : 485254,
      "usr_cpu" : 0.084286,
      "sys_cpu" : 0.142194,
      "ctx" : 53814,
      "majf" : 0,
      "minf" : 318,
      "iodepth_level" : {
        "1" : 0.100000,
        "2" : 0.100000,
        "4" : 0.118501,
        "8" : 0.237002,
        "16" : 0.474004,
        "32" : 0.948008,
        ">=64" : 98.133610
      },
      "iodepth_submit" : {
        "0" : 0.000000,
        "4" : 100.000000,
        "8" : 0.000000,
        "16" : 0.000000,
        "32" : 0.000000,
        "64" : 0.000000,
        ">=64" : 0.000000
      },
      "iodepth_complete" : {
        "0" : 0.000000,
        "4" : 99.969820,
        "8" : 0.000000,
        "16" : 0.000000,
        "32" : 0.000000,
        "64" : 0.100000,
        ">=64" : 0.000000
      },
      "latency_ns" : {
        "2" : 0.000000,
        "4" : 0.000000,
        "10" : 0.000000,
        "20" : 0.000000,
        "50" : 0.000000,
        "100" : 0.000000,
        "250" : 0.000000,
        "500" : 0.000000,
        "750" : 0.000000,
        "1000" : 0.000000
      },
      "latency_us" : {
        "2" : 0.000000,
        "4" : 0.000000,
        "10" : 0.000000,
        "20" : 0.000000,
        "50" : 0.000000,
        "100" : 0.000000,
        "250" : 0.000000,
        "500" : 0.000000,
        "750" : 0.000000,
        "1000" : 0.000000
      },
      "latency_ms" : {
        "2" : 0.000000,
        "4" : 0.000000,
        "10" : 0.025922,
        "20" : 0.000000,
        "50" : 0.000000,
        "100" : 0.000000,
        "250" : 0.010000,
        "500" : 0.000000,
        "750" : 7.443342,
        "1000" : 71.226485,
        "2000" : 5.691749,
        ">=2000" : 15.608799
      },
      "latency_depth" : 64,
      "latency_target" : 0,
      "latency_percentile" : 100.000000,
      "latency_window" : 0
    }
  ]
}
