{
  "fio version" : "fio-3.29-112-gc3773",
  "timestamp" : 1649354068,
  "timestamp_ms" : 1649354068775,
  "time" : "Thu Apr  7 17:54:28 2022",
  "global options" : {
    "size" : "50M",
    "runtime" : "60",
    "directory" : "/mnt/gfs"
  },
  "jobs" : [
    {
      "jobname" : "iotest",
      "groupid" : 0,
      "error" : 0,
      "eta" : 0,
      "elapsed" : 61,
      "job options" : {
        "rw" : "randwrite",
        "bs" : "4k",
        "ioengine" : "libaio",
        "iodepth" : "32",
        "numjobs" : "4",
        "direct" : "1",
        "group_reporting" : "1",
        "invalidate" : "1",
        "loops" : "1",
        "write_bw_log" : "./fio-bench-07-04-2022--16-25-57-rand-gfs/randwrite/gfs/4k/randwrite-iodepth-32-numjobs-4",
        "write_lat_log" : "./fio-bench-07-04-2022--16-25-57-rand-gfs/randwrite/gfs/4k/randwrite-iodepth-32-numjobs-4",
        "write_iops_log" : "./fio-bench-07-04-2022--16-25-57-rand-gfs/randwrite/gfs/4k/randwrite-iodepth-32-numjobs-4",
        "log_avg_msec" : "500"
      },
      "read" : {
        "io_bytes" : 0,
        "io_kbytes" : 0,
        "bw_bytes" : 0,
        "bw" : 0,
        "iops" : 0.000000,
        "runtime" : 0,
        "total_ios" : 0,
        "short_ios" : 0,
        "drop_ios" : 0,
        "slat_ns" : {
          "min" : 0,
          "max" : 0,
          "mean" : 0.000000,
          "stddev" : 0.000000,
          "N" : 0
        },
        "clat_ns" : {
          "min" : 0,
          "max" : 0,
          "mean" : 0.000000,
          "stddev" : 0.000000,
          "N" : 0
        },
        "lat_ns" : {
          "min" : 0,
          "max" : 0,
          "mean" : 0.000000,
          "stddev" : 0.000000,
          "N" : 0
        },
        "bw_min" : 0,
        "bw_max" : 0,
        "bw_agg" : 0.000000,
        "bw_mean" : 0.000000,
        "bw_dev" : 0.000000,
        "bw_samples" : 0,
        "iops_min" : 0,
        "iops_max" : 0,
        "iops_mean" : 0.000000,
        "iops_stddev" : 0.000000,
        "iops_samples" : 0
      },
      "write" : {
        "io_bytes" : 118239232,
        "io_kbytes" : 115468,
        "bw_bytes" : 1967309,
        "bw" : 1921,
        "iops" : 480.300156,
        "runtime" : 60102,
        "total_ios" : 28867,
        "short_ios" : 0,
        "drop_ios" : 0,
        "slat_ns" : {
          "min" : 26959,
          "max" : 2812573806,
          "mean" : 6451072.035993,
          "stddev" : 40537929.882092,
          "N" : 28867
        },
        "clat_ns" : {
          "min" : 4004711,
          "max" : 3375262848,
          "mean" : 259672415.062909,
          "stddev" : 352995669.117658,
          "N" : 28867,
          "percentile" : {
            "1.000000" : 112721920,
            "5.000000" : 139460608,
            "10.000000" : 141557760,
            "20.000000" : 162529280,
            "30.000000" : 164626432,
            "40.000000" : 166723584,
            "50.000000" : 168820736,
            "60.000000" : 198180864,
            "70.000000" : 217055232,
            "80.000000" : 221249536,
            "90.000000" : 227540992,
            "95.000000" : 792723456,
            "99.000000" : 2021654528,
            "99.500000" : 3036676096,
            "99.900000" : 3204448256,
            "99.950000" : 3271557120,
            "99.990000" : 3338665984
          }
        },
        "lat_ns" : {
          "min" : 9499559,
          "max" : 3380484756,
          "mean" : 266126496.441439,
          "stddev" : 355672092.323847,
          "N" : 28867
        },
        "bw_min" : 64,
        "bw_max" : 3536,
        "bw_agg" : 100.000000,
        "bw_mean" : 2301.496050,
        "bw_dev" : 206.543733,
        "bw_samples" : 400,
        "iops_min" : 16,
        "iops_max" : 884,
        "iops_mean" : 575.266527,
        "iops_stddev" : 51.624884,
        "iops_samples" : 400
      },
      "trim" : {
        "io_bytes" : 0,
        "io_kbytes" : 0,
        "bw_bytes" : 0,
        "bw" : 0,
        "iops" : 0.000000,
        "runtime" : 0,
        "total_ios" : 0,
        "short_ios" : 0,
        "drop_ios" : 0,
        "slat_ns" : {
          "min" : 0,
          "max" : 0,
          "mean" : 0.000000,
          "stddev" : 0.000000,
          "N" : 0
        },
        "clat_ns" : {
          "min" : 0,
          "max" : 0,
          "mean" : 0.000000,
          "stddev" : 0.000000,
          "N" : 0
        },
        "lat_ns" : {
          "min" : 0,
          "max" : 0,
          "mean" : 0.000000,
          "stddev" : 0.000000,
          "N" : 0
        },
        "bw_min" : 0,
        "bw_max" : 0,
        "bw_agg" : 0.000000,
        "bw_mean" : 0.000000,
        "bw_dev" : 0.000000,
        "bw_samples" : 0,
        "iops_min" : 0,
        "iops_max" : 0,
        "iops_mean" : 0.000000,
        "iops_stddev" : 0.000000,
        "iops_samples" : 0
      },
      "sync" : {
        "total_ios" : 0,
        "lat_ns" : {
          "min" : 0,
          "max" : 0,
          "mean" : 0.000000,
          "stddev" : 0.000000,
          "N" : 0
        }
      },
      "job_runtime" : 240216,
      "usr_cpu" : 0.139458,
      "sys_cpu" : 0.344690,
      "ctx" : 64016,
      "majf" : 0,
      "minf" : 149,
      "iodepth_level" : {
        "1" : 0.100000,
        "2" : 0.100000,
        "4" : 0.100000,
        "8" : 0.110853,
        "16" : 0.221706,
        "32" : 99.570444,
        ">=64" : 0.000000
      },
      "iodepth_submit" : {
        "0" : 0.000000,
        "4" : 100.000000,
        "8" : 0.000000,
        "16" : 0.000000,
        "32" : 0.000000,
        "64" : 0.000000,
        ">=64" : 0.000000
      },
      "iodepth_complete" : {
        "0" : 0.000000,
        "4" : 99.986086,
        "8" : 0.000000,
        "16" : 0.000000,
        "32" : 0.100000,
        "64" : 0.000000,
        ">=64" : 0.000000
      },
      "latency_ns" : {
        "2" : 0.000000,
        "4" : 0.000000,
        "10" : 0.000000,
        "20" : 0.000000,
        "50" : 0.000000,
        "100" : 0.000000,
        "250" : 0.000000,
        "500" : 0.000000,
        "750" : 0.000000,
        "1000" : 0.000000
      },
      "latency_us" : {
        "2" : 0.000000,
        "4" : 0.000000,
        "10" : 0.000000,
        "20" : 0.000000,
        "50" : 0.000000,
        "100" : 0.000000,
        "250" : 0.000000,
        "500" : 0.000000,
        "750" : 0.000000,
        "1000" : 0.000000
      },
      "latency_ms" : {
        "2" : 0.000000,
        "4" : 0.000000,
        "10" : 0.010392,
        "20" : 0.013857,
        "50" : 0.058891,
        "100" : 0.360273,
        "250" : 92.004711,
        "500" : 1.292133,
        "750" : 0.876433,
        "1000" : 1.735546,
        "2000" : 2.639692,
        ">=2000" : 1.008072
      },
      "latency_depth" : 32,
      "latency_target" : 0,
      "latency_percentile" : 100.000000,
      "latency_window" : 0
    }
  ]
}
