{
  "fio version" : "fio-3.29-112-gc3773",
  "timestamp" : 1649809984,
  "timestamp_ms" : 1649809984863,
  "time" : "Wed Apr 13 00:33:04 2022",
  "global options" : {
    "size" : "50M",
    "runtime" : "60",
    "directory" : "/mnt/mfs"
  },
  "jobs" : [
    {
      "jobname" : "iotest",
      "groupid" : 0,
      "error" : 0,
      "eta" : 0,
      "elapsed" : 10,
      "job options" : {
        "rw" : "randwrite",
        "bs" : "4k",
        "ioengine" : "libaio",
        "iodepth" : "32",
        "numjobs" : "1",
        "direct" : "1",
        "group_reporting" : "1",
        "invalidate" : "1",
        "loops" : "1",
        "write_bw_log" : "./fio-bench-12-04-2022--23-30-08-rand-mfs/randwrite/mfs/4k/randwrite-iodepth-32-numjobs-1",
        "write_lat_log" : "./fio-bench-12-04-2022--23-30-08-rand-mfs/randwrite/mfs/4k/randwrite-iodepth-32-numjobs-1",
        "write_iops_log" : "./fio-bench-12-04-2022--23-30-08-rand-mfs/randwrite/mfs/4k/randwrite-iodepth-32-numjobs-1",
        "log_avg_msec" : "500"
      },
      "read" : {
        "io_bytes" : 0,
        "io_kbytes" : 0,
        "bw_bytes" : 0,
        "bw" : 0,
        "iops" : 0.000000,
        "runtime" : 0,
        "total_ios" : 0,
        "short_ios" : 0,
        "drop_ios" : 0,
        "slat_ns" : {
          "min" : 0,
          "max" : 0,
          "mean" : 0.000000,
          "stddev" : 0.000000,
          "N" : 0
        },
        "clat_ns" : {
          "min" : 0,
          "max" : 0,
          "mean" : 0.000000,
          "stddev" : 0.000000,
          "N" : 0
        },
        "lat_ns" : {
          "min" : 0,
          "max" : 0,
          "mean" : 0.000000,
          "stddev" : 0.000000,
          "N" : 0
        },
        "bw_min" : 0,
        "bw_max" : 0,
        "bw_agg" : 0.000000,
        "bw_mean" : 0.000000,
        "bw_dev" : 0.000000,
        "bw_samples" : 0,
        "iops_min" : 0,
        "iops_max" : 0,
        "iops_mean" : 0.000000,
        "iops_stddev" : 0.000000,
        "iops_samples" : 0
      },
      "write" : {
        "io_bytes" : 52428800,
        "io_kbytes" : 51200,
        "bw_bytes" : 10192223,
        "bw" : 9953,
        "iops" : 2488.335925,
        "runtime" : 5144,
        "total_ios" : 12800,
        "short_ios" : 0,
        "drop_ios" : 0,
        "slat_ns" : {
          "min" : 37156,
          "max" : 15187894,
          "mean" : 389112.476797,
          "stddev" : 862968.884946,
          "N" : 12800
        },
        "clat_ns" : {
          "min" : 8800,
          "max" : 39090693,
          "mean" : 12452582.319531,
          "stddev" : 9512778.979885,
          "N" : 12800,
          "percentile" : {
            "1.000000" : 1794048,
            "5.000000" : 1925120,
            "10.000000" : 1990656,
            "20.000000" : 2088960,
            "30.000000" : 2211840,
            "40.000000" : 2473984,
            "50.000000" : 14745600,
            "60.000000" : 17432576,
            "70.000000" : 19791872,
            "80.000000" : 21889024,
            "90.000000" : 24510464,
            "95.000000" : 26345472,
            "99.000000" : 30015488,
            "99.500000" : 31588352,
            "99.900000" : 34340864,
            "99.950000" : 35913728,
            "99.990000" : 36962304
          }
        },
        "lat_ns" : {
          "min" : 763090,
          "max" : 39178624,
          "mean" : 12844397.875156,
          "stddev" : 9793056.532818,
          "N" : 12800
        },
        "bw_min" : 5448,
        "bw_max" : 43936,
        "bw_agg" : 100.000000,
        "bw_mean" : 10002.300000,
        "bw_dev" : 11944.256807,
        "bw_samples" : 10,
        "iops_min" : 1360,
        "iops_max" : 10984,
        "iops_mean" : 2500.300000,
        "iops_stddev" : 2986.164989,
        "iops_samples" : 10
      },
      "trim" : {
        "io_bytes" : 0,
        "io_kbytes" : 0,
        "bw_bytes" : 0,
        "bw" : 0,
        "iops" : 0.000000,
        "runtime" : 0,
        "total_ios" : 0,
        "short_ios" : 0,
        "drop_ios" : 0,
        "slat_ns" : {
          "min" : 0,
          "max" : 0,
          "mean" : 0.000000,
          "stddev" : 0.000000,
          "N" : 0
        },
        "clat_ns" : {
          "min" : 0,
          "max" : 0,
          "mean" : 0.000000,
          "stddev" : 0.000000,
          "N" : 0
        },
        "lat_ns" : {
          "min" : 0,
          "max" : 0,
          "mean" : 0.000000,
          "stddev" : 0.000000,
          "N" : 0
        },
        "bw_min" : 0,
        "bw_max" : 0,
        "bw_agg" : 0.000000,
        "bw_mean" : 0.000000,
        "bw_dev" : 0.000000,
        "bw_samples" : 0,
        "iops_min" : 0,
        "iops_max" : 0,
        "iops_mean" : 0.000000,
        "iops_stddev" : 0.000000,
        "iops_samples" : 0
      },
      "sync" : {
        "total_ios" : 0,
        "lat_ns" : {
          "min" : 0,
          "max" : 0,
          "mean" : 0.000000,
          "stddev" : 0.000000,
          "N" : 0
        }
      },
      "job_runtime" : 5143,
      "usr_cpu" : 2.430488,
      "sys_cpu" : 5.152635,
      "ctx" : 25655,
      "majf" : 0,
      "minf" : 37,
      "iodepth_level" : {
        "1" : 0.100000,
        "2" : 0.100000,
        "4" : 0.100000,
        "8" : 0.100000,
        "16" : 0.125000,
        "32" : 99.757812,
        ">=64" : 0.000000
      },
      "iodepth_submit" : {
        "0" : 0.000000,
        "4" : 100.000000,
        "8" : 0.000000,
        "16" : 0.000000,
        "32" : 0.000000,
        "64" : 0.000000,
        ">=64" : 0.000000
      },
      "iodepth_complete" : {
        "0" : 0.000000,
        "4" : 99.992169,
        "8" : 0.000000,
        "16" : 0.000000,
        "32" : 0.100000,
        "64" : 0.000000,
        ">=64" : 0.000000
      },
      "latency_ns" : {
        "2" : 0.000000,
        "4" : 0.000000,
        "10" : 0.000000,
        "20" : 0.000000,
        "50" : 0.000000,
        "100" : 0.000000,
        "250" : 0.000000,
        "500" : 0.000000,
        "750" : 0.000000,
        "1000" : 0.000000
      },
      "latency_us" : {
        "2" : 0.000000,
        "4" : 0.000000,
        "10" : 0.010000,
        "20" : 0.000000,
        "50" : 0.000000,
        "100" : 0.000000,
        "250" : 0.000000,
        "500" : 0.000000,
        "750" : 0.000000,
        "1000" : 0.010000
      },
      "latency_ms" : {
        "2" : 11.593750,
        "4" : 30.093750,
        "10" : 1.367188,
        "20" : 27.625000,
        "50" : 29.304688,
        "100" : 0.000000,
        "250" : 0.000000,
        "500" : 0.000000,
        "750" : 0.000000,
        "1000" : 0.000000,
        "2000" : 0.000000,
        ">=2000" : 0.000000
      },
      "latency_depth" : 32,
      "latency_target" : 0,
      "latency_percentile" : 100.000000,
      "latency_window" : 0
    }
  ]
}
