{
  "fio version" : "fio-3.29-112-gc3773",
  "timestamp" : 1649809562,
  "timestamp_ms" : 1649809562224,
  "time" : "Wed Apr 13 00:26:02 2022",
  "global options" : {
    "size" : "50M",
    "runtime" : "60",
    "directory" : "/mnt/mfs"
  },
  "jobs" : [
    {
      "jobname" : "iotest",
      "groupid" : 0,
      "error" : 0,
      "eta" : 0,
      "elapsed" : 63,
      "job options" : {
        "rw" : "randwrite",
        "bs" : "4k",
        "ioengine" : "libaio",
        "iodepth" : "8",
        "numjobs" : "16",
        "direct" : "1",
        "group_reporting" : "1",
        "invalidate" : "1",
        "loops" : "1",
        "write_bw_log" : "./fio-bench-12-04-2022--23-30-08-rand-mfs/randwrite/mfs/4k/randwrite-iodepth-8-numjobs-16",
        "write_lat_log" : "./fio-bench-12-04-2022--23-30-08-rand-mfs/randwrite/mfs/4k/randwrite-iodepth-8-numjobs-16",
        "write_iops_log" : "./fio-bench-12-04-2022--23-30-08-rand-mfs/randwrite/mfs/4k/randwrite-iodepth-8-numjobs-16",
        "log_avg_msec" : "500"
      },
      "read" : {
        "io_bytes" : 0,
        "io_kbytes" : 0,
        "bw_bytes" : 0,
        "bw" : 0,
        "iops" : 0.000000,
        "runtime" : 0,
        "total_ios" : 0,
        "short_ios" : 0,
        "drop_ios" : 0,
        "slat_ns" : {
          "min" : 0,
          "max" : 0,
          "mean" : 0.000000,
          "stddev" : 0.000000,
          "N" : 0
        },
        "clat_ns" : {
          "min" : 0,
          "max" : 0,
          "mean" : 0.000000,
          "stddev" : 0.000000,
          "N" : 0
        },
        "lat_ns" : {
          "min" : 0,
          "max" : 0,
          "mean" : 0.000000,
          "stddev" : 0.000000,
          "N" : 0
        },
        "bw_min" : 0,
        "bw_max" : 0,
        "bw_agg" : 0.000000,
        "bw_mean" : 0.000000,
        "bw_dev" : 0.000000,
        "bw_samples" : 0,
        "iops_min" : 0,
        "iops_max" : 0,
        "iops_mean" : 0.000000,
        "iops_stddev" : 0.000000,
        "iops_samples" : 0
      },
      "write" : {
        "io_bytes" : 702930944,
        "io_kbytes" : 686456,
        "bw_bytes" : 11713758,
        "bw" : 11439,
        "iops" : 2859.804363,
        "runtime" : 60009,
        "total_ios" : 171614,
        "short_ios" : 0,
        "drop_ios" : 0,
        "slat_ns" : {
          "min" : 35829,
          "max" : 59406857,
          "mean" : 5575590.723414,
          "stddev" : 2288735.180740,
          "N" : 171614
        },
        "clat_ns" : {
          "min" : 11315,
          "max" : 134145075,
          "mean" : 39150625.859545,
          "stddev" : 8696476.047431,
          "N" : 171614,
          "percentile" : {
            "1.000000" : 2408448,
            "5.000000" : 26869760,
            "10.000000" : 32374784,
            "20.000000" : 35913728,
            "30.000000" : 38010880,
            "40.000000" : 39059456,
            "50.000000" : 40108032,
            "60.000000" : 41156608,
            "70.000000" : 42205184,
            "80.000000" : 43778048,
            "90.000000" : 46399488,
            "95.000000" : 49545216,
            "99.000000" : 56885248,
            "99.500000" : 61603840,
            "99.900000" : 84410368,
            "99.950000" : 95944704,
            "99.990000" : 119013376
          }
        },
        "lat_ns" : {
          "min" : 486518,
          "max" : 144724147,
          "mean" : 44729782.082068,
          "stddev" : 9652912.157937,
          "N" : 171614
        },
        "bw_min" : 6776,
        "bw_max" : 40584,
        "bw_agg" : 99.980621,
        "bw_mean" : 11437.130042,
        "bw_dev" : 173.494869,
        "bw_samples" : 1916,
        "iops_min" : 1694,
        "iops_max" : 10142,
        "iops_mean" : 2858.349020,
        "iops_stddev" : 43.356212,
        "iops_samples" : 1916
      },
      "trim" : {
        "io_bytes" : 0,
        "io_kbytes" : 0,
        "bw_bytes" : 0,
        "bw" : 0,
        "iops" : 0.000000,
        "runtime" : 0,
        "total_ios" : 0,
        "short_ios" : 0,
        "drop_ios" : 0,
        "slat_ns" : {
          "min" : 0,
          "max" : 0,
          "mean" : 0.000000,
          "stddev" : 0.000000,
          "N" : 0
        },
        "clat_ns" : {
          "min" : 0,
          "max" : 0,
          "mean" : 0.000000,
          "stddev" : 0.000000,
          "N" : 0
        },
        "lat_ns" : {
          "min" : 0,
          "max" : 0,
          "mean" : 0.000000,
          "stddev" : 0.000000,
          "N" : 0
        },
        "bw_min" : 0,
        "bw_max" : 0,
        "bw_agg" : 0.000000,
        "bw_mean" : 0.000000,
        "bw_dev" : 0.000000,
        "bw_samples" : 0,
        "iops_min" : 0,
        "iops_max" : 0,
        "iops_mean" : 0.000000,
        "iops_stddev" : 0.000000,
        "iops_samples" : 0
      },
      "sync" : {
        "total_ios" : 0,
        "lat_ns" : {
          "min" : 0,
          "max" : 0,
          "mean" : 0.000000,
          "stddev" : 0.000000,
          "N" : 0
        }
      },
      "job_runtime" : 960057,
      "usr_cpu" : 0.203009,
      "sys_cpu" : 0.429245,
      "ctx" : 395146,
      "majf" : 0,
      "minf" : 643,
      "iodepth_level" : {
        "1" : 0.100000,
        "2" : 0.100000,
        "4" : 0.100000,
        "8" : 99.934737,
        "16" : 0.000000,
        "32" : 0.000000,
        ">=64" : 0.000000
      },
      "iodepth_submit" : {
        "0" : 0.000000,
        "4" : 100.000000,
        "8" : 0.000000,
        "16" : 0.000000,
        "32" : 0.000000,
        "64" : 0.000000,
        ">=64" : 0.000000
      },
      "iodepth_complete" : {
        "0" : 0.000000,
        "4" : 99.990672,
        "8" : 0.100000,
        "16" : 0.000000,
        "32" : 0.000000,
        "64" : 0.000000,
        ">=64" : 0.000000
      },
      "latency_ns" : {
        "2" : 0.000000,
        "4" : 0.000000,
        "10" : 0.000000,
        "20" : 0.000000,
        "50" : 0.000000,
        "100" : 0.000000,
        "250" : 0.000000,
        "500" : 0.000000,
        "750" : 0.000000,
        "1000" : 0.000000
      },
      "latency_us" : {
        "2" : 0.000000,
        "4" : 0.000000,
        "10" : 0.000000,
        "20" : 0.010000,
        "50" : 0.010000,
        "100" : 0.000000,
        "250" : 0.000000,
        "500" : 0.012237,
        "750" : 0.134022,
        "1000" : 0.154416
      },
      "latency_ms" : {
        "2" : 0.521519,
        "4" : 1.279033,
        "10" : 0.554733,
        "20" : 0.735954,
        "50" : 92.266948,
        "100" : 4.298018,
        "250" : 0.033797,
        "500" : 0.000000,
        "750" : 0.000000,
        "1000" : 0.000000,
        "2000" : 0.000000,
        ">=2000" : 0.000000
      },
      "latency_depth" : 8,
      "latency_target" : 0,
      "latency_percentile" : 100.000000,
      "latency_window" : 0
    }
  ]
}
