{
  "fio version" : "fio-3.29-112-gc3773",
  "timestamp" : 1649809422,
  "timestamp_ms" : 1649809422583,
  "time" : "Wed Apr 13 00:23:42 2022",
  "global options" : {
    "size" : "50M",
    "runtime" : "60",
    "directory" : "/mnt/mfs"
  },
  "jobs" : [
    {
      "jobname" : "iotest",
      "groupid" : 0,
      "error" : 0,
      "eta" : 0,
      "elapsed" : 62,
      "job options" : {
        "rw" : "randwrite",
        "bs" : "4k",
        "ioengine" : "libaio",
        "iodepth" : "4",
        "numjobs" : "64",
        "direct" : "1",
        "group_reporting" : "1",
        "invalidate" : "1",
        "loops" : "1",
        "write_bw_log" : "./fio-bench-12-04-2022--23-30-08-rand-mfs/randwrite/mfs/4k/randwrite-iodepth-4-numjobs-64",
        "write_lat_log" : "./fio-bench-12-04-2022--23-30-08-rand-mfs/randwrite/mfs/4k/randwrite-iodepth-4-numjobs-64",
        "write_iops_log" : "./fio-bench-12-04-2022--23-30-08-rand-mfs/randwrite/mfs/4k/randwrite-iodepth-4-numjobs-64",
        "log_avg_msec" : "500"
      },
      "read" : {
        "io_bytes" : 0,
        "io_kbytes" : 0,
        "bw_bytes" : 0,
        "bw" : 0,
        "iops" : 0.000000,
        "runtime" : 0,
        "total_ios" : 0,
        "short_ios" : 0,
        "drop_ios" : 0,
        "slat_ns" : {
          "min" : 0,
          "max" : 0,
          "mean" : 0.000000,
          "stddev" : 0.000000,
          "N" : 0
        },
        "clat_ns" : {
          "min" : 0,
          "max" : 0,
          "mean" : 0.000000,
          "stddev" : 0.000000,
          "N" : 0
        },
        "lat_ns" : {
          "min" : 0,
          "max" : 0,
          "mean" : 0.000000,
          "stddev" : 0.000000,
          "N" : 0
        },
        "bw_min" : 0,
        "bw_max" : 0,
        "bw_agg" : 0.000000,
        "bw_mean" : 0.000000,
        "bw_dev" : 0.000000,
        "bw_samples" : 0,
        "iops_min" : 0,
        "iops_max" : 0,
        "iops_mean" : 0.000000,
        "iops_stddev" : 0.000000,
        "iops_samples" : 0
      },
      "write" : {
        "io_bytes" : 646406144,
        "io_kbytes" : 631256,
        "bw_bytes" : 10768410,
        "bw" : 10516,
        "iops" : 2629.006464,
        "runtime" : 60028,
        "total_ios" : 157814,
        "short_ios" : 0,
        "drop_ios" : 0,
        "slat_ns" : {
          "min" : 35200,
          "max" : 1017681809,
          "mean" : 24267800.083491,
          "stddev" : 25160186.312943,
          "N" : 157814
        },
        "clat_ns" : {
          "min" : 10407,
          "max" : 2007626267,
          "mean" : 72795466.857484,
          "stddev" : 60925201.716937,
          "N" : 157814,
          "percentile" : {
            "1.000000" : 259072,
            "5.000000" : 42205184,
            "10.000000" : 51118080,
            "20.000000" : 64225280,
            "30.000000" : 66846720,
            "40.000000" : 68681728,
            "50.000000" : 70778880,
            "60.000000" : 72876032,
            "70.000000" : 74973184,
            "80.000000" : 79167488,
            "90.000000" : 87556096,
            "95.000000" : 96993280,
            "99.000000" : 128450560,
            "99.500000" : 162529280,
            "99.900000" : 1199570944,
            "99.950000" : 1837105152,
            "99.990000" : 1904214016
          }
        },
        "lat_ns" : {
          "min" : 179703,
          "max" : 2127204402,
          "mean" : 97067845.447856,
          "stddev" : 75101634.781670,
          "N" : 157814
        },
        "bw_min" : 512,
        "bw_max" : 40804,
        "bw_agg" : 100.000000,
        "bw_mean" : 10564.097250,
        "bw_dev" : 66.855501,
        "bw_samples" : 7632,
        "iops_min" : 128,
        "iops_max" : 10192,
        "iops_mean" : 2640.841853,
        "iops_stddev" : 16.700838,
        "iops_samples" : 7632
      },
      "trim" : {
        "io_bytes" : 0,
        "io_kbytes" : 0,
        "bw_bytes" : 0,
        "bw" : 0,
        "iops" : 0.000000,
        "runtime" : 0,
        "total_ios" : 0,
        "short_ios" : 0,
        "drop_ios" : 0,
        "slat_ns" : {
          "min" : 0,
          "max" : 0,
          "mean" : 0.000000,
          "stddev" : 0.000000,
          "N" : 0
        },
        "clat_ns" : {
          "min" : 0,
          "max" : 0,
          "mean" : 0.000000,
          "stddev" : 0.000000,
          "N" : 0
        },
        "lat_ns" : {
          "min" : 0,
          "max" : 0,
          "mean" : 0.000000,
          "stddev" : 0.000000,
          "N" : 0
        },
        "bw_min" : 0,
        "bw_max" : 0,
        "bw_agg" : 0.000000,
        "bw_mean" : 0.000000,
        "bw_dev" : 0.000000,
        "bw_samples" : 0,
        "iops_min" : 0,
        "iops_max" : 0,
        "iops_mean" : 0.000000,
        "iops_stddev" : 0.000000,
        "iops_samples" : 0
      },
      "sync" : {
        "total_ios" : 0,
        "lat_ns" : {
          "min" : 0,
          "max" : 0,
          "mean" : 0.000000,
          "stddev" : 0.000000,
          "N" : 0
        }
      },
      "job_runtime" : 3840923,
      "usr_cpu" : 0.057382,
      "sys_cpu" : 0.111301,
      "ctx" : 371883,
      "majf" : 0,
      "minf" : 2553,
      "iodepth_level" : {
        "1" : 0.100000,
        "2" : 0.100000,
        "4" : 99.878338,
        "8" : 0.000000,
        "16" : 0.000000,
        "32" : 0.000000,
        ">=64" : 0.000000
      },
      "iodepth_submit" : {
        "0" : 0.000000,
        "4" : 100.000000,
        "8" : 0.000000,
        "16" : 0.000000,
        "32" : 0.000000,
        "64" : 0.000000,
        ">=64" : 0.000000
      },
      "iodepth_complete" : {
        "0" : 0.000000,
        "4" : 100.000000,
        "8" : 0.000000,
        "16" : 0.000000,
        "32" : 0.000000,
        "64" : 0.000000,
        ">=64" : 0.000000
      },
      "latency_ns" : {
        "2" : 0.000000,
        "4" : 0.000000,
        "10" : 0.000000,
        "20" : 0.000000,
        "50" : 0.000000,
        "100" : 0.000000,
        "250" : 0.000000,
        "500" : 0.000000,
        "750" : 0.000000,
        "1000" : 0.000000
      },
      "latency_us" : {
        "2" : 0.000000,
        "4" : 0.000000,
        "10" : 0.000000,
        "20" : 0.036752,
        "50" : 0.010000,
        "100" : 0.000000,
        "250" : 0.901061,
        "500" : 0.769894,
        "750" : 0.184394,
        "1000" : 0.075405
      },
      "latency_ms" : {
        "2" : 0.174889,
        "4" : 0.234453,
        "10" : 0.309858,
        "20" : 0.321264,
        "50" : 6.408810,
        "100" : 86.549356,
        "250" : 3.737945,
        "500" : 0.114058,
        "750" : 0.010000,
        "1000" : 0.044356,
        "2000" : 0.127999,
        ">=2000" : 0.010000
      },
      "latency_depth" : 4,
      "latency_target" : 0,
      "latency_percentile" : 100.000000,
      "latency_window" : 0
    }
  ]
}
