{
  "fio version" : "fio-3.29-112-gc3773",
  "timestamp" : 1649809360,
  "timestamp_ms" : 1649809360361,
  "time" : "Wed Apr 13 00:22:40 2022",
  "global options" : {
    "size" : "50M",
    "runtime" : "60",
    "directory" : "/mnt/mfs"
  },
  "jobs" : [
    {
      "jobname" : "iotest",
      "groupid" : 0,
      "error" : 0,
      "eta" : 0,
      "elapsed" : 63,
      "job options" : {
        "rw" : "randwrite",
        "bs" : "4k",
        "ioengine" : "libaio",
        "iodepth" : "4",
        "numjobs" : "32",
        "direct" : "1",
        "group_reporting" : "1",
        "invalidate" : "1",
        "loops" : "1",
        "write_bw_log" : "./fio-bench-12-04-2022--23-30-08-rand-mfs/randwrite/mfs/4k/randwrite-iodepth-4-numjobs-32",
        "write_lat_log" : "./fio-bench-12-04-2022--23-30-08-rand-mfs/randwrite/mfs/4k/randwrite-iodepth-4-numjobs-32",
        "write_iops_log" : "./fio-bench-12-04-2022--23-30-08-rand-mfs/randwrite/mfs/4k/randwrite-iodepth-4-numjobs-32",
        "log_avg_msec" : "500"
      },
      "read" : {
        "io_bytes" : 0,
        "io_kbytes" : 0,
        "bw_bytes" : 0,
        "bw" : 0,
        "iops" : 0.000000,
        "runtime" : 0,
        "total_ios" : 0,
        "short_ios" : 0,
        "drop_ios" : 0,
        "slat_ns" : {
          "min" : 0,
          "max" : 0,
          "mean" : 0.000000,
          "stddev" : 0.000000,
          "N" : 0
        },
        "clat_ns" : {
          "min" : 0,
          "max" : 0,
          "mean" : 0.000000,
          "stddev" : 0.000000,
          "N" : 0
        },
        "lat_ns" : {
          "min" : 0,
          "max" : 0,
          "mean" : 0.000000,
          "stddev" : 0.000000,
          "N" : 0
        },
        "bw_min" : 0,
        "bw_max" : 0,
        "bw_agg" : 0.000000,
        "bw_mean" : 0.000000,
        "bw_dev" : 0.000000,
        "bw_samples" : 0,
        "iops_min" : 0,
        "iops_max" : 0,
        "iops_mean" : 0.000000,
        "iops_stddev" : 0.000000,
        "iops_samples" : 0
      },
      "write" : {
        "io_bytes" : 678395904,
        "io_kbytes" : 662496,
        "bw_bytes" : 11302830,
        "bw" : 11037,
        "iops" : 2759.480173,
        "runtime" : 60020,
        "total_ios" : 165624,
        "short_ios" : 0,
        "drop_ios" : 0,
        "slat_ns" : {
          "min" : 35759,
          "max" : 58692321,
          "mean" : 11566929.060215,
          "stddev" : 4250081.515747,
          "N" : 165624
        },
        "clat_ns" : {
          "min" : 10477,
          "max" : 90410863,
          "mean" : 34754027.146102,
          "stddev" : 9094437.998648,
          "N" : 165624,
          "percentile" : {
            "1.000000" : 399360,
            "5.000000" : 19529728,
            "10.000000" : 25559040,
            "20.000000" : 31326208,
            "30.000000" : 33161216,
            "40.000000" : 34340864,
            "50.000000" : 35389440,
            "60.000000" : 36438016,
            "70.000000" : 38010880,
            "80.000000" : 39583744,
            "90.000000" : 43253760,
            "95.000000" : 47448064,
            "99.000000" : 56885248,
            "99.500000" : 61603840,
            "99.900000" : 70778880,
            "99.950000" : 74973184,
            "99.990000" : 82313216
          }
        },
        "lat_ns" : {
          "min" : 181867,
          "max" : 112640451,
          "mean" : 46324780.901421,
          "stddev" : 11287225.508071,
          "N" : 165624
        },
        "bw_min" : 8000,
        "bw_max" : 39513,
        "bw_agg" : 99.955427,
        "bw_mean" : 11033.424720,
        "bw_dev" : 90.679472,
        "bw_samples" : 3839,
        "iops_min" : 2000,
        "iops_max" : 9871,
        "iops_mean" : 2758.295728,
        "iops_stddev" : 22.648394,
        "iops_samples" : 3839
      },
      "trim" : {
        "io_bytes" : 0,
        "io_kbytes" : 0,
        "bw_bytes" : 0,
        "bw" : 0,
        "iops" : 0.000000,
        "runtime" : 0,
        "total_ios" : 0,
        "short_ios" : 0,
        "drop_ios" : 0,
        "slat_ns" : {
          "min" : 0,
          "max" : 0,
          "mean" : 0.000000,
          "stddev" : 0.000000,
          "N" : 0
        },
        "clat_ns" : {
          "min" : 0,
          "max" : 0,
          "mean" : 0.000000,
          "stddev" : 0.000000,
          "N" : 0
        },
        "lat_ns" : {
          "min" : 0,
          "max" : 0,
          "mean" : 0.000000,
          "stddev" : 0.000000,
          "N" : 0
        },
        "bw_min" : 0,
        "bw_max" : 0,
        "bw_agg" : 0.000000,
        "bw_mean" : 0.000000,
        "bw_dev" : 0.000000,
        "bw_samples" : 0,
        "iops_min" : 0,
        "iops_max" : 0,
        "iops_mean" : 0.000000,
        "iops_stddev" : 0.000000,
        "iops_samples" : 0
      },
      "sync" : {
        "total_ios" : 0,
        "lat_ns" : {
          "min" : 0,
          "max" : 0,
          "mean" : 0.000000,
          "stddev" : 0.000000,
          "N" : 0
        }
      },
      "job_runtime" : 1920343,
      "usr_cpu" : 0.092431,
      "sys_cpu" : 0.223970,
      "ctx" : 382342,
      "majf" : 0,
      "minf" : 1293,
      "iodepth_level" : {
        "1" : 0.100000,
        "2" : 0.100000,
        "4" : 99.942037,
        "8" : 0.000000,
        "16" : 0.000000,
        "32" : 0.000000,
        ">=64" : 0.000000
      },
      "iodepth_submit" : {
        "0" : 0.000000,
        "4" : 100.000000,
        "8" : 0.000000,
        "16" : 0.000000,
        "32" : 0.000000,
        "64" : 0.000000,
        ">=64" : 0.000000
      },
      "iodepth_complete" : {
        "0" : 0.000000,
        "4" : 100.000000,
        "8" : 0.000000,
        "16" : 0.000000,
        "32" : 0.000000,
        "64" : 0.000000,
        ">=64" : 0.000000
      },
      "latency_ns" : {
        "2" : 0.000000,
        "4" : 0.000000,
        "10" : 0.000000,
        "20" : 0.000000,
        "50" : 0.000000,
        "100" : 0.000000,
        "250" : 0.000000,
        "500" : 0.000000,
        "750" : 0.000000,
        "1000" : 0.000000
      },
      "latency_us" : {
        "2" : 0.000000,
        "4" : 0.000000,
        "10" : 0.000000,
        "20" : 0.016302,
        "50" : 0.010000,
        "100" : 0.000000,
        "250" : 0.469739,
        "500" : 0.698570,
        "750" : 0.217964,
        "1000" : 0.089359
      },
      "latency_ms" : {
        "2" : 0.205888,
        "4" : 0.842269,
        "10" : 0.648457,
        "20" : 1.993672,
        "50" : 91.640100,
        "100" : 3.175868,
        "250" : 0.000000,
        "500" : 0.000000,
        "750" : 0.000000,
        "1000" : 0.000000,
        "2000" : 0.000000,
        ">=2000" : 0.000000
      },
      "latency_depth" : 4,
      "latency_target" : 0,
      "latency_percentile" : 100.000000,
      "latency_window" : 0
    }
  ]
}
