{
  "fio version" : "fio-3.29-112-gc3773",
  "timestamp" : 1649809975,
  "timestamp_ms" : 1649809975368,
  "time" : "Wed Apr 13 00:32:55 2022",
  "global options" : {
    "size" : "50M",
    "runtime" : "60",
    "directory" : "/mnt/mfs"
  },
  "jobs" : [
    {
      "jobname" : "iotest",
      "groupid" : 0,
      "error" : 0,
      "eta" : 0,
      "elapsed" : 68,
      "job options" : {
        "rw" : "randwrite",
        "bs" : "4k",
        "ioengine" : "libaio",
        "iodepth" : "16",
        "numjobs" : "64",
        "direct" : "1",
        "group_reporting" : "1",
        "invalidate" : "1",
        "loops" : "1",
        "write_bw_log" : "./fio-bench-12-04-2022--23-30-08-rand-mfs/randwrite/mfs/4k/randwrite-iodepth-16-numjobs-64",
        "write_lat_log" : "./fio-bench-12-04-2022--23-30-08-rand-mfs/randwrite/mfs/4k/randwrite-iodepth-16-numjobs-64",
        "write_iops_log" : "./fio-bench-12-04-2022--23-30-08-rand-mfs/randwrite/mfs/4k/randwrite-iodepth-16-numjobs-64",
        "log_avg_msec" : "500"
      },
      "read" : {
        "io_bytes" : 0,
        "io_kbytes" : 0,
        "bw_bytes" : 0,
        "bw" : 0,
        "iops" : 0.000000,
        "runtime" : 0,
        "total_ios" : 0,
        "short_ios" : 0,
        "drop_ios" : 0,
        "slat_ns" : {
          "min" : 0,
          "max" : 0,
          "mean" : 0.000000,
          "stddev" : 0.000000,
          "N" : 0
        },
        "clat_ns" : {
          "min" : 0,
          "max" : 0,
          "mean" : 0.000000,
          "stddev" : 0.000000,
          "N" : 0
        },
        "lat_ns" : {
          "min" : 0,
          "max" : 0,
          "mean" : 0.000000,
          "stddev" : 0.000000,
          "N" : 0
        },
        "bw_min" : 0,
        "bw_max" : 0,
        "bw_agg" : 0.000000,
        "bw_mean" : 0.000000,
        "bw_dev" : 0.000000,
        "bw_samples" : 0,
        "iops_min" : 0,
        "iops_max" : 0,
        "iops_mean" : 0.000000,
        "iops_stddev" : 0.000000,
        "iops_samples" : 0
      },
      "write" : {
        "io_bytes" : 674258944,
        "io_kbytes" : 658456,
        "bw_bytes" : 11233155,
        "bw" : 10969,
        "iops" : 2742.469679,
        "runtime" : 60024,
        "total_ios" : 164614,
        "short_ios" : 0,
        "drop_ios" : 0,
        "slat_ns" : {
          "min" : 35689,
          "max" : 167283102,
          "mean" : 23272557.715674,
          "stddev" : 8287476.636885,
          "N" : 164614
        },
        "clat_ns" : {
          "min" : 10965,
          "max" : 702288252,
          "mean" : 348750760.183648,
          "stddev" : 67513122.765180,
          "N" : 164614,
          "percentile" : {
            "1.000000" : 1777664,
            "5.000000" : 278921216,
            "10.000000" : 312475648,
            "20.000000" : 329252864,
            "30.000000" : 337641472,
            "40.000000" : 346030080,
            "50.000000" : 354418688,
            "60.000000" : 362807296,
            "70.000000" : 371195904,
            "80.000000" : 383778816,
            "90.000000" : 400556032,
            "95.000000" : 421527552,
            "99.000000" : 480247808,
            "99.500000" : 509607936,
            "99.900000" : 566231040,
            "99.950000" : 583008256,
            "99.990000" : 624951296
          }
        },
        "lat_ns" : {
          "min" : 871205,
          "max" : 729535213,
          "mean" : 372027824.883649,
          "stddev" : 71244456.797736,
          "N" : 164614
        },
        "bw_min" : 6618,
        "bw_max" : 36878,
        "bw_agg" : 99.700289,
        "bw_mean" : 10937.563813,
        "bw_dev" : 47.686958,
        "bw_samples" : 7647,
        "iops_min" : 1650,
        "iops_max" : 9212,
        "iops_mean" : 2734.031516,
        "iops_stddev" : 11.911704,
        "iops_samples" : 7647
      },
      "trim" : {
        "io_bytes" : 0,
        "io_kbytes" : 0,
        "bw_bytes" : 0,
        "bw" : 0,
        "iops" : 0.000000,
        "runtime" : 0,
        "total_ios" : 0,
        "short_ios" : 0,
        "drop_ios" : 0,
        "slat_ns" : {
          "min" : 0,
          "max" : 0,
          "mean" : 0.000000,
          "stddev" : 0.000000,
          "N" : 0
        },
        "clat_ns" : {
          "min" : 0,
          "max" : 0,
          "mean" : 0.000000,
          "stddev" : 0.000000,
          "N" : 0
        },
        "lat_ns" : {
          "min" : 0,
          "max" : 0,
          "mean" : 0.000000,
          "stddev" : 0.000000,
          "N" : 0
        },
        "bw_min" : 0,
        "bw_max" : 0,
        "bw_agg" : 0.000000,
        "bw_mean" : 0.000000,
        "bw_dev" : 0.000000,
        "bw_samples" : 0,
        "iops_min" : 0,
        "iops_max" : 0,
        "iops_mean" : 0.000000,
        "iops_stddev" : 0.000000,
        "iops_samples" : 0
      },
      "sync" : {
        "total_ios" : 0,
        "lat_ns" : {
          "min" : 0,
          "max" : 0,
          "mean" : 0.000000,
          "stddev" : 0.000000,
          "N" : 0
        }
      },
      "job_runtime" : 3840831,
      "usr_cpu" : 0.056446,
      "sys_cpu" : 0.118828,
      "ctx" : 385177,
      "majf" : 0,
      "minf" : 2470,
      "iodepth_level" : {
        "1" : 0.100000,
        "2" : 0.100000,
        "4" : 0.155515,
        "8" : 0.311031,
        "16" : 99.416818,
        "32" : 0.000000,
        ">=64" : 0.000000
      },
      "iodepth_submit" : {
        "0" : 0.000000,
        "4" : 100.000000,
        "8" : 0.000000,
        "16" : 0.000000,
        "32" : 0.000000,
        "64" : 0.000000,
        ">=64" : 0.000000
      },
      "iodepth_complete" : {
        "0" : 0.000000,
        "4" : 99.960908,
        "8" : 0.000000,
        "16" : 0.100000,
        "32" : 0.000000,
        "64" : 0.000000,
        ">=64" : 0.000000
      },
      "latency_ns" : {
        "2" : 0.000000,
        "4" : 0.000000,
        "10" : 0.000000,
        "20" : 0.000000,
        "50" : 0.000000,
        "100" : 0.000000,
        "250" : 0.000000,
        "500" : 0.000000,
        "750" : 0.000000,
        "1000" : 0.000000
      },
      "latency_us" : {
        "2" : 0.000000,
        "4" : 0.000000,
        "10" : 0.000000,
        "20" : 0.037056,
        "50" : 0.010000,
        "100" : 0.000000,
        "250" : 0.000000,
        "500" : 0.000000,
        "750" : 0.000000,
        "1000" : 0.101449
      },
      "latency_ms" : {
        "2" : 1.014495,
        "4" : 0.465938,
        "10" : 0.239348,
        "20" : 0.130609,
        "50" : 0.188927,
        "100" : 0.252105,
        "250" : 1.310946,
        "500" : 95.631599,
        "750" : 0.625706,
        "1000" : 0.000000,
        "2000" : 0.000000,
        ">=2000" : 0.000000
      },
      "latency_depth" : 16,
      "latency_target" : 0,
      "latency_percentile" : 100.000000,
      "latency_window" : 0
    }
  ]
}
