{
  "fio version" : "fio-3.29-112-gc3773",
  "timestamp" : 1649809178,
  "timestamp_ms" : 1649809178317,
  "time" : "Wed Apr 13 00:19:38 2022",
  "global options" : {
    "size" : "50M",
    "runtime" : "60",
    "directory" : "/mnt/mfs"
  },
  "jobs" : [
    {
      "jobname" : "iotest",
      "groupid" : 0,
      "error" : 0,
      "eta" : 0,
      "elapsed" : 17,
      "job options" : {
        "rw" : "randwrite",
        "bs" : "4k",
        "ioengine" : "libaio",
        "iodepth" : "4",
        "numjobs" : "2",
        "direct" : "1",
        "group_reporting" : "1",
        "invalidate" : "1",
        "loops" : "1",
        "write_bw_log" : "./fio-bench-12-04-2022--23-30-08-rand-mfs/randwrite/mfs/4k/randwrite-iodepth-4-numjobs-2",
        "write_lat_log" : "./fio-bench-12-04-2022--23-30-08-rand-mfs/randwrite/mfs/4k/randwrite-iodepth-4-numjobs-2",
        "write_iops_log" : "./fio-bench-12-04-2022--23-30-08-rand-mfs/randwrite/mfs/4k/randwrite-iodepth-4-numjobs-2",
        "log_avg_msec" : "500"
      },
      "read" : {
        "io_bytes" : 0,
        "io_kbytes" : 0,
        "bw_bytes" : 0,
        "bw" : 0,
        "iops" : 0.000000,
        "runtime" : 0,
        "total_ios" : 0,
        "short_ios" : 0,
        "drop_ios" : 0,
        "slat_ns" : {
          "min" : 0,
          "max" : 0,
          "mean" : 0.000000,
          "stddev" : 0.000000,
          "N" : 0
        },
        "clat_ns" : {
          "min" : 0,
          "max" : 0,
          "mean" : 0.000000,
          "stddev" : 0.000000,
          "N" : 0
        },
        "lat_ns" : {
          "min" : 0,
          "max" : 0,
          "mean" : 0.000000,
          "stddev" : 0.000000,
          "N" : 0
        },
        "bw_min" : 0,
        "bw_max" : 0,
        "bw_agg" : 0.000000,
        "bw_mean" : 0.000000,
        "bw_dev" : 0.000000,
        "bw_samples" : 0,
        "iops_min" : 0,
        "iops_max" : 0,
        "iops_mean" : 0.000000,
        "iops_stddev" : 0.000000,
        "iops_samples" : 0
      },
      "write" : {
        "io_bytes" : 104857600,
        "io_kbytes" : 102400,
        "bw_bytes" : 7980637,
        "bw" : 7793,
        "iops" : 1948.397899,
        "runtime" : 13139,
        "total_ios" : 25600,
        "short_ios" : 0,
        "drop_ios" : 0,
        "slat_ns" : {
          "min" : 35410,
          "max" : 329271144,
          "mean" : 1009406.219336,
          "stddev" : 3314671.279014,
          "N" : 25600
        },
        "clat_ns" : {
          "min" : 8381,
          "max" : 337068448,
          "mean" : 3080032.248750,
          "stddev" : 5890548.739416,
          "N" : 25600,
          "percentile" : {
            "1.000000" : 191488,
            "5.000000" : 232448,
            "10.000000" : 259072,
            "20.000000" : 342016,
            "30.000000" : 544768,
            "40.000000" : 1269760,
            "50.000000" : 2056192,
            "60.000000" : 3063808,
            "70.000000" : 4227072,
            "80.000000" : 5341184,
            "90.000000" : 6979584,
            "95.000000" : 8847360,
            "99.000000" : 12124160,
            "99.500000" : 14745600,
            "99.900000" : 21626880,
            "99.950000" : 28704768,
            "99.990000" : 329252864
          }
        },
        "lat_ns" : {
          "min" : 68584,
          "max" : 342450007,
          "mean" : 4093286.571914,
          "stddev" : 6885660.859061,
          "N" : 25600
        },
        "bw_min" : 3584,
        "bw_max" : 42192,
        "bw_agg" : 99.941095,
        "bw_mean" : 7789.846154,
        "bw_dev" : 3543.057561,
        "bw_samples" : 52,
        "iops_min" : 896,
        "iops_max" : 10548,
        "iops_mean" : 1947.307692,
        "iops_stddev" : 885.770054,
        "iops_samples" : 52
      },
      "trim" : {
        "io_bytes" : 0,
        "io_kbytes" : 0,
        "bw_bytes" : 0,
        "bw" : 0,
        "iops" : 0.000000,
        "runtime" : 0,
        "total_ios" : 0,
        "short_ios" : 0,
        "drop_ios" : 0,
        "slat_ns" : {
          "min" : 0,
          "max" : 0,
          "mean" : 0.000000,
          "stddev" : 0.000000,
          "N" : 0
        },
        "clat_ns" : {
          "min" : 0,
          "max" : 0,
          "mean" : 0.000000,
          "stddev" : 0.000000,
          "N" : 0
        },
        "lat_ns" : {
          "min" : 0,
          "max" : 0,
          "mean" : 0.000000,
          "stddev" : 0.000000,
          "N" : 0
        },
        "bw_min" : 0,
        "bw_max" : 0,
        "bw_agg" : 0.000000,
        "bw_mean" : 0.000000,
        "bw_dev" : 0.000000,
        "bw_samples" : 0,
        "iops_min" : 0,
        "iops_max" : 0,
        "iops_mean" : 0.000000,
        "iops_stddev" : 0.000000,
        "iops_samples" : 0
      },
      "sync" : {
        "total_ios" : 0,
        "lat_ns" : {
          "min" : 0,
          "max" : 0,
          "mean" : 0.000000,
          "stddev" : 0.000000,
          "N" : 0
        }
      },
      "job_runtime" : 26276,
      "usr_cpu" : 0.749734,
      "sys_cpu" : 2.336733,
      "ctx" : 59644,
      "majf" : 0,
      "minf" : 77,
      "iodepth_level" : {
        "1" : 0.100000,
        "2" : 0.100000,
        "4" : 99.976562,
        "8" : 0.000000,
        "16" : 0.000000,
        "32" : 0.000000,
        ">=64" : 0.000000
      },
      "iodepth_submit" : {
        "0" : 0.000000,
        "4" : 100.000000,
        "8" : 0.000000,
        "16" : 0.000000,
        "32" : 0.000000,
        "64" : 0.000000,
        ">=64" : 0.000000
      },
      "iodepth_complete" : {
        "0" : 0.000000,
        "4" : 100.000000,
        "8" : 0.000000,
        "16" : 0.000000,
        "32" : 0.000000,
        "64" : 0.000000,
        ">=64" : 0.000000
      },
      "latency_ns" : {
        "2" : 0.000000,
        "4" : 0.000000,
        "10" : 0.000000,
        "20" : 0.000000,
        "50" : 0.000000,
        "100" : 0.000000,
        "250" : 0.000000,
        "500" : 0.000000,
        "750" : 0.000000,
        "1000" : 0.000000
      },
      "latency_us" : {
        "2" : 0.000000,
        "4" : 0.000000,
        "10" : 0.010000,
        "20" : 0.000000,
        "50" : 0.000000,
        "100" : 0.010000,
        "250" : 8.210938,
        "500" : 20.402344,
        "750" : 5.003906,
        "1000" : 3.195312
      },
      "latency_ms" : {
        "2" : 12.402344,
        "4" : 18.695312,
        "10" : 29.078125,
        "20" : 2.847656,
        "50" : 0.125000,
        "100" : 0.010000,
        "250" : 0.000000,
        "500" : 0.023438,
        "750" : 0.000000,
        "1000" : 0.000000,
        "2000" : 0.000000,
        ">=2000" : 0.000000
      },
      "latency_depth" : 4,
      "latency_target" : 0,
      "latency_percentile" : 100.000000,
      "latency_window" : 0
    }
  ]
}
