{
  "fio version" : "fio-3.29-112-gc3773",
  "timestamp" : 1649808919,
  "timestamp_ms" : 1649808919656,
  "time" : "Wed Apr 13 00:15:19 2022",
  "global options" : {
    "size" : "50M",
    "runtime" : "60",
    "directory" : "/mnt/mfs"
  },
  "jobs" : [
    {
      "jobname" : "iotest",
      "groupid" : 0,
      "error" : 0,
      "eta" : 0,
      "elapsed" : 32,
      "job options" : {
        "rw" : "randwrite",
        "bs" : "4k",
        "ioengine" : "libaio",
        "iodepth" : "2",
        "numjobs" : "4",
        "direct" : "1",
        "group_reporting" : "1",
        "invalidate" : "1",
        "loops" : "1",
        "write_bw_log" : "./fio-bench-12-04-2022--23-30-08-rand-mfs/randwrite/mfs/4k/randwrite-iodepth-2-numjobs-4",
        "write_lat_log" : "./fio-bench-12-04-2022--23-30-08-rand-mfs/randwrite/mfs/4k/randwrite-iodepth-2-numjobs-4",
        "write_iops_log" : "./fio-bench-12-04-2022--23-30-08-rand-mfs/randwrite/mfs/4k/randwrite-iodepth-2-numjobs-4",
        "log_avg_msec" : "500"
      },
      "read" : {
        "io_bytes" : 0,
        "io_kbytes" : 0,
        "bw_bytes" : 0,
        "bw" : 0,
        "iops" : 0.000000,
        "runtime" : 0,
        "total_ios" : 0,
        "short_ios" : 0,
        "drop_ios" : 0,
        "slat_ns" : {
          "min" : 0,
          "max" : 0,
          "mean" : 0.000000,
          "stddev" : 0.000000,
          "N" : 0
        },
        "clat_ns" : {
          "min" : 0,
          "max" : 0,
          "mean" : 0.000000,
          "stddev" : 0.000000,
          "N" : 0
        },
        "lat_ns" : {
          "min" : 0,
          "max" : 0,
          "mean" : 0.000000,
          "stddev" : 0.000000,
          "N" : 0
        },
        "bw_min" : 0,
        "bw_max" : 0,
        "bw_agg" : 0.000000,
        "bw_mean" : 0.000000,
        "bw_dev" : 0.000000,
        "bw_samples" : 0,
        "iops_min" : 0,
        "iops_max" : 0,
        "iops_mean" : 0.000000,
        "iops_stddev" : 0.000000,
        "iops_samples" : 0
      },
      "write" : {
        "io_bytes" : 209715200,
        "io_kbytes" : 204800,
        "bw_bytes" : 7542898,
        "bw" : 7366,
        "iops" : 1841.527893,
        "runtime" : 27803,
        "total_ios" : 51200,
        "short_ios" : 0,
        "drop_ios" : 0,
        "slat_ns" : {
          "min" : 34781,
          "max" : 160293009,
          "mean" : 2137005.204688,
          "stddev" : 3585243.848215,
          "N" : 51200
        },
        "clat_ns" : {
          "min" : 8032,
          "max" : 160314520,
          "mean" : 2158348.051855,
          "stddev" : 3584517.395273,
          "N" : 51200,
          "percentile" : {
            "1.000000" : 71168,
            "5.000000" : 110080,
            "10.000000" : 158720,
            "20.000000" : 411648,
            "30.000000" : 798720,
            "40.000000" : 1204224,
            "50.000000" : 1531904,
            "60.000000" : 1957888,
            "70.000000" : 2506752,
            "80.000000" : 3194880,
            "90.000000" : 4292608,
            "95.000000" : 5275648,
            "99.000000" : 11075584,
            "99.500000" : 20316160,
            "99.900000" : 48496640,
            "99.950000" : 61079552,
            "99.990000" : 114819072
          }
        },
        "lat_ns" : {
          "min" : 64324,
          "max" : 276403577,
          "mean" : 4299052.084063,
          "stddev" : 5971610.305506,
          "N" : 51200
        },
        "bw_min" : 1120,
        "bw_max" : 41664,
        "bw_agg" : 99.862732,
        "bw_mean" : 7356.507744,
        "bw_dev" : 1386.162519,
        "bw_samples" : 219,
        "iops_min" : 280,
        "iops_max" : 10416,
        "iops_mean" : 1838.884848,
        "iops_stddev" : 346.539630,
        "iops_samples" : 219
      },
      "trim" : {
        "io_bytes" : 0,
        "io_kbytes" : 0,
        "bw_bytes" : 0,
        "bw" : 0,
        "iops" : 0.000000,
        "runtime" : 0,
        "total_ios" : 0,
        "short_ios" : 0,
        "drop_ios" : 0,
        "slat_ns" : {
          "min" : 0,
          "max" : 0,
          "mean" : 0.000000,
          "stddev" : 0.000000,
          "N" : 0
        },
        "clat_ns" : {
          "min" : 0,
          "max" : 0,
          "mean" : 0.000000,
          "stddev" : 0.000000,
          "N" : 0
        },
        "lat_ns" : {
          "min" : 0,
          "max" : 0,
          "mean" : 0.000000,
          "stddev" : 0.000000,
          "N" : 0
        },
        "bw_min" : 0,
        "bw_max" : 0,
        "bw_agg" : 0.000000,
        "bw_mean" : 0.000000,
        "bw_dev" : 0.000000,
        "bw_samples" : 0,
        "iops_min" : 0,
        "iops_max" : 0,
        "iops_mean" : 0.000000,
        "iops_stddev" : 0.000000,
        "iops_samples" : 0
      },
      "sync" : {
        "total_ios" : 0,
        "lat_ns" : {
          "min" : 0,
          "max" : 0,
          "mean" : 0.000000,
          "stddev" : 0.000000,
          "N" : 0
        }
      },
      "job_runtime" : 110338,
      "usr_cpu" : 0.448622,
      "sys_cpu" : 1.070347,
      "ctx" : 122751,
      "majf" : 0,
      "minf" : 148,
      "iodepth_level" : {
        "1" : 0.100000,
        "2" : 99.992188,
        "4" : 0.000000,
        "8" : 0.000000,
        "16" : 0.000000,
        "32" : 0.000000,
        ">=64" : 0.000000
      },
      "iodepth_submit" : {
        "0" : 0.000000,
        "4" : 100.000000,
        "8" : 0.000000,
        "16" : 0.000000,
        "32" : 0.000000,
        "64" : 0.000000,
        ">=64" : 0.000000
      },
      "iodepth_complete" : {
        "0" : 0.000000,
        "4" : 100.000000,
        "8" : 0.000000,
        "16" : 0.000000,
        "32" : 0.000000,
        "64" : 0.000000,
        ">=64" : 0.000000
      },
      "latency_ns" : {
        "2" : 0.000000,
        "4" : 0.000000,
        "10" : 0.000000,
        "20" : 0.000000,
        "50" : 0.000000,
        "100" : 0.000000,
        "250" : 0.000000,
        "500" : 0.000000,
        "750" : 0.000000,
        "1000" : 0.000000
      },
      "latency_us" : {
        "2" : 0.000000,
        "4" : 0.000000,
        "10" : 0.010000,
        "20" : 0.000000,
        "50" : 0.011719,
        "100" : 4.023438,
        "250" : 11.603516,
        "500" : 6.601562,
        "750" : 6.046875,
        "1000" : 6.619141
      },
      "latency_ms" : {
        "2" : 26.144531,
        "4" : 27.099609,
        "10" : 10.626953,
        "20" : 0.710938,
        "50" : 0.412109,
        "100" : 0.072266,
        "250" : 0.019531,
        "500" : 0.000000,
        "750" : 0.000000,
        "1000" : 0.000000,
        "2000" : 0.000000,
        ">=2000" : 0.000000
      },
      "latency_depth" : 2,
      "latency_target" : 0,
      "latency_percentile" : 100.000000,
      "latency_window" : 0
    }
  ]
}
