{
  "fio version" : "fio-3.29-112-gc3773",
  "timestamp" : 1649810573,
  "timestamp_ms" : 1649810573171,
  "time" : "Wed Apr 13 00:42:53 2022",
  "global options" : {
    "size" : "50M",
    "runtime" : "60",
    "directory" : "/mnt/mfs"
  },
  "jobs" : [
    {
      "jobname" : "iotest",
      "groupid" : 0,
      "error" : 0,
      "eta" : 0,
      "elapsed" : 70,
      "job options" : {
        "rw" : "randwrite",
        "bs" : "4k",
        "ioengine" : "libaio",
        "iodepth" : "64",
        "numjobs" : "64",
        "direct" : "1",
        "group_reporting" : "1",
        "invalidate" : "1",
        "loops" : "1",
        "write_bw_log" : "./fio-bench-12-04-2022--23-30-08-rand-mfs/randwrite/mfs/4k/randwrite-iodepth-64-numjobs-64",
        "write_lat_log" : "./fio-bench-12-04-2022--23-30-08-rand-mfs/randwrite/mfs/4k/randwrite-iodepth-64-numjobs-64",
        "write_iops_log" : "./fio-bench-12-04-2022--23-30-08-rand-mfs/randwrite/mfs/4k/randwrite-iodepth-64-numjobs-64",
        "log_avg_msec" : "500"
      },
      "read" : {
        "io_bytes" : 0,
        "io_kbytes" : 0,
        "bw_bytes" : 0,
        "bw" : 0,
        "iops" : 0.000000,
        "runtime" : 0,
        "total_ios" : 0,
        "short_ios" : 0,
        "drop_ios" : 0,
        "slat_ns" : {
          "min" : 0,
          "max" : 0,
          "mean" : 0.000000,
          "stddev" : 0.000000,
          "N" : 0
        },
        "clat_ns" : {
          "min" : 0,
          "max" : 0,
          "mean" : 0.000000,
          "stddev" : 0.000000,
          "N" : 0
        },
        "lat_ns" : {
          "min" : 0,
          "max" : 0,
          "mean" : 0.000000,
          "stddev" : 0.000000,
          "N" : 0
        },
        "bw_min" : 0,
        "bw_max" : 0,
        "bw_agg" : 0.000000,
        "bw_mean" : 0.000000,
        "bw_dev" : 0.000000,
        "bw_samples" : 0,
        "iops_min" : 0,
        "iops_max" : 0,
        "iops_mean" : 0.000000,
        "iops_stddev" : 0.000000,
        "iops_samples" : 0
      },
      "write" : {
        "io_bytes" : 472080384,
        "io_kbytes" : 461016,
        "bw_bytes" : 7863419,
        "bw" : 7679,
        "iops" : 1919.780128,
        "runtime" : 60035,
        "total_ios" : 115254,
        "short_ios" : 0,
        "drop_ios" : 0,
        "slat_ns" : {
          "min" : 35061,
          "max" : 9855403641,
          "mean" : 33239838.283331,
          "stddev" : 255795785.614357,
          "N" : 115254
        },
        "clat_ns" : {
          "min" : 11244,
          "max" : 12926349943,
          "mean" : 2080705900.014845,
          "stddev" : 2377815130.900905,
          "N" : 115254,
          "percentile" : {
            "1.000000" : 12255232,
            "5.000000" : 977272832,
            "10.000000" : 1367343104,
            "20.000000" : 1434451968,
            "30.000000" : 1468006400,
            "40.000000" : 1501560832,
            "50.000000" : 1518338048,
            "60.000000" : 1551892480,
            "70.000000" : 1568669696,
            "80.000000" : 1619001344,
            "90.000000" : 1702887424,
            "95.000000" : 8153726976,
            "99.000000" : 12817793024,
            "99.500000" : 12817793024,
            "99.900000" : 12817793024,
            "99.950000" : 12817793024,
            "99.990000" : 12952010752
          }
        },
        "lat_ns" : {
          "min" : 4292810,
          "max" : 12953388810,
          "mean" : 2113950605.988243,
          "stddev" : 2396124674.488857,
          "N" : 115254
        },
        "bw_min" : 511,
        "bw_max" : 24093,
        "bw_agg" : 100.000000,
        "bw_mean" : 9937.059030,
        "bw_dev" : 50.335835,
        "bw_samples" : 5710,
        "iops_min" : 127,
        "iops_max" : 6019,
        "iops_mean" : 2482.684811,
        "iops_stddev" : 12.578254,
        "iops_samples" : 5710
      },
      "trim" : {
        "io_bytes" : 0,
        "io_kbytes" : 0,
        "bw_bytes" : 0,
        "bw" : 0,
        "iops" : 0.000000,
        "runtime" : 0,
        "total_ios" : 0,
        "short_ios" : 0,
        "drop_ios" : 0,
        "slat_ns" : {
          "min" : 0,
          "max" : 0,
          "mean" : 0.000000,
          "stddev" : 0.000000,
          "N" : 0
        },
        "clat_ns" : {
          "min" : 0,
          "max" : 0,
          "mean" : 0.000000,
          "stddev" : 0.000000,
          "N" : 0
        },
        "lat_ns" : {
          "min" : 0,
          "max" : 0,
          "mean" : 0.000000,
          "stddev" : 0.000000,
          "N" : 0
        },
        "bw_min" : 0,
        "bw_max" : 0,
        "bw_agg" : 0.000000,
        "bw_mean" : 0.000000,
        "bw_dev" : 0.000000,
        "bw_samples" : 0,
        "iops_min" : 0,
        "iops_max" : 0,
        "iops_mean" : 0.000000,
        "iops_stddev" : 0.000000,
        "iops_samples" : 0
      },
      "sync" : {
        "total_ios" : 0,
        "lat_ns" : {
          "min" : 0,
          "max" : 0,
          "mean" : 0.000000,
          "stddev" : 0.000000,
          "N" : 0
        }
      },
      "job_runtime" : 3841041,
      "usr_cpu" : 0.042202,
      "sys_cpu" : 0.078833,
      "ctx" : 272682,
      "majf" : 0,
      "minf" : 2588,
      "iodepth_level" : {
        "1" : 0.100000,
        "2" : 0.111059,
        "4" : 0.222118,
        "8" : 0.444236,
        "16" : 0.888472,
        "32" : 1.776945,
        ">=64" : 96.501640
      },
      "iodepth_submit" : {
        "0" : 0.000000,
        "4" : 100.000000,
        "8" : 0.000000,
        "16" : 0.000000,
        "32" : 0.000000,
        "64" : 0.000000,
        ">=64" : 0.000000
      },
      "iodepth_complete" : {
        "0" : 0.000000,
        "4" : 99.942491,
        "8" : 0.000000,
        "16" : 0.000000,
        "32" : 0.000000,
        "64" : 0.100000,
        ">=64" : 0.000000
      },
      "latency_ns" : {
        "2" : 0.000000,
        "4" : 0.000000,
        "10" : 0.000000,
        "20" : 0.000000,
        "50" : 0.000000,
        "100" : 0.000000,
        "250" : 0.000000,
        "500" : 0.000000,
        "750" : 0.000000,
        "1000" : 0.000000
      },
      "latency_us" : {
        "2" : 0.000000,
        "4" : 0.000000,
        "10" : 0.000000,
        "20" : 0.053794,
        "50" : 0.010000,
        "100" : 0.010000,
        "250" : 0.000000,
        "500" : 0.000000,
        "750" : 0.000000,
        "1000" : 0.000000
      },
      "latency_ms" : {
        "2" : 0.000000,
        "4" : 0.000000,
        "10" : 0.833811,
        "20" : 0.326236,
        "50" : 0.355736,
        "100" : 0.340118,
        "250" : 0.491957,
        "500" : 0.851164,
        "750" : 0.973502,
        "1000" : 0.856369,
        "2000" : 87.736651,
        ">=2000" : 7.178927
      },
      "latency_depth" : 64,
      "latency_target" : 0,
      "latency_percentile" : 100.000000,
      "latency_window" : 0
    }
  ]
}
