{
  "fio version" : "fio-3.29-112-gc3773",
  "timestamp" : 1649808582,
  "timestamp_ms" : 1649808582074,
  "time" : "Wed Apr 13 00:09:42 2022",
  "global options" : {
    "size" : "50M",
    "runtime" : "60",
    "directory" : "/mnt/mfs"
  },
  "jobs" : [
    {
      "jobname" : "iotest",
      "groupid" : 0,
      "error" : 0,
      "eta" : 0,
      "elapsed" : 10,
      "job options" : {
        "rw" : "randwrite",
        "bs" : "4k",
        "ioengine" : "libaio",
        "iodepth" : "1",
        "numjobs" : "1",
        "direct" : "1",
        "group_reporting" : "1",
        "invalidate" : "1",
        "loops" : "1",
        "write_bw_log" : "./fio-bench-12-04-2022--23-30-08-rand-mfs/randwrite/mfs/4k/randwrite-iodepth-1-numjobs-1",
        "write_lat_log" : "./fio-bench-12-04-2022--23-30-08-rand-mfs/randwrite/mfs/4k/randwrite-iodepth-1-numjobs-1",
        "write_iops_log" : "./fio-bench-12-04-2022--23-30-08-rand-mfs/randwrite/mfs/4k/randwrite-iodepth-1-numjobs-1",
        "log_avg_msec" : "500"
      },
      "read" : {
        "io_bytes" : 0,
        "io_kbytes" : 0,
        "bw_bytes" : 0,
        "bw" : 0,
        "iops" : 0.000000,
        "runtime" : 0,
        "total_ios" : 0,
        "short_ios" : 0,
        "drop_ios" : 0,
        "slat_ns" : {
          "min" : 0,
          "max" : 0,
          "mean" : 0.000000,
          "stddev" : 0.000000,
          "N" : 0
        },
        "clat_ns" : {
          "min" : 0,
          "max" : 0,
          "mean" : 0.000000,
          "stddev" : 0.000000,
          "N" : 0
        },
        "lat_ns" : {
          "min" : 0,
          "max" : 0,
          "mean" : 0.000000,
          "stddev" : 0.000000,
          "N" : 0
        },
        "bw_min" : 0,
        "bw_max" : 0,
        "bw_agg" : 0.000000,
        "bw_mean" : 0.000000,
        "bw_dev" : 0.000000,
        "bw_samples" : 0,
        "iops_min" : 0,
        "iops_max" : 0,
        "iops_mean" : 0.000000,
        "iops_stddev" : 0.000000,
        "iops_samples" : 0
      },
      "write" : {
        "io_bytes" : 52428800,
        "io_kbytes" : 51200,
        "bw_bytes" : 9944764,
        "bw" : 9711,
        "iops" : 2427.921093,
        "runtime" : 5272,
        "total_ios" : 12800,
        "short_ios" : 0,
        "drop_ios" : 0,
        "slat_ns" : {
          "min" : 37994,
          "max" : 17162687,
          "mean" : 399201.598125,
          "stddev" : 866972.962286,
          "N" : 12800
        },
        "clat_ns" : {
          "min" : 1397,
          "max" : 30730,
          "mean" : 2431.520625,
          "stddev" : 949.549284,
          "N" : 12800,
          "percentile" : {
            "1.000000" : 1544,
            "5.000000" : 1816,
            "10.000000" : 1880,
            "20.000000" : 1880,
            "30.000000" : 1880,
            "40.000000" : 2160,
            "50.000000" : 2640,
            "60.000000" : 2640,
            "70.000000" : 2736,
            "80.000000" : 2736,
            "90.000000" : 2800,
            "95.000000" : 2864,
            "99.000000" : 2992,
            "99.500000" : 3280,
            "99.900000" : 17024,
            "99.950000" : 23168,
            "99.990000" : 29056
          }
        },
        "lat_ns" : {
          "min" : 41975,
          "max" : 17168624,
          "mean" : 404252.305859,
          "stddev" : 867262.100038,
          "N" : 12800
        },
        "bw_min" : 5200,
        "bw_max" : 44040,
        "bw_agg" : 100.000000,
        "bw_mean" : 9816.300000,
        "bw_dev" : 12042.897954,
        "bw_samples" : 10,
        "iops_min" : 1300,
        "iops_max" : 11010,
        "iops_mean" : 2454.000000,
        "iops_stddev" : 3010.754206,
        "iops_samples" : 10
      },
      "trim" : {
        "io_bytes" : 0,
        "io_kbytes" : 0,
        "bw_bytes" : 0,
        "bw" : 0,
        "iops" : 0.000000,
        "runtime" : 0,
        "total_ios" : 0,
        "short_ios" : 0,
        "drop_ios" : 0,
        "slat_ns" : {
          "min" : 0,
          "max" : 0,
          "mean" : 0.000000,
          "stddev" : 0.000000,
          "N" : 0
        },
        "clat_ns" : {
          "min" : 0,
          "max" : 0,
          "mean" : 0.000000,
          "stddev" : 0.000000,
          "N" : 0
        },
        "lat_ns" : {
          "min" : 0,
          "max" : 0,
          "mean" : 0.000000,
          "stddev" : 0.000000,
          "N" : 0
        },
        "bw_min" : 0,
        "bw_max" : 0,
        "bw_agg" : 0.000000,
        "bw_mean" : 0.000000,
        "bw_dev" : 0.000000,
        "bw_samples" : 0,
        "iops_min" : 0,
        "iops_max" : 0,
        "iops_mean" : 0.000000,
        "iops_stddev" : 0.000000,
        "iops_samples" : 0
      },
      "sync" : {
        "total_ios" : 0,
        "lat_ns" : {
          "min" : 0,
          "max" : 0,
          "mean" : 0.000000,
          "stddev" : 0.000000,
          "N" : 0
        }
      },
      "job_runtime" : 5271,
      "usr_cpu" : 2.314551,
      "sys_cpu" : 4.951622,
      "ctx" : 25642,
      "majf" : 0,
      "minf" : 37,
      "iodepth_level" : {
        "1" : 100.000000,
        "2" : 0.000000,
        "4" : 0.000000,
        "8" : 0.000000,
        "16" : 0.000000,
        "32" : 0.000000,
        ">=64" : 0.000000
      },
      "iodepth_submit" : {
        "0" : 0.000000,
        "4" : 100.000000,
        "8" : 0.000000,
        "16" : 0.000000,
        "32" : 0.000000,
        "64" : 0.000000,
        ">=64" : 0.000000
      },
      "iodepth_complete" : {
        "0" : 0.000000,
        "4" : 100.000000,
        "8" : 0.000000,
        "16" : 0.000000,
        "32" : 0.000000,
        "64" : 0.000000,
        ">=64" : 0.000000
      },
      "latency_ns" : {
        "2" : 0.000000,
        "4" : 0.000000,
        "10" : 0.000000,
        "20" : 0.000000,
        "50" : 0.000000,
        "100" : 0.000000,
        "250" : 0.000000,
        "500" : 0.000000,
        "750" : 0.000000,
        "1000" : 0.000000
      },
      "latency_us" : {
        "2" : 39.437500,
        "4" : 60.078125,
        "10" : 0.242188,
        "20" : 0.171875,
        "50" : 0.070312,
        "100" : 0.000000,
        "250" : 0.000000,
        "500" : 0.000000,
        "750" : 0.000000,
        "1000" : 0.000000
      },
      "latency_ms" : {
        "2" : 0.000000,
        "4" : 0.000000,
        "10" : 0.000000,
        "20" : 0.000000,
        "50" : 0.000000,
        "100" : 0.000000,
        "250" : 0.000000,
        "500" : 0.000000,
        "750" : 0.000000,
        "1000" : 0.000000,
        "2000" : 0.000000,
        ">=2000" : 0.000000
      },
      "latency_depth" : 1,
      "latency_target" : 0,
      "latency_percentile" : 100.000000,
      "latency_window" : 0
    }
  ]
}
