{
  "fio version" : "fio-3.29-112-gc3773",
  "timestamp" : 1649809624,
  "timestamp_ms" : 1649809624011,
  "time" : "Wed Apr 13 00:27:04 2022",
  "global options" : {
    "size" : "50M",
    "runtime" : "60",
    "directory" : "/mnt/mfs"
  },
  "jobs" : [
    {
      "jobname" : "iotest",
      "groupid" : 0,
      "error" : 0,
      "eta" : 0,
      "elapsed" : 62,
      "job options" : {
        "rw" : "randwrite",
        "bs" : "4k",
        "ioengine" : "libaio",
        "iodepth" : "8",
        "numjobs" : "32",
        "direct" : "1",
        "group_reporting" : "1",
        "invalidate" : "1",
        "loops" : "1",
        "write_bw_log" : "./fio-bench-12-04-2022--23-30-08-rand-mfs/randwrite/mfs/4k/randwrite-iodepth-8-numjobs-32",
        "write_lat_log" : "./fio-bench-12-04-2022--23-30-08-rand-mfs/randwrite/mfs/4k/randwrite-iodepth-8-numjobs-32",
        "write_iops_log" : "./fio-bench-12-04-2022--23-30-08-rand-mfs/randwrite/mfs/4k/randwrite-iodepth-8-numjobs-32",
        "log_avg_msec" : "500"
      },
      "read" : {
        "io_bytes" : 0,
        "io_kbytes" : 0,
        "bw_bytes" : 0,
        "bw" : 0,
        "iops" : 0.000000,
        "runtime" : 0,
        "total_ios" : 0,
        "short_ios" : 0,
        "drop_ios" : 0,
        "slat_ns" : {
          "min" : 0,
          "max" : 0,
          "mean" : 0.000000,
          "stddev" : 0.000000,
          "N" : 0
        },
        "clat_ns" : {
          "min" : 0,
          "max" : 0,
          "mean" : 0.000000,
          "stddev" : 0.000000,
          "N" : 0
        },
        "lat_ns" : {
          "min" : 0,
          "max" : 0,
          "mean" : 0.000000,
          "stddev" : 0.000000,
          "N" : 0
        },
        "bw_min" : 0,
        "bw_max" : 0,
        "bw_agg" : 0.000000,
        "bw_mean" : 0.000000,
        "bw_dev" : 0.000000,
        "bw_samples" : 0,
        "iops_min" : 0,
        "iops_max" : 0,
        "iops_mean" : 0.000000,
        "iops_stddev" : 0.000000,
        "iops_samples" : 0
      },
      "write" : {
        "io_bytes" : 694304768,
        "io_kbytes" : 678032,
        "bw_bytes" : 11569239,
        "bw" : 11298,
        "iops" : 2824.521354,
        "runtime" : 60013,
        "total_ios" : 169508,
        "short_ios" : 0,
        "drop_ios" : 0,
        "slat_ns" : {
          "min" : 35061,
          "max" : 118024843,
          "mean" : 11300237.315218,
          "stddev" : 4314885.424253,
          "N" : 169508
        },
        "clat_ns" : {
          "min" : 11035,
          "max" : 258966015,
          "mean" : 79198510.194050,
          "stddev" : 17641653.603744,
          "N" : 169508,
          "percentile" : {
            "1.000000" : 1056768,
            "5.000000" : 55836672,
            "10.000000" : 66322432,
            "20.000000" : 72876032,
            "30.000000" : 77070336,
            "40.000000" : 78118912,
            "50.000000" : 80216064,
            "60.000000" : 81264640,
            "70.000000" : 84410368,
            "80.000000" : 88604672,
            "90.000000" : 93847552,
            "95.000000" : 101187584,
            "99.000000" : 120061952,
            "99.500000" : 129499136,
            "99.900000" : 173015040,
            "99.950000" : 189792256,
            "99.990000" : 214958080
          }
        },
        "lat_ns" : {
          "min" : 370999,
          "max" : 270282402,
          "mean" : 90502505.226320,
          "stddev" : 19639103.933354,
          "N" : 169508
        },
        "bw_min" : 6736,
        "bw_max" : 37994,
        "bw_agg" : 99.857631,
        "bw_mean" : 11282.778081,
        "bw_dev" : 87.695739,
        "bw_samples" : 3835,
        "iops_min" : 1684,
        "iops_max" : 9494,
        "iops_mean" : 2820.656933,
        "iops_stddev" : 21.909980,
        "iops_samples" : 3835
      },
      "trim" : {
        "io_bytes" : 0,
        "io_kbytes" : 0,
        "bw_bytes" : 0,
        "bw" : 0,
        "iops" : 0.000000,
        "runtime" : 0,
        "total_ios" : 0,
        "short_ios" : 0,
        "drop_ios" : 0,
        "slat_ns" : {
          "min" : 0,
          "max" : 0,
          "mean" : 0.000000,
          "stddev" : 0.000000,
          "N" : 0
        },
        "clat_ns" : {
          "min" : 0,
          "max" : 0,
          "mean" : 0.000000,
          "stddev" : 0.000000,
          "N" : 0
        },
        "lat_ns" : {
          "min" : 0,
          "max" : 0,
          "mean" : 0.000000,
          "stddev" : 0.000000,
          "N" : 0
        },
        "bw_min" : 0,
        "bw_max" : 0,
        "bw_agg" : 0.000000,
        "bw_mean" : 0.000000,
        "bw_dev" : 0.000000,
        "bw_samples" : 0,
        "iops_min" : 0,
        "iops_max" : 0,
        "iops_mean" : 0.000000,
        "iops_stddev" : 0.000000,
        "iops_samples" : 0
      },
      "sync" : {
        "total_ios" : 0,
        "lat_ns" : {
          "min" : 0,
          "max" : 0,
          "mean" : 0.000000,
          "stddev" : 0.000000,
          "N" : 0
        }
      },
      "job_runtime" : 1920192,
      "usr_cpu" : 0.105406,
      "sys_cpu" : 0.220603,
      "ctx" : 386528,
      "majf" : 0,
      "minf" : 1255,
      "iodepth_level" : {
        "1" : 0.100000,
        "2" : 0.100000,
        "4" : 0.100000,
        "8" : 99.867853,
        "16" : 0.000000,
        "32" : 0.000000,
        ">=64" : 0.000000
      },
      "iodepth_submit" : {
        "0" : 0.000000,
        "4" : 100.000000,
        "8" : 0.000000,
        "16" : 0.000000,
        "32" : 0.000000,
        "64" : 0.000000,
        ">=64" : 0.000000
      },
      "iodepth_complete" : {
        "0" : 0.000000,
        "4" : 99.981100,
        "8" : 0.100000,
        "16" : 0.000000,
        "32" : 0.000000,
        "64" : 0.000000,
        ">=64" : 0.000000
      },
      "latency_ns" : {
        "2" : 0.000000,
        "4" : 0.000000,
        "10" : 0.000000,
        "20" : 0.000000,
        "50" : 0.000000,
        "100" : 0.000000,
        "250" : 0.000000,
        "500" : 0.000000,
        "750" : 0.000000,
        "1000" : 0.000000
      },
      "latency_us" : {
        "2" : 0.000000,
        "4" : 0.000000,
        "10" : 0.000000,
        "20" : 0.017698,
        "50" : 0.010000,
        "100" : 0.010000,
        "250" : 0.000000,
        "500" : 0.223588,
        "750" : 0.434788,
        "1000" : 0.281403
      },
      "latency_ms" : {
        "2" : 0.296741,
        "4" : 0.177573,
        "10" : 0.850697,
        "20" : 0.246006,
        "50" : 1.424122,
        "100" : 90.307832,
        "250" : 5.737192,
        "500" : 0.010000,
        "750" : 0.000000,
        "1000" : 0.000000,
        "2000" : 0.000000,
        ">=2000" : 0.000000
      },
      "latency_depth" : 8,
      "latency_target" : 0,
      "latency_percentile" : 100.000000,
      "latency_window" : 0
    }
  ]
}
