{
  "fio version" : "fio-3.29-112-gc3773",
  "timestamp" : 1649809907,
  "timestamp_ms" : 1649809907526,
  "time" : "Wed Apr 13 00:31:47 2022",
  "global options" : {
    "size" : "50M",
    "runtime" : "60",
    "directory" : "/mnt/mfs"
  },
  "jobs" : [
    {
      "jobname" : "iotest",
      "groupid" : 0,
      "error" : 0,
      "eta" : 0,
      "elapsed" : 64,
      "job options" : {
        "rw" : "randwrite",
        "bs" : "4k",
        "ioengine" : "libaio",
        "iodepth" : "16",
        "numjobs" : "32",
        "direct" : "1",
        "group_reporting" : "1",
        "invalidate" : "1",
        "loops" : "1",
        "write_bw_log" : "./fio-bench-12-04-2022--23-30-08-rand-mfs/randwrite/mfs/4k/randwrite-iodepth-16-numjobs-32",
        "write_lat_log" : "./fio-bench-12-04-2022--23-30-08-rand-mfs/randwrite/mfs/4k/randwrite-iodepth-16-numjobs-32",
        "write_iops_log" : "./fio-bench-12-04-2022--23-30-08-rand-mfs/randwrite/mfs/4k/randwrite-iodepth-16-numjobs-32",
        "log_avg_msec" : "500"
      },
      "read" : {
        "io_bytes" : 0,
        "io_kbytes" : 0,
        "bw_bytes" : 0,
        "bw" : 0,
        "iops" : 0.000000,
        "runtime" : 0,
        "total_ios" : 0,
        "short_ios" : 0,
        "drop_ios" : 0,
        "slat_ns" : {
          "min" : 0,
          "max" : 0,
          "mean" : 0.000000,
          "stddev" : 0.000000,
          "N" : 0
        },
        "clat_ns" : {
          "min" : 0,
          "max" : 0,
          "mean" : 0.000000,
          "stddev" : 0.000000,
          "N" : 0
        },
        "lat_ns" : {
          "min" : 0,
          "max" : 0,
          "mean" : 0.000000,
          "stddev" : 0.000000,
          "N" : 0
        },
        "bw_min" : 0,
        "bw_max" : 0,
        "bw_agg" : 0.000000,
        "bw_mean" : 0.000000,
        "bw_dev" : 0.000000,
        "bw_samples" : 0,
        "iops_min" : 0,
        "iops_max" : 0,
        "iops_mean" : 0.000000,
        "iops_stddev" : 0.000000,
        "iops_samples" : 0
      },
      "write" : {
        "io_bytes" : 696659968,
        "io_kbytes" : 680332,
        "bw_bytes" : 11608484,
        "bw" : 11336,
        "iops" : 2834.102611,
        "runtime" : 60013,
        "total_ios" : 170083,
        "short_ios" : 0,
        "drop_ios" : 0,
        "slat_ns" : {
          "min" : 35549,
          "max" : 61556101,
          "mean" : 11261834.816619,
          "stddev" : 4053334.023139,
          "N" : 170083
        },
        "clat_ns" : {
          "min" : 10825,
          "max" : 364026471,
          "mean" : 169129601.308579,
          "stddev" : 31647738.176375,
          "N" : 170083,
          "percentile" : {
            "1.000000" : 2023424,
            "5.000000" : 137363456,
            "10.000000" : 152043520,
            "20.000000" : 160432128,
            "30.000000" : 164626432,
            "40.000000" : 168820736,
            "50.000000" : 170917888,
            "60.000000" : 173015040,
            "70.000000" : 177209344,
            "80.000000" : 183500800,
            "90.000000" : 193986560,
            "95.000000" : 208666624,
            "99.000000" : 238026752,
            "99.500000" : 254803968,
            "99.900000" : 291504128,
            "99.950000" : 312475648,
            "99.990000" : 341835776
          }
        },
        "lat_ns" : {
          "min" : 814144,
          "max" : 380501554,
          "mean" : 180395162.328851,
          "stddev" : 33441160.843096,
          "N" : 170083
        },
        "bw_min" : 7568,
        "bw_max" : 35022,
        "bw_agg" : 99.714106,
        "bw_mean" : 11304.812955,
        "bw_dev" : 76.338833,
        "bw_samples" : 3829,
        "iops_min" : 1892,
        "iops_max" : 8748,
        "iops_mean" : 2826.140546,
        "iops_stddev" : 19.063759,
        "iops_samples" : 3829
      },
      "trim" : {
        "io_bytes" : 0,
        "io_kbytes" : 0,
        "bw_bytes" : 0,
        "bw" : 0,
        "iops" : 0.000000,
        "runtime" : 0,
        "total_ios" : 0,
        "short_ios" : 0,
        "drop_ios" : 0,
        "slat_ns" : {
          "min" : 0,
          "max" : 0,
          "mean" : 0.000000,
          "stddev" : 0.000000,
          "N" : 0
        },
        "clat_ns" : {
          "min" : 0,
          "max" : 0,
          "mean" : 0.000000,
          "stddev" : 0.000000,
          "N" : 0
        },
        "lat_ns" : {
          "min" : 0,
          "max" : 0,
          "mean" : 0.000000,
          "stddev" : 0.000000,
          "N" : 0
        },
        "bw_min" : 0,
        "bw_max" : 0,
        "bw_agg" : 0.000000,
        "bw_mean" : 0.000000,
        "bw_dev" : 0.000000,
        "bw_samples" : 0,
        "iops_min" : 0,
        "iops_max" : 0,
        "iops_mean" : 0.000000,
        "iops_stddev" : 0.000000,
        "iops_samples" : 0
      },
      "sync" : {
        "total_ios" : 0,
        "lat_ns" : {
          "min" : 0,
          "max" : 0,
          "mean" : 0.000000,
          "stddev" : 0.000000,
          "N" : 0
        }
      },
      "job_runtime" : 1920181,
      "usr_cpu" : 0.105615,
      "sys_cpu" : 0.223416,
      "ctx" : 390488,
      "majf" : 0,
      "minf" : 1292,
      "iodepth_level" : {
        "1" : 0.100000,
        "2" : 0.100000,
        "4" : 0.100000,
        "8" : 0.150515,
        "16" : 99.717785,
        "32" : 0.000000,
        ">=64" : 0.000000
      },
      "iodepth_submit" : {
        "0" : 0.000000,
        "4" : 100.000000,
        "8" : 0.000000,
        "16" : 0.000000,
        "32" : 0.000000,
        "64" : 0.000000,
        ">=64" : 0.000000
      },
      "iodepth_complete" : {
        "0" : 0.000000,
        "4" : 99.981136,
        "8" : 0.000000,
        "16" : 0.100000,
        "32" : 0.000000,
        "64" : 0.000000,
        ">=64" : 0.000000
      },
      "latency_ns" : {
        "2" : 0.000000,
        "4" : 0.000000,
        "10" : 0.000000,
        "20" : 0.000000,
        "50" : 0.000000,
        "100" : 0.000000,
        "250" : 0.000000,
        "500" : 0.000000,
        "750" : 0.000000,
        "1000" : 0.000000
      },
      "latency_us" : {
        "2" : 0.000000,
        "4" : 0.000000,
        "10" : 0.000000,
        "20" : 0.018226,
        "50" : 0.010000,
        "100" : 0.000000,
        "250" : 0.000000,
        "500" : 0.000000,
        "750" : 0.000000,
        "1000" : 0.132288
      },
      "latency_ms" : {
        "2" : 0.833123,
        "4" : 0.419795,
        "10" : 0.296326,
        "20" : 0.126409,
        "50" : 0.427438,
        "100" : 0.349241,
        "250" : 96.794506,
        "500" : 0.602059,
        "750" : 0.000000,
        "1000" : 0.000000,
        "2000" : 0.000000,
        ">=2000" : 0.000000
      },
      "latency_depth" : 16,
      "latency_target" : 0,
      "latency_percentile" : 100.000000,
      "latency_window" : 0
    }
  ]
}
