{
  "fio version" : "fio-3.29-112-gc3773",
  "timestamp" : 1649810502,
  "timestamp_ms" : 1649810502859,
  "time" : "Wed Apr 13 00:41:42 2022",
  "global options" : {
    "size" : "50M",
    "runtime" : "60",
    "directory" : "/mnt/mfs"
  },
  "jobs" : [
    {
      "jobname" : "iotest",
      "groupid" : 0,
      "error" : 0,
      "eta" : 0,
      "elapsed" : 65,
      "job options" : {
        "rw" : "randwrite",
        "bs" : "4k",
        "ioengine" : "libaio",
        "iodepth" : "64",
        "numjobs" : "32",
        "direct" : "1",
        "group_reporting" : "1",
        "invalidate" : "1",
        "loops" : "1",
        "write_bw_log" : "./fio-bench-12-04-2022--23-30-08-rand-mfs/randwrite/mfs/4k/randwrite-iodepth-64-numjobs-32",
        "write_lat_log" : "./fio-bench-12-04-2022--23-30-08-rand-mfs/randwrite/mfs/4k/randwrite-iodepth-64-numjobs-32",
        "write_iops_log" : "./fio-bench-12-04-2022--23-30-08-rand-mfs/randwrite/mfs/4k/randwrite-iodepth-64-numjobs-32",
        "log_avg_msec" : "500"
      },
      "read" : {
        "io_bytes" : 0,
        "io_kbytes" : 0,
        "bw_bytes" : 0,
        "bw" : 0,
        "iops" : 0.000000,
        "runtime" : 0,
        "total_ios" : 0,
        "short_ios" : 0,
        "drop_ios" : 0,
        "slat_ns" : {
          "min" : 0,
          "max" : 0,
          "mean" : 0.000000,
          "stddev" : 0.000000,
          "N" : 0
        },
        "clat_ns" : {
          "min" : 0,
          "max" : 0,
          "mean" : 0.000000,
          "stddev" : 0.000000,
          "N" : 0
        },
        "lat_ns" : {
          "min" : 0,
          "max" : 0,
          "mean" : 0.000000,
          "stddev" : 0.000000,
          "N" : 0
        },
        "bw_min" : 0,
        "bw_max" : 0,
        "bw_agg" : 0.000000,
        "bw_mean" : 0.000000,
        "bw_dev" : 0.000000,
        "bw_samples" : 0,
        "iops_min" : 0,
        "iops_max" : 0,
        "iops_mean" : 0.000000,
        "iops_stddev" : 0.000000,
        "iops_samples" : 0
      },
      "write" : {
        "io_bytes" : 687263744,
        "io_kbytes" : 671156,
        "bw_bytes" : 11450960,
        "bw" : 11182,
        "iops" : 2795.644640,
        "runtime" : 60018,
        "total_ios" : 167789,
        "short_ios" : 0,
        "drop_ios" : 0,
        "slat_ns" : {
          "min" : 36038,
          "max" : 1031504166,
          "mean" : 11416778.875677,
          "stddev" : 14565057.176307,
          "N" : 167789
        },
        "clat_ns" : {
          "min" : 11245,
          "max" : 2558543909,
          "mean" : 719720383.284876,
          "stddev" : 217188706.170750,
          "N" : 167789,
          "percentile" : {
            "1.000000" : 62128128,
            "5.000000" : 650117120,
            "10.000000" : 666894336,
            "20.000000" : 692060160,
            "30.000000" : 700448768,
            "40.000000" : 708837376,
            "50.000000" : 708837376,
            "60.000000" : 717225984,
            "70.000000" : 725614592,
            "80.000000" : 734003200,
            "90.000000" : 750780416,
            "95.000000" : 775946240,
            "99.000000" : 2399141888,
            "99.500000" : 2466250752,
            "99.900000" : 2499805184,
            "99.950000" : 2533359616,
            "99.990000" : 2566914048
          }
        },
        "lat_ns" : {
          "min" : 1643581,
          "max" : 2570363820,
          "mean" : 731141031.982388,
          "stddev" : 219211322.918680,
          "N" : 167789
        },
        "bw_min" : 256,
        "bw_max" : 27867,
        "bw_agg" : 99.565591,
        "bw_mean" : 11134.758903,
        "bw_dev" : 72.553819,
        "bw_samples" : 3804,
        "iops_min" : 64,
        "iops_max" : 6962,
        "iops_mean" : 2783.649773,
        "iops_stddev" : 18.128449,
        "iops_samples" : 3804
      },
      "trim" : {
        "io_bytes" : 0,
        "io_kbytes" : 0,
        "bw_bytes" : 0,
        "bw" : 0,
        "iops" : 0.000000,
        "runtime" : 0,
        "total_ios" : 0,
        "short_ios" : 0,
        "drop_ios" : 0,
        "slat_ns" : {
          "min" : 0,
          "max" : 0,
          "mean" : 0.000000,
          "stddev" : 0.000000,
          "N" : 0
        },
        "clat_ns" : {
          "min" : 0,
          "max" : 0,
          "mean" : 0.000000,
          "stddev" : 0.000000,
          "N" : 0
        },
        "lat_ns" : {
          "min" : 0,
          "max" : 0,
          "mean" : 0.000000,
          "stddev" : 0.000000,
          "N" : 0
        },
        "bw_min" : 0,
        "bw_max" : 0,
        "bw_agg" : 0.000000,
        "bw_mean" : 0.000000,
        "bw_dev" : 0.000000,
        "bw_samples" : 0,
        "iops_min" : 0,
        "iops_max" : 0,
        "iops_mean" : 0.000000,
        "iops_stddev" : 0.000000,
        "iops_samples" : 0
      },
      "sync" : {
        "total_ios" : 0,
        "lat_ns" : {
          "min" : 0,
          "max" : 0,
          "mean" : 0.000000,
          "stddev" : 0.000000,
          "N" : 0
        }
      },
      "job_runtime" : 1920252,
      "usr_cpu" : 0.101237,
      "sys_cpu" : 0.220179,
      "ctx" : 393227,
      "majf" : 0,
      "minf" : 1267,
      "iodepth_level" : {
        "1" : 0.100000,
        "2" : 0.100000,
        "4" : 0.100000,
        "8" : 0.152573,
        "16" : 0.305145,
        "32" : 0.610290,
        ">=64" : 98.798491
      },
      "iodepth_submit" : {
        "0" : 0.000000,
        "4" : 100.000000,
        "8" : 0.000000,
        "16" : 0.000000,
        "32" : 0.000000,
        "64" : 0.000000,
        ">=64" : 0.000000
      },
      "iodepth_complete" : {
        "0" : 0.000000,
        "4" : 99.980700,
        "8" : 0.000000,
        "16" : 0.000000,
        "32" : 0.000000,
        "64" : 0.100000,
        ">=64" : 0.000000
      },
      "latency_ns" : {
        "2" : 0.000000,
        "4" : 0.000000,
        "10" : 0.000000,
        "20" : 0.000000,
        "50" : 0.000000,
        "100" : 0.000000,
        "250" : 0.000000,
        "500" : 0.000000,
        "750" : 0.000000,
        "1000" : 0.000000
      },
      "latency_us" : {
        "2" : 0.000000,
        "4" : 0.000000,
        "10" : 0.000000,
        "20" : 0.016688,
        "50" : 0.010000,
        "100" : 0.000000,
        "250" : 0.000000,
        "500" : 0.000000,
        "750" : 0.000000,
        "1000" : 0.000000
      },
      "latency_ms" : {
        "2" : 0.010000,
        "4" : 0.000000,
        "10" : 0.303357,
        "20" : 0.188928,
        "50" : 0.328985,
        "100" : 0.689557,
        "250" : 0.654393,
        "500" : 0.759883,
        "750" : 85.415611,
        "1000" : 10.363611,
        "2000" : 0.096550,
        ">=2000" : 1.179458
      },
      "latency_depth" : 64,
      "latency_target" : 0,
      "latency_percentile" : 100.000000,
      "latency_window" : 0
    }
  ]
}
