{
  "fio version" : "fio-3.29-112-gc3773",
  "timestamp" : 1649810288,
  "timestamp_ms" : 1649810288522,
  "time" : "Wed Apr 13 00:38:08 2022",
  "global options" : {
    "size" : "50M",
    "runtime" : "60",
    "directory" : "/mnt/mfs"
  },
  "jobs" : [
    {
      "jobname" : "iotest",
      "groupid" : 0,
      "error" : 0,
      "eta" : 0,
      "elapsed" : 91,
      "job options" : {
        "rw" : "randwrite",
        "bs" : "4k",
        "ioengine" : "libaio",
        "iodepth" : "32",
        "numjobs" : "64",
        "direct" : "1",
        "group_reporting" : "1",
        "invalidate" : "1",
        "loops" : "1",
        "write_bw_log" : "./fio-bench-12-04-2022--23-30-08-rand-mfs/randwrite/mfs/4k/randwrite-iodepth-32-numjobs-64",
        "write_lat_log" : "./fio-bench-12-04-2022--23-30-08-rand-mfs/randwrite/mfs/4k/randwrite-iodepth-32-numjobs-64",
        "write_iops_log" : "./fio-bench-12-04-2022--23-30-08-rand-mfs/randwrite/mfs/4k/randwrite-iodepth-32-numjobs-64",
        "log_avg_msec" : "500"
      },
      "read" : {
        "io_bytes" : 0,
        "io_kbytes" : 0,
        "bw_bytes" : 0,
        "bw" : 0,
        "iops" : 0.000000,
        "runtime" : 0,
        "total_ios" : 0,
        "short_ios" : 0,
        "drop_ios" : 0,
        "slat_ns" : {
          "min" : 0,
          "max" : 0,
          "mean" : 0.000000,
          "stddev" : 0.000000,
          "N" : 0
        },
        "clat_ns" : {
          "min" : 0,
          "max" : 0,
          "mean" : 0.000000,
          "stddev" : 0.000000,
          "N" : 0
        },
        "lat_ns" : {
          "min" : 0,
          "max" : 0,
          "mean" : 0.000000,
          "stddev" : 0.000000,
          "N" : 0
        },
        "bw_min" : 0,
        "bw_max" : 0,
        "bw_agg" : 0.000000,
        "bw_mean" : 0.000000,
        "bw_dev" : 0.000000,
        "bw_samples" : 0,
        "iops_min" : 0,
        "iops_max" : 0,
        "iops_mean" : 0.000000,
        "iops_stddev" : 0.000000,
        "iops_samples" : 0
      },
      "write" : {
        "io_bytes" : 490729472,
        "io_kbytes" : 479228,
        "bw_bytes" : 8173784,
        "bw" : 7982,
        "iops" : 1995.552742,
        "runtime" : 60037,
        "total_ios" : 119807,
        "short_ios" : 0,
        "drop_ios" : 0,
        "slat_ns" : {
          "min" : 36178,
          "max" : 6782937664,
          "mean" : 31963805.977205,
          "stddev" : 152782845.585022,
          "N" : 119807
        },
        "clat_ns" : {
          "min" : 11385,
          "max" : 10059346657,
          "mean" : 988609493.232549,
          "stddev" : 1122516895.314944,
          "N" : 119807,
          "percentile" : {
            "1.000000" : 3457024,
            "5.000000" : 583008256,
            "10.000000" : 717225984,
            "20.000000" : 775946240,
            "30.000000" : 809500672,
            "40.000000" : 834666496,
            "50.000000" : 859832320,
            "60.000000" : 884998144,
            "70.000000" : 910163968,
            "80.000000" : 952107008,
            "90.000000" : 1044381696,
            "95.000000" : 1166016512,
            "99.000000" : 9596567552,
            "99.500000" : 9730785280,
            "99.900000" : 9865003008,
            "99.950000" : 9865003008,
            "99.990000" : 9999220736
          }
        },
        "lat_ns" : {
          "min" : 2081069,
          "max" : 10095634025,
          "mean" : 1020578519.450016,
          "stddev" : 1142297211.213104,
          "N" : 119807
        },
        "bw_min" : 512,
        "bw_max" : 33574,
        "bw_agg" : 100.000000,
        "bw_mean" : 8862.847971,
        "bw_dev" : 56.047013,
        "bw_samples" : 6794,
        "iops_min" : 128,
        "iops_max" : 8387,
        "iops_mean" : 2214.884695,
        "iops_stddev" : 14.000507,
        "iops_samples" : 6794
      },
      "trim" : {
        "io_bytes" : 0,
        "io_kbytes" : 0,
        "bw_bytes" : 0,
        "bw" : 0,
        "iops" : 0.000000,
        "runtime" : 0,
        "total_ios" : 0,
        "short_ios" : 0,
        "drop_ios" : 0,
        "slat_ns" : {
          "min" : 0,
          "max" : 0,
          "mean" : 0.000000,
          "stddev" : 0.000000,
          "N" : 0
        },
        "clat_ns" : {
          "min" : 0,
          "max" : 0,
          "mean" : 0.000000,
          "stddev" : 0.000000,
          "N" : 0
        },
        "lat_ns" : {
          "min" : 0,
          "max" : 0,
          "mean" : 0.000000,
          "stddev" : 0.000000,
          "N" : 0
        },
        "bw_min" : 0,
        "bw_max" : 0,
        "bw_agg" : 0.000000,
        "bw_mean" : 0.000000,
        "bw_dev" : 0.000000,
        "bw_samples" : 0,
        "iops_min" : 0,
        "iops_max" : 0,
        "iops_mean" : 0.000000,
        "iops_stddev" : 0.000000,
        "iops_samples" : 0
      },
      "sync" : {
        "total_ios" : 0,
        "lat_ns" : {
          "min" : 0,
          "max" : 0,
          "mean" : 0.000000,
          "stddev" : 0.000000,
          "N" : 0
        }
      },
      "job_runtime" : 3840999,
      "usr_cpu" : 0.040797,
      "sys_cpu" : 0.085785,
      "ctx" : 279591,
      "majf" : 0,
      "minf" : 2514,
      "iodepth_level" : {
        "1" : 0.100000,
        "2" : 0.106838,
        "4" : 0.213677,
        "8" : 0.427354,
        "16" : 0.854708,
        "32" : 98.344003,
        ">=64" : 0.000000
      },
      "iodepth_submit" : {
        "0" : 0.000000,
        "4" : 100.000000,
        "8" : 0.000000,
        "16" : 0.000000,
        "32" : 0.000000,
        "64" : 0.000000,
        ">=64" : 0.000000
      },
      "iodepth_complete" : {
        "0" : 0.000000,
        "4" : 99.945711,
        "8" : 0.000000,
        "16" : 0.000000,
        "32" : 0.100000,
        "64" : 0.000000,
        ">=64" : 0.000000
      },
      "latency_ns" : {
        "2" : 0.000000,
        "4" : 0.000000,
        "10" : 0.000000,
        "20" : 0.000000,
        "50" : 0.000000,
        "100" : 0.000000,
        "250" : 0.000000,
        "500" : 0.000000,
        "750" : 0.000000,
        "1000" : 0.000000
      },
      "latency_us" : {
        "2" : 0.000000,
        "4" : 0.000000,
        "10" : 0.000000,
        "20" : 0.051750,
        "50" : 0.010000,
        "100" : 0.000000,
        "250" : 0.000000,
        "500" : 0.000000,
        "750" : 0.000000,
        "1000" : 0.000000
      },
      "latency_ms" : {
        "2" : 0.000000,
        "4" : 1.229477,
        "10" : 0.713648,
        "20" : 0.164431,
        "50" : 0.313838,
        "100" : 0.329697,
        "250" : 0.473261,
        "500" : 1.024147,
        "750" : 9.301627,
        "1000" : 73.489028,
        "2000" : 11.057785,
        ">=2000" : 1.849642
      },
      "latency_depth" : 32,
      "latency_target" : 0,
      "latency_percentile" : 100.000000,
      "latency_window" : 0
    }
  ]
}
