{
  "fio version" : "fio-3.29-112-gc3773",
  "timestamp" : 1649809021,
  "timestamp_ms" : 1649809021223,
  "time" : "Wed Apr 13 00:17:01 2022",
  "global options" : {
    "size" : "50M",
    "runtime" : "60",
    "directory" : "/mnt/mfs"
  },
  "jobs" : [
    {
      "jobname" : "iotest",
      "groupid" : 0,
      "error" : 0,
      "eta" : 0,
      "elapsed" : 63,
      "job options" : {
        "rw" : "randwrite",
        "bs" : "4k",
        "ioengine" : "libaio",
        "iodepth" : "2",
        "numjobs" : "16",
        "direct" : "1",
        "group_reporting" : "1",
        "invalidate" : "1",
        "loops" : "1",
        "write_bw_log" : "./fio-bench-12-04-2022--23-30-08-rand-mfs/randwrite/mfs/4k/randwrite-iodepth-2-numjobs-16",
        "write_lat_log" : "./fio-bench-12-04-2022--23-30-08-rand-mfs/randwrite/mfs/4k/randwrite-iodepth-2-numjobs-16",
        "write_iops_log" : "./fio-bench-12-04-2022--23-30-08-rand-mfs/randwrite/mfs/4k/randwrite-iodepth-2-numjobs-16",
        "log_avg_msec" : "500"
      },
      "read" : {
        "io_bytes" : 0,
        "io_kbytes" : 0,
        "bw_bytes" : 0,
        "bw" : 0,
        "iops" : 0.000000,
        "runtime" : 0,
        "total_ios" : 0,
        "short_ios" : 0,
        "drop_ios" : 0,
        "slat_ns" : {
          "min" : 0,
          "max" : 0,
          "mean" : 0.000000,
          "stddev" : 0.000000,
          "N" : 0
        },
        "clat_ns" : {
          "min" : 0,
          "max" : 0,
          "mean" : 0.000000,
          "stddev" : 0.000000,
          "N" : 0
        },
        "lat_ns" : {
          "min" : 0,
          "max" : 0,
          "mean" : 0.000000,
          "stddev" : 0.000000,
          "N" : 0
        },
        "bw_min" : 0,
        "bw_max" : 0,
        "bw_agg" : 0.000000,
        "bw_mean" : 0.000000,
        "bw_dev" : 0.000000,
        "bw_samples" : 0,
        "iops_min" : 0,
        "iops_max" : 0,
        "iops_mean" : 0.000000,
        "iops_stddev" : 0.000000,
        "iops_samples" : 0
      },
      "write" : {
        "io_bytes" : 675184640,
        "io_kbytes" : 659360,
        "bw_bytes" : 11251764,
        "bw" : 10988,
        "iops" : 2747.012849,
        "runtime" : 60007,
        "total_ios" : 164840,
        "short_ios" : 0,
        "drop_ios" : 0,
        "slat_ns" : {
          "min" : 36038,
          "max" : 244253552,
          "mean" : 5806275.143090,
          "stddev" : 3382673.700041,
          "N" : 164840
        },
        "clat_ns" : {
          "min" : 12641,
          "max" : 244316968,
          "mean" : 5826135.683839,
          "stddev" : 3382022.582976,
          "N" : 164840,
          "percentile" : {
            "1.000000" : 96768,
            "5.000000" : 489472,
            "10.000000" : 3260416,
            "20.000000" : 4489216,
            "30.000000" : 5013504,
            "40.000000" : 5472256,
            "50.000000" : 5799936,
            "60.000000" : 6258688,
            "70.000000" : 6651904,
            "80.000000" : 7241728,
            "90.000000" : 8355840,
            "95.000000" : 9633792,
            "99.000000" : 13172736,
            "99.500000" : 15007744,
            "99.900000" : 19529728,
            "99.950000" : 21626880,
            "99.990000" : 48496640
          }
        },
        "lat_ns" : {
          "min" : 86743,
          "max" : 252362908,
          "mean" : 11635817.465518,
          "stddev" : 5123433.576625,
          "N" : 164840
        },
        "bw_min" : 4816,
        "bw_max" : 40628,
        "bw_agg" : 100.000000,
        "bw_mean" : 10989.871709,
        "bw_dev" : 184.119631,
        "bw_samples" : 1917,
        "iops_min" : 1204,
        "iops_max" : 10156,
        "iops_mean" : 2746.578992,
        "iops_stddev" : 46.028376,
        "iops_samples" : 1917
      },
      "trim" : {
        "io_bytes" : 0,
        "io_kbytes" : 0,
        "bw_bytes" : 0,
        "bw" : 0,
        "iops" : 0.000000,
        "runtime" : 0,
        "total_ios" : 0,
        "short_ios" : 0,
        "drop_ios" : 0,
        "slat_ns" : {
          "min" : 0,
          "max" : 0,
          "mean" : 0.000000,
          "stddev" : 0.000000,
          "N" : 0
        },
        "clat_ns" : {
          "min" : 0,
          "max" : 0,
          "mean" : 0.000000,
          "stddev" : 0.000000,
          "N" : 0
        },
        "lat_ns" : {
          "min" : 0,
          "max" : 0,
          "mean" : 0.000000,
          "stddev" : 0.000000,
          "N" : 0
        },
        "bw_min" : 0,
        "bw_max" : 0,
        "bw_agg" : 0.000000,
        "bw_mean" : 0.000000,
        "bw_dev" : 0.000000,
        "bw_samples" : 0,
        "iops_min" : 0,
        "iops_max" : 0,
        "iops_mean" : 0.000000,
        "iops_stddev" : 0.000000,
        "iops_samples" : 0
      },
      "sync" : {
        "total_ios" : 0,
        "lat_ns" : {
          "min" : 0,
          "max" : 0,
          "mean" : 0.000000,
          "stddev" : 0.000000,
          "N" : 0
        }
      },
      "job_runtime" : 960048,
      "usr_cpu" : 0.175512,
      "sys_cpu" : 0.423208,
      "ctx" : 378657,
      "majf" : 0,
      "minf" : 621,
      "iodepth_level" : {
        "1" : 0.100000,
        "2" : 99.990294,
        "4" : 0.000000,
        "8" : 0.000000,
        "16" : 0.000000,
        "32" : 0.000000,
        ">=64" : 0.000000
      },
      "iodepth_submit" : {
        "0" : 0.000000,
        "4" : 100.000000,
        "8" : 0.000000,
        "16" : 0.000000,
        "32" : 0.000000,
        "64" : 0.000000,
        ">=64" : 0.000000
      },
      "iodepth_complete" : {
        "0" : 0.000000,
        "4" : 100.000000,
        "8" : 0.000000,
        "16" : 0.000000,
        "32" : 0.000000,
        "64" : 0.000000,
        ">=64" : 0.000000
      },
      "latency_ns" : {
        "2" : 0.000000,
        "4" : 0.000000,
        "10" : 0.000000,
        "20" : 0.000000,
        "50" : 0.000000,
        "100" : 0.000000,
        "250" : 0.000000,
        "500" : 0.000000,
        "750" : 0.000000,
        "1000" : 0.000000
      },
      "latency_us" : {
        "2" : 0.000000,
        "4" : 0.000000,
        "10" : 0.000000,
        "20" : 0.010000,
        "50" : 0.011526,
        "100" : 1.130793,
        "250" : 2.706261,
        "500" : 1.209051,
        "750" : 1.228464,
        "1000" : 0.363383
      },
      "latency_ms" : {
        "2" : 0.788037,
        "4" : 7.149357,
        "10" : 81.196312,
        "20" : 4.116113,
        "50" : 0.081291,
        "100" : 0.000000,
        "250" : 0.010000,
        "500" : 0.000000,
        "750" : 0.000000,
        "1000" : 0.000000,
        "2000" : 0.000000,
        ">=2000" : 0.000000
      },
      "latency_depth" : 2,
      "latency_target" : 0,
      "latency_percentile" : 100.000000,
      "latency_window" : 0
    }
  ]
}
