{
  "fio version" : "fio-3.29-112-gc3773",
  "timestamp" : 1649809085,
  "timestamp_ms" : 1649809085023,
  "time" : "Wed Apr 13 00:18:05 2022",
  "global options" : {
    "size" : "50M",
    "runtime" : "60",
    "directory" : "/mnt/mfs"
  },
  "jobs" : [
    {
      "jobname" : "iotest",
      "groupid" : 0,
      "error" : 0,
      "eta" : 0,
      "elapsed" : 64,
      "job options" : {
        "rw" : "randwrite",
        "bs" : "4k",
        "ioengine" : "libaio",
        "iodepth" : "2",
        "numjobs" : "32",
        "direct" : "1",
        "group_reporting" : "1",
        "invalidate" : "1",
        "loops" : "1",
        "write_bw_log" : "./fio-bench-12-04-2022--23-30-08-rand-mfs/randwrite/mfs/4k/randwrite-iodepth-2-numjobs-32",
        "write_lat_log" : "./fio-bench-12-04-2022--23-30-08-rand-mfs/randwrite/mfs/4k/randwrite-iodepth-2-numjobs-32",
        "write_iops_log" : "./fio-bench-12-04-2022--23-30-08-rand-mfs/randwrite/mfs/4k/randwrite-iodepth-2-numjobs-32",
        "log_avg_msec" : "500"
      },
      "read" : {
        "io_bytes" : 0,
        "io_kbytes" : 0,
        "bw_bytes" : 0,
        "bw" : 0,
        "iops" : 0.000000,
        "runtime" : 0,
        "total_ios" : 0,
        "short_ios" : 0,
        "drop_ios" : 0,
        "slat_ns" : {
          "min" : 0,
          "max" : 0,
          "mean" : 0.000000,
          "stddev" : 0.000000,
          "N" : 0
        },
        "clat_ns" : {
          "min" : 0,
          "max" : 0,
          "mean" : 0.000000,
          "stddev" : 0.000000,
          "N" : 0
        },
        "lat_ns" : {
          "min" : 0,
          "max" : 0,
          "mean" : 0.000000,
          "stddev" : 0.000000,
          "N" : 0
        },
        "bw_min" : 0,
        "bw_max" : 0,
        "bw_agg" : 0.000000,
        "bw_mean" : 0.000000,
        "bw_dev" : 0.000000,
        "bw_samples" : 0,
        "iops_min" : 0,
        "iops_max" : 0,
        "iops_mean" : 0.000000,
        "iops_stddev" : 0.000000,
        "iops_samples" : 0
      },
      "write" : {
        "io_bytes" : 683446272,
        "io_kbytes" : 667428,
        "bw_bytes" : 11387734,
        "bw" : 11120,
        "iops" : 2780.208611,
        "runtime" : 60016,
        "total_ios" : 166857,
        "short_ios" : 0,
        "drop_ios" : 0,
        "slat_ns" : {
          "min" : 35339,
          "max" : 346168574,
          "mean" : 11481251.655645,
          "stddev" : 6023812.140344,
          "N" : 166857
        },
        "clat_ns" : {
          "min" : 10407,
          "max" : 346188409,
          "mean" : 11501130.064349,
          "stddev" : 6023959.405182,
          "N" : 166857,
          "percentile" : {
            "1.000000" : 99840,
            "5.000000" : 1204224,
            "10.000000" : 8454144,
            "20.000000" : 9764864,
            "30.000000" : 10551296,
            "40.000000" : 11075584,
            "50.000000" : 11599872,
            "60.000000" : 11993088,
            "70.000000" : 12648448,
            "80.000000" : 13434880,
            "90.000000" : 14745600,
            "95.000000" : 16318464,
            "99.000000" : 23461888,
            "99.500000" : 26083328,
            "99.900000" : 35913728,
            "99.950000" : 44826624,
            "99.990000" : 341835776
          }
        },
        "lat_ns" : {
          "min" : 86464,
          "max" : 389299832,
          "mean" : 22986053.834823,
          "stddev" : 9133315.130953,
          "N" : 166857
        },
        "bw_min" : 3352,
        "bw_max" : 41140,
        "bw_agg" : 99.992501,
        "bw_mean" : 11120.919538,
        "bw_dev" : 100.224097,
        "bw_samples" : 3837,
        "iops_min" : 838,
        "iops_max" : 10279,
        "iops_mean" : 2780.163165,
        "iops_stddev" : 25.040806,
        "iops_samples" : 3837
      },
      "trim" : {
        "io_bytes" : 0,
        "io_kbytes" : 0,
        "bw_bytes" : 0,
        "bw" : 0,
        "iops" : 0.000000,
        "runtime" : 0,
        "total_ios" : 0,
        "short_ios" : 0,
        "drop_ios" : 0,
        "slat_ns" : {
          "min" : 0,
          "max" : 0,
          "mean" : 0.000000,
          "stddev" : 0.000000,
          "N" : 0
        },
        "clat_ns" : {
          "min" : 0,
          "max" : 0,
          "mean" : 0.000000,
          "stddev" : 0.000000,
          "N" : 0
        },
        "lat_ns" : {
          "min" : 0,
          "max" : 0,
          "mean" : 0.000000,
          "stddev" : 0.000000,
          "N" : 0
        },
        "bw_min" : 0,
        "bw_max" : 0,
        "bw_agg" : 0.000000,
        "bw_mean" : 0.000000,
        "bw_dev" : 0.000000,
        "bw_samples" : 0,
        "iops_min" : 0,
        "iops_max" : 0,
        "iops_mean" : 0.000000,
        "iops_stddev" : 0.000000,
        "iops_samples" : 0
      },
      "sync" : {
        "total_ios" : 0,
        "lat_ns" : {
          "min" : 0,
          "max" : 0,
          "mean" : 0.000000,
          "stddev" : 0.000000,
          "N" : 0
        }
      },
      "job_runtime" : 1920264,
      "usr_cpu" : 0.092852,
      "sys_cpu" : 0.226219,
      "ctx" : 386249,
      "majf" : 0,
      "minf" : 1289,
      "iodepth_level" : {
        "1" : 0.100000,
        "2" : 99.980822,
        "4" : 0.000000,
        "8" : 0.000000,
        "16" : 0.000000,
        "32" : 0.000000,
        ">=64" : 0.000000
      },
      "iodepth_submit" : {
        "0" : 0.000000,
        "4" : 100.000000,
        "8" : 0.000000,
        "16" : 0.000000,
        "32" : 0.000000,
        "64" : 0.000000,
        ">=64" : 0.000000
      },
      "iodepth_complete" : {
        "0" : 0.000000,
        "4" : 100.000000,
        "8" : 0.000000,
        "16" : 0.000000,
        "32" : 0.000000,
        "64" : 0.000000,
        ">=64" : 0.000000
      },
      "latency_ns" : {
        "2" : 0.000000,
        "4" : 0.000000,
        "10" : 0.000000,
        "20" : 0.000000,
        "50" : 0.000000,
        "100" : 0.000000,
        "250" : 0.000000,
        "500" : 0.000000,
        "750" : 0.000000,
        "1000" : 0.000000
      },
      "latency_us" : {
        "2" : 0.000000,
        "4" : 0.000000,
        "10" : 0.000000,
        "20" : 0.018579,
        "50" : 0.011387,
        "100" : 0.979282,
        "250" : 2.726886,
        "500" : 0.673631,
        "750" : 0.182791,
        "1000" : 0.226541
      },
      "latency_ms" : {
        "2" : 0.348802,
        "4" : 0.223545,
        "10" : 16.337343,
        "20" : 76.076521,
        "50" : 2.165927,
        "100" : 0.010000,
        "250" : 0.000000,
        "500" : 0.019178,
        "750" : 0.000000,
        "1000" : 0.000000,
        "2000" : 0.000000,
        ">=2000" : 0.000000
      },
      "latency_depth" : 2,
      "latency_target" : 0,
      "latency_percentile" : 100.000000,
      "latency_window" : 0
    }
  ]
}
