{
  "fio version" : "fio-3.29-112-gc3773",
  "timestamp" : 1649809686,
  "timestamp_ms" : 1649809686844,
  "time" : "Wed Apr 13 00:28:06 2022",
  "global options" : {
    "size" : "50M",
    "runtime" : "60",
    "directory" : "/mnt/mfs"
  },
  "jobs" : [
    {
      "jobname" : "iotest",
      "groupid" : 0,
      "error" : 0,
      "eta" : 0,
      "elapsed" : 63,
      "job options" : {
        "rw" : "randwrite",
        "bs" : "4k",
        "ioengine" : "libaio",
        "iodepth" : "8",
        "numjobs" : "64",
        "direct" : "1",
        "group_reporting" : "1",
        "invalidate" : "1",
        "loops" : "1",
        "write_bw_log" : "./fio-bench-12-04-2022--23-30-08-rand-mfs/randwrite/mfs/4k/randwrite-iodepth-8-numjobs-64",
        "write_lat_log" : "./fio-bench-12-04-2022--23-30-08-rand-mfs/randwrite/mfs/4k/randwrite-iodepth-8-numjobs-64",
        "write_iops_log" : "./fio-bench-12-04-2022--23-30-08-rand-mfs/randwrite/mfs/4k/randwrite-iodepth-8-numjobs-64",
        "log_avg_msec" : "500"
      },
      "read" : {
        "io_bytes" : 0,
        "io_kbytes" : 0,
        "bw_bytes" : 0,
        "bw" : 0,
        "iops" : 0.000000,
        "runtime" : 0,
        "total_ios" : 0,
        "short_ios" : 0,
        "drop_ios" : 0,
        "slat_ns" : {
          "min" : 0,
          "max" : 0,
          "mean" : 0.000000,
          "stddev" : 0.000000,
          "N" : 0
        },
        "clat_ns" : {
          "min" : 0,
          "max" : 0,
          "mean" : 0.000000,
          "stddev" : 0.000000,
          "N" : 0
        },
        "lat_ns" : {
          "min" : 0,
          "max" : 0,
          "mean" : 0.000000,
          "stddev" : 0.000000,
          "N" : 0
        },
        "bw_min" : 0,
        "bw_max" : 0,
        "bw_agg" : 0.000000,
        "bw_mean" : 0.000000,
        "bw_dev" : 0.000000,
        "bw_samples" : 0,
        "iops_min" : 0,
        "iops_max" : 0,
        "iops_mean" : 0.000000,
        "iops_stddev" : 0.000000,
        "iops_samples" : 0
      },
      "write" : {
        "io_bytes" : 670834688,
        "io_kbytes" : 655112,
        "bw_bytes" : 11174990,
        "bw" : 10913,
        "iops" : 2728.269199,
        "runtime" : 60030,
        "total_ios" : 163778,
        "short_ios" : 0,
        "drop_ios" : 0,
        "slat_ns" : {
          "min" : 35061,
          "max" : 142837100,
          "mean" : 23385287.989999,
          "stddev" : 8408832.944441,
          "N" : 163778
        },
        "clat_ns" : {
          "min" : 11244,
          "max" : 345948074,
          "mean" : 163638662.967657,
          "stddev" : 35532840.096715,
          "N" : 163778,
          "percentile" : {
            "1.000000" : 724992,
            "5.000000" : 115867648,
            "10.000000" : 137363456,
            "20.000000" : 152043520,
            "30.000000" : 158334976,
            "40.000000" : 162529280,
            "50.000000" : 166723584,
            "60.000000" : 170917888,
            "70.000000" : 177209344,
            "80.000000" : 183500800,
            "90.000000" : 193986560,
            "95.000000" : 206569472,
            "99.000000" : 231735296,
            "99.500000" : 246415360,
            "99.900000" : 283115520,
            "99.950000" : 291504128,
            "99.990000" : 316669952
          }
        },
        "lat_ns" : {
          "min" : 391323,
          "max" : 384786709,
          "mean" : 187028529.738854,
          "stddev" : 39621995.689729,
          "N" : 163778
        },
        "bw_min" : 6862,
        "bw_max" : 40703,
        "bw_agg" : 99.944322,
        "bw_mean" : 10907.071499,
        "bw_dev" : 56.414375,
        "bw_samples" : 7659,
        "iops_min" : 1714,
        "iops_max" : 10169,
        "iops_mean" : 2726.586345,
        "iops_stddev" : 14.091438,
        "iops_samples" : 7659
      },
      "trim" : {
        "io_bytes" : 0,
        "io_kbytes" : 0,
        "bw_bytes" : 0,
        "bw" : 0,
        "iops" : 0.000000,
        "runtime" : 0,
        "total_ios" : 0,
        "short_ios" : 0,
        "drop_ios" : 0,
        "slat_ns" : {
          "min" : 0,
          "max" : 0,
          "mean" : 0.000000,
          "stddev" : 0.000000,
          "N" : 0
        },
        "clat_ns" : {
          "min" : 0,
          "max" : 0,
          "mean" : 0.000000,
          "stddev" : 0.000000,
          "N" : 0
        },
        "lat_ns" : {
          "min" : 0,
          "max" : 0,
          "mean" : 0.000000,
          "stddev" : 0.000000,
          "N" : 0
        },
        "bw_min" : 0,
        "bw_max" : 0,
        "bw_agg" : 0.000000,
        "bw_mean" : 0.000000,
        "bw_dev" : 0.000000,
        "bw_samples" : 0,
        "iops_min" : 0,
        "iops_max" : 0,
        "iops_mean" : 0.000000,
        "iops_stddev" : 0.000000,
        "iops_samples" : 0
      },
      "sync" : {
        "total_ios" : 0,
        "lat_ns" : {
          "min" : 0,
          "max" : 0,
          "mean" : 0.000000,
          "stddev" : 0.000000,
          "N" : 0
        }
      },
      "job_runtime" : 3840940,
      "usr_cpu" : 0.059933,
      "sys_cpu" : 0.113878,
      "ctx" : 384152,
      "majf" : 0,
      "minf" : 2464,
      "iodepth_level" : {
        "1" : 0.100000,
        "2" : 0.100000,
        "4" : 0.156309,
        "8" : 99.726459,
        "16" : 0.000000,
        "32" : 0.000000,
        ">=64" : 0.000000
      },
      "iodepth_submit" : {
        "0" : 0.000000,
        "4" : 100.000000,
        "8" : 0.000000,
        "16" : 0.000000,
        "32" : 0.000000,
        "64" : 0.000000,
        ">=64" : 0.000000
      },
      "iodepth_complete" : {
        "0" : 0.000000,
        "4" : 99.960831,
        "8" : 0.100000,
        "16" : 0.000000,
        "32" : 0.000000,
        "64" : 0.000000,
        ">=64" : 0.000000
      },
      "latency_ns" : {
        "2" : 0.000000,
        "4" : 0.000000,
        "10" : 0.000000,
        "20" : 0.000000,
        "50" : 0.000000,
        "100" : 0.000000,
        "250" : 0.000000,
        "500" : 0.000000,
        "750" : 0.000000,
        "1000" : 0.000000
      },
      "latency_us" : {
        "2" : 0.000000,
        "4" : 0.000000,
        "10" : 0.000000,
        "20" : 0.039077,
        "50" : 0.000000,
        "100" : 0.000000,
        "250" : 0.000000,
        "500" : 0.316282,
        "750" : 0.696675,
        "1000" : 0.319945
      },
      "latency_ms" : {
        "2" : 0.442672,
        "4" : 0.210651,
        "10" : 0.117232,
        "20" : 0.195386,
        "50" : 0.437177,
        "100" : 1.091111,
        "250" : 95.728364,
        "500" : 0.405427,
        "750" : 0.000000,
        "1000" : 0.000000,
        "2000" : 0.000000,
        ">=2000" : 0.000000
      },
      "latency_depth" : 8,
      "latency_target" : 0,
      "latency_percentile" : 100.000000,
      "latency_window" : 0
    }
  ]
}
