{
  "fio version" : "fio-3.29-112-gc3773",
  "timestamp" : 1649809441,
  "timestamp_ms" : 1649809441796,
  "time" : "Wed Apr 13 00:24:01 2022",
  "global options" : {
    "size" : "50M",
    "runtime" : "60",
    "directory" : "/mnt/mfs"
  },
  "jobs" : [
    {
      "jobname" : "iotest",
      "groupid" : 0,
      "error" : 0,
      "eta" : 0,
      "elapsed" : 13,
      "job options" : {
        "rw" : "randwrite",
        "bs" : "4k",
        "ioengine" : "libaio",
        "iodepth" : "8",
        "numjobs" : "2",
        "direct" : "1",
        "group_reporting" : "1",
        "invalidate" : "1",
        "loops" : "1",
        "write_bw_log" : "./fio-bench-12-04-2022--23-30-08-rand-mfs/randwrite/mfs/4k/randwrite-iodepth-8-numjobs-2",
        "write_lat_log" : "./fio-bench-12-04-2022--23-30-08-rand-mfs/randwrite/mfs/4k/randwrite-iodepth-8-numjobs-2",
        "write_iops_log" : "./fio-bench-12-04-2022--23-30-08-rand-mfs/randwrite/mfs/4k/randwrite-iodepth-8-numjobs-2",
        "log_avg_msec" : "500"
      },
      "read" : {
        "io_bytes" : 0,
        "io_kbytes" : 0,
        "bw_bytes" : 0,
        "bw" : 0,
        "iops" : 0.000000,
        "runtime" : 0,
        "total_ios" : 0,
        "short_ios" : 0,
        "drop_ios" : 0,
        "slat_ns" : {
          "min" : 0,
          "max" : 0,
          "mean" : 0.000000,
          "stddev" : 0.000000,
          "N" : 0
        },
        "clat_ns" : {
          "min" : 0,
          "max" : 0,
          "mean" : 0.000000,
          "stddev" : 0.000000,
          "N" : 0
        },
        "lat_ns" : {
          "min" : 0,
          "max" : 0,
          "mean" : 0.000000,
          "stddev" : 0.000000,
          "N" : 0
        },
        "bw_min" : 0,
        "bw_max" : 0,
        "bw_agg" : 0.000000,
        "bw_mean" : 0.000000,
        "bw_dev" : 0.000000,
        "bw_samples" : 0,
        "iops_min" : 0,
        "iops_max" : 0,
        "iops_mean" : 0.000000,
        "iops_stddev" : 0.000000,
        "iops_samples" : 0
      },
      "write" : {
        "io_bytes" : 104857600,
        "io_kbytes" : 102400,
        "bw_bytes" : 12222590,
        "bw" : 11936,
        "iops" : 2984.030773,
        "runtime" : 8579,
        "total_ios" : 25600,
        "short_ios" : 0,
        "drop_ios" : 0,
        "slat_ns" : {
          "min" : 36458,
          "max" : 14161057,
          "mean" : 651966.773828,
          "stddev" : 840505.173762,
          "N" : 25600
        },
        "clat_ns" : {
          "min" : 8381,
          "max" : 21306644,
          "mean" : 4678351.513945,
          "stddev" : 3189956.080895,
          "N" : 25600,
          "percentile" : {
            "1.000000" : 501760,
            "5.000000" : 577536,
            "10.000000" : 626688,
            "20.000000" : 872448,
            "30.000000" : 3031040,
            "40.000000" : 3981312,
            "50.000000" : 4620288,
            "60.000000" : 5275648,
            "70.000000" : 5931008,
            "80.000000" : 6914048,
            "90.000000" : 8454144,
            "95.000000" : 10289152,
            "99.000000" : 14614528,
            "99.500000" : 16449536,
            "99.900000" : 19005440,
            "99.950000" : 19267584,
            "99.990000" : 21102592
          }
        },
        "lat_ns" : {
          "min" : 70750,
          "max" : 22549409,
          "mean" : 5333764.483164,
          "stddev" : 3547787.492545,
          "N" : 25600
        },
        "bw_min" : 6630,
        "bw_max" : 47959,
        "bw_agg" : 99.789521,
        "bw_mean" : 11911.941176,
        "bw_dev" : 4706.278542,
        "bw_samples" : 34,
        "iops_min" : 1657,
        "iops_max" : 11989,
        "iops_mean" : 2977.823529,
        "iops_stddev" : 1176.503886,
        "iops_samples" : 34
      },
      "trim" : {
        "io_bytes" : 0,
        "io_kbytes" : 0,
        "bw_bytes" : 0,
        "bw" : 0,
        "iops" : 0.000000,
        "runtime" : 0,
        "total_ios" : 0,
        "short_ios" : 0,
        "drop_ios" : 0,
        "slat_ns" : {
          "min" : 0,
          "max" : 0,
          "mean" : 0.000000,
          "stddev" : 0.000000,
          "N" : 0
        },
        "clat_ns" : {
          "min" : 0,
          "max" : 0,
          "mean" : 0.000000,
          "stddev" : 0.000000,
          "N" : 0
        },
        "lat_ns" : {
          "min" : 0,
          "max" : 0,
          "mean" : 0.000000,
          "stddev" : 0.000000,
          "N" : 0
        },
        "bw_min" : 0,
        "bw_max" : 0,
        "bw_agg" : 0.000000,
        "bw_mean" : 0.000000,
        "bw_dev" : 0.000000,
        "bw_samples" : 0,
        "iops_min" : 0,
        "iops_max" : 0,
        "iops_mean" : 0.000000,
        "iops_stddev" : 0.000000,
        "iops_samples" : 0
      },
      "sync" : {
        "total_ios" : 0,
        "lat_ns" : {
          "min" : 0,
          "max" : 0,
          "mean" : 0.000000,
          "stddev" : 0.000000,
          "N" : 0
        }
      },
      "job_runtime" : 17102,
      "usr_cpu" : 1.397497,
      "sys_cpu" : 3.379722,
      "ctx" : 58184,
      "majf" : 0,
      "minf" : 75,
      "iodepth_level" : {
        "1" : 0.100000,
        "2" : 0.100000,
        "4" : 0.100000,
        "8" : 99.945312,
        "16" : 0.000000,
        "32" : 0.000000,
        ">=64" : 0.000000
      },
      "iodepth_submit" : {
        "0" : 0.000000,
        "4" : 100.000000,
        "8" : 0.000000,
        "16" : 0.000000,
        "32" : 0.000000,
        "64" : 0.000000,
        ">=64" : 0.000000
      },
      "iodepth_complete" : {
        "0" : 0.000000,
        "4" : 99.992184,
        "8" : 0.100000,
        "16" : 0.000000,
        "32" : 0.000000,
        "64" : 0.000000,
        ">=64" : 0.000000
      },
      "latency_ns" : {
        "2" : 0.000000,
        "4" : 0.000000,
        "10" : 0.000000,
        "20" : 0.000000,
        "50" : 0.000000,
        "100" : 0.000000,
        "250" : 0.000000,
        "500" : 0.000000,
        "750" : 0.000000,
        "1000" : 0.000000
      },
      "latency_us" : {
        "2" : 0.000000,
        "4" : 0.000000,
        "10" : 0.010000,
        "20" : 0.000000,
        "50" : 0.000000,
        "100" : 0.010000,
        "250" : 0.010000,
        "500" : 0.906250,
        "750" : 16.351562,
        "1000" : 3.972656
      },
      "latency_ms" : {
        "2" : 3.132812,
        "4" : 16.164062,
        "10" : 53.894531,
        "20" : 5.535156,
        "50" : 0.027344,
        "100" : 0.000000,
        "250" : 0.000000,
        "500" : 0.000000,
        "750" : 0.000000,
        "1000" : 0.000000,
        "2000" : 0.000000,
        ">=2000" : 0.000000
      },
      "latency_depth" : 8,
      "latency_target" : 0,
      "latency_percentile" : 100.000000,
      "latency_window" : 0
    }
  ]
}
