{
  "fio version" : "fio-3.29-112-gc3773",
  "timestamp" : 1649810197,
  "timestamp_ms" : 1649810197220,
  "time" : "Wed Apr 13 00:36:37 2022",
  "global options" : {
    "size" : "50M",
    "runtime" : "60",
    "directory" : "/mnt/mfs"
  },
  "jobs" : [
    {
      "jobname" : "iotest",
      "groupid" : 0,
      "error" : 0,
      "eta" : 0,
      "elapsed" : 65,
      "job options" : {
        "rw" : "randwrite",
        "bs" : "4k",
        "ioengine" : "libaio",
        "iodepth" : "32",
        "numjobs" : "32",
        "direct" : "1",
        "group_reporting" : "1",
        "invalidate" : "1",
        "loops" : "1",
        "write_bw_log" : "./fio-bench-12-04-2022--23-30-08-rand-mfs/randwrite/mfs/4k/randwrite-iodepth-32-numjobs-32",
        "write_lat_log" : "./fio-bench-12-04-2022--23-30-08-rand-mfs/randwrite/mfs/4k/randwrite-iodepth-32-numjobs-32",
        "write_iops_log" : "./fio-bench-12-04-2022--23-30-08-rand-mfs/randwrite/mfs/4k/randwrite-iodepth-32-numjobs-32",
        "log_avg_msec" : "500"
      },
      "read" : {
        "io_bytes" : 0,
        "io_kbytes" : 0,
        "bw_bytes" : 0,
        "bw" : 0,
        "iops" : 0.000000,
        "runtime" : 0,
        "total_ios" : 0,
        "short_ios" : 0,
        "drop_ios" : 0,
        "slat_ns" : {
          "min" : 0,
          "max" : 0,
          "mean" : 0.000000,
          "stddev" : 0.000000,
          "N" : 0
        },
        "clat_ns" : {
          "min" : 0,
          "max" : 0,
          "mean" : 0.000000,
          "stddev" : 0.000000,
          "N" : 0
        },
        "lat_ns" : {
          "min" : 0,
          "max" : 0,
          "mean" : 0.000000,
          "stddev" : 0.000000,
          "N" : 0
        },
        "bw_min" : 0,
        "bw_max" : 0,
        "bw_agg" : 0.000000,
        "bw_mean" : 0.000000,
        "bw_dev" : 0.000000,
        "bw_samples" : 0,
        "iops_min" : 0,
        "iops_max" : 0,
        "iops_mean" : 0.000000,
        "iops_stddev" : 0.000000,
        "iops_samples" : 0
      },
      "write" : {
        "io_bytes" : 678277120,
        "io_kbytes" : 662380,
        "bw_bytes" : 11301793,
        "bw" : 11036,
        "iops" : 2759.226860,
        "runtime" : 60015,
        "total_ios" : 165595,
        "short_ios" : 0,
        "drop_ios" : 0,
        "slat_ns" : {
          "min" : 35200,
          "max" : 272237942,
          "mean" : 11568642.709846,
          "stddev" : 5515094.175095,
          "N" : 165595
        },
        "clat_ns" : {
          "min" : 10616,
          "max" : 697617198,
          "mean" : 358900087.078843,
          "stddev" : 65687894.797782,
          "N" : 165595,
          "percentile" : {
            "1.000000" : 12386304,
            "5.000000" : 304087040,
            "10.000000" : 325058560,
            "20.000000" : 337641472,
            "30.000000" : 346030080,
            "40.000000" : 354418688,
            "50.000000" : 358612992,
            "60.000000" : 371195904,
            "70.000000" : 379584512,
            "80.000000" : 392167424,
            "90.000000" : 408944640,
            "95.000000" : 425721856,
            "99.000000" : 484442112,
            "99.500000" : 641728512,
            "99.900000" : 675282944,
            "99.950000" : 675282944,
            "99.990000" : 683671552
          }
        },
        "lat_ns" : {
          "min" : 735502,
          "max" : 710477754,
          "mean" : 370472476.776563,
          "stddev" : 67425696.346952,
          "N" : 165595
        },
        "bw_min" : 6240,
        "bw_max" : 31832,
        "bw_agg" : 99.538755,
        "bw_mean" : 10986.086830,
        "bw_dev" : 70.876913,
        "bw_samples" : 3830,
        "iops_min" : 1560,
        "iops_max" : 7951,
        "iops_mean" : 2746.461203,
        "iops_stddev" : 17.700044,
        "iops_samples" : 3830
      },
      "trim" : {
        "io_bytes" : 0,
        "io_kbytes" : 0,
        "bw_bytes" : 0,
        "bw" : 0,
        "iops" : 0.000000,
        "runtime" : 0,
        "total_ios" : 0,
        "short_ios" : 0,
        "drop_ios" : 0,
        "slat_ns" : {
          "min" : 0,
          "max" : 0,
          "mean" : 0.000000,
          "stddev" : 0.000000,
          "N" : 0
        },
        "clat_ns" : {
          "min" : 0,
          "max" : 0,
          "mean" : 0.000000,
          "stddev" : 0.000000,
          "N" : 0
        },
        "lat_ns" : {
          "min" : 0,
          "max" : 0,
          "mean" : 0.000000,
          "stddev" : 0.000000,
          "N" : 0
        },
        "bw_min" : 0,
        "bw_max" : 0,
        "bw_agg" : 0.000000,
        "bw_mean" : 0.000000,
        "bw_dev" : 0.000000,
        "bw_samples" : 0,
        "iops_min" : 0,
        "iops_max" : 0,
        "iops_mean" : 0.000000,
        "iops_stddev" : 0.000000,
        "iops_samples" : 0
      },
      "sync" : {
        "total_ios" : 0,
        "lat_ns" : {
          "min" : 0,
          "max" : 0,
          "mean" : 0.000000,
          "stddev" : 0.000000,
          "N" : 0
        }
      },
      "job_runtime" : 1920210,
      "usr_cpu" : 0.103062,
      "sys_cpu" : 0.217060,
      "ctx" : 378973,
      "majf" : 0,
      "minf" : 1221,
      "iodepth_level" : {
        "1" : 0.100000,
        "2" : 0.100000,
        "4" : 0.100000,
        "8" : 0.154594,
        "16" : 0.309188,
        "32" : 99.400948,
        ">=64" : 0.000000
      },
      "iodepth_submit" : {
        "0" : 0.000000,
        "4" : 100.000000,
        "8" : 0.000000,
        "16" : 0.000000,
        "32" : 0.000000,
        "64" : 0.000000,
        ">=64" : 0.000000
      },
      "iodepth_complete" : {
        "0" : 0.000000,
        "4" : 99.980563,
        "8" : 0.000000,
        "16" : 0.000000,
        "32" : 0.100000,
        "64" : 0.000000,
        ">=64" : 0.000000
      },
      "latency_ns" : {
        "2" : 0.000000,
        "4" : 0.000000,
        "10" : 0.000000,
        "20" : 0.000000,
        "50" : 0.000000,
        "100" : 0.000000,
        "250" : 0.000000,
        "500" : 0.000000,
        "750" : 0.000000,
        "1000" : 0.000000
      },
      "latency_us" : {
        "2" : 0.000000,
        "4" : 0.000000,
        "10" : 0.000000,
        "20" : 0.019324,
        "50" : 0.000000,
        "100" : 0.000000,
        "250" : 0.000000,
        "500" : 0.000000,
        "750" : 0.010000,
        "1000" : 0.000000
      },
      "latency_ms" : {
        "2" : 0.019324,
        "4" : 0.593013,
        "10" : 0.317642,
        "20" : 0.180561,
        "50" : 0.715601,
        "100" : 0.345421,
        "250" : 0.630454,
        "500" : 96.351943,
        "750" : 0.826112,
        "1000" : 0.000000,
        "2000" : 0.000000,
        ">=2000" : 0.000000
      },
      "latency_depth" : 32,
      "latency_target" : 0,
      "latency_percentile" : 100.000000,
      "latency_window" : 0
    }
  ]
}
