{
  "fio version" : "fio-3.29-112-gc3773",
  "timestamp" : 1649810070,
  "timestamp_ms" : 1649810070672,
  "time" : "Wed Apr 13 00:34:30 2022",
  "global options" : {
    "size" : "50M",
    "runtime" : "60",
    "directory" : "/mnt/mfs"
  },
  "jobs" : [
    {
      "jobname" : "iotest",
      "groupid" : 0,
      "error" : 0,
      "eta" : 0,
      "elapsed" : 39,
      "job options" : {
        "rw" : "randwrite",
        "bs" : "4k",
        "ioengine" : "libaio",
        "iodepth" : "32",
        "numjobs" : "8",
        "direct" : "1",
        "group_reporting" : "1",
        "invalidate" : "1",
        "loops" : "1",
        "write_bw_log" : "./fio-bench-12-04-2022--23-30-08-rand-mfs/randwrite/mfs/4k/randwrite-iodepth-32-numjobs-8",
        "write_lat_log" : "./fio-bench-12-04-2022--23-30-08-rand-mfs/randwrite/mfs/4k/randwrite-iodepth-32-numjobs-8",
        "write_iops_log" : "./fio-bench-12-04-2022--23-30-08-rand-mfs/randwrite/mfs/4k/randwrite-iodepth-32-numjobs-8",
        "log_avg_msec" : "500"
      },
      "read" : {
        "io_bytes" : 0,
        "io_kbytes" : 0,
        "bw_bytes" : 0,
        "bw" : 0,
        "iops" : 0.000000,
        "runtime" : 0,
        "total_ios" : 0,
        "short_ios" : 0,
        "drop_ios" : 0,
        "slat_ns" : {
          "min" : 0,
          "max" : 0,
          "mean" : 0.000000,
          "stddev" : 0.000000,
          "N" : 0
        },
        "clat_ns" : {
          "min" : 0,
          "max" : 0,
          "mean" : 0.000000,
          "stddev" : 0.000000,
          "N" : 0
        },
        "lat_ns" : {
          "min" : 0,
          "max" : 0,
          "mean" : 0.000000,
          "stddev" : 0.000000,
          "N" : 0
        },
        "bw_min" : 0,
        "bw_max" : 0,
        "bw_agg" : 0.000000,
        "bw_mean" : 0.000000,
        "bw_dev" : 0.000000,
        "bw_samples" : 0,
        "iops_min" : 0,
        "iops_max" : 0,
        "iops_mean" : 0.000000,
        "iops_stddev" : 0.000000,
        "iops_samples" : 0
      },
      "write" : {
        "io_bytes" : 419430400,
        "io_kbytes" : 409600,
        "bw_bytes" : 11840957,
        "bw" : 11563,
        "iops" : 2890.858788,
        "runtime" : 35422,
        "total_ios" : 102400,
        "short_ios" : 0,
        "drop_ios" : 0,
        "slat_ns" : {
          "min" : 36877,
          "max" : 707683900,
          "mean" : 2726621.121729,
          "stddev" : 6341050.854982,
          "N" : 102400
        },
        "clat_ns" : {
          "min" : 8172,
          "max" : 861197520,
          "mean" : 85063165.996670,
          "stddev" : 42141815.596612,
          "N" : 102400,
          "percentile" : {
            "1.000000" : 5079040,
            "5.000000" : 27918336,
            "10.000000" : 69730304,
            "20.000000" : 80216064,
            "30.000000" : 83361792,
            "40.000000" : 85458944,
            "50.000000" : 86507520,
            "60.000000" : 87556096,
            "70.000000" : 89653248,
            "80.000000" : 91750400,
            "90.000000" : 98041856,
            "95.000000" : 105381888,
            "99.000000" : 132644864,
            "99.500000" : 149946368,
            "99.900000" : 834666496,
            "99.950000" : 843055104,
            "99.990000" : 851443712
          }
        },
        "lat_ns" : {
          "min" : 75219,
          "max" : 866660179,
          "mean" : 87793461.865781,
          "stddev" : 43022545.138158,
          "N" : 102400
        },
        "bw_min" : 1360,
        "bw_max" : 43428,
        "bw_agg" : 99.814635,
        "bw_mean" : 11542.850518,
        "bw_dev" : 578.130388,
        "bw_samples" : 558,
        "iops_min" : 340,
        "iops_max" : 10854,
        "iops_mean" : 2884.978054,
        "iops_stddev" : 144.491808,
        "iops_samples" : 558
      },
      "trim" : {
        "io_bytes" : 0,
        "io_kbytes" : 0,
        "bw_bytes" : 0,
        "bw" : 0,
        "iops" : 0.000000,
        "runtime" : 0,
        "total_ios" : 0,
        "short_ios" : 0,
        "drop_ios" : 0,
        "slat_ns" : {
          "min" : 0,
          "max" : 0,
          "mean" : 0.000000,
          "stddev" : 0.000000,
          "N" : 0
        },
        "clat_ns" : {
          "min" : 0,
          "max" : 0,
          "mean" : 0.000000,
          "stddev" : 0.000000,
          "N" : 0
        },
        "lat_ns" : {
          "min" : 0,
          "max" : 0,
          "mean" : 0.000000,
          "stddev" : 0.000000,
          "N" : 0
        },
        "bw_min" : 0,
        "bw_max" : 0,
        "bw_agg" : 0.000000,
        "bw_mean" : 0.000000,
        "bw_dev" : 0.000000,
        "bw_samples" : 0,
        "iops_min" : 0,
        "iops_max" : 0,
        "iops_mean" : 0.000000,
        "iops_stddev" : 0.000000,
        "iops_samples" : 0
      },
      "sync" : {
        "total_ios" : 0,
        "lat_ns" : {
          "min" : 0,
          "max" : 0,
          "mean" : 0.000000,
          "stddev" : 0.000000,
          "N" : 0
        }
      },
      "job_runtime" : 281052,
      "usr_cpu" : 0.373596,
      "sys_cpu" : 0.863541,
      "ctx" : 247208,
      "majf" : 0,
      "minf" : 325,
      "iodepth_level" : {
        "1" : 0.100000,
        "2" : 0.100000,
        "4" : 0.100000,
        "8" : 0.100000,
        "16" : 0.125000,
        "32" : 99.757812,
        ">=64" : 0.000000
      },
      "iodepth_submit" : {
        "0" : 0.000000,
        "4" : 100.000000,
        "8" : 0.000000,
        "16" : 0.000000,
        "32" : 0.000000,
        "64" : 0.000000,
        ">=64" : 0.000000
      },
      "iodepth_complete" : {
        "0" : 0.000000,
        "4" : 99.992169,
        "8" : 0.000000,
        "16" : 0.000000,
        "32" : 0.100000,
        "64" : 0.000000,
        ">=64" : 0.000000
      },
      "latency_ns" : {
        "2" : 0.000000,
        "4" : 0.000000,
        "10" : 0.000000,
        "20" : 0.000000,
        "50" : 0.000000,
        "100" : 0.000000,
        "250" : 0.000000,
        "500" : 0.000000,
        "750" : 0.000000,
        "1000" : 0.000000
      },
      "latency_us" : {
        "2" : 0.000000,
        "4" : 0.000000,
        "10" : 0.010000,
        "20" : 0.000000,
        "50" : 0.000000,
        "100" : 0.010000,
        "250" : 0.010000,
        "500" : 0.010000,
        "750" : 0.010000,
        "1000" : 0.010000
      },
      "latency_ms" : {
        "2" : 0.010000,
        "4" : 0.800781,
        "10" : 2.397461,
        "20" : 1.357422,
        "50" : 1.365234,
        "100" : 85.643555,
        "250" : 8.170898,
        "500" : 0.000000,
        "750" : 0.000000,
        "1000" : 0.242188,
        "2000" : 0.000000,
        ">=2000" : 0.000000
      },
      "latency_depth" : 32,
      "latency_target" : 0,
      "latency_percentile" : 100.000000,
      "latency_window" : 0
    }
  ]
}
