{
  "fio version" : "fio-3.29-112-gc3773",
  "timestamp" : 1649809149,
  "timestamp_ms" : 1649809149212,
  "time" : "Wed Apr 13 00:19:09 2022",
  "global options" : {
    "size" : "50M",
    "runtime" : "60",
    "directory" : "/mnt/mfs"
  },
  "jobs" : [
    {
      "jobname" : "iotest",
      "groupid" : 0,
      "error" : 0,
      "eta" : 0,
      "elapsed" : 64,
      "job options" : {
        "rw" : "randwrite",
        "bs" : "4k",
        "ioengine" : "libaio",
        "iodepth" : "2",
        "numjobs" : "64",
        "direct" : "1",
        "group_reporting" : "1",
        "invalidate" : "1",
        "loops" : "1",
        "write_bw_log" : "./fio-bench-12-04-2022--23-30-08-rand-mfs/randwrite/mfs/4k/randwrite-iodepth-2-numjobs-64",
        "write_lat_log" : "./fio-bench-12-04-2022--23-30-08-rand-mfs/randwrite/mfs/4k/randwrite-iodepth-2-numjobs-64",
        "write_iops_log" : "./fio-bench-12-04-2022--23-30-08-rand-mfs/randwrite/mfs/4k/randwrite-iodepth-2-numjobs-64",
        "log_avg_msec" : "500"
      },
      "read" : {
        "io_bytes" : 0,
        "io_kbytes" : 0,
        "bw_bytes" : 0,
        "bw" : 0,
        "iops" : 0.000000,
        "runtime" : 0,
        "total_ios" : 0,
        "short_ios" : 0,
        "drop_ios" : 0,
        "slat_ns" : {
          "min" : 0,
          "max" : 0,
          "mean" : 0.000000,
          "stddev" : 0.000000,
          "N" : 0
        },
        "clat_ns" : {
          "min" : 0,
          "max" : 0,
          "mean" : 0.000000,
          "stddev" : 0.000000,
          "N" : 0
        },
        "lat_ns" : {
          "min" : 0,
          "max" : 0,
          "mean" : 0.000000,
          "stddev" : 0.000000,
          "N" : 0
        },
        "bw_min" : 0,
        "bw_max" : 0,
        "bw_agg" : 0.000000,
        "bw_mean" : 0.000000,
        "bw_dev" : 0.000000,
        "bw_samples" : 0,
        "iops_min" : 0,
        "iops_max" : 0,
        "iops_mean" : 0.000000,
        "iops_stddev" : 0.000000,
        "iops_samples" : 0
      },
      "write" : {
        "io_bytes" : 465489920,
        "io_kbytes" : 454580,
        "bw_bytes" : 7618867,
        "bw" : 7440,
        "iops" : 1860.074963,
        "runtime" : 61097,
        "total_ios" : 113645,
        "short_ios" : 0,
        "drop_ios" : 0,
        "slat_ns" : {
          "min" : 35549,
          "max" : 8708491519,
          "mean" : 34319973.275190,
          "stddev" : 258974458.116166,
          "N" : 113645
        },
        "clat_ns" : {
          "min" : 10965,
          "max" : 8708629317,
          "mean" : 34328977.269568,
          "stddev" : 258974205.458463,
          "N" : 113645,
          "percentile" : {
            "1.000000" : 63232,
            "5.000000" : 160768,
            "10.000000" : 15925248,
            "20.000000" : 20578304,
            "30.000000" : 21889024,
            "40.000000" : 22937600,
            "50.000000" : 23986176,
            "60.000000" : 25034752,
            "70.000000" : 26345472,
            "80.000000" : 27918336,
            "90.000000" : 31588352,
            "95.000000" : 38535168,
            "99.000000" : 72876032,
            "99.500000" : 149946368,
            "99.900000" : 7147094016,
            "99.950000" : 7281311744,
            "99.990000" : 8657043456
          }
        },
        "lat_ns" : {
          "min" : 86254,
          "max" : 8823023392,
          "mean" : 68653805.954534,
          "stddev" : 375994868.982378,
          "N" : 113645
        },
        "bw_min" : 592,
        "bw_max" : 40714,
        "bw_agg" : 100.000000,
        "bw_mean" : 10117.628511,
        "bw_dev" : 73.306725,
        "bw_samples" : 5745,
        "iops_min" : 148,
        "iops_max" : 10171,
        "iops_mean" : 2529.265197,
        "iops_stddev" : 18.314980,
        "iops_samples" : 5745
      },
      "trim" : {
        "io_bytes" : 0,
        "io_kbytes" : 0,
        "bw_bytes" : 0,
        "bw" : 0,
        "iops" : 0.000000,
        "runtime" : 0,
        "total_ios" : 0,
        "short_ios" : 0,
        "drop_ios" : 0,
        "slat_ns" : {
          "min" : 0,
          "max" : 0,
          "mean" : 0.000000,
          "stddev" : 0.000000,
          "N" : 0
        },
        "clat_ns" : {
          "min" : 0,
          "max" : 0,
          "mean" : 0.000000,
          "stddev" : 0.000000,
          "N" : 0
        },
        "lat_ns" : {
          "min" : 0,
          "max" : 0,
          "mean" : 0.000000,
          "stddev" : 0.000000,
          "N" : 0
        },
        "bw_min" : 0,
        "bw_max" : 0,
        "bw_agg" : 0.000000,
        "bw_mean" : 0.000000,
        "bw_dev" : 0.000000,
        "bw_samples" : 0,
        "iops_min" : 0,
        "iops_max" : 0,
        "iops_mean" : 0.000000,
        "iops_stddev" : 0.000000,
        "iops_samples" : 0
      },
      "sync" : {
        "total_ios" : 0,
        "lat_ns" : {
          "min" : 0,
          "max" : 0,
          "mean" : 0.000000,
          "stddev" : 0.000000,
          "N" : 0
        }
      },
      "job_runtime" : 3909025,
      "usr_cpu" : 0.039294,
      "sys_cpu" : 0.077539,
      "ctx" : 267027,
      "majf" : 0,
      "minf" : 2577,
      "iodepth_level" : {
        "1" : 0.100000,
        "2" : 99.943684,
        "4" : 0.000000,
        "8" : 0.000000,
        "16" : 0.000000,
        "32" : 0.000000,
        ">=64" : 0.000000
      },
      "iodepth_submit" : {
        "0" : 0.000000,
        "4" : 100.000000,
        "8" : 0.000000,
        "16" : 0.000000,
        "32" : 0.000000,
        "64" : 0.000000,
        ">=64" : 0.000000
      },
      "iodepth_complete" : {
        "0" : 0.000000,
        "4" : 100.000000,
        "8" : 0.000000,
        "16" : 0.000000,
        "32" : 0.000000,
        "64" : 0.000000,
        ">=64" : 0.000000
      },
      "latency_ns" : {
        "2" : 0.000000,
        "4" : 0.000000,
        "10" : 0.000000,
        "20" : 0.000000,
        "50" : 0.000000,
        "100" : 0.000000,
        "250" : 0.000000,
        "500" : 0.000000,
        "750" : 0.000000,
        "1000" : 0.000000
      },
      "latency_us" : {
        "2" : 0.000000,
        "4" : 0.000000,
        "10" : 0.000000,
        "20" : 0.055436,
        "50" : 0.249901,
        "100" : 2.403097,
        "250" : 3.498614,
        "500" : 0.703067,
        "750" : 0.210304,
        "1000" : 0.118791
      },
      "latency_ms" : {
        "2" : 0.247261,
        "4" : 0.179506,
        "10" : 0.449646,
        "20" : 9.400326,
        "50" : 80.148709,
        "100" : 1.575960,
        "250" : 0.402129,
        "500" : 0.093273,
        "750" : 0.035197,
        "1000" : 0.045757,
        "2000" : 0.069515,
        ">=2000" : 0.113511
      },
      "latency_depth" : 2,
      "latency_target" : 0,
      "latency_percentile" : 100.000000,
      "latency_window" : 0
    }
  ]
}
