{
  "fio version" : "fio-3.29-112-gc3773",
  "timestamp" : 1649846729,
  "timestamp_ms" : 1649846729163,
  "time" : "Wed Apr 13 10:45:29 2022",
  "global options" : {
    "size" : "50M",
    "runtime" : "60",
    "directory" : "/mnt/mfs"
  },
  "jobs" : [
    {
      "jobname" : "iotest",
      "groupid" : 0,
      "error" : 0,
      "eta" : 0,
      "elapsed" : 88,
      "job options" : {
        "rw" : "write",
        "bs" : "4k",
        "ioengine" : "libaio",
        "iodepth" : "8",
        "numjobs" : "64",
        "direct" : "1",
        "group_reporting" : "1",
        "invalidate" : "1",
        "loops" : "1",
        "write_bw_log" : "./fio-bench-13-04-2022--09-45-32-seq-mfs/seqwrite/mfs/4k/write-iodepth-8-numjobs-64",
        "write_lat_log" : "./fio-bench-13-04-2022--09-45-32-seq-mfs/seqwrite/mfs/4k/write-iodepth-8-numjobs-64",
        "write_iops_log" : "./fio-bench-13-04-2022--09-45-32-seq-mfs/seqwrite/mfs/4k/write-iodepth-8-numjobs-64",
        "log_avg_msec" : "500"
      },
      "read" : {
        "io_bytes" : 0,
        "io_kbytes" : 0,
        "bw_bytes" : 0,
        "bw" : 0,
        "iops" : 0.000000,
        "runtime" : 0,
        "total_ios" : 0,
        "short_ios" : 0,
        "drop_ios" : 0,
        "slat_ns" : {
          "min" : 0,
          "max" : 0,
          "mean" : 0.000000,
          "stddev" : 0.000000,
          "N" : 0
        },
        "clat_ns" : {
          "min" : 0,
          "max" : 0,
          "mean" : 0.000000,
          "stddev" : 0.000000,
          "N" : 0
        },
        "lat_ns" : {
          "min" : 0,
          "max" : 0,
          "mean" : 0.000000,
          "stddev" : 0.000000,
          "N" : 0
        },
        "bw_min" : 0,
        "bw_max" : 0,
        "bw_agg" : 0.000000,
        "bw_mean" : 0.000000,
        "bw_dev" : 0.000000,
        "bw_samples" : 0,
        "iops_min" : 0,
        "iops_max" : 0,
        "iops_mean" : 0.000000,
        "iops_stddev" : 0.000000,
        "iops_samples" : 0
      },
      "write" : {
        "io_bytes" : 888782848,
        "io_kbytes" : 867952,
        "bw_bytes" : 14806137,
        "bw" : 14459,
        "iops" : 3614.779769,
        "runtime" : 60028,
        "total_ios" : 216988,
        "short_ios" : 0,
        "drop_ios" : 0,
        "slat_ns" : {
          "min" : 33804,
          "max" : 932973272,
          "mean" : 17630724.605328,
          "stddev" : 41028283.577969,
          "N" : 216988
        },
        "clat_ns" : {
          "min" : 10966,
          "max" : 1533054648,
          "mean" : 123549196.216846,
          "stddev" : 136677080.551976,
          "N" : 216988,
          "percentile" : {
            "1.000000" : 407552,
            "5.000000" : 1220608,
            "10.000000" : 6651904,
            "20.000000" : 11862016,
            "30.000000" : 16908288,
            "40.000000" : 43778048,
            "50.000000" : 83361792,
            "60.000000" : 121110528,
            "70.000000" : 162529280,
            "80.000000" : 219152384,
            "90.000000" : 304087040,
            "95.000000" : 387973120,
            "99.000000" : 591396864,
            "99.500000" : 683671552,
            "99.900000" : 926941184,
            "99.950000" : 1019215872,
            "99.990000" : 1233125376
          }
        },
        "lat_ns" : {
          "min" : 362477,
          "max" : 1707973688,
          "mean" : 141184383.474017,
          "stddev" : 150104322.198379,
          "N" : 216988
        },
        "bw_min" : 1200,
        "bw_max" : 165866,
        "bw_agg" : 99.971519,
        "bw_mean" : 14455.665752,
        "bw_dev" : 363.809522,
        "bw_samples" : 7667,
        "iops_min" : 300,
        "iops_max" : 41456,
        "iops_mean" : 3613.657543,
        "iops_stddev" : 90.935671,
        "iops_samples" : 7667
      },
      "trim" : {
        "io_bytes" : 0,
        "io_kbytes" : 0,
        "bw_bytes" : 0,
        "bw" : 0,
        "iops" : 0.000000,
        "runtime" : 0,
        "total_ios" : 0,
        "short_ios" : 0,
        "drop_ios" : 0,
        "slat_ns" : {
          "min" : 0,
          "max" : 0,
          "mean" : 0.000000,
          "stddev" : 0.000000,
          "N" : 0
        },
        "clat_ns" : {
          "min" : 0,
          "max" : 0,
          "mean" : 0.000000,
          "stddev" : 0.000000,
          "N" : 0
        },
        "lat_ns" : {
          "min" : 0,
          "max" : 0,
          "mean" : 0.000000,
          "stddev" : 0.000000,
          "N" : 0
        },
        "bw_min" : 0,
        "bw_max" : 0,
        "bw_agg" : 0.000000,
        "bw_mean" : 0.000000,
        "bw_dev" : 0.000000,
        "bw_samples" : 0,
        "iops_min" : 0,
        "iops_max" : 0,
        "iops_mean" : 0.000000,
        "iops_stddev" : 0.000000,
        "iops_samples" : 0
      },
      "sync" : {
        "total_ios" : 0,
        "lat_ns" : {
          "min" : 0,
          "max" : 0,
          "mean" : 0.000000,
          "stddev" : 0.000000,
          "N" : 0
        }
      },
      "job_runtime" : 3840930,
      "usr_cpu" : 0.048270,
      "sys_cpu" : 0.126115,
      "ctx" : 506827,
      "majf" : 0,
      "minf" : 2684,
      "iodepth_level" : {
        "1" : 0.100000,
        "2" : 0.100000,
        "4" : 0.117979,
        "8" : 99.793537,
        "16" : 0.000000,
        "32" : 0.000000,
        ">=64" : 0.000000
      },
      "iodepth_submit" : {
        "0" : 0.000000,
        "4" : 100.000000,
        "8" : 0.000000,
        "16" : 0.000000,
        "32" : 0.000000,
        "64" : 0.000000,
        ">=64" : 0.000000
      },
      "iodepth_complete" : {
        "0" : 0.000000,
        "4" : 99.970453,
        "8" : 0.100000,
        "16" : 0.000000,
        "32" : 0.000000,
        "64" : 0.000000,
        ">=64" : 0.000000
      },
      "latency_ns" : {
        "2" : 0.000000,
        "4" : 0.000000,
        "10" : 0.000000,
        "20" : 0.000000,
        "50" : 0.000000,
        "100" : 0.000000,
        "250" : 0.000000,
        "500" : 0.000000,
        "750" : 0.000000,
        "1000" : 0.000000
      },
      "latency_us" : {
        "2" : 0.000000,
        "4" : 0.000000,
        "10" : 0.000000,
        "20" : 0.028112,
        "50" : 0.010000,
        "100" : 0.010000,
        "250" : 0.000000,
        "500" : 1.981216,
        "750" : 1.272881,
        "1000" : 1.027707
      },
      "latency_ms" : {
        "2" : 1.802404,
        "4" : 1.812082,
        "10" : 7.182886,
        "20" : 17.712961,
        "50" : 8.610154,
        "100" : 12.964772,
        "250" : 29.993364,
        "500" : 13.550519,
        "750" : 1.770605,
        "1000" : 0.233193,
        "2000" : 0.055763,
        ">=2000" : 0.000000
      },
      "latency_depth" : 8,
      "latency_target" : 0,
      "latency_percentile" : 100.000000,
      "latency_window" : 0
    }
  ]
}
