{
  "fio version" : "fio-3.29-112-gc3773",
  "timestamp" : 1649847629,
  "timestamp_ms" : 1649847629613,
  "time" : "Wed Apr 13 11:00:29 2022",
  "global options" : {
    "size" : "50M",
    "runtime" : "60",
    "directory" : "/mnt/mfs"
  },
  "jobs" : [
    {
      "jobname" : "iotest",
      "groupid" : 0,
      "error" : 0,
      "eta" : 0,
      "elapsed" : 83,
      "job options" : {
        "rw" : "write",
        "bs" : "4k",
        "ioengine" : "libaio",
        "iodepth" : "64",
        "numjobs" : "32",
        "direct" : "1",
        "group_reporting" : "1",
        "invalidate" : "1",
        "loops" : "1",
        "write_bw_log" : "./fio-bench-13-04-2022--09-45-32-seq-mfs/seqwrite/mfs/4k/write-iodepth-64-numjobs-32",
        "write_lat_log" : "./fio-bench-13-04-2022--09-45-32-seq-mfs/seqwrite/mfs/4k/write-iodepth-64-numjobs-32",
        "write_iops_log" : "./fio-bench-13-04-2022--09-45-32-seq-mfs/seqwrite/mfs/4k/write-iodepth-64-numjobs-32",
        "log_avg_msec" : "500"
      },
      "read" : {
        "io_bytes" : 0,
        "io_kbytes" : 0,
        "bw_bytes" : 0,
        "bw" : 0,
        "iops" : 0.000000,
        "runtime" : 0,
        "total_ios" : 0,
        "short_ios" : 0,
        "drop_ios" : 0,
        "slat_ns" : {
          "min" : 0,
          "max" : 0,
          "mean" : 0.000000,
          "stddev" : 0.000000,
          "N" : 0
        },
        "clat_ns" : {
          "min" : 0,
          "max" : 0,
          "mean" : 0.000000,
          "stddev" : 0.000000,
          "N" : 0
        },
        "lat_ns" : {
          "min" : 0,
          "max" : 0,
          "mean" : 0.000000,
          "stddev" : 0.000000,
          "N" : 0
        },
        "bw_min" : 0,
        "bw_max" : 0,
        "bw_agg" : 0.000000,
        "bw_mean" : 0.000000,
        "bw_dev" : 0.000000,
        "bw_samples" : 0,
        "iops_min" : 0,
        "iops_max" : 0,
        "iops_mean" : 0.000000,
        "iops_stddev" : 0.000000,
        "iops_samples" : 0
      },
      "write" : {
        "io_bytes" : 934993920,
        "io_kbytes" : 913080,
        "bw_bytes" : 15577779,
        "bw" : 15212,
        "iops" : 3803.168891,
        "runtime" : 60021,
        "total_ios" : 228270,
        "short_ios" : 0,
        "drop_ios" : 0,
        "slat_ns" : {
          "min" : 32476,
          "max" : 529916375,
          "mean" : 8386219.533386,
          "stddev" : 20549216.337658,
          "N" : 228270
        },
        "clat_ns" : {
          "min" : 11803,
          "max" : 1916362486,
          "mean" : 529454039.851286,
          "stddev" : 349973954.816740,
          "N" : 228270,
          "percentile" : {
            "1.000000" : 38010880,
            "5.000000" : 50593792,
            "10.000000" : 53215232,
            "20.000000" : 57409536,
            "30.000000" : 248512512,
            "40.000000" : 530579456,
            "50.000000" : 616562688,
            "60.000000" : 683671552,
            "70.000000" : 750780416,
            "80.000000" : 826277888,
            "90.000000" : 926941184,
            "95.000000" : 1027604480,
            "99.000000" : 1249902592,
            "99.500000" : 1350565888,
            "99.900000" : 1619001344,
            "99.950000" : 1702887424,
            "99.990000" : 1803550720
          }
        },
        "lat_ns" : {
          "min" : 2714317,
          "max" : 1918369867,
          "mean" : 537844219.962382,
          "stddev" : 354738721.104535,
          "N" : 228270
        },
        "bw_min" : 2879,
        "bw_max" : 148279,
        "bw_agg" : 99.180454,
        "bw_mean" : 15088.871989,
        "bw_dev" : 688.157318,
        "bw_samples" : 3834,
        "iops_min" : 719,
        "iops_max" : 37068,
        "iops_mean" : 3771.773810,
        "iops_stddev" : 172.022447,
        "iops_samples" : 3834
      },
      "trim" : {
        "io_bytes" : 0,
        "io_kbytes" : 0,
        "bw_bytes" : 0,
        "bw" : 0,
        "iops" : 0.000000,
        "runtime" : 0,
        "total_ios" : 0,
        "short_ios" : 0,
        "drop_ios" : 0,
        "slat_ns" : {
          "min" : 0,
          "max" : 0,
          "mean" : 0.000000,
          "stddev" : 0.000000,
          "N" : 0
        },
        "clat_ns" : {
          "min" : 0,
          "max" : 0,
          "mean" : 0.000000,
          "stddev" : 0.000000,
          "N" : 0
        },
        "lat_ns" : {
          "min" : 0,
          "max" : 0,
          "mean" : 0.000000,
          "stddev" : 0.000000,
          "N" : 0
        },
        "bw_min" : 0,
        "bw_max" : 0,
        "bw_agg" : 0.000000,
        "bw_mean" : 0.000000,
        "bw_dev" : 0.000000,
        "bw_samples" : 0,
        "iops_min" : 0,
        "iops_max" : 0,
        "iops_mean" : 0.000000,
        "iops_stddev" : 0.000000,
        "iops_samples" : 0
      },
      "sync" : {
        "total_ios" : 0,
        "lat_ns" : {
          "min" : 0,
          "max" : 0,
          "mean" : 0.000000,
          "stddev" : 0.000000,
          "N" : 0
        }
      },
      "job_runtime" : 1920323,
      "usr_cpu" : 0.090714,
      "sys_cpu" : 0.263133,
      "ctx" : 533544,
      "majf" : 0,
      "minf" : 1370,
      "iodepth_level" : {
        "1" : 0.100000,
        "2" : 0.100000,
        "4" : 0.100000,
        "8" : 0.112148,
        "16" : 0.224296,
        "32" : 0.448592,
        ">=64" : 99.116835
      },
      "iodepth_submit" : {
        "0" : 0.000000,
        "4" : 100.000000,
        "8" : 0.000000,
        "16" : 0.000000,
        "32" : 0.000000,
        "64" : 0.000000,
        ">=64" : 0.000000
      },
      "iodepth_complete" : {
        "0" : 0.000000,
        "4" : 99.985859,
        "8" : 0.000000,
        "16" : 0.000000,
        "32" : 0.000000,
        "64" : 0.100000,
        ">=64" : 0.000000
      },
      "latency_ns" : {
        "2" : 0.000000,
        "4" : 0.000000,
        "10" : 0.000000,
        "20" : 0.000000,
        "50" : 0.000000,
        "100" : 0.000000,
        "250" : 0.000000,
        "500" : 0.000000,
        "750" : 0.000000,
        "1000" : 0.000000
      },
      "latency_us" : {
        "2" : 0.000000,
        "4" : 0.000000,
        "10" : 0.000000,
        "20" : 0.013142,
        "50" : 0.000000,
        "100" : 0.010000,
        "250" : 0.000000,
        "500" : 0.000000,
        "750" : 0.000000,
        "1000" : 0.010000
      },
      "latency_ms" : {
        "2" : 0.000000,
        "4" : 0.035922,
        "10" : 0.371490,
        "20" : 0.178736,
        "50" : 3.405178,
        "100" : 24.634424,
        "250" : 1.383888,
        "500" : 7.437683,
        "750" : 32.444912,
        "1000" : 24.062295,
        "2000" : 6.031454,
        ">=2000" : 0.000000
      },
      "latency_depth" : 64,
      "latency_target" : 0,
      "latency_percentile" : 100.000000,
      "latency_window" : 0
    }
  ]
}
