{
  "fio version" : "fio-3.29-112-gc3773",
  "timestamp" : 1649846959,
  "timestamp_ms" : 1649846959861,
  "time" : "Wed Apr 13 10:49:19 2022",
  "global options" : {
    "size" : "50M",
    "runtime" : "60",
    "directory" : "/mnt/mfs"
  },
  "jobs" : [
    {
      "jobname" : "iotest",
      "groupid" : 0,
      "error" : 0,
      "eta" : 0,
      "elapsed" : 84,
      "job options" : {
        "rw" : "write",
        "bs" : "4k",
        "ioengine" : "libaio",
        "iodepth" : "16",
        "numjobs" : "32",
        "direct" : "1",
        "group_reporting" : "1",
        "invalidate" : "1",
        "loops" : "1",
        "write_bw_log" : "./fio-bench-13-04-2022--09-45-32-seq-mfs/seqwrite/mfs/4k/write-iodepth-16-numjobs-32",
        "write_lat_log" : "./fio-bench-13-04-2022--09-45-32-seq-mfs/seqwrite/mfs/4k/write-iodepth-16-numjobs-32",
        "write_iops_log" : "./fio-bench-13-04-2022--09-45-32-seq-mfs/seqwrite/mfs/4k/write-iodepth-16-numjobs-32",
        "log_avg_msec" : "500"
      },
      "read" : {
        "io_bytes" : 0,
        "io_kbytes" : 0,
        "bw_bytes" : 0,
        "bw" : 0,
        "iops" : 0.000000,
        "runtime" : 0,
        "total_ios" : 0,
        "short_ios" : 0,
        "drop_ios" : 0,
        "slat_ns" : {
          "min" : 0,
          "max" : 0,
          "mean" : 0.000000,
          "stddev" : 0.000000,
          "N" : 0
        },
        "clat_ns" : {
          "min" : 0,
          "max" : 0,
          "mean" : 0.000000,
          "stddev" : 0.000000,
          "N" : 0
        },
        "lat_ns" : {
          "min" : 0,
          "max" : 0,
          "mean" : 0.000000,
          "stddev" : 0.000000,
          "N" : 0
        },
        "bw_min" : 0,
        "bw_max" : 0,
        "bw_agg" : 0.000000,
        "bw_mean" : 0.000000,
        "bw_dev" : 0.000000,
        "bw_samples" : 0,
        "iops_min" : 0,
        "iops_max" : 0,
        "iops_mean" : 0.000000,
        "iops_stddev" : 0.000000,
        "iops_samples" : 0
      },
      "write" : {
        "io_bytes" : 935682048,
        "io_kbytes" : 913752,
        "bw_bytes" : 15586907,
        "bw" : 15221,
        "iops" : 3805.397301,
        "runtime" : 60030,
        "total_ios" : 228438,
        "short_ios" : 0,
        "drop_ios" : 0,
        "slat_ns" : {
          "min" : 32546,
          "max" : 567326655,
          "mean" : 8378922.317500,
          "stddev" : 20565363.176517,
          "N" : 228438
        },
        "clat_ns" : {
          "min" : 13480,
          "max" : 1195717835,
          "mean" : 125965542.695900,
          "stddev" : 113738048.568750,
          "N" : 228438,
          "percentile" : {
            "1.000000" : 1875968,
            "5.000000" : 9895936,
            "10.000000" : 11468800,
            "20.000000" : 13828096,
            "30.000000" : 19267584,
            "40.000000" : 73924608,
            "50.000000" : 110624768,
            "60.000000" : 141557760,
            "70.000000" : 175112192,
            "80.000000" : 214958080,
            "90.000000" : 278921216,
            "95.000000" : 333447168,
            "99.000000" : 467664896,
            "99.500000" : 530579456,
            "99.900000" : 692060160,
            "99.950000" : 767557632,
            "99.990000" : 943718400
          }
        },
        "lat_ns" : {
          "min" : 846199,
          "max" : 1196312814,
          "mean" : 134348452.697489,
          "stddev" : 119114663.531128,
          "N" : 228438
        },
        "bw_min" : 2616,
        "bw_max" : 148271,
        "bw_agg" : 99.891018,
        "bw_mean" : 15205.489496,
        "bw_dev" : 712.167691,
        "bw_samples" : 3836,
        "iops_min" : 654,
        "iops_max" : 37065,
        "iops_mean" : 3800.994958,
        "iops_stddev" : 178.029575,
        "iops_samples" : 3836
      },
      "trim" : {
        "io_bytes" : 0,
        "io_kbytes" : 0,
        "bw_bytes" : 0,
        "bw" : 0,
        "iops" : 0.000000,
        "runtime" : 0,
        "total_ios" : 0,
        "short_ios" : 0,
        "drop_ios" : 0,
        "slat_ns" : {
          "min" : 0,
          "max" : 0,
          "mean" : 0.000000,
          "stddev" : 0.000000,
          "N" : 0
        },
        "clat_ns" : {
          "min" : 0,
          "max" : 0,
          "mean" : 0.000000,
          "stddev" : 0.000000,
          "N" : 0
        },
        "lat_ns" : {
          "min" : 0,
          "max" : 0,
          "mean" : 0.000000,
          "stddev" : 0.000000,
          "N" : 0
        },
        "bw_min" : 0,
        "bw_max" : 0,
        "bw_agg" : 0.000000,
        "bw_mean" : 0.000000,
        "bw_dev" : 0.000000,
        "bw_samples" : 0,
        "iops_min" : 0,
        "iops_max" : 0,
        "iops_mean" : 0.000000,
        "iops_stddev" : 0.000000,
        "iops_samples" : 0
      },
      "sync" : {
        "total_ios" : 0,
        "lat_ns" : {
          "min" : 0,
          "max" : 0,
          "mean" : 0.000000,
          "stddev" : 0.000000,
          "N" : 0
        }
      },
      "job_runtime" : 1920458,
      "usr_cpu" : 0.092113,
      "sys_cpu" : 0.259365,
      "ctx" : 534995,
      "majf" : 0,
      "minf" : 1373,
      "iodepth_level" : {
        "1" : 0.100000,
        "2" : 0.100000,
        "4" : 0.100000,
        "8" : 0.112065,
        "16" : 99.789877,
        "32" : 0.000000,
        ">=64" : 0.000000
      },
      "iodepth_submit" : {
        "0" : 0.000000,
        "4" : 100.000000,
        "8" : 0.000000,
        "16" : 0.000000,
        "32" : 0.000000,
        "64" : 0.000000,
        ">=64" : 0.000000
      },
      "iodepth_complete" : {
        "0" : 0.000000,
        "4" : 99.985964,
        "8" : 0.000000,
        "16" : 0.100000,
        "32" : 0.000000,
        "64" : 0.000000,
        ">=64" : 0.000000
      },
      "latency_ns" : {
        "2" : 0.000000,
        "4" : 0.000000,
        "10" : 0.000000,
        "20" : 0.000000,
        "50" : 0.000000,
        "100" : 0.000000,
        "250" : 0.000000,
        "500" : 0.000000,
        "750" : 0.000000,
        "1000" : 0.000000
      },
      "latency_us" : {
        "2" : 0.000000,
        "4" : 0.000000,
        "10" : 0.000000,
        "20" : 0.013133,
        "50" : 0.010000,
        "100" : 0.000000,
        "250" : 0.000000,
        "500" : 0.000000,
        "750" : 0.000000,
        "1000" : 0.075294
      },
      "latency_ms" : {
        "2" : 1.002898,
        "4" : 0.683774,
        "10" : 3.487598,
        "20" : 25.022982,
        "50" : 4.488308,
        "100" : 12.085993,
        "250" : 39.373922,
        "500" : 13.062625,
        "750" : 0.646127,
        "1000" : 0.049029,
        "2000" : 0.010000,
        ">=2000" : 0.000000
      },
      "latency_depth" : 16,
      "latency_target" : 0,
      "latency_percentile" : 100.000000,
      "latency_window" : 0
    }
  ]
}
