{
  "fio version" : "fio-3.29-112-gc3773",
  "timestamp" : 1649847047,
  "timestamp_ms" : 1649847047244,
  "time" : "Wed Apr 13 10:50:47 2022",
  "global options" : {
    "size" : "50M",
    "runtime" : "60",
    "directory" : "/mnt/mfs"
  },
  "jobs" : [
    {
      "jobname" : "iotest",
      "groupid" : 0,
      "error" : 0,
      "eta" : 0,
      "elapsed" : 87,
      "job options" : {
        "rw" : "write",
        "bs" : "4k",
        "ioengine" : "libaio",
        "iodepth" : "16",
        "numjobs" : "64",
        "direct" : "1",
        "group_reporting" : "1",
        "invalidate" : "1",
        "loops" : "1",
        "write_bw_log" : "./fio-bench-13-04-2022--09-45-32-seq-mfs/seqwrite/mfs/4k/write-iodepth-16-numjobs-64",
        "write_lat_log" : "./fio-bench-13-04-2022--09-45-32-seq-mfs/seqwrite/mfs/4k/write-iodepth-16-numjobs-64",
        "write_iops_log" : "./fio-bench-13-04-2022--09-45-32-seq-mfs/seqwrite/mfs/4k/write-iodepth-16-numjobs-64",
        "log_avg_msec" : "500"
      },
      "read" : {
        "io_bytes" : 0,
        "io_kbytes" : 0,
        "bw_bytes" : 0,
        "bw" : 0,
        "iops" : 0.000000,
        "runtime" : 0,
        "total_ios" : 0,
        "short_ios" : 0,
        "drop_ios" : 0,
        "slat_ns" : {
          "min" : 0,
          "max" : 0,
          "mean" : 0.000000,
          "stddev" : 0.000000,
          "N" : 0
        },
        "clat_ns" : {
          "min" : 0,
          "max" : 0,
          "mean" : 0.000000,
          "stddev" : 0.000000,
          "N" : 0
        },
        "lat_ns" : {
          "min" : 0,
          "max" : 0,
          "mean" : 0.000000,
          "stddev" : 0.000000,
          "N" : 0
        },
        "bw_min" : 0,
        "bw_max" : 0,
        "bw_agg" : 0.000000,
        "bw_mean" : 0.000000,
        "bw_dev" : 0.000000,
        "bw_samples" : 0,
        "iops_min" : 0,
        "iops_max" : 0,
        "iops_mean" : 0.000000,
        "iops_stddev" : 0.000000,
        "iops_samples" : 0
      },
      "write" : {
        "io_bytes" : 901128192,
        "io_kbytes" : 880008,
        "bw_bytes" : 15006048,
        "bw" : 14654,
        "iops" : 3663.585952,
        "runtime" : 60051,
        "total_ios" : 220002,
        "short_ios" : 0,
        "drop_ios" : 0,
        "slat_ns" : {
          "min" : 33454,
          "max" : 851581051,
          "mean" : 17394683.156844,
          "stddev" : 39465725.316948,
          "N" : 220002
        },
        "clat_ns" : {
          "min" : 11384,
          "max" : 1992661450,
          "mean" : 261251032.662026,
          "stddev" : 226644000.786138,
          "N" : 220002,
          "percentile" : {
            "1.000000" : 1187840,
            "5.000000" : 11337728,
            "10.000000" : 22675456,
            "20.000000" : 28180480,
            "30.000000" : 44302336,
            "40.000000" : 173015040,
            "50.000000" : 244318208,
            "60.000000" : 304087040,
            "70.000000" : 367001600,
            "80.000000" : 438304768,
            "90.000000" : 557842432,
            "95.000000" : 658505728,
            "99.000000" : 926941184,
            "99.500000" : 1061158912,
            "99.900000" : 1434451968,
            "99.950000" : 1535115264,
            "99.990000" : 1736441856
          }
        },
        "lat_ns" : {
          "min" : 735011,
          "max" : 1992885850,
          "mean" : 278650243.025209,
          "stddev" : 238188223.298641,
          "N" : 220002
        },
        "bw_min" : 1392,
        "bw_max" : 145380,
        "bw_agg" : 99.772465,
        "bw_mean" : 14621.511680,
        "bw_dev" : 347.937341,
        "bw_samples" : 7664,
        "iops_min" : 348,
        "iops_max" : 36326,
        "iops_mean" : 3654.344953,
        "iops_stddev" : 86.937083,
        "iops_samples" : 7664
      },
      "trim" : {
        "io_bytes" : 0,
        "io_kbytes" : 0,
        "bw_bytes" : 0,
        "bw" : 0,
        "iops" : 0.000000,
        "runtime" : 0,
        "total_ios" : 0,
        "short_ios" : 0,
        "drop_ios" : 0,
        "slat_ns" : {
          "min" : 0,
          "max" : 0,
          "mean" : 0.000000,
          "stddev" : 0.000000,
          "N" : 0
        },
        "clat_ns" : {
          "min" : 0,
          "max" : 0,
          "mean" : 0.000000,
          "stddev" : 0.000000,
          "N" : 0
        },
        "lat_ns" : {
          "min" : 0,
          "max" : 0,
          "mean" : 0.000000,
          "stddev" : 0.000000,
          "N" : 0
        },
        "bw_min" : 0,
        "bw_max" : 0,
        "bw_agg" : 0.000000,
        "bw_mean" : 0.000000,
        "bw_dev" : 0.000000,
        "bw_samples" : 0,
        "iops_min" : 0,
        "iops_max" : 0,
        "iops_mean" : 0.000000,
        "iops_stddev" : 0.000000,
        "iops_samples" : 0
      },
      "sync" : {
        "total_ios" : 0,
        "lat_ns" : {
          "min" : 0,
          "max" : 0,
          "mean" : 0.000000,
          "stddev" : 0.000000,
          "N" : 0
        }
      },
      "job_runtime" : 3841205,
      "usr_cpu" : 0.048891,
      "sys_cpu" : 0.127955,
      "ctx" : 513248,
      "majf" : 0,
      "minf" : 2626,
      "iodepth_level" : {
        "1" : 0.100000,
        "2" : 0.100000,
        "4" : 0.116363,
        "8" : 0.232725,
        "16" : 99.563640,
        "32" : 0.000000,
        ">=64" : 0.000000
      },
      "iodepth_submit" : {
        "0" : 0.000000,
        "4" : 100.000000,
        "8" : 0.000000,
        "16" : 0.000000,
        "32" : 0.000000,
        "64" : 0.000000,
        ">=64" : 0.000000
      },
      "iodepth_complete" : {
        "0" : 0.000000,
        "4" : 99.970790,
        "8" : 0.000000,
        "16" : 0.100000,
        "32" : 0.000000,
        "64" : 0.000000,
        ">=64" : 0.000000
      },
      "latency_ns" : {
        "2" : 0.000000,
        "4" : 0.000000,
        "10" : 0.000000,
        "20" : 0.000000,
        "50" : 0.000000,
        "100" : 0.000000,
        "250" : 0.000000,
        "500" : 0.000000,
        "750" : 0.000000,
        "1000" : 0.000000
      },
      "latency_us" : {
        "2" : 0.000000,
        "4" : 0.000000,
        "10" : 0.000000,
        "20" : 0.029091,
        "50" : 0.000000,
        "100" : 0.000000,
        "250" : 0.000000,
        "500" : 0.000000,
        "750" : 0.053636,
        "1000" : 0.470905
      },
      "latency_ms" : {
        "2" : 2.089981,
        "4" : 1.279988,
        "10" : 0.856356,
        "20" : 2.948155,
        "50" : 22.862519,
        "100" : 3.057245,
        "250" : 17.219843,
        "500" : 35.157408,
        "750" : 11.218534,
        "1000" : 2.075436,
        "2000" : 0.680903,
        ">=2000" : 0.000000
      },
      "latency_depth" : 16,
      "latency_target" : 0,
      "latency_percentile" : 100.000000,
      "latency_window" : 0
    }
  ]
}
