{
  "fio version" : "fio-3.29-112-gc3773",
  "timestamp" : 1649846641,
  "timestamp_ms" : 1649846641317,
  "time" : "Wed Apr 13 10:44:01 2022",
  "global options" : {
    "size" : "50M",
    "runtime" : "60",
    "directory" : "/mnt/mfs"
  },
  "jobs" : [
    {
      "jobname" : "iotest",
      "groupid" : 0,
      "error" : 0,
      "eta" : 0,
      "elapsed" : 85,
      "job options" : {
        "rw" : "write",
        "bs" : "4k",
        "ioengine" : "libaio",
        "iodepth" : "8",
        "numjobs" : "32",
        "direct" : "1",
        "group_reporting" : "1",
        "invalidate" : "1",
        "loops" : "1",
        "write_bw_log" : "./fio-bench-13-04-2022--09-45-32-seq-mfs/seqwrite/mfs/4k/write-iodepth-8-numjobs-32",
        "write_lat_log" : "./fio-bench-13-04-2022--09-45-32-seq-mfs/seqwrite/mfs/4k/write-iodepth-8-numjobs-32",
        "write_iops_log" : "./fio-bench-13-04-2022--09-45-32-seq-mfs/seqwrite/mfs/4k/write-iodepth-8-numjobs-32",
        "log_avg_msec" : "500"
      },
      "read" : {
        "io_bytes" : 0,
        "io_kbytes" : 0,
        "bw_bytes" : 0,
        "bw" : 0,
        "iops" : 0.000000,
        "runtime" : 0,
        "total_ios" : 0,
        "short_ios" : 0,
        "drop_ios" : 0,
        "slat_ns" : {
          "min" : 0,
          "max" : 0,
          "mean" : 0.000000,
          "stddev" : 0.000000,
          "N" : 0
        },
        "clat_ns" : {
          "min" : 0,
          "max" : 0,
          "mean" : 0.000000,
          "stddev" : 0.000000,
          "N" : 0
        },
        "lat_ns" : {
          "min" : 0,
          "max" : 0,
          "mean" : 0.000000,
          "stddev" : 0.000000,
          "N" : 0
        },
        "bw_min" : 0,
        "bw_max" : 0,
        "bw_agg" : 0.000000,
        "bw_mean" : 0.000000,
        "bw_dev" : 0.000000,
        "bw_samples" : 0,
        "iops_min" : 0,
        "iops_max" : 0,
        "iops_mean" : 0.000000,
        "iops_stddev" : 0.000000,
        "iops_samples" : 0
      },
      "write" : {
        "io_bytes" : 918327296,
        "io_kbytes" : 896804,
        "bw_bytes" : 15302904,
        "bw" : 14944,
        "iops" : 3736.060657,
        "runtime" : 60010,
        "total_ios" : 224201,
        "short_ios" : 0,
        "drop_ios" : 0,
        "slat_ns" : {
          "min" : 34223,
          "max" : 551937656,
          "mean" : 8538025.752856,
          "stddev" : 21227533.436658,
          "N" : 224201
        },
        "clat_ns" : {
          "min" : 10895,
          "max" : 1007980379,
          "mean" : 59899199.748516,
          "stddev" : 70752845.855491,
          "N" : 224201,
          "percentile" : {
            "1.000000" : 489472,
            "5.000000" : 1466368,
            "10.000000" : 3850240,
            "20.000000" : 5734400,
            "30.000000" : 7569408,
            "40.000000" : 15269888,
            "50.000000" : 34865152,
            "60.000000" : 54788096,
            "70.000000" : 78118912,
            "80.000000" : 107479040,
            "90.000000" : 152043520,
            "95.000000" : 196083712,
            "99.000000" : 312475648,
            "99.500000" : 362807296,
            "99.900000" : 497025024,
            "99.950000" : 557842432,
            "99.990000" : 759169024
          }
        },
        "lat_ns" : {
          "min" : 359753,
          "max" : 1027251096,
          "mean" : 68441172.385779,
          "stddev" : 77301836.741969,
          "N" : 224201
        },
        "bw_min" : 1712,
        "bw_max" : 149636,
        "bw_agg" : 99.944847,
        "bw_mean" : 14936.113655,
        "bw_dev" : 717.339675,
        "bw_samples" : 3837,
        "iops_min" : 428,
        "iops_max" : 37403,
        "iops_mean" : 3733.747059,
        "iops_stddev" : 179.316962,
        "iops_samples" : 3837
      },
      "trim" : {
        "io_bytes" : 0,
        "io_kbytes" : 0,
        "bw_bytes" : 0,
        "bw" : 0,
        "iops" : 0.000000,
        "runtime" : 0,
        "total_ios" : 0,
        "short_ios" : 0,
        "drop_ios" : 0,
        "slat_ns" : {
          "min" : 0,
          "max" : 0,
          "mean" : 0.000000,
          "stddev" : 0.000000,
          "N" : 0
        },
        "clat_ns" : {
          "min" : 0,
          "max" : 0,
          "mean" : 0.000000,
          "stddev" : 0.000000,
          "N" : 0
        },
        "lat_ns" : {
          "min" : 0,
          "max" : 0,
          "mean" : 0.000000,
          "stddev" : 0.000000,
          "N" : 0
        },
        "bw_min" : 0,
        "bw_max" : 0,
        "bw_agg" : 0.000000,
        "bw_mean" : 0.000000,
        "bw_dev" : 0.000000,
        "bw_samples" : 0,
        "iops_min" : 0,
        "iops_max" : 0,
        "iops_mean" : 0.000000,
        "iops_stddev" : 0.000000,
        "iops_samples" : 0
      },
      "sync" : {
        "total_ios" : 0,
        "lat_ns" : {
          "min" : 0,
          "max" : 0,
          "mean" : 0.000000,
          "stddev" : 0.000000,
          "N" : 0
        }
      },
      "job_runtime" : 1920136,
      "usr_cpu" : 0.096243,
      "sys_cpu" : 0.247691,
      "ctx" : 524387,
      "majf" : 0,
      "minf" : 1332,
      "iodepth_level" : {
        "1" : 0.100000,
        "2" : 0.100000,
        "4" : 0.100000,
        "8" : 99.900090,
        "16" : 0.000000,
        "32" : 0.000000,
        ">=64" : 0.000000
      },
      "iodepth_submit" : {
        "0" : 0.000000,
        "4" : 100.000000,
        "8" : 0.000000,
        "16" : 0.000000,
        "32" : 0.000000,
        "64" : 0.000000,
        ">=64" : 0.000000
      },
      "iodepth_complete" : {
        "0" : 0.000000,
        "4" : 99.985715,
        "8" : 0.100000,
        "16" : 0.000000,
        "32" : 0.000000,
        "64" : 0.000000,
        ">=64" : 0.000000
      },
      "latency_ns" : {
        "2" : 0.000000,
        "4" : 0.000000,
        "10" : 0.000000,
        "20" : 0.000000,
        "50" : 0.000000,
        "100" : 0.000000,
        "250" : 0.000000,
        "500" : 0.000000,
        "750" : 0.000000,
        "1000" : 0.000000
      },
      "latency_us" : {
        "2" : 0.000000,
        "4" : 0.000000,
        "10" : 0.000000,
        "20" : 0.012935,
        "50" : 0.010000,
        "100" : 0.000000,
        "250" : 0.000000,
        "500" : 1.028095,
        "750" : 1.106150,
        "1000" : 1.291252
      },
      "latency_ms" : {
        "2" : 2.610604,
        "4" : 4.540569,
        "10" : 25.396408,
        "20" : 6.399615,
        "50" : 15.205998,
        "100" : 20.130151,
        "250" : 20.036931,
        "500" : 2.141382,
        "750" : 0.088314,
        "1000" : 0.010000,
        "2000" : 0.010000,
        ">=2000" : 0.000000
      },
      "latency_depth" : 8,
      "latency_target" : 0,
      "latency_percentile" : 100.000000,
      "latency_window" : 0
    }
  ]
}
