{
  "fio version" : "fio-3.29-112-gc3773",
  "timestamp" : 1649846232,
  "timestamp_ms" : 1649846232439,
  "time" : "Wed Apr 13 10:37:12 2022",
  "global options" : {
    "size" : "50M",
    "runtime" : "60",
    "directory" : "/mnt/mfs"
  },
  "jobs" : [
    {
      "jobname" : "iotest",
      "groupid" : 0,
      "error" : 0,
      "eta" : 0,
      "elapsed" : 74,
      "job options" : {
        "rw" : "write",
        "bs" : "4k",
        "ioengine" : "libaio",
        "iodepth" : "4",
        "numjobs" : "16",
        "direct" : "1",
        "group_reporting" : "1",
        "invalidate" : "1",
        "loops" : "1",
        "write_bw_log" : "./fio-bench-13-04-2022--09-45-32-seq-mfs/seqwrite/mfs/4k/write-iodepth-4-numjobs-16",
        "write_lat_log" : "./fio-bench-13-04-2022--09-45-32-seq-mfs/seqwrite/mfs/4k/write-iodepth-4-numjobs-16",
        "write_iops_log" : "./fio-bench-13-04-2022--09-45-32-seq-mfs/seqwrite/mfs/4k/write-iodepth-4-numjobs-16",
        "log_avg_msec" : "500"
      },
      "read" : {
        "io_bytes" : 0,
        "io_kbytes" : 0,
        "bw_bytes" : 0,
        "bw" : 0,
        "iops" : 0.000000,
        "runtime" : 0,
        "total_ios" : 0,
        "short_ios" : 0,
        "drop_ios" : 0,
        "slat_ns" : {
          "min" : 0,
          "max" : 0,
          "mean" : 0.000000,
          "stddev" : 0.000000,
          "N" : 0
        },
        "clat_ns" : {
          "min" : 0,
          "max" : 0,
          "mean" : 0.000000,
          "stddev" : 0.000000,
          "N" : 0
        },
        "lat_ns" : {
          "min" : 0,
          "max" : 0,
          "mean" : 0.000000,
          "stddev" : 0.000000,
          "N" : 0
        },
        "bw_min" : 0,
        "bw_max" : 0,
        "bw_agg" : 0.000000,
        "bw_mean" : 0.000000,
        "bw_dev" : 0.000000,
        "bw_samples" : 0,
        "iops_min" : 0,
        "iops_max" : 0,
        "iops_mean" : 0.000000,
        "iops_stddev" : 0.000000,
        "iops_samples" : 0
      },
      "write" : {
        "io_bytes" : 838860800,
        "io_kbytes" : 819200,
        "bw_bytes" : 16714703,
        "bw" : 16322,
        "iops" : 4080.738040,
        "runtime" : 50187,
        "total_ios" : 204800,
        "short_ios" : 0,
        "drop_ios" : 0,
        "slat_ns" : {
          "min" : 33524,
          "max" : 120243400,
          "mean" : 3862900.374121,
          "stddev" : 8104494.121491,
          "N" : 204800
        },
        "clat_ns" : {
          "min" : 7823,
          "max" : 138884216,
          "mean" : 11666854.276323,
          "stddev" : 15674907.952256,
          "N" : 204800,
          "percentile" : {
            "1.000000" : 168960,
            "5.000000" : 284672,
            "10.000000" : 493568,
            "20.000000" : 872448,
            "30.000000" : 1220608,
            "40.000000" : 1662976,
            "50.000000" : 2867200,
            "60.000000" : 8028160,
            "70.000000" : 14483456,
            "80.000000" : 22413312,
            "90.000000" : 34865152,
            "95.000000" : 44826624,
            "99.000000" : 66322432,
            "99.500000" : 73924608,
            "99.900000" : 91750400,
            "99.950000" : 100139008,
            "99.990000" : 115867648
          }
        },
        "lat_ns" : {
          "min" : 66140,
          "max" : 169800780,
          "mean" : 15534772.809653,
          "stddev" : 18767893.023720,
          "N" : 204800
        },
        "bw_min" : 7608,
        "bw_max" : 153353,
        "bw_agg" : 100.000000,
        "bw_mean" : 16422.357050,
        "bw_dev" : 1590.082387,
        "bw_samples" : 1588,
        "iops_min" : 1902,
        "iops_max" : 38336,
        "iops_mean" : 4104.705125,
        "iops_stddev" : 397.518406,
        "iops_samples" : 1588
      },
      "trim" : {
        "io_bytes" : 0,
        "io_kbytes" : 0,
        "bw_bytes" : 0,
        "bw" : 0,
        "iops" : 0.000000,
        "runtime" : 0,
        "total_ios" : 0,
        "short_ios" : 0,
        "drop_ios" : 0,
        "slat_ns" : {
          "min" : 0,
          "max" : 0,
          "mean" : 0.000000,
          "stddev" : 0.000000,
          "N" : 0
        },
        "clat_ns" : {
          "min" : 0,
          "max" : 0,
          "mean" : 0.000000,
          "stddev" : 0.000000,
          "N" : 0
        },
        "lat_ns" : {
          "min" : 0,
          "max" : 0,
          "mean" : 0.000000,
          "stddev" : 0.000000,
          "N" : 0
        },
        "bw_min" : 0,
        "bw_max" : 0,
        "bw_agg" : 0.000000,
        "bw_mean" : 0.000000,
        "bw_dev" : 0.000000,
        "bw_samples" : 0,
        "iops_min" : 0,
        "iops_max" : 0,
        "iops_mean" : 0.000000,
        "iops_stddev" : 0.000000,
        "iops_samples" : 0
      },
      "sync" : {
        "total_ios" : 0,
        "lat_ns" : {
          "min" : 0,
          "max" : 0,
          "mean" : 0.000000,
          "stddev" : 0.000000,
          "N" : 0
        }
      },
      "job_runtime" : 796698,
      "usr_cpu" : 0.169073,
      "sys_cpu" : 0.551652,
      "ctx" : 522717,
      "majf" : 0,
      "minf" : 648,
      "iodepth_level" : {
        "1" : 0.100000,
        "2" : 0.100000,
        "4" : 99.976562,
        "8" : 0.000000,
        "16" : 0.000000,
        "32" : 0.000000,
        ">=64" : 0.000000
      },
      "iodepth_submit" : {
        "0" : 0.000000,
        "4" : 100.000000,
        "8" : 0.000000,
        "16" : 0.000000,
        "32" : 0.000000,
        "64" : 0.000000,
        ">=64" : 0.000000
      },
      "iodepth_complete" : {
        "0" : 0.000000,
        "4" : 100.000000,
        "8" : 0.000000,
        "16" : 0.000000,
        "32" : 0.000000,
        "64" : 0.000000,
        ">=64" : 0.000000
      },
      "latency_ns" : {
        "2" : 0.000000,
        "4" : 0.000000,
        "10" : 0.000000,
        "20" : 0.000000,
        "50" : 0.000000,
        "100" : 0.000000,
        "250" : 0.000000,
        "500" : 0.000000,
        "750" : 0.000000,
        "1000" : 0.000000
      },
      "latency_us" : {
        "2" : 0.000000,
        "4" : 0.000000,
        "10" : 0.010000,
        "20" : 0.000000,
        "50" : 0.010000,
        "100" : 0.010000,
        "250" : 3.858887,
        "500" : 6.312500,
        "750" : 6.214355,
        "1000" : 7.304688
      },
      "latency_ms" : {
        "2" : 20.928711,
        "4" : 8.334473,
        "10" : 10.348145,
        "20" : 14.125488,
        "50" : 19.186523,
        "100" : 3.327148,
        "250" : 0.050293,
        "500" : 0.000000,
        "750" : 0.000000,
        "1000" : 0.000000,
        "2000" : 0.000000,
        ">=2000" : 0.000000
      },
      "latency_depth" : 4,
      "latency_target" : 0,
      "latency_percentile" : 100.000000,
      "latency_window" : 0
    }
  ]
}
