{
  "fio version" : "fio-3.29-112-gc3773",
  "timestamp" : 1649845993,
  "timestamp_ms" : 1649845993340,
  "time" : "Wed Apr 13 10:33:13 2022",
  "global options" : {
    "size" : "50M",
    "runtime" : "60",
    "directory" : "/mnt/mfs"
  },
  "jobs" : [
    {
      "jobname" : "iotest",
      "groupid" : 0,
      "error" : 0,
      "eta" : 0,
      "elapsed" : 84,
      "job options" : {
        "rw" : "write",
        "bs" : "4k",
        "ioengine" : "libaio",
        "iodepth" : "2",
        "numjobs" : "32",
        "direct" : "1",
        "group_reporting" : "1",
        "invalidate" : "1",
        "loops" : "1",
        "write_bw_log" : "./fio-bench-13-04-2022--09-45-32-seq-mfs/seqwrite/mfs/4k/write-iodepth-2-numjobs-32",
        "write_lat_log" : "./fio-bench-13-04-2022--09-45-32-seq-mfs/seqwrite/mfs/4k/write-iodepth-2-numjobs-32",
        "write_iops_log" : "./fio-bench-13-04-2022--09-45-32-seq-mfs/seqwrite/mfs/4k/write-iodepth-2-numjobs-32",
        "log_avg_msec" : "500"
      },
      "read" : {
        "io_bytes" : 0,
        "io_kbytes" : 0,
        "bw_bytes" : 0,
        "bw" : 0,
        "iops" : 0.000000,
        "runtime" : 0,
        "total_ios" : 0,
        "short_ios" : 0,
        "drop_ios" : 0,
        "slat_ns" : {
          "min" : 0,
          "max" : 0,
          "mean" : 0.000000,
          "stddev" : 0.000000,
          "N" : 0
        },
        "clat_ns" : {
          "min" : 0,
          "max" : 0,
          "mean" : 0.000000,
          "stddev" : 0.000000,
          "N" : 0
        },
        "lat_ns" : {
          "min" : 0,
          "max" : 0,
          "mean" : 0.000000,
          "stddev" : 0.000000,
          "N" : 0
        },
        "bw_min" : 0,
        "bw_max" : 0,
        "bw_agg" : 0.000000,
        "bw_mean" : 0.000000,
        "bw_dev" : 0.000000,
        "bw_samples" : 0,
        "iops_min" : 0,
        "iops_max" : 0,
        "iops_mean" : 0.000000,
        "iops_stddev" : 0.000000,
        "iops_samples" : 0
      },
      "write" : {
        "io_bytes" : 911708160,
        "io_kbytes" : 890340,
        "bw_bytes" : 15187036,
        "bw" : 14831,
        "iops" : 3707.772521,
        "runtime" : 60032,
        "total_ios" : 222585,
        "short_ios" : 0,
        "drop_ios" : 0,
        "slat_ns" : {
          "min" : 33942,
          "max" : 462264477,
          "mean" : 8600204.995790,
          "stddev" : 21025744.509716,
          "N" : 222585
        },
        "clat_ns" : {
          "min" : 11314,
          "max" : 462284382,
          "mean" : 8623092.408222,
          "stddev" : 21027448.548919,
          "N" : 222585,
          "percentile" : {
            "1.000000" : 47872,
            "5.000000" : 48896,
            "10.000000" : 62208,
            "20.000000" : 89600,
            "30.000000" : 121344,
            "40.000000" : 171008,
            "50.000000" : 305152,
            "60.000000" : 872448,
            "70.000000" : 2605056,
            "80.000000" : 11075584,
            "90.000000" : 28442624,
            "95.000000" : 46399488,
            "99.000000" : 102236160,
            "99.500000" : 129499136,
            "99.900000" : 196083712,
            "99.950000" : 227540992,
            "99.990000" : 329252864
          }
        },
        "lat_ns" : {
          "min" : 82273,
          "max" : 570437882,
          "mean" : 17227593.830968,
          "stddev" : 31760622.580896,
          "N" : 222585
        },
        "bw_min" : 2080,
        "bw_max" : 150204,
        "bw_agg" : 100.000000,
        "bw_mean" : 14836.291667,
        "bw_dev" : 716.945717,
        "bw_samples" : 3840,
        "iops_min" : 520,
        "iops_max" : 37551,
        "iops_mean" : 3708.766667,
        "iops_stddev" : 179.221783,
        "iops_samples" : 3840
      },
      "trim" : {
        "io_bytes" : 0,
        "io_kbytes" : 0,
        "bw_bytes" : 0,
        "bw" : 0,
        "iops" : 0.000000,
        "runtime" : 0,
        "total_ios" : 0,
        "short_ios" : 0,
        "drop_ios" : 0,
        "slat_ns" : {
          "min" : 0,
          "max" : 0,
          "mean" : 0.000000,
          "stddev" : 0.000000,
          "N" : 0
        },
        "clat_ns" : {
          "min" : 0,
          "max" : 0,
          "mean" : 0.000000,
          "stddev" : 0.000000,
          "N" : 0
        },
        "lat_ns" : {
          "min" : 0,
          "max" : 0,
          "mean" : 0.000000,
          "stddev" : 0.000000,
          "N" : 0
        },
        "bw_min" : 0,
        "bw_max" : 0,
        "bw_agg" : 0.000000,
        "bw_mean" : 0.000000,
        "bw_dev" : 0.000000,
        "bw_samples" : 0,
        "iops_min" : 0,
        "iops_max" : 0,
        "iops_mean" : 0.000000,
        "iops_stddev" : 0.000000,
        "iops_samples" : 0
      },
      "sync" : {
        "total_ios" : 0,
        "lat_ns" : {
          "min" : 0,
          "max" : 0,
          "mean" : 0.000000,
          "stddev" : 0.000000,
          "N" : 0
        }
      },
      "job_runtime" : 1920678,
      "usr_cpu" : 0.090489,
      "sys_cpu" : 0.248610,
      "ctx" : 522579,
      "majf" : 0,
      "minf" : 1331,
      "iodepth_level" : {
        "1" : 0.100000,
        "2" : 99.985623,
        "4" : 0.000000,
        "8" : 0.000000,
        "16" : 0.000000,
        "32" : 0.000000,
        ">=64" : 0.000000
      },
      "iodepth_submit" : {
        "0" : 0.000000,
        "4" : 100.000000,
        "8" : 0.000000,
        "16" : 0.000000,
        "32" : 0.000000,
        "64" : 0.000000,
        ">=64" : 0.000000
      },
      "iodepth_complete" : {
        "0" : 0.000000,
        "4" : 100.000000,
        "8" : 0.000000,
        "16" : 0.000000,
        "32" : 0.000000,
        "64" : 0.000000,
        ">=64" : 0.000000
      },
      "latency_ns" : {
        "2" : 0.000000,
        "4" : 0.000000,
        "10" : 0.000000,
        "20" : 0.000000,
        "50" : 0.000000,
        "100" : 0.000000,
        "250" : 0.000000,
        "500" : 0.000000,
        "750" : 0.000000,
        "1000" : 0.000000
      },
      "latency_us" : {
        "2" : 0.000000,
        "4" : 0.000000,
        "10" : 0.000000,
        "20" : 0.013478,
        "50" : 6.886807,
        "100" : 16.594559,
        "250" : 23.783723,
        "500" : 7.577330,
        "750" : 3.708696,
        "1000" : 2.820945
      },
      "latency_ms" : {
        "2" : 6.515713,
        "4" : 5.040322,
        "10" : 6.201676,
        "20" : 6.832446,
        "50" : 9.621493,
        "100" : 3.356471,
        "250" : 1.011299,
        "500" : 0.035043,
        "750" : 0.000000,
        "1000" : 0.000000,
        "2000" : 0.000000,
        ">=2000" : 0.000000
      },
      "latency_depth" : 2,
      "latency_target" : 0,
      "latency_percentile" : 100.000000,
      "latency_window" : 0
    }
  ]
}
