{
  "fio version" : "fio-3.29-112-gc3773",
  "timestamp" : 1649846317,
  "timestamp_ms" : 1649846317200,
  "time" : "Wed Apr 13 10:38:37 2022",
  "global options" : {
    "size" : "50M",
    "runtime" : "60",
    "directory" : "/mnt/mfs"
  },
  "jobs" : [
    {
      "jobname" : "iotest",
      "groupid" : 0,
      "error" : 0,
      "eta" : 0,
      "elapsed" : 85,
      "job options" : {
        "rw" : "write",
        "bs" : "4k",
        "ioengine" : "libaio",
        "iodepth" : "4",
        "numjobs" : "32",
        "direct" : "1",
        "group_reporting" : "1",
        "invalidate" : "1",
        "loops" : "1",
        "write_bw_log" : "./fio-bench-13-04-2022--09-45-32-seq-mfs/seqwrite/mfs/4k/write-iodepth-4-numjobs-32",
        "write_lat_log" : "./fio-bench-13-04-2022--09-45-32-seq-mfs/seqwrite/mfs/4k/write-iodepth-4-numjobs-32",
        "write_iops_log" : "./fio-bench-13-04-2022--09-45-32-seq-mfs/seqwrite/mfs/4k/write-iodepth-4-numjobs-32",
        "log_avg_msec" : "500"
      },
      "read" : {
        "io_bytes" : 0,
        "io_kbytes" : 0,
        "bw_bytes" : 0,
        "bw" : 0,
        "iops" : 0.000000,
        "runtime" : 0,
        "total_ios" : 0,
        "short_ios" : 0,
        "drop_ios" : 0,
        "slat_ns" : {
          "min" : 0,
          "max" : 0,
          "mean" : 0.000000,
          "stddev" : 0.000000,
          "N" : 0
        },
        "clat_ns" : {
          "min" : 0,
          "max" : 0,
          "mean" : 0.000000,
          "stddev" : 0.000000,
          "N" : 0
        },
        "lat_ns" : {
          "min" : 0,
          "max" : 0,
          "mean" : 0.000000,
          "stddev" : 0.000000,
          "N" : 0
        },
        "bw_min" : 0,
        "bw_max" : 0,
        "bw_agg" : 0.000000,
        "bw_mean" : 0.000000,
        "bw_dev" : 0.000000,
        "bw_samples" : 0,
        "iops_min" : 0,
        "iops_max" : 0,
        "iops_mean" : 0.000000,
        "iops_stddev" : 0.000000,
        "iops_samples" : 0
      },
      "write" : {
        "io_bytes" : 920621056,
        "io_kbytes" : 899044,
        "bw_bytes" : 15340616,
        "bw" : 14981,
        "iops" : 3745.267613,
        "runtime" : 60012,
        "total_ios" : 224761,
        "short_ios" : 0,
        "drop_ios" : 0,
        "slat_ns" : {
          "min" : 32476,
          "max" : 770590000,
          "mean" : 8518453.863620,
          "stddev" : 20855312.821784,
          "N" : 224761
        },
        "clat_ns" : {
          "min" : 10477,
          "max" : 795912825,
          "mean" : 25614591.591668,
          "stddev" : 40573996.018980,
          "N" : 224761,
          "percentile" : {
            "1.000000" : 144384,
            "5.000000" : 226304,
            "10.000000" : 362496,
            "20.000000" : 839680,
            "30.000000" : 2113536,
            "40.000000" : 3325952,
            "50.000000" : 6324224,
            "60.000000" : 15400960,
            "70.000000" : 27394048,
            "80.000000" : 44302336,
            "90.000000" : 73924608,
            "95.000000" : 105381888,
            "99.000000" : 183500800,
            "99.500000" : 223346688,
            "99.900000" : 320864256,
            "99.950000" : 375390208,
            "99.990000" : 505413632
          }
        },
        "lat_ns" : {
          "min" : 76756,
          "max" : 846819053,
          "mean" : 34136930.790035,
          "stddev" : 48694832.517762,
          "N" : 224761
        },
        "bw_min" : 1760,
        "bw_max" : 151893,
        "bw_agg" : 99.986180,
        "bw_mean" : 14979.097689,
        "bw_dev" : 716.664671,
        "bw_samples" : 3838,
        "iops_min" : 440,
        "iops_max" : 37968,
        "iops_mean" : 3744.543067,
        "iops_stddev" : 179.151431,
        "iops_samples" : 3838
      },
      "trim" : {
        "io_bytes" : 0,
        "io_kbytes" : 0,
        "bw_bytes" : 0,
        "bw" : 0,
        "iops" : 0.000000,
        "runtime" : 0,
        "total_ios" : 0,
        "short_ios" : 0,
        "drop_ios" : 0,
        "slat_ns" : {
          "min" : 0,
          "max" : 0,
          "mean" : 0.000000,
          "stddev" : 0.000000,
          "N" : 0
        },
        "clat_ns" : {
          "min" : 0,
          "max" : 0,
          "mean" : 0.000000,
          "stddev" : 0.000000,
          "N" : 0
        },
        "lat_ns" : {
          "min" : 0,
          "max" : 0,
          "mean" : 0.000000,
          "stddev" : 0.000000,
          "N" : 0
        },
        "bw_min" : 0,
        "bw_max" : 0,
        "bw_agg" : 0.000000,
        "bw_mean" : 0.000000,
        "bw_dev" : 0.000000,
        "bw_samples" : 0,
        "iops_min" : 0,
        "iops_max" : 0,
        "iops_mean" : 0.000000,
        "iops_stddev" : 0.000000,
        "iops_samples" : 0
      },
      "sync" : {
        "total_ios" : 0,
        "lat_ns" : {
          "min" : 0,
          "max" : 0,
          "mean" : 0.000000,
          "stddev" : 0.000000,
          "N" : 0
        }
      },
      "job_runtime" : 1920228,
      "usr_cpu" : 0.087177,
      "sys_cpu" : 0.255490,
      "ctx" : 524413,
      "majf" : 0,
      "minf" : 1301,
      "iodepth_level" : {
        "1" : 0.100000,
        "2" : 0.100000,
        "4" : 99.957288,
        "8" : 0.000000,
        "16" : 0.000000,
        "32" : 0.000000,
        ">=64" : 0.000000
      },
      "iodepth_submit" : {
        "0" : 0.000000,
        "4" : 100.000000,
        "8" : 0.000000,
        "16" : 0.000000,
        "32" : 0.000000,
        "64" : 0.000000,
        ">=64" : 0.000000
      },
      "iodepth_complete" : {
        "0" : 0.000000,
        "4" : 100.000000,
        "8" : 0.000000,
        "16" : 0.000000,
        "32" : 0.000000,
        "64" : 0.000000,
        ">=64" : 0.000000
      },
      "latency_ns" : {
        "2" : 0.000000,
        "4" : 0.000000,
        "10" : 0.000000,
        "20" : 0.000000,
        "50" : 0.000000,
        "100" : 0.000000,
        "250" : 0.000000,
        "500" : 0.000000,
        "750" : 0.000000,
        "1000" : 0.000000
      },
      "latency_us" : {
        "2" : 0.000000,
        "4" : 0.000000,
        "10" : 0.000000,
        "20" : 0.013792,
        "50" : 0.010000,
        "100" : 0.010000,
        "250" : 5.738540,
        "500" : 8.953066,
        "750" : 4.368640,
        "1000" : 2.338039
      },
      "latency_ms" : {
        "2" : 7.652573,
        "4" : 14.529211,
        "10" : 11.134939,
        "20" : 9.247156,
        "50" : 18.540138,
        "100" : 11.816552,
        "250" : 5.334110,
        "500" : 0.321675,
        "750" : 0.010000,
        "1000" : 0.010000,
        "2000" : 0.000000,
        ">=2000" : 0.000000
      },
      "latency_depth" : 4,
      "latency_target" : 0,
      "latency_percentile" : 100.000000,
      "latency_window" : 0
    }
  ]
}
