{
  "fio version" : "fio-3.29-112-gc3773",
  "timestamp" : 1649847101,
  "timestamp_ms" : 1649847101853,
  "time" : "Wed Apr 13 10:51:41 2022",
  "global options" : {
    "size" : "50M",
    "runtime" : "60",
    "directory" : "/mnt/mfs"
  },
  "jobs" : [
    {
      "jobname" : "iotest",
      "groupid" : 0,
      "error" : 0,
      "eta" : 0,
      "elapsed" : 20,
      "job options" : {
        "rw" : "write",
        "bs" : "4k",
        "ioengine" : "libaio",
        "iodepth" : "32",
        "numjobs" : "4",
        "direct" : "1",
        "group_reporting" : "1",
        "invalidate" : "1",
        "loops" : "1",
        "write_bw_log" : "./fio-bench-13-04-2022--09-45-32-seq-mfs/seqwrite/mfs/4k/write-iodepth-32-numjobs-4",
        "write_lat_log" : "./fio-bench-13-04-2022--09-45-32-seq-mfs/seqwrite/mfs/4k/write-iodepth-32-numjobs-4",
        "write_iops_log" : "./fio-bench-13-04-2022--09-45-32-seq-mfs/seqwrite/mfs/4k/write-iodepth-32-numjobs-4",
        "log_avg_msec" : "500"
      },
      "read" : {
        "io_bytes" : 0,
        "io_kbytes" : 0,
        "bw_bytes" : 0,
        "bw" : 0,
        "iops" : 0.000000,
        "runtime" : 0,
        "total_ios" : 0,
        "short_ios" : 0,
        "drop_ios" : 0,
        "slat_ns" : {
          "min" : 0,
          "max" : 0,
          "mean" : 0.000000,
          "stddev" : 0.000000,
          "N" : 0
        },
        "clat_ns" : {
          "min" : 0,
          "max" : 0,
          "mean" : 0.000000,
          "stddev" : 0.000000,
          "N" : 0
        },
        "lat_ns" : {
          "min" : 0,
          "max" : 0,
          "mean" : 0.000000,
          "stddev" : 0.000000,
          "N" : 0
        },
        "bw_min" : 0,
        "bw_max" : 0,
        "bw_agg" : 0.000000,
        "bw_mean" : 0.000000,
        "bw_dev" : 0.000000,
        "bw_samples" : 0,
        "iops_min" : 0,
        "iops_max" : 0,
        "iops_mean" : 0.000000,
        "iops_stddev" : 0.000000,
        "iops_samples" : 0
      },
      "write" : {
        "io_bytes" : 209715200,
        "io_kbytes" : 204800,
        "bw_bytes" : 146142996,
        "bw" : 142717,
        "iops" : 35679.442509,
        "runtime" : 1435,
        "total_ios" : 51200,
        "short_ios" : 0,
        "drop_ios" : 0,
        "slat_ns" : {
          "min" : 32686,
          "max" : 1246739,
          "mean" : 92692.037930,
          "stddev" : 38518.123091,
          "N" : 51200
        },
        "clat_ns" : {
          "min" : 6285,
          "max" : 8343606,
          "mean" : 3404931.115254,
          "stddev" : 506094.869985,
          "N" : 51200,
          "percentile" : {
            "1.000000" : 1990656,
            "5.000000" : 2572288,
            "10.000000" : 2867200,
            "20.000000" : 3063808,
            "30.000000" : 3194880,
            "40.000000" : 3293184,
            "50.000000" : 3391488,
            "60.000000" : 3522560,
            "70.000000" : 3653632,
            "80.000000" : 3784704,
            "90.000000" : 3948544,
            "95.000000" : 4145152,
            "99.000000" : 4489216,
            "99.500000" : 4685824,
            "99.900000" : 6651904,
            "99.950000" : 6914048,
            "99.990000" : 7831552
          }
        },
        "lat_ns" : {
          "min" : 46025,
          "max" : 9482999,
          "mean" : 3501342.204922,
          "stddev" : 518655.928945,
          "N" : 51200
        },
        "bw_min" : 141549,
        "bw_max" : 147335,
        "bw_agg" : 100.000000,
        "bw_mean" : 144442.000000,
        "bw_dev" : 968.496110,
        "bw_samples" : 8,
        "iops_min" : 35387,
        "iops_max" : 36833,
        "iops_mean" : 36110.000000,
        "iops_stddev" : 242.172017,
        "iops_samples" : 8
      },
      "trim" : {
        "io_bytes" : 0,
        "io_kbytes" : 0,
        "bw_bytes" : 0,
        "bw" : 0,
        "iops" : 0.000000,
        "runtime" : 0,
        "total_ios" : 0,
        "short_ios" : 0,
        "drop_ios" : 0,
        "slat_ns" : {
          "min" : 0,
          "max" : 0,
          "mean" : 0.000000,
          "stddev" : 0.000000,
          "N" : 0
        },
        "clat_ns" : {
          "min" : 0,
          "max" : 0,
          "mean" : 0.000000,
          "stddev" : 0.000000,
          "N" : 0
        },
        "lat_ns" : {
          "min" : 0,
          "max" : 0,
          "mean" : 0.000000,
          "stddev" : 0.000000,
          "N" : 0
        },
        "bw_min" : 0,
        "bw_max" : 0,
        "bw_agg" : 0.000000,
        "bw_mean" : 0.000000,
        "bw_dev" : 0.000000,
        "bw_samples" : 0,
        "iops_min" : 0,
        "iops_max" : 0,
        "iops_mean" : 0.000000,
        "iops_stddev" : 0.000000,
        "iops_samples" : 0
      },
      "sync" : {
        "total_ios" : 0,
        "lat_ns" : {
          "min" : 0,
          "max" : 0,
          "mean" : 0.000000,
          "stddev" : 0.000000,
          "N" : 0
        }
      },
      "job_runtime" : 5639,
      "usr_cpu" : 4.238340,
      "sys_cpu" : 15.109062,
      "ctx" : 122226,
      "majf" : 0,
      "minf" : 158,
      "iodepth_level" : {
        "1" : 0.100000,
        "2" : 0.100000,
        "4" : 0.100000,
        "8" : 0.100000,
        "16" : 0.125000,
        "32" : 99.757812,
        ">=64" : 0.000000
      },
      "iodepth_submit" : {
        "0" : 0.000000,
        "4" : 100.000000,
        "8" : 0.000000,
        "16" : 0.000000,
        "32" : 0.000000,
        "64" : 0.000000,
        ">=64" : 0.000000
      },
      "iodepth_complete" : {
        "0" : 0.000000,
        "4" : 99.992169,
        "8" : 0.000000,
        "16" : 0.000000,
        "32" : 0.100000,
        "64" : 0.000000,
        ">=64" : 0.000000
      },
      "latency_ns" : {
        "2" : 0.000000,
        "4" : 0.000000,
        "10" : 0.000000,
        "20" : 0.000000,
        "50" : 0.000000,
        "100" : 0.000000,
        "250" : 0.000000,
        "500" : 0.000000,
        "750" : 0.000000,
        "1000" : 0.000000
      },
      "latency_us" : {
        "2" : 0.000000,
        "4" : 0.000000,
        "10" : 0.010000,
        "20" : 0.000000,
        "50" : 0.000000,
        "100" : 0.010000,
        "250" : 0.017578,
        "500" : 0.035156,
        "750" : 0.025391,
        "1000" : 0.029297
      },
      "latency_ms" : {
        "2" : 0.917969,
        "4" : 90.410156,
        "10" : 8.548828,
        "20" : 0.000000,
        "50" : 0.000000,
        "100" : 0.000000,
        "250" : 0.000000,
        "500" : 0.000000,
        "750" : 0.000000,
        "1000" : 0.000000,
        "2000" : 0.000000,
        ">=2000" : 0.000000
      },
      "latency_depth" : 32,
      "latency_target" : 0,
      "latency_percentile" : 100.000000,
      "latency_window" : 0
    }
  ]
}
