{
  "fio version" : "fio-3.29-112-gc3773",
  "timestamp" : 1649845673,
  "timestamp_ms" : 1649845673432,
  "time" : "Wed Apr 13 10:27:53 2022",
  "global options" : {
    "size" : "50M",
    "runtime" : "60",
    "directory" : "/mnt/mfs"
  },
  "jobs" : [
    {
      "jobname" : "iotest",
      "groupid" : 0,
      "error" : 0,
      "eta" : 0,
      "elapsed" : 83,
      "job options" : {
        "rw" : "write",
        "bs" : "4k",
        "ioengine" : "libaio",
        "iodepth" : "1",
        "numjobs" : "32",
        "direct" : "1",
        "group_reporting" : "1",
        "invalidate" : "1",
        "loops" : "1",
        "write_bw_log" : "./fio-bench-13-04-2022--09-45-32-seq-mfs/seqwrite/mfs/4k/write-iodepth-1-numjobs-32",
        "write_lat_log" : "./fio-bench-13-04-2022--09-45-32-seq-mfs/seqwrite/mfs/4k/write-iodepth-1-numjobs-32",
        "write_iops_log" : "./fio-bench-13-04-2022--09-45-32-seq-mfs/seqwrite/mfs/4k/write-iodepth-1-numjobs-32",
        "log_avg_msec" : "500"
      },
      "read" : {
        "io_bytes" : 0,
        "io_kbytes" : 0,
        "bw_bytes" : 0,
        "bw" : 0,
        "iops" : 0.000000,
        "runtime" : 0,
        "total_ios" : 0,
        "short_ios" : 0,
        "drop_ios" : 0,
        "slat_ns" : {
          "min" : 0,
          "max" : 0,
          "mean" : 0.000000,
          "stddev" : 0.000000,
          "N" : 0
        },
        "clat_ns" : {
          "min" : 0,
          "max" : 0,
          "mean" : 0.000000,
          "stddev" : 0.000000,
          "N" : 0
        },
        "lat_ns" : {
          "min" : 0,
          "max" : 0,
          "mean" : 0.000000,
          "stddev" : 0.000000,
          "N" : 0
        },
        "bw_min" : 0,
        "bw_max" : 0,
        "bw_agg" : 0.000000,
        "bw_mean" : 0.000000,
        "bw_dev" : 0.000000,
        "bw_samples" : 0,
        "iops_min" : 0,
        "iops_max" : 0,
        "iops_mean" : 0.000000,
        "iops_stddev" : 0.000000,
        "iops_samples" : 0
      },
      "write" : {
        "io_bytes" : 927268864,
        "io_kbytes" : 905536,
        "bw_bytes" : 15449846,
        "bw" : 15087,
        "iops" : 3771.935086,
        "runtime" : 60018,
        "total_ios" : 226384,
        "short_ios" : 0,
        "drop_ios" : 0,
        "slat_ns" : {
          "min" : 34012,
          "max" : 765324515,
          "mean" : 8457332.054125,
          "stddev" : 21008613.601212,
          "N" : 226384
        },
        "clat_ns" : {
          "min" : 1397,
          "max" : 8561442,
          "mean" : 3708.524467,
          "stddev" : 30201.895708,
          "N" : 226384,
          "percentile" : {
            "1.000000" : 1816,
            "5.000000" : 1880,
            "10.000000" : 1880,
            "20.000000" : 1960,
            "30.000000" : 2224,
            "40.000000" : 2640,
            "50.000000" : 2736,
            "60.000000" : 2736,
            "70.000000" : 2800,
            "80.000000" : 2928,
            "90.000000" : 3216,
            "95.000000" : 3504,
            "99.000000" : 27776,
            "99.500000" : 42752,
            "99.900000" : 124416,
            "99.950000" : 230400,
            "99.990000" : 897024
          }
        },
        "lat_ns" : {
          "min" : 37994,
          "max" : 765333036,
          "mean" : 8464969.543183,
          "stddev" : 21009028.917113,
          "N" : 226384
        },
        "bw_min" : 2096,
        "bw_max" : 152305,
        "bw_agg" : 100.000000,
        "bw_mean" : 15094.913936,
        "bw_dev" : 719.693310,
        "bw_samples" : 3839,
        "iops_min" : 524,
        "iops_max" : 38069,
        "iops_mean" : 3773.261765,
        "iops_stddev" : 179.887113,
        "iops_samples" : 3839
      },
      "trim" : {
        "io_bytes" : 0,
        "io_kbytes" : 0,
        "bw_bytes" : 0,
        "bw" : 0,
        "iops" : 0.000000,
        "runtime" : 0,
        "total_ios" : 0,
        "short_ios" : 0,
        "drop_ios" : 0,
        "slat_ns" : {
          "min" : 0,
          "max" : 0,
          "mean" : 0.000000,
          "stddev" : 0.000000,
          "N" : 0
        },
        "clat_ns" : {
          "min" : 0,
          "max" : 0,
          "mean" : 0.000000,
          "stddev" : 0.000000,
          "N" : 0
        },
        "lat_ns" : {
          "min" : 0,
          "max" : 0,
          "mean" : 0.000000,
          "stddev" : 0.000000,
          "N" : 0
        },
        "bw_min" : 0,
        "bw_max" : 0,
        "bw_agg" : 0.000000,
        "bw_mean" : 0.000000,
        "bw_dev" : 0.000000,
        "bw_samples" : 0,
        "iops_min" : 0,
        "iops_max" : 0,
        "iops_mean" : 0.000000,
        "iops_stddev" : 0.000000,
        "iops_samples" : 0
      },
      "sync" : {
        "total_ios" : 0,
        "lat_ns" : {
          "min" : 0,
          "max" : 0,
          "mean" : 0.000000,
          "stddev" : 0.000000,
          "N" : 0
        }
      },
      "job_runtime" : 1920425,
      "usr_cpu" : 0.087897,
      "sys_cpu" : 0.254215,
      "ctx" : 527591,
      "majf" : 0,
      "minf" : 1268,
      "iodepth_level" : {
        "1" : 100.000000,
        "2" : 0.000000,
        "4" : 0.000000,
        "8" : 0.000000,
        "16" : 0.000000,
        "32" : 0.000000,
        ">=64" : 0.000000
      },
      "iodepth_submit" : {
        "0" : 0.000000,
        "4" : 100.000000,
        "8" : 0.000000,
        "16" : 0.000000,
        "32" : 0.000000,
        "64" : 0.000000,
        ">=64" : 0.000000
      },
      "iodepth_complete" : {
        "0" : 0.000000,
        "4" : 100.000000,
        "8" : 0.000000,
        "16" : 0.000000,
        "32" : 0.000000,
        "64" : 0.000000,
        ">=64" : 0.000000
      },
      "latency_ns" : {
        "2" : 0.000000,
        "4" : 0.000000,
        "10" : 0.000000,
        "20" : 0.000000,
        "50" : 0.000000,
        "100" : 0.000000,
        "250" : 0.000000,
        "500" : 0.000000,
        "750" : 0.000000,
        "1000" : 0.000000
      },
      "latency_us" : {
        "2" : 22.986607,
        "4" : 74.223443,
        "10" : 0.177574,
        "20" : 1.177645,
        "50" : 1.039826,
        "100" : 0.254435,
        "250" : 0.092321,
        "500" : 0.024737,
        "750" : 0.010160,
        "1000" : 0.010000
      },
      "latency_ms" : {
        "2" : 0.010000,
        "4" : 0.010000,
        "10" : 0.010000,
        "20" : 0.000000,
        "50" : 0.000000,
        "100" : 0.000000,
        "250" : 0.000000,
        "500" : 0.000000,
        "750" : 0.000000,
        "1000" : 0.000000,
        "2000" : 0.000000,
        ">=2000" : 0.000000
      },
      "latency_depth" : 1,
      "latency_target" : 0,
      "latency_percentile" : 100.000000,
      "latency_window" : 0
    }
  ]
}
