{
  "fio version" : "fio-3.29-112-gc3773",
  "timestamp" : 1649846403,
  "timestamp_ms" : 1649846403843,
  "time" : "Wed Apr 13 10:40:03 2022",
  "global options" : {
    "size" : "50M",
    "runtime" : "60",
    "directory" : "/mnt/mfs"
  },
  "jobs" : [
    {
      "jobname" : "iotest",
      "groupid" : 0,
      "error" : 0,
      "eta" : 0,
      "elapsed" : 87,
      "job options" : {
        "rw" : "write",
        "bs" : "4k",
        "ioengine" : "libaio",
        "iodepth" : "4",
        "numjobs" : "64",
        "direct" : "1",
        "group_reporting" : "1",
        "invalidate" : "1",
        "loops" : "1",
        "write_bw_log" : "./fio-bench-13-04-2022--09-45-32-seq-mfs/seqwrite/mfs/4k/write-iodepth-4-numjobs-64",
        "write_lat_log" : "./fio-bench-13-04-2022--09-45-32-seq-mfs/seqwrite/mfs/4k/write-iodepth-4-numjobs-64",
        "write_iops_log" : "./fio-bench-13-04-2022--09-45-32-seq-mfs/seqwrite/mfs/4k/write-iodepth-4-numjobs-64",
        "log_avg_msec" : "500"
      },
      "read" : {
        "io_bytes" : 0,
        "io_kbytes" : 0,
        "bw_bytes" : 0,
        "bw" : 0,
        "iops" : 0.000000,
        "runtime" : 0,
        "total_ios" : 0,
        "short_ios" : 0,
        "drop_ios" : 0,
        "slat_ns" : {
          "min" : 0,
          "max" : 0,
          "mean" : 0.000000,
          "stddev" : 0.000000,
          "N" : 0
        },
        "clat_ns" : {
          "min" : 0,
          "max" : 0,
          "mean" : 0.000000,
          "stddev" : 0.000000,
          "N" : 0
        },
        "lat_ns" : {
          "min" : 0,
          "max" : 0,
          "mean" : 0.000000,
          "stddev" : 0.000000,
          "N" : 0
        },
        "bw_min" : 0,
        "bw_max" : 0,
        "bw_agg" : 0.000000,
        "bw_mean" : 0.000000,
        "bw_dev" : 0.000000,
        "bw_samples" : 0,
        "iops_min" : 0,
        "iops_max" : 0,
        "iops_mean" : 0.000000,
        "iops_stddev" : 0.000000,
        "iops_samples" : 0
      },
      "write" : {
        "io_bytes" : 870514688,
        "io_kbytes" : 850112,
        "bw_bytes" : 14502535,
        "bw" : 14162,
        "iops" : 3540.658059,
        "runtime" : 60025,
        "total_ios" : 212528,
        "short_ios" : 0,
        "drop_ios" : 0,
        "slat_ns" : {
          "min" : 32546,
          "max" : 788864917,
          "mean" : 18005030.534927,
          "stddev" : 40830236.188337,
          "N" : 212528
        },
        "clat_ns" : {
          "min" : 10407,
          "max" : 1029227678,
          "mean" : 54083968.270444,
          "stddev" : 77644866.360337,
          "N" : 212528,
          "percentile" : {
            "1.000000" : 146432,
            "5.000000" : 209920,
            "10.000000" : 354304,
            "20.000000" : 1286144,
            "30.000000" : 4685824,
            "40.000000" : 7962624,
            "50.000000" : 18481152,
            "60.000000" : 37486592,
            "70.000000" : 62128128,
            "80.000000" : 96993280,
            "90.000000" : 156237824,
            "95.000000" : 217055232,
            "99.000000" : 346030080,
            "99.500000" : 396361728,
            "99.900000" : 530579456,
            "99.950000" : 583008256,
            "99.990000" : 717225984
          }
        },
        "lat_ns" : {
          "min" : 176979,
          "max" : 1077690155,
          "mean" : 72093608.155838,
          "stddev" : 92905103.465510,
          "N" : 212528
        },
        "bw_min" : 1512,
        "bw_max" : 146271,
        "bw_agg" : 99.946113,
        "bw_mean" : 14155.842297,
        "bw_dev" : 353.421708,
        "bw_samples" : 7677,
        "iops_min" : 378,
        "iops_max" : 36564,
        "iops_mean" : 3538.679272,
        "iops_stddev" : 88.339852,
        "iops_samples" : 7677
      },
      "trim" : {
        "io_bytes" : 0,
        "io_kbytes" : 0,
        "bw_bytes" : 0,
        "bw" : 0,
        "iops" : 0.000000,
        "runtime" : 0,
        "total_ios" : 0,
        "short_ios" : 0,
        "drop_ios" : 0,
        "slat_ns" : {
          "min" : 0,
          "max" : 0,
          "mean" : 0.000000,
          "stddev" : 0.000000,
          "N" : 0
        },
        "clat_ns" : {
          "min" : 0,
          "max" : 0,
          "mean" : 0.000000,
          "stddev" : 0.000000,
          "N" : 0
        },
        "lat_ns" : {
          "min" : 0,
          "max" : 0,
          "mean" : 0.000000,
          "stddev" : 0.000000,
          "N" : 0
        },
        "bw_min" : 0,
        "bw_max" : 0,
        "bw_agg" : 0.000000,
        "bw_mean" : 0.000000,
        "bw_dev" : 0.000000,
        "bw_samples" : 0,
        "iops_min" : 0,
        "iops_max" : 0,
        "iops_mean" : 0.000000,
        "iops_stddev" : 0.000000,
        "iops_samples" : 0
      },
      "sync" : {
        "total_ios" : 0,
        "lat_ns" : {
          "min" : 0,
          "max" : 0,
          "mean" : 0.000000,
          "stddev" : 0.000000,
          "N" : 0
        }
      },
      "job_runtime" : 3840815,
      "usr_cpu" : 0.043611,
      "sys_cpu" : 0.127187,
      "ctx" : 498666,
      "majf" : 0,
      "minf" : 2546,
      "iodepth_level" : {
        "1" : 0.100000,
        "2" : 0.100000,
        "4" : 99.909659,
        "8" : 0.000000,
        "16" : 0.000000,
        "32" : 0.000000,
        ">=64" : 0.000000
      },
      "iodepth_submit" : {
        "0" : 0.000000,
        "4" : 100.000000,
        "8" : 0.000000,
        "16" : 0.000000,
        "32" : 0.000000,
        "64" : 0.000000,
        ">=64" : 0.000000
      },
      "iodepth_complete" : {
        "0" : 0.000000,
        "4" : 100.000000,
        "8" : 0.000000,
        "16" : 0.000000,
        "32" : 0.000000,
        "64" : 0.000000,
        ">=64" : 0.000000
      },
      "latency_ns" : {
        "2" : 0.000000,
        "4" : 0.000000,
        "10" : 0.000000,
        "20" : 0.000000,
        "50" : 0.000000,
        "100" : 0.000000,
        "250" : 0.000000,
        "500" : 0.000000,
        "750" : 0.000000,
        "1000" : 0.000000
      },
      "latency_us" : {
        "2" : 0.000000,
        "4" : 0.000000,
        "10" : 0.000000,
        "20" : 0.028232,
        "50" : 0.010000,
        "100" : 0.000000,
        "250" : 6.636773,
        "500" : 7.034838,
        "750" : 3.471543,
        "1000" : 1.646371
      },
      "latency_ms" : {
        "2" : 3.184522,
        "4" : 5.363058,
        "10" : 15.950839,
        "20" : 7.529831,
        "50" : 14.550553,
        "100" : 15.349507,
        "250" : 15.879790,
        "500" : 3.224987,
        "750" : 0.139746,
        "1000" : 0.010000,
        "2000" : 0.010000,
        ">=2000" : 0.000000
      },
      "latency_depth" : 4,
      "latency_target" : 0,
      "latency_percentile" : 100.000000,
      "latency_window" : 0
    }
  ]
}
