{
  "fio version" : "fio-3.29-112-gc3773",
  "timestamp" : 1649845590,
  "timestamp_ms" : 1649845590451,
  "time" : "Wed Apr 13 10:26:30 2022",
  "global options" : {
    "size" : "50M",
    "runtime" : "60",
    "directory" : "/mnt/mfs"
  },
  "jobs" : [
    {
      "jobname" : "iotest",
      "groupid" : 0,
      "error" : 0,
      "eta" : 0,
      "elapsed" : 76,
      "job options" : {
        "rw" : "write",
        "bs" : "4k",
        "ioengine" : "libaio",
        "iodepth" : "1",
        "numjobs" : "16",
        "direct" : "1",
        "group_reporting" : "1",
        "invalidate" : "1",
        "loops" : "1",
        "write_bw_log" : "./fio-bench-13-04-2022--09-45-32-seq-mfs/seqwrite/mfs/4k/write-iodepth-1-numjobs-16",
        "write_lat_log" : "./fio-bench-13-04-2022--09-45-32-seq-mfs/seqwrite/mfs/4k/write-iodepth-1-numjobs-16",
        "write_iops_log" : "./fio-bench-13-04-2022--09-45-32-seq-mfs/seqwrite/mfs/4k/write-iodepth-1-numjobs-16",
        "log_avg_msec" : "500"
      },
      "read" : {
        "io_bytes" : 0,
        "io_kbytes" : 0,
        "bw_bytes" : 0,
        "bw" : 0,
        "iops" : 0.000000,
        "runtime" : 0,
        "total_ios" : 0,
        "short_ios" : 0,
        "drop_ios" : 0,
        "slat_ns" : {
          "min" : 0,
          "max" : 0,
          "mean" : 0.000000,
          "stddev" : 0.000000,
          "N" : 0
        },
        "clat_ns" : {
          "min" : 0,
          "max" : 0,
          "mean" : 0.000000,
          "stddev" : 0.000000,
          "N" : 0
        },
        "lat_ns" : {
          "min" : 0,
          "max" : 0,
          "mean" : 0.000000,
          "stddev" : 0.000000,
          "N" : 0
        },
        "bw_min" : 0,
        "bw_max" : 0,
        "bw_agg" : 0.000000,
        "bw_mean" : 0.000000,
        "bw_dev" : 0.000000,
        "bw_samples" : 0,
        "iops_min" : 0,
        "iops_max" : 0,
        "iops_mean" : 0.000000,
        "iops_stddev" : 0.000000,
        "iops_samples" : 0
      },
      "write" : {
        "io_bytes" : 838860800,
        "io_kbytes" : 819200,
        "bw_bytes" : 16419275,
        "bw" : 16034,
        "iops" : 4008.612253,
        "runtime" : 51090,
        "total_ios" : 204800,
        "short_ios" : 0,
        "drop_ios" : 0,
        "slat_ns" : {
          "min" : 33733,
          "max" : 154154276,
          "mean" : 3938664.395703,
          "stddev" : 8257052.706054,
          "N" : 204800
        },
        "clat_ns" : {
          "min" : 1397,
          "max" : 2767327,
          "mean" : 4524.454121,
          "stddev" : 28377.692404,
          "N" : 204800,
          "percentile" : {
            "1.000000" : 1816,
            "5.000000" : 1880,
            "10.000000" : 1960,
            "20.000000" : 1960,
            "30.000000" : 2024,
            "40.000000" : 2640,
            "50.000000" : 2736,
            "60.000000" : 2736,
            "70.000000" : 2800,
            "80.000000" : 2864,
            "90.000000" : 2992,
            "95.000000" : 3152,
            "99.000000" : 39168,
            "99.500000" : 82432,
            "99.900000" : 374784,
            "99.950000" : 561152,
            "99.990000" : 1204224
          }
        },
        "lat_ns" : {
          "min" : 37923,
          "max" : 154161470,
          "mean" : 3948262.822285,
          "stddev" : 8258191.968638,
          "N" : 204800
        },
        "bw_min" : 5464,
        "bw_max" : 153896,
        "bw_agg" : 100.000000,
        "bw_mean" : 16059.068932,
        "bw_dev" : 1562.699558,
        "bw_samples" : 1616,
        "iops_min" : 1366,
        "iops_max" : 38474,
        "iops_mean" : 4013.970223,
        "iops_stddev" : 390.678492,
        "iops_samples" : 1616
      },
      "trim" : {
        "io_bytes" : 0,
        "io_kbytes" : 0,
        "bw_bytes" : 0,
        "bw" : 0,
        "iops" : 0.000000,
        "runtime" : 0,
        "total_ios" : 0,
        "short_ios" : 0,
        "drop_ios" : 0,
        "slat_ns" : {
          "min" : 0,
          "max" : 0,
          "mean" : 0.000000,
          "stddev" : 0.000000,
          "N" : 0
        },
        "clat_ns" : {
          "min" : 0,
          "max" : 0,
          "mean" : 0.000000,
          "stddev" : 0.000000,
          "N" : 0
        },
        "lat_ns" : {
          "min" : 0,
          "max" : 0,
          "mean" : 0.000000,
          "stddev" : 0.000000,
          "N" : 0
        },
        "bw_min" : 0,
        "bw_max" : 0,
        "bw_agg" : 0.000000,
        "bw_mean" : 0.000000,
        "bw_dev" : 0.000000,
        "bw_samples" : 0,
        "iops_min" : 0,
        "iops_max" : 0,
        "iops_mean" : 0.000000,
        "iops_stddev" : 0.000000,
        "iops_samples" : 0
      },
      "sync" : {
        "total_ios" : 0,
        "lat_ns" : {
          "min" : 0,
          "max" : 0,
          "mean" : 0.000000,
          "stddev" : 0.000000,
          "N" : 0
        }
      },
      "job_runtime" : 812044,
      "usr_cpu" : 0.156642,
      "sys_cpu" : 0.550832,
      "ctx" : 522944,
      "majf" : 0,
      "minf" : 641,
      "iodepth_level" : {
        "1" : 100.000000,
        "2" : 0.000000,
        "4" : 0.000000,
        "8" : 0.000000,
        "16" : 0.000000,
        "32" : 0.000000,
        ">=64" : 0.000000
      },
      "iodepth_submit" : {
        "0" : 0.000000,
        "4" : 100.000000,
        "8" : 0.000000,
        "16" : 0.000000,
        "32" : 0.000000,
        "64" : 0.000000,
        ">=64" : 0.000000
      },
      "iodepth_complete" : {
        "0" : 0.000000,
        "4" : 100.000000,
        "8" : 0.000000,
        "16" : 0.000000,
        "32" : 0.000000,
        "64" : 0.000000,
        ">=64" : 0.000000
      },
      "latency_ns" : {
        "2" : 0.000000,
        "4" : 0.000000,
        "10" : 0.000000,
        "20" : 0.000000,
        "50" : 0.000000,
        "100" : 0.000000,
        "250" : 0.000000,
        "500" : 0.000000,
        "750" : 0.000000,
        "1000" : 0.000000
      },
      "latency_us" : {
        "2" : 25.523926,
        "4" : 71.296875,
        "10" : 0.112793,
        "20" : 1.041016,
        "50" : 1.246582,
        "100" : 0.366211,
        "250" : 0.247559,
        "500" : 0.103027,
        "750" : 0.033203,
        "1000" : 0.012695
      },
      "latency_ms" : {
        "2" : 0.014160,
        "4" : 0.010000,
        "10" : 0.000000,
        "20" : 0.000000,
        "50" : 0.000000,
        "100" : 0.000000,
        "250" : 0.000000,
        "500" : 0.000000,
        "750" : 0.000000,
        "1000" : 0.000000,
        "2000" : 0.000000,
        ">=2000" : 0.000000
      },
      "latency_depth" : 1,
      "latency_target" : 0,
      "latency_percentile" : 100.000000,
      "latency_window" : 0
    }
  ]
}
