{
  "fio version" : "fio-3.29-112-gc3773",
  "timestamp" : 1649847385,
  "timestamp_ms" : 1649847385537,
  "time" : "Wed Apr 13 10:56:25 2022",
  "global options" : {
    "size" : "50M",
    "runtime" : "60",
    "directory" : "/mnt/mfs"
  },
  "jobs" : [
    {
      "jobname" : "iotest",
      "groupid" : 0,
      "error" : 0,
      "eta" : 0,
      "elapsed" : 83,
      "job options" : {
        "rw" : "write",
        "bs" : "4k",
        "ioengine" : "libaio",
        "iodepth" : "32",
        "numjobs" : "64",
        "direct" : "1",
        "group_reporting" : "1",
        "invalidate" : "1",
        "loops" : "1",
        "write_bw_log" : "./fio-bench-13-04-2022--09-45-32-seq-mfs/seqwrite/mfs/4k/write-iodepth-32-numjobs-64",
        "write_lat_log" : "./fio-bench-13-04-2022--09-45-32-seq-mfs/seqwrite/mfs/4k/write-iodepth-32-numjobs-64",
        "write_iops_log" : "./fio-bench-13-04-2022--09-45-32-seq-mfs/seqwrite/mfs/4k/write-iodepth-32-numjobs-64",
        "log_avg_msec" : "500"
      },
      "read" : {
        "io_bytes" : 0,
        "io_kbytes" : 0,
        "bw_bytes" : 0,
        "bw" : 0,
        "iops" : 0.000000,
        "runtime" : 0,
        "total_ios" : 0,
        "short_ios" : 0,
        "drop_ios" : 0,
        "slat_ns" : {
          "min" : 0,
          "max" : 0,
          "mean" : 0.000000,
          "stddev" : 0.000000,
          "N" : 0
        },
        "clat_ns" : {
          "min" : 0,
          "max" : 0,
          "mean" : 0.000000,
          "stddev" : 0.000000,
          "N" : 0
        },
        "lat_ns" : {
          "min" : 0,
          "max" : 0,
          "mean" : 0.000000,
          "stddev" : 0.000000,
          "N" : 0
        },
        "bw_min" : 0,
        "bw_max" : 0,
        "bw_agg" : 0.000000,
        "bw_mean" : 0.000000,
        "bw_dev" : 0.000000,
        "bw_samples" : 0,
        "iops_min" : 0,
        "iops_max" : 0,
        "iops_mean" : 0.000000,
        "iops_stddev" : 0.000000,
        "iops_samples" : 0
      },
      "write" : {
        "io_bytes" : 870760448,
        "io_kbytes" : 850352,
        "bw_bytes" : 14506871,
        "bw" : 14166,
        "iops" : 3541.716647,
        "runtime" : 60024,
        "total_ios" : 212588,
        "short_ios" : 0,
        "drop_ios" : 0,
        "slat_ns" : {
          "min" : 34502,
          "max" : 810098876,
          "mean" : 18000611.332140,
          "stddev" : 41793014.013806,
          "N" : 212588
        },
        "clat_ns" : {
          "min" : 11244,
          "max" : 2837078098,
          "mean" : 558674574.058367,
          "stddev" : 428376950.396916,
          "N" : 212588,
          "percentile" : {
            "1.000000" : 2834432,
            "5.000000" : 43778048,
            "10.000000" : 51642368,
            "20.000000" : 58458112,
            "30.000000" : 92798976,
            "40.000000" : 467664896,
            "50.000000" : 599785472,
            "60.000000" : 700448768,
            "70.000000" : 801112064,
            "80.000000" : 918552576,
            "90.000000" : 1098907648,
            "95.000000" : 1249902592,
            "99.000000" : 1635778560,
            "99.500000" : 1837105152,
            "99.900000" : 2264924160,
            "99.950000" : 2399141888,
            "99.990000" : 2667577344
          }
        },
        "lat_ns" : {
          "min" : 860865,
          "max" : 2910787831,
          "mean" : 576680053.144227,
          "stddev" : 439892425.722368,
          "N" : 212588
        },
        "bw_min" : 1338,
        "bw_max" : 142812,
        "bw_agg" : 99.196250,
        "bw_mean" : 14053.887185,
        "bw_dev" : 343.012020,
        "bw_samples" : 7656,
        "iops_min" : 330,
        "iops_max" : 35703,
        "iops_mean" : 3512.215336,
        "iops_stddev" : 85.744145,
        "iops_samples" : 7656
      },
      "trim" : {
        "io_bytes" : 0,
        "io_kbytes" : 0,
        "bw_bytes" : 0,
        "bw" : 0,
        "iops" : 0.000000,
        "runtime" : 0,
        "total_ios" : 0,
        "short_ios" : 0,
        "drop_ios" : 0,
        "slat_ns" : {
          "min" : 0,
          "max" : 0,
          "mean" : 0.000000,
          "stddev" : 0.000000,
          "N" : 0
        },
        "clat_ns" : {
          "min" : 0,
          "max" : 0,
          "mean" : 0.000000,
          "stddev" : 0.000000,
          "N" : 0
        },
        "lat_ns" : {
          "min" : 0,
          "max" : 0,
          "mean" : 0.000000,
          "stddev" : 0.000000,
          "N" : 0
        },
        "bw_min" : 0,
        "bw_max" : 0,
        "bw_agg" : 0.000000,
        "bw_mean" : 0.000000,
        "bw_dev" : 0.000000,
        "bw_samples" : 0,
        "iops_min" : 0,
        "iops_max" : 0,
        "iops_mean" : 0.000000,
        "iops_stddev" : 0.000000,
        "iops_samples" : 0
      },
      "sync" : {
        "total_ios" : 0,
        "lat_ns" : {
          "min" : 0,
          "max" : 0,
          "mean" : 0.000000,
          "stddev" : 0.000000,
          "N" : 0
        }
      },
      "job_runtime" : 3840533,
      "usr_cpu" : 0.045332,
      "sys_cpu" : 0.125087,
      "ctx" : 499177,
      "majf" : 0,
      "minf" : 2501,
      "iodepth_level" : {
        "1" : 0.100000,
        "2" : 0.100000,
        "4" : 0.120421,
        "8" : 0.240841,
        "16" : 0.481683,
        "32" : 99.066739,
        ">=64" : 0.000000
      },
      "iodepth_submit" : {
        "0" : 0.000000,
        "4" : 100.000000,
        "8" : 0.000000,
        "16" : 0.000000,
        "32" : 0.000000,
        "64" : 0.000000,
        ">=64" : 0.000000
      },
      "iodepth_complete" : {
        "0" : 0.000000,
        "4" : 99.969620,
        "8" : 0.000000,
        "16" : 0.000000,
        "32" : 0.100000,
        "64" : 0.000000,
        ">=64" : 0.000000
      },
      "latency_ns" : {
        "2" : 0.000000,
        "4" : 0.000000,
        "10" : 0.000000,
        "20" : 0.000000,
        "50" : 0.000000,
        "100" : 0.000000,
        "250" : 0.000000,
        "500" : 0.000000,
        "750" : 0.000000,
        "1000" : 0.000000
      },
      "latency_us" : {
        "2" : 0.000000,
        "4" : 0.000000,
        "10" : 0.000000,
        "20" : 0.029164,
        "50" : 0.010000,
        "100" : 0.000000,
        "250" : 0.000000,
        "500" : 0.000000,
        "750" : 0.000000,
        "1000" : 0.010000
      },
      "latency_ms" : {
        "2" : 0.125125,
        "4" : 2.170395,
        "10" : 0.801550,
        "20" : 0.338213,
        "50" : 4.437221,
        "100" : 22.405310,
        "250" : 2.518016,
        "500" : 9.294504,
        "750" : 23.264719,
        "1000" : 20.045346,
        "2000" : 14.285378,
        ">=2000" : 0.283647
      },
      "latency_depth" : 32,
      "latency_target" : 0,
      "latency_percentile" : 100.000000,
      "latency_window" : 0
    }
  ]
}
