{
  "fio version" : "fio-3.29-112-gc3773",
  "timestamp" : 1649847302,
  "timestamp_ms" : 1649847302289,
  "time" : "Wed Apr 13 10:55:02 2022",
  "global options" : {
    "size" : "50M",
    "runtime" : "60",
    "directory" : "/mnt/mfs"
  },
  "jobs" : [
    {
      "jobname" : "iotest",
      "groupid" : 0,
      "error" : 0,
      "eta" : 0,
      "elapsed" : 83,
      "job options" : {
        "rw" : "write",
        "bs" : "4k",
        "ioengine" : "libaio",
        "iodepth" : "32",
        "numjobs" : "32",
        "direct" : "1",
        "group_reporting" : "1",
        "invalidate" : "1",
        "loops" : "1",
        "write_bw_log" : "./fio-bench-13-04-2022--09-45-32-seq-mfs/seqwrite/mfs/4k/write-iodepth-32-numjobs-32",
        "write_lat_log" : "./fio-bench-13-04-2022--09-45-32-seq-mfs/seqwrite/mfs/4k/write-iodepth-32-numjobs-32",
        "write_iops_log" : "./fio-bench-13-04-2022--09-45-32-seq-mfs/seqwrite/mfs/4k/write-iodepth-32-numjobs-32",
        "log_avg_msec" : "500"
      },
      "read" : {
        "io_bytes" : 0,
        "io_kbytes" : 0,
        "bw_bytes" : 0,
        "bw" : 0,
        "iops" : 0.000000,
        "runtime" : 0,
        "total_ios" : 0,
        "short_ios" : 0,
        "drop_ios" : 0,
        "slat_ns" : {
          "min" : 0,
          "max" : 0,
          "mean" : 0.000000,
          "stddev" : 0.000000,
          "N" : 0
        },
        "clat_ns" : {
          "min" : 0,
          "max" : 0,
          "mean" : 0.000000,
          "stddev" : 0.000000,
          "N" : 0
        },
        "lat_ns" : {
          "min" : 0,
          "max" : 0,
          "mean" : 0.000000,
          "stddev" : 0.000000,
          "N" : 0
        },
        "bw_min" : 0,
        "bw_max" : 0,
        "bw_agg" : 0.000000,
        "bw_mean" : 0.000000,
        "bw_dev" : 0.000000,
        "bw_samples" : 0,
        "iops_min" : 0,
        "iops_max" : 0,
        "iops_mean" : 0.000000,
        "iops_stddev" : 0.000000,
        "iops_samples" : 0
      },
      "write" : {
        "io_bytes" : 929538048,
        "io_kbytes" : 907752,
        "bw_bytes" : 15483526,
        "bw" : 15120,
        "iops" : 3780.157911,
        "runtime" : 60034,
        "total_ios" : 226938,
        "short_ios" : 0,
        "drop_ios" : 0,
        "slat_ns" : {
          "min" : 34502,
          "max" : 554043864,
          "mean" : 8433089.903864,
          "stddev" : 20551527.799316,
          "N" : 226938
        },
        "clat_ns" : {
          "min" : 11034,
          "max" : 1704771598,
          "mean" : 262015845.769281,
          "stddev" : 196458836.199645,
          "N" : 226938,
          "percentile" : {
            "1.000000" : 3751936,
            "5.000000" : 21364736,
            "10.000000" : 24772608,
            "20.000000" : 28180480,
            "30.000000" : 82313216,
            "40.000000" : 217055232,
            "50.000000" : 274726912,
            "60.000000" : 320864256,
            "70.000000" : 371195904,
            "80.000000" : 425721856,
            "90.000000" : 513802240,
            "95.000000" : 583008256,
            "99.000000" : 759169024,
            "99.500000" : 826277888,
            "99.900000" : 1035993088,
            "99.950000" : 1098907648,
            "99.990000" : 1266679808
          }
        },
        "lat_ns" : {
          "min" : 1894519,
          "max" : 1763030523,
          "mean" : 270453185.594568,
          "stddev" : 201431857.894002,
          "N" : 226938
        },
        "bw_min" : 2544,
        "bw_max" : 149578,
        "bw_agg" : 99.618859,
        "bw_mean" : 15063.885994,
        "bw_dev" : 699.215075,
        "bw_samples" : 3839,
        "iops_min" : 636,
        "iops_max" : 37394,
        "iops_mean" : 3765.642297,
        "iops_stddev" : 174.793878,
        "iops_samples" : 3839
      },
      "trim" : {
        "io_bytes" : 0,
        "io_kbytes" : 0,
        "bw_bytes" : 0,
        "bw" : 0,
        "iops" : 0.000000,
        "runtime" : 0,
        "total_ios" : 0,
        "short_ios" : 0,
        "drop_ios" : 0,
        "slat_ns" : {
          "min" : 0,
          "max" : 0,
          "mean" : 0.000000,
          "stddev" : 0.000000,
          "N" : 0
        },
        "clat_ns" : {
          "min" : 0,
          "max" : 0,
          "mean" : 0.000000,
          "stddev" : 0.000000,
          "N" : 0
        },
        "lat_ns" : {
          "min" : 0,
          "max" : 0,
          "mean" : 0.000000,
          "stddev" : 0.000000,
          "N" : 0
        },
        "bw_min" : 0,
        "bw_max" : 0,
        "bw_agg" : 0.000000,
        "bw_mean" : 0.000000,
        "bw_dev" : 0.000000,
        "bw_samples" : 0,
        "iops_min" : 0,
        "iops_max" : 0,
        "iops_mean" : 0.000000,
        "iops_stddev" : 0.000000,
        "iops_samples" : 0
      },
      "sync" : {
        "total_ios" : 0,
        "lat_ns" : {
          "min" : 0,
          "max" : 0,
          "mean" : 0.000000,
          "stddev" : 0.000000,
          "N" : 0
        }
      },
      "job_runtime" : 1920712,
      "usr_cpu" : 0.088144,
      "sys_cpu" : 0.259904,
      "ctx" : 528700,
      "majf" : 0,
      "minf" : 1272,
      "iodepth_level" : {
        "1" : 0.100000,
        "2" : 0.100000,
        "4" : 0.100000,
        "8" : 0.112806,
        "16" : 0.225612,
        "32" : 99.562876,
        ">=64" : 0.000000
      },
      "iodepth_submit" : {
        "0" : 0.000000,
        "4" : 100.000000,
        "8" : 0.000000,
        "16" : 0.000000,
        "32" : 0.000000,
        "64" : 0.000000,
        ">=64" : 0.000000
      },
      "iodepth_complete" : {
        "0" : 0.000000,
        "4" : 99.985839,
        "8" : 0.000000,
        "16" : 0.000000,
        "32" : 0.100000,
        "64" : 0.000000,
        ">=64" : 0.000000
      },
      "latency_ns" : {
        "2" : 0.000000,
        "4" : 0.000000,
        "10" : 0.000000,
        "20" : 0.000000,
        "50" : 0.000000,
        "100" : 0.000000,
        "250" : 0.000000,
        "500" : 0.000000,
        "750" : 0.000000,
        "1000" : 0.000000
      },
      "latency_us" : {
        "2" : 0.000000,
        "4" : 0.000000,
        "10" : 0.000000,
        "20" : 0.014101,
        "50" : 0.000000,
        "100" : 0.000000,
        "250" : 0.000000,
        "500" : 0.000000,
        "750" : 0.000000,
        "1000" : 0.000000
      },
      "latency_ms" : {
        "2" : 0.028202,
        "4" : 1.045219,
        "10" : 0.804184,
        "20" : 1.980277,
        "50" : 25.287083,
        "100" : 1.241749,
        "250" : 15.072839,
        "500" : 43.445346,
        "750" : 10.033577,
        "1000" : 0.895399,
        "2000" : 0.152024,
        ">=2000" : 0.000000
      },
      "latency_depth" : 32,
      "latency_target" : 0,
      "latency_percentile" : 100.000000,
      "latency_window" : 0
    }
  ]
}
