{
  "fio version" : "fio-3.29-112-gc3773",
  "timestamp" : 1649847713,
  "timestamp_ms" : 1649847713533,
  "time" : "Wed Apr 13 11:01:53 2022",
  "global options" : {
    "size" : "50M",
    "runtime" : "60",
    "directory" : "/mnt/mfs"
  },
  "jobs" : [
    {
      "jobname" : "iotest",
      "groupid" : 0,
      "error" : 0,
      "eta" : 0,
      "elapsed" : 84,
      "job options" : {
        "rw" : "write",
        "bs" : "4k",
        "ioengine" : "libaio",
        "iodepth" : "64",
        "numjobs" : "64",
        "direct" : "1",
        "group_reporting" : "1",
        "invalidate" : "1",
        "loops" : "1",
        "write_bw_log" : "./fio-bench-13-04-2022--09-45-32-seq-mfs/seqwrite/mfs/4k/write-iodepth-64-numjobs-64",
        "write_lat_log" : "./fio-bench-13-04-2022--09-45-32-seq-mfs/seqwrite/mfs/4k/write-iodepth-64-numjobs-64",
        "write_iops_log" : "./fio-bench-13-04-2022--09-45-32-seq-mfs/seqwrite/mfs/4k/write-iodepth-64-numjobs-64",
        "log_avg_msec" : "500"
      },
      "read" : {
        "io_bytes" : 0,
        "io_kbytes" : 0,
        "bw_bytes" : 0,
        "bw" : 0,
        "iops" : 0.000000,
        "runtime" : 0,
        "total_ios" : 0,
        "short_ios" : 0,
        "drop_ios" : 0,
        "slat_ns" : {
          "min" : 0,
          "max" : 0,
          "mean" : 0.000000,
          "stddev" : 0.000000,
          "N" : 0
        },
        "clat_ns" : {
          "min" : 0,
          "max" : 0,
          "mean" : 0.000000,
          "stddev" : 0.000000,
          "N" : 0
        },
        "lat_ns" : {
          "min" : 0,
          "max" : 0,
          "mean" : 0.000000,
          "stddev" : 0.000000,
          "N" : 0
        },
        "bw_min" : 0,
        "bw_max" : 0,
        "bw_agg" : 0.000000,
        "bw_mean" : 0.000000,
        "bw_dev" : 0.000000,
        "bw_samples" : 0,
        "iops_min" : 0,
        "iops_max" : 0,
        "iops_mean" : 0.000000,
        "iops_stddev" : 0.000000,
        "iops_samples" : 0
      },
      "write" : {
        "io_bytes" : 883212288,
        "io_kbytes" : 862512,
        "bw_bytes" : 14705499,
        "bw" : 14360,
        "iops" : 3590.209790,
        "runtime" : 60060,
        "total_ios" : 215628,
        "short_ios" : 0,
        "drop_ios" : 0,
        "slat_ns" : {
          "min" : 34432,
          "max" : 881778179,
          "mean" : 17750936.685287,
          "stddev" : 40809479.243810,
          "N" : 215628
        },
        "clat_ns" : {
          "min" : 11943,
          "max" : 4300407327,
          "mean" : 1119534712.879858,
          "stddev" : 790325399.324708,
          "N" : 215628,
          "percentile" : {
            "1.000000" : 6520832,
            "5.000000" : 94896128,
            "10.000000" : 108527616,
            "20.000000" : 120061952,
            "30.000000" : 312475648,
            "40.000000" : 1082130432,
            "50.000000" : 1300234240,
            "60.000000" : 1434451968,
            "70.000000" : 1585446912,
            "80.000000" : 1753219072,
            "90.000000" : 2004877312,
            "95.000000" : 2298478592,
            "99.000000" : 3137339392,
            "99.500000" : 3372220416,
            "99.900000" : 3808428032,
            "99.950000" : 4009754624,
            "99.990000" : 4211081216
          }
        },
        "lat_ns" : {
          "min" : 3607868,
          "max" : 4301351723,
          "mean" : 1137290371.499429,
          "stddev" : 800839286.257072,
          "N" : 215628
        },
        "bw_min" : 1055,
        "bw_max" : 140993,
        "bw_agg" : 98.629336,
        "bw_mean" : 14164.631288,
        "bw_dev" : 335.376832,
        "bw_samples" : 7608,
        "iops_min" : 263,
        "iops_max" : 35243,
        "iops_mean" : 3538.583255,
        "iops_stddev" : 83.827203,
        "iops_samples" : 7608
      },
      "trim" : {
        "io_bytes" : 0,
        "io_kbytes" : 0,
        "bw_bytes" : 0,
        "bw" : 0,
        "iops" : 0.000000,
        "runtime" : 0,
        "total_ios" : 0,
        "short_ios" : 0,
        "drop_ios" : 0,
        "slat_ns" : {
          "min" : 0,
          "max" : 0,
          "mean" : 0.000000,
          "stddev" : 0.000000,
          "N" : 0
        },
        "clat_ns" : {
          "min" : 0,
          "max" : 0,
          "mean" : 0.000000,
          "stddev" : 0.000000,
          "N" : 0
        },
        "lat_ns" : {
          "min" : 0,
          "max" : 0,
          "mean" : 0.000000,
          "stddev" : 0.000000,
          "N" : 0
        },
        "bw_min" : 0,
        "bw_max" : 0,
        "bw_agg" : 0.000000,
        "bw_mean" : 0.000000,
        "bw_dev" : 0.000000,
        "bw_samples" : 0,
        "iops_min" : 0,
        "iops_max" : 0,
        "iops_mean" : 0.000000,
        "iops_stddev" : 0.000000,
        "iops_samples" : 0
      },
      "sync" : {
        "total_ios" : 0,
        "lat_ns" : {
          "min" : 0,
          "max" : 0,
          "mean" : 0.000000,
          "stddev" : 0.000000,
          "N" : 0
        }
      },
      "job_runtime" : 3842117,
      "usr_cpu" : 0.051690,
      "sys_cpu" : 0.122433,
      "ctx" : 505122,
      "majf" : 0,
      "minf" : 2558,
      "iodepth_level" : {
        "1" : 0.100000,
        "2" : 0.100000,
        "4" : 0.118723,
        "8" : 0.237446,
        "16" : 0.474892,
        "32" : 0.949784,
        ">=64" : 98.130113
      },
      "iodepth_submit" : {
        "0" : 0.000000,
        "4" : 100.000000,
        "8" : 0.000000,
        "16" : 0.000000,
        "32" : 0.000000,
        "64" : 0.000000,
        ">=64" : 0.000000
      },
      "iodepth_complete" : {
        "0" : 0.000000,
        "4" : 99.969763,
        "8" : 0.000000,
        "16" : 0.000000,
        "32" : 0.000000,
        "64" : 0.100000,
        ">=64" : 0.000000
      },
      "latency_ns" : {
        "2" : 0.000000,
        "4" : 0.000000,
        "10" : 0.000000,
        "20" : 0.000000,
        "50" : 0.000000,
        "100" : 0.000000,
        "250" : 0.000000,
        "500" : 0.000000,
        "750" : 0.000000,
        "1000" : 0.000000
      },
      "latency_us" : {
        "2" : 0.000000,
        "4" : 0.000000,
        "10" : 0.000000,
        "20" : 0.029681,
        "50" : 0.000000,
        "100" : 0.000000,
        "250" : 0.000000,
        "500" : 0.000000,
        "750" : 0.000000,
        "1000" : 0.000000
      },
      "latency_ms" : {
        "2" : 0.000000,
        "4" : 0.088578,
        "10" : 1.938988,
        "20" : 0.454950,
        "50" : 0.454023,
        "100" : 3.112305,
        "250" : 23.510861,
        "500" : 1.810989,
        "750" : 2.144434,
        "1000" : 3.955887,
        "2000" : 52.319272,
        ">=2000" : 10.180032
      },
      "latency_depth" : 64,
      "latency_target" : 0,
      "latency_percentile" : 100.000000,
      "latency_window" : 0
    }
  ]
}
