{
  "fio version" : "fio-3.29-112-gc3773",
  "timestamp" : 1649846079,
  "timestamp_ms" : 1649846079620,
  "time" : "Wed Apr 13 10:34:39 2022",
  "global options" : {
    "size" : "50M",
    "runtime" : "60",
    "directory" : "/mnt/mfs"
  },
  "jobs" : [
    {
      "jobname" : "iotest",
      "groupid" : 0,
      "error" : 0,
      "eta" : 0,
      "elapsed" : 86,
      "job options" : {
        "rw" : "write",
        "bs" : "4k",
        "ioengine" : "libaio",
        "iodepth" : "2",
        "numjobs" : "64",
        "direct" : "1",
        "group_reporting" : "1",
        "invalidate" : "1",
        "loops" : "1",
        "write_bw_log" : "./fio-bench-13-04-2022--09-45-32-seq-mfs/seqwrite/mfs/4k/write-iodepth-2-numjobs-64",
        "write_lat_log" : "./fio-bench-13-04-2022--09-45-32-seq-mfs/seqwrite/mfs/4k/write-iodepth-2-numjobs-64",
        "write_iops_log" : "./fio-bench-13-04-2022--09-45-32-seq-mfs/seqwrite/mfs/4k/write-iodepth-2-numjobs-64",
        "log_avg_msec" : "500"
      },
      "read" : {
        "io_bytes" : 0,
        "io_kbytes" : 0,
        "bw_bytes" : 0,
        "bw" : 0,
        "iops" : 0.000000,
        "runtime" : 0,
        "total_ios" : 0,
        "short_ios" : 0,
        "drop_ios" : 0,
        "slat_ns" : {
          "min" : 0,
          "max" : 0,
          "mean" : 0.000000,
          "stddev" : 0.000000,
          "N" : 0
        },
        "clat_ns" : {
          "min" : 0,
          "max" : 0,
          "mean" : 0.000000,
          "stddev" : 0.000000,
          "N" : 0
        },
        "lat_ns" : {
          "min" : 0,
          "max" : 0,
          "mean" : 0.000000,
          "stddev" : 0.000000,
          "N" : 0
        },
        "bw_min" : 0,
        "bw_max" : 0,
        "bw_agg" : 0.000000,
        "bw_mean" : 0.000000,
        "bw_dev" : 0.000000,
        "bw_samples" : 0,
        "iops_min" : 0,
        "iops_max" : 0,
        "iops_mean" : 0.000000,
        "iops_stddev" : 0.000000,
        "iops_samples" : 0
      },
      "write" : {
        "io_bytes" : 835842048,
        "io_kbytes" : 816252,
        "bw_bytes" : 13903588,
        "bw" : 13577,
        "iops" : 3394.430860,
        "runtime" : 60117,
        "total_ios" : 204063,
        "short_ios" : 0,
        "drop_ios" : 0,
        "slat_ns" : {
          "min" : 33454,
          "max" : 800589267,
          "mean" : 18778752.944414,
          "stddev" : 42903070.181487,
          "N" : 204063
        },
        "clat_ns" : {
          "min" : 11105,
          "max" : 800606309,
          "mean" : 18805025.122634,
          "stddev" : 42905440.182145,
          "N" : 204063,
          "percentile" : {
            "1.000000" : 48384,
            "5.000000" : 49408,
            "10.000000" : 58112,
            "20.000000" : 88576,
            "30.000000" : 129536,
            "40.000000" : 203776,
            "50.000000" : 477184,
            "60.000000" : 1908736,
            "70.000000" : 7766016,
            "80.000000" : 27656192,
            "90.000000" : 60555264,
            "95.000000" : 101187584,
            "99.000000" : 210763776,
            "99.500000" : 261095424,
            "99.900000" : 367001600,
            "99.950000" : 413138944,
            "99.990000" : 530579456
          }
        },
        "lat_ns" : {
          "min" : 83879,
          "max" : 930163132,
          "mean" : 37589955.124927,
          "stddev" : 63951021.053583,
          "N" : 204063
        },
        "bw_min" : 1280,
        "bw_max" : 150676,
        "bw_agg" : 100.000000,
        "bw_mean" : 13601.173586,
        "bw_dev" : 355.858256,
        "bw_samples" : 7674,
        "iops_min" : 320,
        "iops_max" : 37698,
        "iops_mean" : 3400.019900,
        "iops_stddev" : 88.954099,
        "iops_samples" : 7674
      },
      "trim" : {
        "io_bytes" : 0,
        "io_kbytes" : 0,
        "bw_bytes" : 0,
        "bw" : 0,
        "iops" : 0.000000,
        "runtime" : 0,
        "total_ios" : 0,
        "short_ios" : 0,
        "drop_ios" : 0,
        "slat_ns" : {
          "min" : 0,
          "max" : 0,
          "mean" : 0.000000,
          "stddev" : 0.000000,
          "N" : 0
        },
        "clat_ns" : {
          "min" : 0,
          "max" : 0,
          "mean" : 0.000000,
          "stddev" : 0.000000,
          "N" : 0
        },
        "lat_ns" : {
          "min" : 0,
          "max" : 0,
          "mean" : 0.000000,
          "stddev" : 0.000000,
          "N" : 0
        },
        "bw_min" : 0,
        "bw_max" : 0,
        "bw_agg" : 0.000000,
        "bw_mean" : 0.000000,
        "bw_dev" : 0.000000,
        "bw_samples" : 0,
        "iops_min" : 0,
        "iops_max" : 0,
        "iops_mean" : 0.000000,
        "iops_stddev" : 0.000000,
        "iops_samples" : 0
      },
      "sync" : {
        "total_ios" : 0,
        "lat_ns" : {
          "min" : 0,
          "max" : 0,
          "mean" : 0.000000,
          "stddev" : 0.000000,
          "N" : 0
        }
      },
      "job_runtime" : 3845579,
      "usr_cpu" : 0.042542,
      "sys_cpu" : 0.119254,
      "ctx" : 478163,
      "majf" : 0,
      "minf" : 2540,
      "iodepth_level" : {
        "1" : 0.100000,
        "2" : 99.968637,
        "4" : 0.000000,
        "8" : 0.000000,
        "16" : 0.000000,
        "32" : 0.000000,
        ">=64" : 0.000000
      },
      "iodepth_submit" : {
        "0" : 0.000000,
        "4" : 100.000000,
        "8" : 0.000000,
        "16" : 0.000000,
        "32" : 0.000000,
        "64" : 0.000000,
        ">=64" : 0.000000
      },
      "iodepth_complete" : {
        "0" : 0.000000,
        "4" : 100.000000,
        "8" : 0.000000,
        "16" : 0.000000,
        "32" : 0.000000,
        "64" : 0.000000,
        ">=64" : 0.000000
      },
      "latency_ns" : {
        "2" : 0.000000,
        "4" : 0.000000,
        "10" : 0.000000,
        "20" : 0.000000,
        "50" : 0.000000,
        "100" : 0.000000,
        "250" : 0.000000,
        "500" : 0.000000,
        "750" : 0.000000,
        "1000" : 0.000000
      },
      "latency_us" : {
        "2" : 0.000000,
        "4" : 0.000000,
        "10" : 0.000000,
        "20" : 0.031363,
        "50" : 6.154962,
        "100" : 17.017784,
        "250" : 20.124667,
        "500" : 6.988528,
        "750" : 2.759442,
        "1000" : 1.864130
      },
      "latency_ms" : {
        "2" : 5.538976,
        "4" : 5.475270,
        "10" : 5.503202,
        "20" : 5.089605,
        "50" : 11.077461,
        "100" : 7.306567,
        "250" : 4.492730,
        "500" : 0.556201,
        "750" : 0.018622,
        "1000" : 0.010000,
        "2000" : 0.000000,
        ">=2000" : 0.000000
      },
      "latency_depth" : 2,
      "latency_target" : 0,
      "latency_percentile" : 100.000000,
      "latency_window" : 0
    }
  ]
}
