{
  "fio version" : "fio-3.29-112-gc3773",
  "timestamp" : 1649845756,
  "timestamp_ms" : 1649845756978,
  "time" : "Wed Apr 13 10:29:16 2022",
  "global options" : {
    "size" : "50M",
    "runtime" : "60",
    "directory" : "/mnt/mfs"
  },
  "jobs" : [
    {
      "jobname" : "iotest",
      "groupid" : 0,
      "error" : 0,
      "eta" : 0,
      "elapsed" : 84,
      "job options" : {
        "rw" : "write",
        "bs" : "4k",
        "ioengine" : "libaio",
        "iodepth" : "1",
        "numjobs" : "64",
        "direct" : "1",
        "group_reporting" : "1",
        "invalidate" : "1",
        "loops" : "1",
        "write_bw_log" : "./fio-bench-13-04-2022--09-45-32-seq-mfs/seqwrite/mfs/4k/write-iodepth-1-numjobs-64",
        "write_lat_log" : "./fio-bench-13-04-2022--09-45-32-seq-mfs/seqwrite/mfs/4k/write-iodepth-1-numjobs-64",
        "write_iops_log" : "./fio-bench-13-04-2022--09-45-32-seq-mfs/seqwrite/mfs/4k/write-iodepth-1-numjobs-64",
        "log_avg_msec" : "500"
      },
      "read" : {
        "io_bytes" : 0,
        "io_kbytes" : 0,
        "bw_bytes" : 0,
        "bw" : 0,
        "iops" : 0.000000,
        "runtime" : 0,
        "total_ios" : 0,
        "short_ios" : 0,
        "drop_ios" : 0,
        "slat_ns" : {
          "min" : 0,
          "max" : 0,
          "mean" : 0.000000,
          "stddev" : 0.000000,
          "N" : 0
        },
        "clat_ns" : {
          "min" : 0,
          "max" : 0,
          "mean" : 0.000000,
          "stddev" : 0.000000,
          "N" : 0
        },
        "lat_ns" : {
          "min" : 0,
          "max" : 0,
          "mean" : 0.000000,
          "stddev" : 0.000000,
          "N" : 0
        },
        "bw_min" : 0,
        "bw_max" : 0,
        "bw_agg" : 0.000000,
        "bw_mean" : 0.000000,
        "bw_dev" : 0.000000,
        "bw_samples" : 0,
        "iops_min" : 0,
        "iops_max" : 0,
        "iops_mean" : 0.000000,
        "iops_stddev" : 0.000000,
        "iops_samples" : 0
      },
      "write" : {
        "io_bytes" : 897019904,
        "io_kbytes" : 875996,
        "bw_bytes" : 14941366,
        "bw" : 14591,
        "iops" : 3647.794657,
        "runtime" : 60036,
        "total_ios" : 218999,
        "short_ios" : 0,
        "drop_ios" : 0,
        "slat_ns" : {
          "min" : 33035,
          "max" : 666247538,
          "mean" : 17437256.388248,
          "stddev" : 39779148.752825,
          "N" : 218999
        },
        "clat_ns" : {
          "min" : 1396,
          "max" : 20653716,
          "mean" : 4565.946639,
          "stddev" : 103435.379187,
          "N" : 218999,
          "percentile" : {
            "1.000000" : 1816,
            "5.000000" : 1880,
            "10.000000" : 1960,
            "20.000000" : 2024,
            "30.000000" : 2224,
            "40.000000" : 2640,
            "50.000000" : 2736,
            "60.000000" : 2800,
            "70.000000" : 2928,
            "80.000000" : 3280,
            "90.000000" : 3632,
            "95.000000" : 3856,
            "99.000000" : 25728,
            "99.500000" : 41728,
            "99.900000" : 152576,
            "99.950000" : 366592,
            "99.990000" : 2056192
          }
        },
        "lat_ns" : {
          "min" : 36527,
          "max" : 666256966,
          "mean" : 17446936.994603,
          "stddev" : 39779076.688149,
          "N" : 218999
        },
        "bw_min" : 1567,
        "bw_max" : 190403,
        "bw_agg" : 100.000000,
        "bw_mean" : 14636.445504,
        "bw_dev" : 380.998082,
        "bw_samples" : 7650,
        "iops_min" : 391,
        "iops_max" : 47591,
        "iops_mean" : 3658.294569,
        "iops_stddev" : 95.220497,
        "iops_samples" : 7650
      },
      "trim" : {
        "io_bytes" : 0,
        "io_kbytes" : 0,
        "bw_bytes" : 0,
        "bw" : 0,
        "iops" : 0.000000,
        "runtime" : 0,
        "total_ios" : 0,
        "short_ios" : 0,
        "drop_ios" : 0,
        "slat_ns" : {
          "min" : 0,
          "max" : 0,
          "mean" : 0.000000,
          "stddev" : 0.000000,
          "N" : 0
        },
        "clat_ns" : {
          "min" : 0,
          "max" : 0,
          "mean" : 0.000000,
          "stddev" : 0.000000,
          "N" : 0
        },
        "lat_ns" : {
          "min" : 0,
          "max" : 0,
          "mean" : 0.000000,
          "stddev" : 0.000000,
          "N" : 0
        },
        "bw_min" : 0,
        "bw_max" : 0,
        "bw_agg" : 0.000000,
        "bw_mean" : 0.000000,
        "bw_dev" : 0.000000,
        "bw_samples" : 0,
        "iops_min" : 0,
        "iops_max" : 0,
        "iops_mean" : 0.000000,
        "iops_stddev" : 0.000000,
        "iops_samples" : 0
      },
      "sync" : {
        "total_ios" : 0,
        "lat_ns" : {
          "min" : 0,
          "max" : 0,
          "mean" : 0.000000,
          "stddev" : 0.000000,
          "N" : 0
        }
      },
      "job_runtime" : 3841334,
      "usr_cpu" : 0.047457,
      "sys_cpu" : 0.126076,
      "ctx" : 511587,
      "majf" : 0,
      "minf" : 2558,
      "iodepth_level" : {
        "1" : 100.000000,
        "2" : 0.000000,
        "4" : 0.000000,
        "8" : 0.000000,
        "16" : 0.000000,
        "32" : 0.000000,
        ">=64" : 0.000000
      },
      "iodepth_submit" : {
        "0" : 0.000000,
        "4" : 100.000000,
        "8" : 0.000000,
        "16" : 0.000000,
        "32" : 0.000000,
        "64" : 0.000000,
        ">=64" : 0.000000
      },
      "iodepth_complete" : {
        "0" : 0.000000,
        "4" : 100.000000,
        "8" : 0.000000,
        "16" : 0.000000,
        "32" : 0.000000,
        "64" : 0.000000,
        ">=64" : 0.000000
      },
      "latency_ns" : {
        "2" : 0.000000,
        "4" : 0.000000,
        "10" : 0.000000,
        "20" : 0.000000,
        "50" : 0.000000,
        "100" : 0.000000,
        "250" : 0.000000,
        "500" : 0.000000,
        "750" : 0.000000,
        "1000" : 0.000000
      },
      "latency_us" : {
        "2" : 19.744839,
        "4" : 76.939621,
        "10" : 0.991329,
        "20" : 0.921922,
        "50" : 1.011877,
        "100" : 0.219636,
        "250" : 0.105023,
        "500" : 0.025114,
        "750" : 0.012329,
        "1000" : 0.010000
      },
      "latency_ms" : {
        "2" : 0.010046,
        "4" : 0.010000,
        "10" : 0.010000,
        "20" : 0.010000,
        "50" : 0.010000,
        "100" : 0.000000,
        "250" : 0.000000,
        "500" : 0.000000,
        "750" : 0.000000,
        "1000" : 0.000000,
        "2000" : 0.000000,
        ">=2000" : 0.000000
      },
      "latency_depth" : 1,
      "latency_target" : 0,
      "latency_percentile" : 100.000000,
      "latency_window" : 0
    }
  ]
}
