{
  "fio version" : "fio-3.29-112-gc3773",
  "timestamp" : 1649845909,
  "timestamp_ms" : 1649845909494,
  "time" : "Wed Apr 13 10:31:49 2022",
  "global options" : {
    "size" : "50M",
    "runtime" : "60",
    "directory" : "/mnt/mfs"
  },
  "jobs" : [
    {
      "jobname" : "iotest",
      "groupid" : 0,
      "error" : 0,
      "eta" : 0,
      "elapsed" : 77,
      "job options" : {
        "rw" : "write",
        "bs" : "4k",
        "ioengine" : "libaio",
        "iodepth" : "2",
        "numjobs" : "16",
        "direct" : "1",
        "group_reporting" : "1",
        "invalidate" : "1",
        "loops" : "1",
        "write_bw_log" : "./fio-bench-13-04-2022--09-45-32-seq-mfs/seqwrite/mfs/4k/write-iodepth-2-numjobs-16",
        "write_lat_log" : "./fio-bench-13-04-2022--09-45-32-seq-mfs/seqwrite/mfs/4k/write-iodepth-2-numjobs-16",
        "write_iops_log" : "./fio-bench-13-04-2022--09-45-32-seq-mfs/seqwrite/mfs/4k/write-iodepth-2-numjobs-16",
        "log_avg_msec" : "500"
      },
      "read" : {
        "io_bytes" : 0,
        "io_kbytes" : 0,
        "bw_bytes" : 0,
        "bw" : 0,
        "iops" : 0.000000,
        "runtime" : 0,
        "total_ios" : 0,
        "short_ios" : 0,
        "drop_ios" : 0,
        "slat_ns" : {
          "min" : 0,
          "max" : 0,
          "mean" : 0.000000,
          "stddev" : 0.000000,
          "N" : 0
        },
        "clat_ns" : {
          "min" : 0,
          "max" : 0,
          "mean" : 0.000000,
          "stddev" : 0.000000,
          "N" : 0
        },
        "lat_ns" : {
          "min" : 0,
          "max" : 0,
          "mean" : 0.000000,
          "stddev" : 0.000000,
          "N" : 0
        },
        "bw_min" : 0,
        "bw_max" : 0,
        "bw_agg" : 0.000000,
        "bw_mean" : 0.000000,
        "bw_dev" : 0.000000,
        "bw_samples" : 0,
        "iops_min" : 0,
        "iops_max" : 0,
        "iops_mean" : 0.000000,
        "iops_stddev" : 0.000000,
        "iops_samples" : 0
      },
      "write" : {
        "io_bytes" : 838860800,
        "io_kbytes" : 819200,
        "bw_bytes" : 16376323,
        "bw" : 15992,
        "iops" : 3998.125878,
        "runtime" : 51224,
        "total_ios" : 204800,
        "short_ios" : 0,
        "drop_ios" : 0,
        "slat_ns" : {
          "min" : 33942,
          "max" : 531072809,
          "mean" : 3949952.994395,
          "stddev" : 9504562.435284,
          "N" : 204800
        },
        "clat_ns" : {
          "min" : 5937,
          "max" : 531091667,
          "mean" : 3979202.381963,
          "stddev" : 9507834.394358,
          "N" : 204800,
          "percentile" : {
            "1.000000" : 47872,
            "5.000000" : 51456,
            "10.000000" : 70144,
            "20.000000" : 99840,
            "30.000000" : 166912,
            "40.000000" : 272384,
            "50.000000" : 423936,
            "60.000000" : 700416,
            "70.000000" : 1417216,
            "80.000000" : 5406720,
            "90.000000" : 13434880,
            "95.000000" : 21889024,
            "99.000000" : 39059456,
            "99.500000" : 46923776,
            "99.900000" : 69730304,
            "99.950000" : 77070336,
            "99.990000" : 120061952
          }
        },
        "lat_ns" : {
          "min" : 45467,
          "max" : 558977393,
          "mean" : 7934168.350742,
          "stddev" : 14065391.683830,
          "N" : 204800
        },
        "bw_min" : 1832,
        "bw_max" : 153010,
        "bw_agg" : 100.000000,
        "bw_mean" : 16001.912541,
        "bw_dev" : 1580.981128,
        "bw_samples" : 1621,
        "iops_min" : 458,
        "iops_max" : 38252,
        "iops_mean" : 3999.737721,
        "iops_stddev" : 395.246920,
        "iops_samples" : 1621
      },
      "trim" : {
        "io_bytes" : 0,
        "io_kbytes" : 0,
        "bw_bytes" : 0,
        "bw" : 0,
        "iops" : 0.000000,
        "runtime" : 0,
        "total_ios" : 0,
        "short_ios" : 0,
        "drop_ios" : 0,
        "slat_ns" : {
          "min" : 0,
          "max" : 0,
          "mean" : 0.000000,
          "stddev" : 0.000000,
          "N" : 0
        },
        "clat_ns" : {
          "min" : 0,
          "max" : 0,
          "mean" : 0.000000,
          "stddev" : 0.000000,
          "N" : 0
        },
        "lat_ns" : {
          "min" : 0,
          "max" : 0,
          "mean" : 0.000000,
          "stddev" : 0.000000,
          "N" : 0
        },
        "bw_min" : 0,
        "bw_max" : 0,
        "bw_agg" : 0.000000,
        "bw_mean" : 0.000000,
        "bw_dev" : 0.000000,
        "bw_samples" : 0,
        "iops_min" : 0,
        "iops_max" : 0,
        "iops_mean" : 0.000000,
        "iops_stddev" : 0.000000,
        "iops_samples" : 0
      },
      "sync" : {
        "total_ios" : 0,
        "lat_ns" : {
          "min" : 0,
          "max" : 0,
          "mean" : 0.000000,
          "stddev" : 0.000000,
          "N" : 0
        }
      },
      "job_runtime" : 814577,
      "usr_cpu" : 0.176042,
      "sys_cpu" : 0.532301,
      "ctx" : 523274,
      "majf" : 0,
      "minf" : 642,
      "iodepth_level" : {
        "1" : 0.100000,
        "2" : 99.992188,
        "4" : 0.000000,
        "8" : 0.000000,
        "16" : 0.000000,
        "32" : 0.000000,
        ">=64" : 0.000000
      },
      "iodepth_submit" : {
        "0" : 0.000000,
        "4" : 100.000000,
        "8" : 0.000000,
        "16" : 0.000000,
        "32" : 0.000000,
        "64" : 0.000000,
        ">=64" : 0.000000
      },
      "iodepth_complete" : {
        "0" : 0.000000,
        "4" : 100.000000,
        "8" : 0.000000,
        "16" : 0.000000,
        "32" : 0.000000,
        "64" : 0.000000,
        ">=64" : 0.000000
      },
      "latency_ns" : {
        "2" : 0.000000,
        "4" : 0.000000,
        "10" : 0.000000,
        "20" : 0.000000,
        "50" : 0.000000,
        "100" : 0.000000,
        "250" : 0.000000,
        "500" : 0.000000,
        "750" : 0.000000,
        "1000" : 0.000000
      },
      "latency_us" : {
        "2" : 0.000000,
        "4" : 0.000000,
        "10" : 0.010000,
        "20" : 0.000000,
        "50" : 4.355957,
        "100" : 15.755859,
        "250" : 17.965820,
        "500" : 15.480469,
        "750" : 7.631836,
        "1000" : 4.559570
      },
      "latency_ms" : {
        "2" : 7.118164,
        "4" : 4.538086,
        "10" : 9.189941,
        "20" : 7.660156,
        "50" : 5.329590,
        "100" : 0.393066,
        "250" : 0.010000,
        "500" : 0.010000,
        "750" : 0.010000,
        "1000" : 0.000000,
        "2000" : 0.000000,
        ">=2000" : 0.000000
      },
      "latency_depth" : 2,
      "latency_target" : 0,
      "latency_percentile" : 100.000000,
      "latency_window" : 0
    }
  ]
}
