{
  "fio version" : "fio-3.29-112-gc3773",
  "timestamp" : 1649846445,
  "timestamp_ms" : 1649846445186,
  "time" : "Wed Apr 13 10:40:45 2022",
  "global options" : {
    "size" : "50M",
    "runtime" : "60",
    "directory" : "/mnt/mfs"
  },
  "jobs" : [
    {
      "jobname" : "iotest",
      "groupid" : 0,
      "error" : 0,
      "eta" : 0,
      "elapsed" : 19,
      "job options" : {
        "rw" : "write",
        "bs" : "4k",
        "ioengine" : "libaio",
        "iodepth" : "8",
        "numjobs" : "4",
        "direct" : "1",
        "group_reporting" : "1",
        "invalidate" : "1",
        "loops" : "1",
        "write_bw_log" : "./fio-bench-13-04-2022--09-45-32-seq-mfs/seqwrite/mfs/4k/write-iodepth-8-numjobs-4",
        "write_lat_log" : "./fio-bench-13-04-2022--09-45-32-seq-mfs/seqwrite/mfs/4k/write-iodepth-8-numjobs-4",
        "write_iops_log" : "./fio-bench-13-04-2022--09-45-32-seq-mfs/seqwrite/mfs/4k/write-iodepth-8-numjobs-4",
        "log_avg_msec" : "500"
      },
      "read" : {
        "io_bytes" : 0,
        "io_kbytes" : 0,
        "bw_bytes" : 0,
        "bw" : 0,
        "iops" : 0.000000,
        "runtime" : 0,
        "total_ios" : 0,
        "short_ios" : 0,
        "drop_ios" : 0,
        "slat_ns" : {
          "min" : 0,
          "max" : 0,
          "mean" : 0.000000,
          "stddev" : 0.000000,
          "N" : 0
        },
        "clat_ns" : {
          "min" : 0,
          "max" : 0,
          "mean" : 0.000000,
          "stddev" : 0.000000,
          "N" : 0
        },
        "lat_ns" : {
          "min" : 0,
          "max" : 0,
          "mean" : 0.000000,
          "stddev" : 0.000000,
          "N" : 0
        },
        "bw_min" : 0,
        "bw_max" : 0,
        "bw_agg" : 0.000000,
        "bw_mean" : 0.000000,
        "bw_dev" : 0.000000,
        "bw_samples" : 0,
        "iops_min" : 0,
        "iops_max" : 0,
        "iops_mean" : 0.000000,
        "iops_stddev" : 0.000000,
        "iops_samples" : 0
      },
      "write" : {
        "io_bytes" : 209715200,
        "io_kbytes" : 204800,
        "bw_bytes" : 147168561,
        "bw" : 143719,
        "iops" : 35929.824561,
        "runtime" : 1425,
        "total_ios" : 51200,
        "short_ios" : 0,
        "drop_ios" : 0,
        "slat_ns" : {
          "min" : 34082,
          "max" : 6496161,
          "mean" : 92668.480430,
          "stddev" : 54167.873497,
          "N" : 51200
        },
        "clat_ns" : {
          "min" : 6006,
          "max" : 7188359,
          "mean" : 770644.071230,
          "stddev" : 187066.607827,
          "N" : 51200,
          "percentile" : {
            "1.000000" : 432128,
            "5.000000" : 536576,
            "10.000000" : 585728,
            "20.000000" : 651264,
            "30.000000" : 692224,
            "40.000000" : 724992,
            "50.000000" : 757760,
            "60.000000" : 790528,
            "70.000000" : 831488,
            "80.000000" : 880640,
            "90.000000" : 946176,
            "95.000000" : 1011712,
            "99.000000" : 1253376,
            "99.500000" : 1417216,
            "99.900000" : 1974272,
            "99.950000" : 2899968,
            "99.990000" : 7110656
          }
        },
        "lat_ns" : {
          "min" : 49867,
          "max" : 7281318,
          "mean" : 866927.787422,
          "stddev" : 204435.484246,
          "N" : 51200
        },
        "bw_min" : 143163,
        "bw_max" : 146851,
        "bw_agg" : 100.000000,
        "bw_mean" : 145007.000000,
        "bw_dev" : 561.440621,
        "bw_samples" : 8,
        "iops_min" : 35790,
        "iops_max" : 36710,
        "iops_mean" : 36250.000000,
        "iops_stddev" : 140.107612,
        "iops_samples" : 8
      },
      "trim" : {
        "io_bytes" : 0,
        "io_kbytes" : 0,
        "bw_bytes" : 0,
        "bw" : 0,
        "iops" : 0.000000,
        "runtime" : 0,
        "total_ios" : 0,
        "short_ios" : 0,
        "drop_ios" : 0,
        "slat_ns" : {
          "min" : 0,
          "max" : 0,
          "mean" : 0.000000,
          "stddev" : 0.000000,
          "N" : 0
        },
        "clat_ns" : {
          "min" : 0,
          "max" : 0,
          "mean" : 0.000000,
          "stddev" : 0.000000,
          "N" : 0
        },
        "lat_ns" : {
          "min" : 0,
          "max" : 0,
          "mean" : 0.000000,
          "stddev" : 0.000000,
          "N" : 0
        },
        "bw_min" : 0,
        "bw_max" : 0,
        "bw_agg" : 0.000000,
        "bw_mean" : 0.000000,
        "bw_dev" : 0.000000,
        "bw_samples" : 0,
        "iops_min" : 0,
        "iops_max" : 0,
        "iops_mean" : 0.000000,
        "iops_stddev" : 0.000000,
        "iops_samples" : 0
      },
      "sync" : {
        "total_ios" : 0,
        "lat_ns" : {
          "min" : 0,
          "max" : 0,
          "mean" : 0.000000,
          "stddev" : 0.000000,
          "N" : 0
        }
      },
      "job_runtime" : 5628,
      "usr_cpu" : 5.490405,
      "sys_cpu" : 13.734897,
      "ctx" : 122077,
      "majf" : 0,
      "minf" : 146,
      "iodepth_level" : {
        "1" : 0.100000,
        "2" : 0.100000,
        "4" : 0.100000,
        "8" : 99.945312,
        "16" : 0.000000,
        "32" : 0.000000,
        ">=64" : 0.000000
      },
      "iodepth_submit" : {
        "0" : 0.000000,
        "4" : 100.000000,
        "8" : 0.000000,
        "16" : 0.000000,
        "32" : 0.000000,
        "64" : 0.000000,
        ">=64" : 0.000000
      },
      "iodepth_complete" : {
        "0" : 0.000000,
        "4" : 99.992184,
        "8" : 0.100000,
        "16" : 0.000000,
        "32" : 0.000000,
        "64" : 0.000000,
        ">=64" : 0.000000
      },
      "latency_ns" : {
        "2" : 0.000000,
        "4" : 0.000000,
        "10" : 0.000000,
        "20" : 0.000000,
        "50" : 0.000000,
        "100" : 0.000000,
        "250" : 0.000000,
        "500" : 0.000000,
        "750" : 0.000000,
        "1000" : 0.000000
      },
      "latency_us" : {
        "2" : 0.000000,
        "4" : 0.000000,
        "10" : 0.010000,
        "20" : 0.000000,
        "50" : 0.010000,
        "100" : 0.010000,
        "250" : 0.017578,
        "500" : 2.417969,
        "750" : 45.279297,
        "1000" : 46.550781
      },
      "latency_ms" : {
        "2" : 5.628906,
        "4" : 0.064453,
        "10" : 0.027344,
        "20" : 0.000000,
        "50" : 0.000000,
        "100" : 0.000000,
        "250" : 0.000000,
        "500" : 0.000000,
        "750" : 0.000000,
        "1000" : 0.000000,
        "2000" : 0.000000,
        ">=2000" : 0.000000
      },
      "latency_depth" : 8,
      "latency_target" : 0,
      "latency_percentile" : 100.000000,
      "latency_window" : 0
    }
  ]
}
