{
  "fio version" : "fio-3.29-112-gc3773",
  "timestamp" : 1649845515,
  "timestamp_ms" : 1649845515082,
  "time" : "Wed Apr 13 10:25:15 2022",
  "global options" : {
    "size" : "50M",
    "runtime" : "60",
    "directory" : "/mnt/mfs"
  },
  "jobs" : [
    {
      "jobname" : "iotest",
      "groupid" : 0,
      "error" : 0,
      "eta" : 0,
      "elapsed" : 37,
      "job options" : {
        "rw" : "write",
        "bs" : "4k",
        "ioengine" : "libaio",
        "iodepth" : "1",
        "numjobs" : "8",
        "direct" : "1",
        "group_reporting" : "1",
        "invalidate" : "1",
        "loops" : "1",
        "write_bw_log" : "./fio-bench-13-04-2022--09-45-32-seq-mfs/seqwrite/mfs/4k/write-iodepth-1-numjobs-8",
        "write_lat_log" : "./fio-bench-13-04-2022--09-45-32-seq-mfs/seqwrite/mfs/4k/write-iodepth-1-numjobs-8",
        "write_iops_log" : "./fio-bench-13-04-2022--09-45-32-seq-mfs/seqwrite/mfs/4k/write-iodepth-1-numjobs-8",
        "log_avg_msec" : "500"
      },
      "read" : {
        "io_bytes" : 0,
        "io_kbytes" : 0,
        "bw_bytes" : 0,
        "bw" : 0,
        "iops" : 0.000000,
        "runtime" : 0,
        "total_ios" : 0,
        "short_ios" : 0,
        "drop_ios" : 0,
        "slat_ns" : {
          "min" : 0,
          "max" : 0,
          "mean" : 0.000000,
          "stddev" : 0.000000,
          "N" : 0
        },
        "clat_ns" : {
          "min" : 0,
          "max" : 0,
          "mean" : 0.000000,
          "stddev" : 0.000000,
          "N" : 0
        },
        "lat_ns" : {
          "min" : 0,
          "max" : 0,
          "mean" : 0.000000,
          "stddev" : 0.000000,
          "N" : 0
        },
        "bw_min" : 0,
        "bw_max" : 0,
        "bw_agg" : 0.000000,
        "bw_mean" : 0.000000,
        "bw_dev" : 0.000000,
        "bw_samples" : 0,
        "iops_min" : 0,
        "iops_max" : 0,
        "iops_mean" : 0.000000,
        "iops_stddev" : 0.000000,
        "iops_samples" : 0
      },
      "write" : {
        "io_bytes" : 419430400,
        "io_kbytes" : 409600,
        "bw_bytes" : 31946865,
        "bw" : 31198,
        "iops" : 7799.527763,
        "runtime" : 13129,
        "total_ios" : 102400,
        "short_ios" : 0,
        "drop_ios" : 0,
        "slat_ns" : {
          "min" : 34572,
          "max" : 29329768,
          "mean" : 903241.545781,
          "stddev" : 2595768.921791,
          "N" : 102400
        },
        "clat_ns" : {
          "min" : 1396,
          "max" : 924212,
          "mean" : 4351.776855,
          "stddev" : 15746.963559,
          "N" : 102400,
          "percentile" : {
            "1.000000" : 1608,
            "5.000000" : 1880,
            "10.000000" : 1880,
            "20.000000" : 1880,
            "30.000000" : 1960,
            "40.000000" : 1960,
            "50.000000" : 1960,
            "60.000000" : 2024,
            "70.000000" : 2640,
            "80.000000" : 2736,
            "90.000000" : 2800,
            "95.000000" : 2992,
            "99.000000" : 76288,
            "99.500000" : 109056,
            "99.900000" : 203776,
            "99.950000" : 254976,
            "99.990000" : 391168
          }
        },
        "lat_ns" : {
          "min" : 38692,
          "max" : 29335565,
          "mean" : 912466.842090,
          "stddev" : 2596452.612900,
          "N" : 102400
        },
        "bw_min" : 10496,
        "bw_max" : 162880,
        "bw_agg" : 100.000000,
        "bw_mean" : 35803.709808,
        "bw_dev" : 6150.682741,
        "bw_samples" : 187,
        "iops_min" : 2624,
        "iops_max" : 40720,
        "iops_mean" : 8950.316325,
        "iops_stddev" : 1537.683024,
        "iops_samples" : 187
      },
      "trim" : {
        "io_bytes" : 0,
        "io_kbytes" : 0,
        "bw_bytes" : 0,
        "bw" : 0,
        "iops" : 0.000000,
        "runtime" : 0,
        "total_ios" : 0,
        "short_ios" : 0,
        "drop_ios" : 0,
        "slat_ns" : {
          "min" : 0,
          "max" : 0,
          "mean" : 0.000000,
          "stddev" : 0.000000,
          "N" : 0
        },
        "clat_ns" : {
          "min" : 0,
          "max" : 0,
          "mean" : 0.000000,
          "stddev" : 0.000000,
          "N" : 0
        },
        "lat_ns" : {
          "min" : 0,
          "max" : 0,
          "mean" : 0.000000,
          "stddev" : 0.000000,
          "N" : 0
        },
        "bw_min" : 0,
        "bw_max" : 0,
        "bw_agg" : 0.000000,
        "bw_mean" : 0.000000,
        "bw_dev" : 0.000000,
        "bw_samples" : 0,
        "iops_min" : 0,
        "iops_max" : 0,
        "iops_mean" : 0.000000,
        "iops_stddev" : 0.000000,
        "iops_samples" : 0
      },
      "sync" : {
        "total_ios" : 0,
        "lat_ns" : {
          "min" : 0,
          "max" : 0,
          "mean" : 0.000000,
          "stddev" : 0.000000,
          "N" : 0
        }
      },
      "job_runtime" : 95265,
      "usr_cpu" : 0.588884,
      "sys_cpu" : 1.970293,
      "ctx" : 248760,
      "majf" : 0,
      "minf" : 304,
      "iodepth_level" : {
        "1" : 100.000000,
        "2" : 0.000000,
        "4" : 0.000000,
        "8" : 0.000000,
        "16" : 0.000000,
        "32" : 0.000000,
        ">=64" : 0.000000
      },
      "iodepth_submit" : {
        "0" : 0.000000,
        "4" : 100.000000,
        "8" : 0.000000,
        "16" : 0.000000,
        "32" : 0.000000,
        "64" : 0.000000,
        ">=64" : 0.000000
      },
      "iodepth_complete" : {
        "0" : 0.000000,
        "4" : 100.000000,
        "8" : 0.000000,
        "16" : 0.000000,
        "32" : 0.000000,
        "64" : 0.000000,
        ">=64" : 0.000000
      },
      "latency_ns" : {
        "2" : 0.000000,
        "4" : 0.000000,
        "10" : 0.000000,
        "20" : 0.000000,
        "50" : 0.000000,
        "100" : 0.000000,
        "250" : 0.000000,
        "500" : 0.000000,
        "750" : 0.000000,
        "1000" : 0.000000
      },
      "latency_us" : {
        "2" : 54.528320,
        "4" : 41.855469,
        "10" : 0.051758,
        "20" : 0.689453,
        "50" : 1.196289,
        "100" : 1.066406,
        "250" : 0.558594,
        "500" : 0.048828,
        "750" : 0.010000,
        "1000" : 0.010000
      },
      "latency_ms" : {
        "2" : 0.000000,
        "4" : 0.000000,
        "10" : 0.000000,
        "20" : 0.000000,
        "50" : 0.000000,
        "100" : 0.000000,
        "250" : 0.000000,
        "500" : 0.000000,
        "750" : 0.000000,
        "1000" : 0.000000,
        "2000" : 0.000000,
        ">=2000" : 0.000000
      },
      "latency_depth" : 1,
      "latency_target" : 0,
      "latency_percentile" : 100.000000,
      "latency_window" : 0
    }
  ]
}
