{
  "fio version" : "fio-3.29-112-gc3773",
  "timestamp" : 1649358477,
  "timestamp_ms" : 1649358477122,
  "time" : "Thu Apr  7 19:07:57 2022",
  "global options" : {
    "size" : "50M",
    "runtime" : "60",
    "rwmixread" : "50",
    "directory" : "/mnt/gfs"
  },
  "jobs" : [
    {
      "jobname" : "iotest",
      "groupid" : 0,
      "error" : 0,
      "eta" : 0,
      "elapsed" : 60,
      "job options" : {
        "rw" : "randrw",
        "bs" : "4k",
        "ioengine" : "libaio",
        "iodepth" : "8",
        "numjobs" : "2",
        "direct" : "1",
        "group_reporting" : "1",
        "invalidate" : "1",
        "loops" : "1",
        "write_bw_log" : "./fio-bench-07-04-2022--16-25-57-rand-gfs/randrw/gfs/randrw50/4k/randrw-iodepth-8-numjobs-2",
        "write_lat_log" : "./fio-bench-07-04-2022--16-25-57-rand-gfs/randrw/gfs/randrw50/4k/randrw-iodepth-8-numjobs-2",
        "write_iops_log" : "./fio-bench-07-04-2022--16-25-57-rand-gfs/randrw/gfs/randrw50/4k/randrw-iodepth-8-numjobs-2",
        "log_avg_msec" : "500"
      },
      "read" : {
        "io_bytes" : 52006912,
        "io_kbytes" : 50788,
        "bw_bytes" : 869680,
        "bw" : 849,
        "iops" : 212.324415,
        "runtime" : 59800,
        "total_ios" : 12697,
        "short_ios" : 0,
        "drop_ios" : 0,
        "slat_ns" : {
          "min" : 2864,
          "max" : 50495,
          "mean" : 7991.411278,
          "stddev" : 1784.090419,
          "N" : 12697
        },
        "clat_ns" : {
          "min" : 1494468,
          "max" : 2969503559,
          "mean" : 37754230.082854,
          "stddev" : 162876839.017521,
          "N" : 12697,
          "percentile" : {
            "1.000000" : 2965504,
            "5.000000" : 7438336,
            "10.000000" : 10551296,
            "20.000000" : 14876672,
            "30.000000" : 17956864,
            "40.000000" : 20578304,
            "50.000000" : 23461888,
            "60.000000" : 26083328,
            "70.000000" : 28704768,
            "80.000000" : 32112640,
            "90.000000" : 37486592,
            "95.000000" : 42205184,
            "99.000000" : 187695104,
            "99.500000" : 1619001344,
            "99.900000" : 2399141888,
            "99.950000" : 2533359616,
            "99.990000" : 2969567232
          }
        },
        "lat_ns" : {
          "min" : 1507249,
          "max" : 2969513686,
          "mean" : 37765040.826022,
          "stddev" : 162876830.110552,
          "N" : 12697
        },
        "bw_min" : 16,
        "bw_max" : 2104,
        "bw_agg" : 100.000000,
        "bw_mean" : 1119.780868,
        "bw_dev" : 259.916880,
        "bw_samples" : 180,
        "iops_min" : 4,
        "iops_max" : 526,
        "iops_mean" : 279.903597,
        "iops_stddev" : 64.967204,
        "iops_samples" : 180
      },
      "write" : {
        "io_bytes" : 52850688,
        "io_kbytes" : 51612,
        "bw_bytes" : 883790,
        "bw" : 863,
        "iops" : 215.769231,
        "runtime" : 59800,
        "total_ios" : 12903,
        "short_ios" : 0,
        "drop_ios" : 0,
        "slat_ns" : {
          "min" : 17740,
          "max" : 9853023,
          "mean" : 60652.543672,
          "stddev" : 120385.897770,
          "N" : 12903
        },
        "clat_ns" : {
          "min" : 2573448,
          "max" : 2970301498,
          "mean" : 36484435.549795,
          "stddev" : 168838060.782138,
          "N" : 12903,
          "percentile" : {
            "1.000000" : 2801664,
            "5.000000" : 3719168,
            "10.000000" : 5144576,
            "20.000000" : 8585216,
            "30.000000" : 11468800,
            "40.000000" : 15269888,
            "50.000000" : 19005440,
            "60.000000" : 22937600,
            "70.000000" : 27394048,
            "80.000000" : 32899072,
            "90.000000" : 40632320,
            "95.000000" : 47972352,
            "99.000000" : 206569472,
            "99.500000" : 1686110208,
            "99.900000" : 2399141888,
            "99.950000" : 2432696320,
            "99.990000" : 2969567232
          }
        },
        "lat_ns" : {
          "min" : 2609766,
          "max" : 2970339980,
          "mean" : 36548027.061459,
          "stddev" : 168837822.122613,
          "N" : 12903
        },
        "bw_min" : 16,
        "bw_max" : 2201,
        "bw_agg" : 100.000000,
        "bw_mean" : 1140.259918,
        "bw_dev" : 272.014616,
        "bw_samples" : 180,
        "iops_min" : 4,
        "iops_max" : 550,
        "iops_mean" : 285.023359,
        "iops_stddev" : 67.987878,
        "iops_samples" : 180
      },
      "trim" : {
        "io_bytes" : 0,
        "io_kbytes" : 0,
        "bw_bytes" : 0,
        "bw" : 0,
        "iops" : 0.000000,
        "runtime" : 0,
        "total_ios" : 0,
        "short_ios" : 0,
        "drop_ios" : 0,
        "slat_ns" : {
          "min" : 0,
          "max" : 0,
          "mean" : 0.000000,
          "stddev" : 0.000000,
          "N" : 0
        },
        "clat_ns" : {
          "min" : 0,
          "max" : 0,
          "mean" : 0.000000,
          "stddev" : 0.000000,
          "N" : 0
        },
        "lat_ns" : {
          "min" : 0,
          "max" : 0,
          "mean" : 0.000000,
          "stddev" : 0.000000,
          "N" : 0
        },
        "bw_min" : 0,
        "bw_max" : 0,
        "bw_agg" : 0.000000,
        "bw_mean" : 0.000000,
        "bw_dev" : 0.000000,
        "bw_samples" : 0,
        "iops_min" : 0,
        "iops_max" : 0,
        "iops_mean" : 0.000000,
        "iops_stddev" : 0.000000,
        "iops_samples" : 0
      },
      "sync" : {
        "total_ios" : 0,
        "lat_ns" : {
          "min" : 0,
          "max" : 0,
          "mean" : 0.000000,
          "stddev" : 0.000000,
          "N" : 0
        }
      },
      "job_runtime" : 118918,
      "usr_cpu" : 0.240502,
      "sys_cpu" : 0.486890,
      "ctx" : 35742,
      "majf" : 0,
      "minf" : 76,
      "iodepth_level" : {
        "1" : 0.100000,
        "2" : 0.100000,
        "4" : 0.100000,
        "8" : 99.945312,
        "16" : 0.000000,
        "32" : 0.000000,
        ">=64" : 0.000000
      },
      "iodepth_submit" : {
        "0" : 0.000000,
        "4" : 100.000000,
        "8" : 0.000000,
        "16" : 0.000000,
        "32" : 0.000000,
        "64" : 0.000000,
        ">=64" : 0.000000
      },
      "iodepth_complete" : {
        "0" : 0.000000,
        "4" : 99.992184,
        "8" : 0.100000,
        "16" : 0.000000,
        "32" : 0.000000,
        "64" : 0.000000,
        ">=64" : 0.000000
      },
      "latency_ns" : {
        "2" : 0.000000,
        "4" : 0.000000,
        "10" : 0.000000,
        "20" : 0.000000,
        "50" : 0.000000,
        "100" : 0.000000,
        "250" : 0.000000,
        "500" : 0.000000,
        "750" : 0.000000,
        "1000" : 0.000000
      },
      "latency_us" : {
        "2" : 0.000000,
        "4" : 0.000000,
        "10" : 0.000000,
        "20" : 0.000000,
        "50" : 0.000000,
        "100" : 0.000000,
        "250" : 0.000000,
        "500" : 0.000000,
        "750" : 0.000000,
        "1000" : 0.000000
      },
      "latency_ms" : {
        "2" : 0.132812,
        "4" : 4.128906,
        "10" : 12.703125,
        "20" : 28.046875,
        "50" : 51.652344,
        "100" : 2.003906,
        "250" : 0.390625,
        "500" : 0.148438,
        "750" : 0.078125,
        "1000" : 0.058594,
        "2000" : 0.300781,
        ">=2000" : 0.355469
      },
      "latency_depth" : 8,
      "latency_target" : 0,
      "latency_percentile" : 100.000000,
      "latency_window" : 0
    }
  ]
}
