{
  "fio version" : "fio-3.29-112-gc3773",
  "timestamp" : 1649359496,
  "timestamp_ms" : 1649359496276,
  "time" : "Thu Apr  7 19:24:56 2022",
  "global options" : {
    "size" : "50M",
    "runtime" : "60",
    "rwmixread" : "50",
    "directory" : "/mnt/gfs"
  },
  "jobs" : [
    {
      "jobname" : "iotest",
      "groupid" : 0,
      "error" : 0,
      "eta" : 0,
      "elapsed" : 62,
      "job options" : {
        "rw" : "randrw",
        "bs" : "4k",
        "ioengine" : "libaio",
        "iodepth" : "32",
        "numjobs" : "16",
        "direct" : "1",
        "group_reporting" : "1",
        "invalidate" : "1",
        "loops" : "1",
        "write_bw_log" : "./fio-bench-07-04-2022--16-25-57-rand-gfs/randrw/gfs/randrw50/4k/randrw-iodepth-32-numjobs-16",
        "write_lat_log" : "./fio-bench-07-04-2022--16-25-57-rand-gfs/randrw/gfs/randrw50/4k/randrw-iodepth-32-numjobs-16",
        "write_iops_log" : "./fio-bench-07-04-2022--16-25-57-rand-gfs/randrw/gfs/randrw50/4k/randrw-iodepth-32-numjobs-16",
        "log_avg_msec" : "500"
      },
      "read" : {
        "io_bytes" : 56922112,
        "io_kbytes" : 55588,
        "bw_bytes" : 935480,
        "bw" : 913,
        "iops" : 228.388772,
        "runtime" : 60848,
        "total_ios" : 13897,
        "short_ios" : 0,
        "drop_ios" : 0,
        "slat_ns" : {
          "min" : 2863,
          "max" : 1788790058,
          "mean" : 34771187.266820,
          "stddev" : 153925459.312939,
          "N" : 13897
        },
        "clat_ns" : {
          "min" : 2329422,
          "max" : 4667919393,
          "mean" : 1065670526.978844,
          "stddev" : 934707678.609149,
          "N" : 13897,
          "percentile" : {
            "1.000000" : 325058560,
            "5.000000" : 354418688,
            "10.000000" : 362807296,
            "20.000000" : 379584512,
            "30.000000" : 387973120,
            "40.000000" : 400556032,
            "50.000000" : 417333248,
            "60.000000" : 675282944,
            "70.000000" : 1518338048,
            "80.000000" : 2122317824,
            "90.000000" : 2365587456,
            "95.000000" : 2801795072,
            "99.000000" : 3506438144,
            "99.500000" : 3942645760,
            "99.900000" : 4529848320,
            "99.950000" : 4529848320,
            "99.990000" : 4664066048
          }
        },
        "lat_ns" : {
          "min" : 222759298,
          "max" : 4681181520,
          "mean" : 1100445045.106569,
          "stddev" : 948574066.628247,
          "N" : 13897
        },
        "bw_min" : 128,
        "bw_max" : 3328,
        "bw_agg" : 100.000000,
        "bw_mean" : 1375.316363,
        "bw_dev" : 59.919003,
        "bw_samples" : 1271,
        "iops_min" : 32,
        "iops_max" : 832,
        "iops_mean" : 343.810076,
        "iops_stddev" : 14.980912,
        "iops_samples" : 1271
      },
      "write" : {
        "io_bytes" : 57950208,
        "io_kbytes" : 56592,
        "bw_bytes" : 952376,
        "bw" : 930,
        "iops" : 232.513805,
        "runtime" : 60848,
        "total_ios" : 14148,
        "short_ios" : 0,
        "drop_ios" : 0,
        "slat_ns" : {
          "min" : 68864,
          "max" : 1786734973,
          "mean" : 34003576.724484,
          "stddev" : 149354076.547979,
          "N" : 14148
        },
        "clat_ns" : {
          "min" : 5457133,
          "max" : 4636874580,
          "mean" : 1064720843.032867,
          "stddev" : 936071389.240514,
          "N" : 14148,
          "percentile" : {
            "1.000000" : 337641472,
            "5.000000" : 354418688,
            "10.000000" : 362807296,
            "20.000000" : 379584512,
            "30.000000" : 387973120,
            "40.000000" : 396361728,
            "50.000000" : 417333248,
            "60.000000" : 658505728,
            "70.000000" : 1535115264,
            "80.000000" : 2122317824,
            "90.000000" : 2365587456,
            "95.000000" : 2768240640,
            "99.000000" : 3607101440,
            "99.500000" : 4009754624,
            "99.900000" : 4529848320,
            "99.950000" : 4529848320,
            "99.990000" : 4596957184
          }
        },
        "lat_ns" : {
          "min" : 296365435,
          "max" : 4653627523,
          "mean" : 1098727804.335595,
          "stddev" : 950354603.042202,
          "N" : 14148
        },
        "bw_min" : 128,
        "bw_max" : 3384,
        "bw_agg" : 100.000000,
        "bw_mean" : 1384.803966,
        "bw_dev" : 61.895054,
        "bw_samples" : 1284,
        "iops_min" : 32,
        "iops_max" : 846,
        "iops_mean" : 346.182473,
        "iops_stddev" : 15.474548,
        "iops_samples" : 1284
      },
      "trim" : {
        "io_bytes" : 0,
        "io_kbytes" : 0,
        "bw_bytes" : 0,
        "bw" : 0,
        "iops" : 0.000000,
        "runtime" : 0,
        "total_ios" : 0,
        "short_ios" : 0,
        "drop_ios" : 0,
        "slat_ns" : {
          "min" : 0,
          "max" : 0,
          "mean" : 0.000000,
          "stddev" : 0.000000,
          "N" : 0
        },
        "clat_ns" : {
          "min" : 0,
          "max" : 0,
          "mean" : 0.000000,
          "stddev" : 0.000000,
          "N" : 0
        },
        "lat_ns" : {
          "min" : 0,
          "max" : 0,
          "mean" : 0.000000,
          "stddev" : 0.000000,
          "N" : 0
        },
        "bw_min" : 0,
        "bw_max" : 0,
        "bw_agg" : 0.000000,
        "bw_mean" : 0.000000,
        "bw_dev" : 0.000000,
        "bw_samples" : 0,
        "iops_min" : 0,
        "iops_max" : 0,
        "iops_mean" : 0.000000,
        "iops_stddev" : 0.000000,
        "iops_samples" : 0
      },
      "sync" : {
        "total_ios" : 0,
        "lat_ns" : {
          "min" : 0,
          "max" : 0,
          "mean" : 0.000000,
          "stddev" : 0.000000,
          "N" : 0
        }
      },
      "job_runtime" : 966454,
      "usr_cpu" : 0.041595,
      "sys_cpu" : 0.063635,
      "ctx" : 42233,
      "majf" : 0,
      "minf" : 623,
      "iodepth_level" : {
        "1" : 0.100000,
        "2" : 0.114102,
        "4" : 0.228205,
        "8" : 0.456409,
        "16" : 0.912819,
        "32" : 98.231414,
        ">=64" : 0.000000
      },
      "iodepth_submit" : {
        "0" : 0.000000,
        "4" : 100.000000,
        "8" : 0.000000,
        "16" : 0.000000,
        "32" : 0.000000,
        "64" : 0.000000,
        ">=64" : 0.000000
      },
      "iodepth_complete" : {
        "0" : 0.000000,
        "4" : 99.941955,
        "8" : 0.000000,
        "16" : 0.000000,
        "32" : 0.100000,
        "64" : 0.000000,
        ">=64" : 0.000000
      },
      "latency_ns" : {
        "2" : 0.000000,
        "4" : 0.000000,
        "10" : 0.000000,
        "20" : 0.000000,
        "50" : 0.000000,
        "100" : 0.000000,
        "250" : 0.000000,
        "500" : 0.000000,
        "750" : 0.000000,
        "1000" : 0.000000
      },
      "latency_us" : {
        "2" : 0.000000,
        "4" : 0.000000,
        "10" : 0.000000,
        "20" : 0.000000,
        "50" : 0.000000,
        "100" : 0.000000,
        "250" : 0.000000,
        "500" : 0.000000,
        "750" : 0.000000,
        "1000" : 0.000000
      },
      "latency_ms" : {
        "2" : 0.000000,
        "4" : 0.010000,
        "10" : 0.032091,
        "20" : 0.000000,
        "50" : 0.010000,
        "100" : 0.000000,
        "250" : 0.057051,
        "500" : 56.705295,
        "750" : 3.986450,
        "1000" : 1.394188,
        "2000" : 14.972366,
        ">=2000" : 22.838296
      },
      "latency_depth" : 32,
      "latency_target" : 0,
      "latency_percentile" : 100.000000,
      "latency_window" : 0
    }
  ]
}
