{
  "fio version" : "fio-3.29-112-gc3773",
  "timestamp" : 1649359312,
  "timestamp_ms" : 1649359312368,
  "time" : "Thu Apr  7 19:21:52 2022",
  "global options" : {
    "size" : "50M",
    "runtime" : "60",
    "rwmixread" : "50",
    "directory" : "/mnt/gfs"
  },
  "jobs" : [
    {
      "jobname" : "iotest",
      "groupid" : 0,
      "error" : 0,
      "eta" : 0,
      "elapsed" : 61,
      "job options" : {
        "rw" : "randrw",
        "bs" : "4k",
        "ioengine" : "libaio",
        "iodepth" : "32",
        "numjobs" : "2",
        "direct" : "1",
        "group_reporting" : "1",
        "invalidate" : "1",
        "loops" : "1",
        "write_bw_log" : "./fio-bench-07-04-2022--16-25-57-rand-gfs/randrw/gfs/randrw50/4k/randrw-iodepth-32-numjobs-2",
        "write_lat_log" : "./fio-bench-07-04-2022--16-25-57-rand-gfs/randrw/gfs/randrw50/4k/randrw-iodepth-32-numjobs-2",
        "write_iops_log" : "./fio-bench-07-04-2022--16-25-57-rand-gfs/randrw/gfs/randrw50/4k/randrw-iodepth-32-numjobs-2",
        "log_avg_msec" : "500"
      },
      "read" : {
        "io_bytes" : 51392512,
        "io_kbytes" : 50188,
        "bw_bytes" : 855956,
        "bw" : 835,
        "iops" : 208.973868,
        "runtime" : 60041,
        "total_ios" : 12547,
        "short_ios" : 0,
        "drop_ios" : 0,
        "slat_ns" : {
          "min" : 3282,
          "max" : 58457,
          "mean" : 8314.366382,
          "stddev" : 1918.986421,
          "N" : 12547
        },
        "clat_ns" : {
          "min" : 1689395,
          "max" : 3116547643,
          "mean" : 94173603.893600,
          "stddev" : 244742026.637841,
          "N" : 12547,
          "percentile" : {
            "1.000000" : 20840448,
            "5.000000" : 31850496,
            "10.000000" : 37486592,
            "20.000000" : 44826624,
            "30.000000" : 50593792,
            "40.000000" : 55836672,
            "50.000000" : 61079552,
            "60.000000" : 66322432,
            "70.000000" : 72876032,
            "80.000000" : 80216064,
            "90.000000" : 91750400,
            "95.000000" : 106430464,
            "99.000000" : 1820327936,
            "99.500000" : 2105540608,
            "99.900000" : 2600468480,
            "99.950000" : 3103784960,
            "99.990000" : 3103784960
          }
        },
        "lat_ns" : {
          "min" : 1702106,
          "max" : 3116561402,
          "mean" : 94184720.382721,
          "stddev" : 244742049.338354,
          "N" : 12547
        },
        "bw_min" : 16,
        "bw_max" : 1984,
        "bw_agg" : 100.000000,
        "bw_mean" : 1123.207280,
        "bw_dev" : 242.868044,
        "bw_samples" : 178,
        "iops_min" : 4,
        "iops_max" : 496,
        "iops_mean" : 280.756825,
        "iops_stddev" : 60.706222,
        "iops_samples" : 178
      },
      "write" : {
        "io_bytes" : 52215808,
        "io_kbytes" : 50992,
        "bw_bytes" : 869669,
        "bw" : 849,
        "iops" : 212.321580,
        "runtime" : 60041,
        "total_ios" : 12748,
        "short_ios" : 0,
        "drop_ios" : 0,
        "slat_ns" : {
          "min" : 19835,
          "max" : 10787085,
          "mean" : 65554.879824,
          "stddev" : 118482.903838,
          "N" : 12748
        },
        "clat_ns" : {
          "min" : 4243498,
          "max" : 3357474465,
          "mean" : 198824314.352133,
          "stddev" : 386081520.929601,
          "N" : 12748,
          "percentile" : {
            "1.000000" : 22413312,
            "5.000000" : 39059456,
            "10.000000" : 54788096,
            "20.000000" : 82313216,
            "30.000000" : 95944704,
            "40.000000" : 108527616,
            "50.000000" : 120061952,
            "60.000000" : 133693440,
            "70.000000" : 147849216,
            "80.000000" : 166723584,
            "90.000000" : 204472320,
            "95.000000" : 350224384,
            "99.000000" : 2264924160,
            "99.500000" : 2566914048,
            "99.900000" : 3170893824,
            "99.950000" : 3170893824,
            "99.990000" : 3338665984
          }
        },
        "lat_ns" : {
          "min" : 4281702,
          "max" : 3357510573,
          "mean" : 198892821.624098,
          "stddev" : 386081138.675722,
          "N" : 12748
        },
        "bw_min" : 24,
        "bw_max" : 1928,
        "bw_agg" : 100.000000,
        "bw_mean" : 1141.433013,
        "bw_dev" : 253.189099,
        "bw_samples" : 178,
        "iops_min" : 6,
        "iops_max" : 482,
        "iops_mean" : 285.315976,
        "iops_stddev" : 63.285916,
        "iops_samples" : 178
      },
      "trim" : {
        "io_bytes" : 0,
        "io_kbytes" : 0,
        "bw_bytes" : 0,
        "bw" : 0,
        "iops" : 0.000000,
        "runtime" : 0,
        "total_ios" : 0,
        "short_ios" : 0,
        "drop_ios" : 0,
        "slat_ns" : {
          "min" : 0,
          "max" : 0,
          "mean" : 0.000000,
          "stddev" : 0.000000,
          "N" : 0
        },
        "clat_ns" : {
          "min" : 0,
          "max" : 0,
          "mean" : 0.000000,
          "stddev" : 0.000000,
          "N" : 0
        },
        "lat_ns" : {
          "min" : 0,
          "max" : 0,
          "mean" : 0.000000,
          "stddev" : 0.000000,
          "N" : 0
        },
        "bw_min" : 0,
        "bw_max" : 0,
        "bw_agg" : 0.000000,
        "bw_mean" : 0.000000,
        "bw_dev" : 0.000000,
        "bw_samples" : 0,
        "iops_min" : 0,
        "iops_max" : 0,
        "iops_mean" : 0.000000,
        "iops_stddev" : 0.000000,
        "iops_samples" : 0
      },
      "sync" : {
        "total_ios" : 0,
        "lat_ns" : {
          "min" : 0,
          "max" : 0,
          "mean" : 0.000000,
          "stddev" : 0.000000,
          "N" : 0
        }
      },
      "job_runtime" : 116177,
      "usr_cpu" : 0.277163,
      "sys_cpu" : 0.471694,
      "ctx" : 35331,
      "majf" : 0,
      "minf" : 78,
      "iodepth_level" : {
        "1" : 0.100000,
        "2" : 0.100000,
        "4" : 0.100000,
        "8" : 0.100000,
        "16" : 0.126507,
        "32" : 99.754892,
        ">=64" : 0.000000
      },
      "iodepth_submit" : {
        "0" : 0.000000,
        "4" : 100.000000,
        "8" : 0.000000,
        "16" : 0.000000,
        "32" : 0.000000,
        "64" : 0.000000,
        ">=64" : 0.000000
      },
      "iodepth_complete" : {
        "0" : 0.000000,
        "4" : 99.992074,
        "8" : 0.000000,
        "16" : 0.000000,
        "32" : 0.100000,
        "64" : 0.000000,
        ">=64" : 0.000000
      },
      "latency_ns" : {
        "2" : 0.000000,
        "4" : 0.000000,
        "10" : 0.000000,
        "20" : 0.000000,
        "50" : 0.000000,
        "100" : 0.000000,
        "250" : 0.000000,
        "500" : 0.000000,
        "750" : 0.000000,
        "1000" : 0.000000
      },
      "latency_us" : {
        "2" : 0.000000,
        "4" : 0.000000,
        "10" : 0.000000,
        "20" : 0.000000,
        "50" : 0.000000,
        "100" : 0.000000,
        "250" : 0.000000,
        "500" : 0.000000,
        "750" : 0.000000,
        "1000" : 0.000000
      },
      "latency_ms" : {
        "2" : 0.010000,
        "4" : 0.010000,
        "10" : 0.130461,
        "20" : 0.652303,
        "50" : 17.707057,
        "100" : 44.392172,
        "250" : 32.824669,
        "500" : 1.249259,
        "750" : 0.177901,
        "1000" : 0.193714,
        "2000" : 1.122752,
        ">=2000" : 1.533900
      },
      "latency_depth" : 32,
      "latency_target" : 0,
      "latency_percentile" : 100.000000,
      "latency_window" : 0
    }
  ]
}
