{
  "fio version" : "fio-3.29-112-gc3773",
  "timestamp" : 1649359618,
  "timestamp_ms" : 1649359618868,
  "time" : "Thu Apr  7 19:26:58 2022",
  "global options" : {
    "size" : "50M",
    "runtime" : "60",
    "rwmixread" : "50",
    "directory" : "/mnt/gfs"
  },
  "jobs" : [
    {
      "jobname" : "iotest",
      "groupid" : 0,
      "error" : 0,
      "eta" : 0,
      "elapsed" : 61,
      "job options" : {
        "rw" : "randrw",
        "bs" : "4k",
        "ioengine" : "libaio",
        "iodepth" : "32",
        "numjobs" : "64",
        "direct" : "1",
        "group_reporting" : "1",
        "invalidate" : "1",
        "loops" : "1",
        "write_bw_log" : "./fio-bench-07-04-2022--16-25-57-rand-gfs/randrw/gfs/randrw50/4k/randrw-iodepth-32-numjobs-64",
        "write_lat_log" : "./fio-bench-07-04-2022--16-25-57-rand-gfs/randrw/gfs/randrw50/4k/randrw-iodepth-32-numjobs-64",
        "write_iops_log" : "./fio-bench-07-04-2022--16-25-57-rand-gfs/randrw/gfs/randrw50/4k/randrw-iodepth-32-numjobs-64",
        "log_avg_msec" : "500"
      },
      "read" : {
        "io_bytes" : 75481088,
        "io_kbytes" : 73712,
        "bw_bytes" : 1252881,
        "bw" : 1223,
        "iops" : 305.879228,
        "runtime" : 60246,
        "total_ios" : 18428,
        "short_ios" : 0,
        "drop_ios" : 0,
        "slat_ns" : {
          "min" : 3003,
          "max" : 1765897183,
          "mean" : 103891218.520458,
          "stddev" : 206894482.350442,
          "N" : 18428
        },
        "clat_ns" : {
          "min" : 2194209,
          "max" : 5869013442,
          "mean" : 3114056518.625136,
          "stddev" : 1272529567.122784,
          "N" : 18428,
          "percentile" : {
            "1.000000" : 497025024,
            "5.000000" : 1417674752,
            "10.000000" : 1484783616,
            "20.000000" : 1568669696,
            "30.000000" : 2164260864,
            "40.000000" : 2835349504,
            "50.000000" : 3472883712,
            "60.000000" : 3640655872,
            "70.000000" : 4211081216,
            "80.000000" : 4328521728,
            "90.000000" : 4529848320,
            "95.000000" : 5133828096,
            "99.000000" : 5469372416,
            "99.500000" : 5670699008,
            "99.900000" : 5737807872,
            "99.950000" : 5804916736,
            "99.990000" : 5872025600
          }
        },
        "lat_ns" : {
          "min" : 204993090,
          "max" : 5917776546,
          "mean" : 3217952273.758194,
          "stddev" : 1268789542.608777,
          "N" : 18428
        },
        "bw_min" : 512,
        "bw_max" : 4278,
        "bw_agg" : 100.000000,
        "bw_mean" : 1766.510540,
        "bw_dev" : 16.258562,
        "bw_samples" : 5045,
        "iops_min" : 128,
        "iops_max" : 1068,
        "iops_mean" : 441.232905,
        "iops_stddev" : 4.059525,
        "iops_samples" : 5045
      },
      "write" : {
        "io_bytes" : 75120640,
        "io_kbytes" : 73360,
        "bw_bytes" : 1246898,
        "bw" : 1217,
        "iops" : 304.418551,
        "runtime" : 60246,
        "total_ios" : 18340,
        "short_ios" : 0,
        "drop_ios" : 0,
        "slat_ns" : {
          "min" : 69283,
          "max" : 1531823716,
          "mean" : 105402076.717067,
          "stddev" : 206153041.835298,
          "N" : 18340
        },
        "clat_ns" : {
          "min" : 4482147,
          "max" : 5871347125,
          "mean" : 3118221502.928190,
          "stddev" : 1266775836.191049,
          "N" : 18340,
          "percentile" : {
            "1.000000" : 455081984,
            "5.000000" : 1434451968,
            "10.000000" : 1501560832,
            "20.000000" : 1568669696,
            "30.000000" : 2197815296,
            "40.000000" : 2835349504,
            "50.000000" : 3472883712,
            "60.000000" : 3640655872,
            "70.000000" : 4211081216,
            "80.000000" : 4328521728,
            "90.000000" : 4529848320,
            "95.000000" : 5133828096,
            "99.000000" : 5402263552,
            "99.500000" : 5670699008,
            "99.900000" : 5737807872,
            "99.950000" : 5804916736,
            "99.990000" : 5804916736
          }
        },
        "lat_ns" : {
          "min" : 199565919,
          "max" : 5926844552,
          "mean" : 3223628203.401854,
          "stddev" : 1262516472.767665,
          "N" : 18340
        },
        "bw_min" : 512,
        "bw_max" : 4328,
        "bw_agg" : 100.000000,
        "bw_mean" : 1756.513762,
        "bw_dev" : 16.626435,
        "bw_samples" : 5051,
        "iops_min" : 128,
        "iops_max" : 1082,
        "iops_mean" : 438.727717,
        "iops_stddev" : 4.152182,
        "iops_samples" : 5051
      },
      "trim" : {
        "io_bytes" : 0,
        "io_kbytes" : 0,
        "bw_bytes" : 0,
        "bw" : 0,
        "iops" : 0.000000,
        "runtime" : 0,
        "total_ios" : 0,
        "short_ios" : 0,
        "drop_ios" : 0,
        "slat_ns" : {
          "min" : 0,
          "max" : 0,
          "mean" : 0.000000,
          "stddev" : 0.000000,
          "N" : 0
        },
        "clat_ns" : {
          "min" : 0,
          "max" : 0,
          "mean" : 0.000000,
          "stddev" : 0.000000,
          "N" : 0
        },
        "lat_ns" : {
          "min" : 0,
          "max" : 0,
          "mean" : 0.000000,
          "stddev" : 0.000000,
          "N" : 0
        },
        "bw_min" : 0,
        "bw_max" : 0,
        "bw_agg" : 0.000000,
        "bw_mean" : 0.000000,
        "bw_dev" : 0.000000,
        "bw_samples" : 0,
        "iops_min" : 0,
        "iops_max" : 0,
        "iops_mean" : 0.000000,
        "iops_stddev" : 0.000000,
        "iops_samples" : 0
      },
      "sync" : {
        "total_ios" : 0,
        "lat_ns" : {
          "min" : 0,
          "max" : 0,
          "mean" : 0.000000,
          "stddev" : 0.000000,
          "N" : 0
        }
      },
      "job_runtime" : 3850260,
      "usr_cpu" : 0.018648,
      "sys_cpu" : 0.021973,
      "ctx" : 55258,
      "majf" : 0,
      "minf" : 2566,
      "iodepth_level" : {
        "1" : 0.174064,
        "2" : 0.348129,
        "4" : 0.696258,
        "8" : 1.392515,
        "16" : 2.785030,
        "32" : 94.604003,
        ">=64" : 0.000000
      },
      "iodepth_submit" : {
        "0" : 0.000000,
        "4" : 100.000000,
        "8" : 0.000000,
        "16" : 0.000000,
        "32" : 0.000000,
        "64" : 0.000000,
        ">=64" : 0.000000
      },
      "iodepth_complete" : {
        "0" : 0.000000,
        "4" : 99.816345,
        "8" : 0.000000,
        "16" : 0.000000,
        "32" : 0.183655,
        "64" : 0.000000,
        ">=64" : 0.000000
      },
      "latency_ns" : {
        "2" : 0.000000,
        "4" : 0.000000,
        "10" : 0.000000,
        "20" : 0.000000,
        "50" : 0.000000,
        "100" : 0.000000,
        "250" : 0.000000,
        "500" : 0.000000,
        "750" : 0.000000,
        "1000" : 0.000000
      },
      "latency_us" : {
        "2" : 0.000000,
        "4" : 0.000000,
        "10" : 0.000000,
        "20" : 0.000000,
        "50" : 0.000000,
        "100" : 0.000000,
        "250" : 0.000000,
        "500" : 0.000000,
        "750" : 0.000000,
        "1000" : 0.000000
      },
      "latency_ms" : {
        "2" : 0.000000,
        "4" : 0.010000,
        "10" : 0.084312,
        "20" : 0.032637,
        "50" : 0.019038,
        "100" : 0.029917,
        "250" : 0.138708,
        "500" : 0.761532,
        "750" : 0.960074,
        "1000" : 0.565709,
        "2000" : 24.624674,
        ">=2000" : 72.780679
      },
      "latency_depth" : 32,
      "latency_target" : 0,
      "latency_percentile" : 100.000000,
      "latency_window" : 0
    }
  ]
}
