{
  "fio version" : "fio-3.29-112-gc3773",
  "timestamp" : 1649359374,
  "timestamp_ms" : 1649359374043,
  "time" : "Thu Apr  7 19:22:54 2022",
  "global options" : {
    "size" : "50M",
    "runtime" : "60",
    "rwmixread" : "50",
    "directory" : "/mnt/gfs"
  },
  "jobs" : [
    {
      "jobname" : "iotest",
      "groupid" : 0,
      "error" : 0,
      "eta" : 0,
      "elapsed" : 62,
      "job options" : {
        "rw" : "randrw",
        "bs" : "4k",
        "ioengine" : "libaio",
        "iodepth" : "32",
        "numjobs" : "4",
        "direct" : "1",
        "group_reporting" : "1",
        "invalidate" : "1",
        "loops" : "1",
        "write_bw_log" : "./fio-bench-07-04-2022--16-25-57-rand-gfs/randrw/gfs/randrw50/4k/randrw-iodepth-32-numjobs-4",
        "write_lat_log" : "./fio-bench-07-04-2022--16-25-57-rand-gfs/randrw/gfs/randrw50/4k/randrw-iodepth-32-numjobs-4",
        "write_iops_log" : "./fio-bench-07-04-2022--16-25-57-rand-gfs/randrw/gfs/randrw50/4k/randrw-iodepth-32-numjobs-4",
        "log_avg_msec" : "500"
      },
      "read" : {
        "io_bytes" : 58462208,
        "io_kbytes" : 57092,
        "bw_bytes" : 951781,
        "bw" : 929,
        "iops" : 232.368455,
        "runtime" : 61424,
        "total_ios" : 14273,
        "short_ios" : 0,
        "drop_ios" : 0,
        "slat_ns" : {
          "min" : 3492,
          "max" : 2083173037,
          "mean" : 5776677.751839,
          "stddev" : 52052138.074173,
          "N" : 14273
        },
        "clat_ns" : {
          "min" : 1787383,
          "max" : 3359945991,
          "mean" : 251730656.356267,
          "stddev" : 494397013.100360,
          "N" : 14273,
          "percentile" : {
            "1.000000" : 68681728,
            "5.000000" : 88604672,
            "10.000000" : 96993280,
            "20.000000" : 105381888,
            "30.000000" : 111673344,
            "40.000000" : 117964800,
            "50.000000" : 124256256,
            "60.000000" : 132644864,
            "70.000000" : 143654912,
            "80.000000" : 158334976,
            "90.000000" : 193986560,
            "95.000000" : 1602224128,
            "99.000000" : 2667577344,
            "99.500000" : 2768240640,
            "99.900000" : 2801795072,
            "99.950000" : 2801795072,
            "99.990000" : 3338665984
          }
        },
        "lat_ns" : {
          "min" : 9068636,
          "max" : 3361098376,
          "mean" : 257510325.213340,
          "stddev" : 498357443.913987,
          "N" : 14273
        },
        "bw_min" : 32,
        "bw_max" : 2409,
        "bw_agg" : 100.000000,
        "bw_mean" : 1294.106719,
        "bw_dev" : 181.552737,
        "bw_samples" : 351,
        "iops_min" : 8,
        "iops_max" : 602,
        "iops_mean" : 323.492174,
        "iops_stddev" : 45.377198,
        "iops_samples" : 351
      },
      "write" : {
        "io_bytes" : 60403712,
        "io_kbytes" : 58988,
        "bw_bytes" : 983389,
        "bw" : 960,
        "iops" : 240.085309,
        "runtime" : 61424,
        "total_ios" : 14747,
        "short_ios" : 0,
        "drop_ios" : 0,
        "slat_ns" : {
          "min" : 66839,
          "max" : 2094476121,
          "mean" : 5963897.073506,
          "stddev" : 49498801.132372,
          "N" : 14747
        },
        "clat_ns" : {
          "min" : 8138627,
          "max" : 3747010505,
          "mean" : 275171217.865261,
          "stddev" : 515254764.959203,
          "N" : 14747,
          "percentile" : {
            "1.000000" : 80216064,
            "5.000000" : 92798976,
            "10.000000" : 98041856,
            "20.000000" : 107479040,
            "30.000000" : 113770496,
            "40.000000" : 121110528,
            "50.000000" : 130547712,
            "60.000000" : 145752064,
            "70.000000" : 162529280,
            "80.000000" : 185597952,
            "90.000000" : 240123904,
            "95.000000" : 1736441856,
            "99.000000" : 2701131776,
            "99.500000" : 2801795072,
            "99.900000" : 2868903936,
            "99.950000" : 2902458368,
            "99.990000" : 3741319168
          }
        },
        "lat_ns" : {
          "min" : 39112273,
          "max" : 3762406219,
          "mean" : 281138133.335051,
          "stddev" : 518911825.394789,
          "N" : 14747
        },
        "bw_min" : 32,
        "bw_max" : 2537,
        "bw_agg" : 100.000000,
        "bw_mean" : 1297.628131,
        "bw_dev" : 195.623000,
        "bw_samples" : 362,
        "iops_min" : 8,
        "iops_max" : 634,
        "iops_mean" : 324.359547,
        "iops_stddev" : 48.891544,
        "iops_samples" : 362
      },
      "trim" : {
        "io_bytes" : 0,
        "io_kbytes" : 0,
        "bw_bytes" : 0,
        "bw" : 0,
        "iops" : 0.000000,
        "runtime" : 0,
        "total_ios" : 0,
        "short_ios" : 0,
        "drop_ios" : 0,
        "slat_ns" : {
          "min" : 0,
          "max" : 0,
          "mean" : 0.000000,
          "stddev" : 0.000000,
          "N" : 0
        },
        "clat_ns" : {
          "min" : 0,
          "max" : 0,
          "mean" : 0.000000,
          "stddev" : 0.000000,
          "N" : 0
        },
        "lat_ns" : {
          "min" : 0,
          "max" : 0,
          "mean" : 0.000000,
          "stddev" : 0.000000,
          "N" : 0
        },
        "bw_min" : 0,
        "bw_max" : 0,
        "bw_agg" : 0.000000,
        "bw_mean" : 0.000000,
        "bw_dev" : 0.000000,
        "bw_samples" : 0,
        "iops_min" : 0,
        "iops_max" : 0,
        "iops_mean" : 0.000000,
        "iops_stddev" : 0.000000,
        "iops_samples" : 0
      },
      "sync" : {
        "total_ios" : 0,
        "lat_ns" : {
          "min" : 0,
          "max" : 0,
          "mean" : 0.000000,
          "stddev" : 0.000000,
          "N" : 0
        }
      },
      "job_runtime" : 244534,
      "usr_cpu" : 0.173800,
      "sys_cpu" : 0.233914,
      "ctx" : 44960,
      "majf" : 0,
      "minf" : 160,
      "iodepth_level" : {
        "1" : 0.100000,
        "2" : 0.100000,
        "4" : 0.100000,
        "8" : 0.110269,
        "16" : 0.220538,
        "32" : 99.572708,
        ">=64" : 0.000000
      },
      "iodepth_submit" : {
        "0" : 0.000000,
        "4" : 100.000000,
        "8" : 0.000000,
        "16" : 0.000000,
        "32" : 0.000000,
        "64" : 0.000000,
        ">=64" : 0.000000
      },
      "iodepth_complete" : {
        "0" : 0.000000,
        "4" : 99.986159,
        "8" : 0.000000,
        "16" : 0.000000,
        "32" : 0.100000,
        "64" : 0.000000,
        ">=64" : 0.000000
      },
      "latency_ns" : {
        "2" : 0.000000,
        "4" : 0.000000,
        "10" : 0.000000,
        "20" : 0.000000,
        "50" : 0.000000,
        "100" : 0.000000,
        "250" : 0.000000,
        "500" : 0.000000,
        "750" : 0.000000,
        "1000" : 0.000000
      },
      "latency_us" : {
        "2" : 0.000000,
        "4" : 0.000000,
        "10" : 0.000000,
        "20" : 0.000000,
        "50" : 0.000000,
        "100" : 0.000000,
        "250" : 0.000000,
        "500" : 0.000000,
        "750" : 0.000000,
        "1000" : 0.000000
      },
      "latency_ms" : {
        "2" : 0.010000,
        "4" : 0.010000,
        "10" : 0.010338,
        "20" : 0.027567,
        "50" : 0.161957,
        "100" : 12.133012,
        "250" : 79.021365,
        "500" : 1.223294,
        "750" : 1.140593,
        "1000" : 0.282564,
        "2000" : 1.960717,
        ">=2000" : 4.028256
      },
      "latency_depth" : 32,
      "latency_target" : 0,
      "latency_percentile" : 100.000000,
      "latency_window" : 0
    }
  ]
}
