{
  "fio version" : "fio-3.29-112-gc3773",
  "timestamp" : 1649356264,
  "timestamp_ms" : 1649356264505,
  "time" : "Thu Apr  7 18:31:04 2022",
  "global options" : {
    "size" : "50M",
    "runtime" : "60",
    "rwmixread" : "50",
    "directory" : "/mnt/gfs"
  },
  "jobs" : [
    {
      "jobname" : "iotest",
      "groupid" : 0,
      "error" : 0,
      "eta" : 0,
      "elapsed" : 62,
      "job options" : {
        "rw" : "randrw",
        "bs" : "4k",
        "ioengine" : "libaio",
        "iodepth" : "1",
        "numjobs" : "32",
        "direct" : "1",
        "group_reporting" : "1",
        "invalidate" : "1",
        "loops" : "1",
        "write_bw_log" : "./fio-bench-07-04-2022--16-25-57-rand-gfs/randrw/gfs/randrw50/4k/randrw-iodepth-1-numjobs-32",
        "write_lat_log" : "./fio-bench-07-04-2022--16-25-57-rand-gfs/randrw/gfs/randrw50/4k/randrw-iodepth-1-numjobs-32",
        "write_iops_log" : "./fio-bench-07-04-2022--16-25-57-rand-gfs/randrw/gfs/randrw50/4k/randrw-iodepth-1-numjobs-32",
        "log_avg_msec" : "500"
      },
      "read" : {
        "io_bytes" : 154210304,
        "io_kbytes" : 150596,
        "bw_bytes" : 2498830,
        "bw" : 2440,
        "iops" : 610.065950,
        "runtime" : 61713,
        "total_ios" : 37649,
        "short_ios" : 0,
        "drop_ios" : 0,
        "slat_ns" : {
          "min" : 3981,
          "max" : 168528,
          "mean" : 8563.426147,
          "stddev" : 1714.608602,
          "N" : 37649
        },
        "clat_ns" : {
          "min" : 1356741,
          "max" : 3598529045,
          "mean" : 27327933.095726,
          "stddev" : 140078523.434714,
          "N" : 37649,
          "percentile" : {
            "1.000000" : 1728512,
            "5.000000" : 2736128,
            "10.000000" : 3227648,
            "20.000000" : 4751360,
            "30.000000" : 6455296,
            "40.000000" : 8454144,
            "50.000000" : 10289152,
            "60.000000" : 12779520,
            "70.000000" : 15794176,
            "80.000000" : 20054016,
            "90.000000" : 26345472,
            "95.000000" : 34340864,
            "99.000000" : 446693376,
            "99.500000" : 1166016512,
            "99.900000" : 1904214016,
            "99.950000" : 2499805184,
            "99.990000" : 3573547008
          }
        },
        "lat_ns" : {
          "min" : 1367217,
          "max" : 3598539730,
          "mean" : 27339305.767218,
          "stddev" : 140078597.741178,
          "N" : 37649
        },
        "bw_min" : 272,
        "bw_max" : 10197,
        "bw_agg" : 100.000000,
        "bw_mean" : 3251.122504,
        "bw_dev" : 75.794569,
        "bw_samples" : 2769,
        "iops_min" : 68,
        "iops_max" : 2548,
        "iops_mean" : 812.688591,
        "iops_stddev" : 18.943665,
        "iops_samples" : 2769
      },
      "write" : {
        "io_bytes" : 153915392,
        "io_kbytes" : 150308,
        "bw_bytes" : 2494051,
        "bw" : 2435,
        "iops" : 608.899259,
        "runtime" : 61713,
        "total_ios" : 37577,
        "short_ios" : 0,
        "drop_ios" : 0,
        "slat_ns" : {
          "min" : 16692,
          "max" : 11735810,
          "mean" : 51956.476355,
          "stddev" : 148714.788547,
          "N" : 37577
        },
        "clat_ns" : {
          "min" : 2444032,
          "max" : 2155675215,
          "mean" : 23851988.433377,
          "stddev" : 113934965.309974,
          "N" : 37577,
          "percentile" : {
            "1.000000" : 2736128,
            "5.000000" : 3457024,
            "10.000000" : 4227072,
            "20.000000" : 5996544,
            "30.000000" : 7962624,
            "40.000000" : 9764864,
            "50.000000" : 11993088,
            "60.000000" : 14221312,
            "70.000000" : 16711680,
            "80.000000" : 19529728,
            "90.000000" : 24510464,
            "95.000000" : 29753344,
            "99.000000" : 242221056,
            "99.500000" : 1166016512,
            "99.900000" : 1535115264,
            "99.950000" : 1719664640,
            "99.990000" : 2055208960
          }
        },
        "lat_ns" : {
          "min" : 2478324,
          "max" : 2155710624,
          "mean" : 23906914.789259,
          "stddev" : 113935391.422667,
          "N" : 37577
        },
        "bw_min" : 256,
        "bw_max" : 9657,
        "bw_agg" : 100.000000,
        "bw_mean" : 3384.418014,
        "bw_dev" : 76.507162,
        "bw_samples" : 2572,
        "iops_min" : 64,
        "iops_max" : 2414,
        "iops_mean" : 846.022637,
        "iops_stddev" : 19.125418,
        "iops_samples" : 2572
      },
      "trim" : {
        "io_bytes" : 0,
        "io_kbytes" : 0,
        "bw_bytes" : 0,
        "bw" : 0,
        "iops" : 0.000000,
        "runtime" : 0,
        "total_ios" : 0,
        "short_ios" : 0,
        "drop_ios" : 0,
        "slat_ns" : {
          "min" : 0,
          "max" : 0,
          "mean" : 0.000000,
          "stddev" : 0.000000,
          "N" : 0
        },
        "clat_ns" : {
          "min" : 0,
          "max" : 0,
          "mean" : 0.000000,
          "stddev" : 0.000000,
          "N" : 0
        },
        "lat_ns" : {
          "min" : 0,
          "max" : 0,
          "mean" : 0.000000,
          "stddev" : 0.000000,
          "N" : 0
        },
        "bw_min" : 0,
        "bw_max" : 0,
        "bw_agg" : 0.000000,
        "bw_mean" : 0.000000,
        "bw_dev" : 0.000000,
        "bw_samples" : 0,
        "iops_min" : 0,
        "iops_max" : 0,
        "iops_mean" : 0.000000,
        "iops_stddev" : 0.000000,
        "iops_samples" : 0
      },
      "sync" : {
        "total_ios" : 0,
        "lat_ns" : {
          "min" : 0,
          "max" : 0,
          "mean" : 0.000000,
          "stddev" : 0.000000,
          "N" : 0
        }
      },
      "job_runtime" : 1928424,
      "usr_cpu" : 0.051856,
      "sys_cpu" : 0.087999,
      "ctx" : 112959,
      "majf" : 0,
      "minf" : 1268,
      "iodepth_level" : {
        "1" : 100.000000,
        "2" : 0.000000,
        "4" : 0.000000,
        "8" : 0.000000,
        "16" : 0.000000,
        "32" : 0.000000,
        ">=64" : 0.000000
      },
      "iodepth_submit" : {
        "0" : 0.000000,
        "4" : 100.000000,
        "8" : 0.000000,
        "16" : 0.000000,
        "32" : 0.000000,
        "64" : 0.000000,
        ">=64" : 0.000000
      },
      "iodepth_complete" : {
        "0" : 0.000000,
        "4" : 100.000000,
        "8" : 0.000000,
        "16" : 0.000000,
        "32" : 0.000000,
        "64" : 0.000000,
        ">=64" : 0.000000
      },
      "latency_ns" : {
        "2" : 0.000000,
        "4" : 0.000000,
        "10" : 0.000000,
        "20" : 0.000000,
        "50" : 0.000000,
        "100" : 0.000000,
        "250" : 0.000000,
        "500" : 0.000000,
        "750" : 0.000000,
        "1000" : 0.000000
      },
      "latency_us" : {
        "2" : 0.000000,
        "4" : 0.000000,
        "10" : 0.000000,
        "20" : 0.000000,
        "50" : 0.000000,
        "100" : 0.000000,
        "250" : 0.000000,
        "500" : 0.000000,
        "750" : 0.000000,
        "1000" : 0.000000
      },
      "latency_ms" : {
        "2" : 1.107330,
        "4" : 11.071970,
        "10" : 32.834392,
        "20" : 35.703081,
        "50" : 17.218781,
        "100" : 0.352272,
        "250" : 0.599527,
        "500" : 0.196740,
        "750" : 0.178130,
        "1000" : 0.142238,
        "2000" : 0.543695,
        ">=2000" : 0.051844
      },
      "latency_depth" : 1,
      "latency_target" : 0,
      "latency_percentile" : 100.000000,
      "latency_window" : 0
    }
  ]
}
