{
  "fio version" : "fio-3.29-112-gc3773",
  "timestamp" : 1649359196,
  "timestamp_ms" : 1649359196981,
  "time" : "Thu Apr  7 19:19:56 2022",
  "global options" : {
    "size" : "50M",
    "runtime" : "60",
    "rwmixread" : "50",
    "directory" : "/mnt/gfs"
  },
  "jobs" : [
    {
      "jobname" : "iotest",
      "groupid" : 0,
      "error" : 0,
      "eta" : 0,
      "elapsed" : 62,
      "job options" : {
        "rw" : "randrw",
        "bs" : "4k",
        "ioengine" : "libaio",
        "iodepth" : "16",
        "numjobs" : "64",
        "direct" : "1",
        "group_reporting" : "1",
        "invalidate" : "1",
        "loops" : "1",
        "write_bw_log" : "./fio-bench-07-04-2022--16-25-57-rand-gfs/randrw/gfs/randrw50/4k/randrw-iodepth-16-numjobs-64",
        "write_lat_log" : "./fio-bench-07-04-2022--16-25-57-rand-gfs/randrw/gfs/randrw50/4k/randrw-iodepth-16-numjobs-64",
        "write_iops_log" : "./fio-bench-07-04-2022--16-25-57-rand-gfs/randrw/gfs/randrw50/4k/randrw-iodepth-16-numjobs-64",
        "log_avg_msec" : "500"
      },
      "read" : {
        "io_bytes" : 73003008,
        "io_kbytes" : 71292,
        "bw_bytes" : 1186674,
        "bw" : 1158,
        "iops" : 289.715372,
        "runtime" : 61519,
        "total_ios" : 17823,
        "short_ios" : 0,
        "drop_ios" : 0,
        "slat_ns" : {
          "min" : 2863,
          "max" : 1533686397,
          "mean" : 107398120.647927,
          "stddev" : 200401685.549898,
          "N" : 17823
        },
        "clat_ns" : {
          "min" : 2187156,
          "max" : 4897046073,
          "mean" : 1577212193.712338,
          "stddev" : 1001956245.071920,
          "N" : 17823,
          "percentile" : {
            "1.000000" : 583008256,
            "5.000000" : 675282944,
            "10.000000" : 708837376,
            "20.000000" : 742391808,
            "30.000000" : 775946240,
            "40.000000" : 884998144,
            "50.000000" : 1115684864,
            "60.000000" : 1669332992,
            "70.000000" : 1937768448,
            "80.000000" : 2365587456,
            "90.000000" : 3338665984,
            "95.000000" : 3607101440,
            "99.000000" : 4395630592,
            "99.500000" : 4664066048,
            "99.900000" : 4798283776,
            "99.950000" : 4798283776,
            "99.990000" : 4865392640
          }
        },
        "lat_ns" : {
          "min" : 60032799,
          "max" : 5022380513,
          "mean" : 1684614869.074174,
          "stddev" : 1032115252.196421,
          "N" : 17823
        },
        "bw_min" : 510,
        "bw_max" : 4223,
        "bw_agg" : 100.000000,
        "bw_mean" : 1649.352256,
        "bw_dev" : 15.384862,
        "bw_samples" : 5376,
        "iops_min" : 126,
        "iops_max" : 1055,
        "iops_mean" : 411.894020,
        "iops_stddev" : 3.841898,
        "iops_samples" : 5376
      },
      "write" : {
        "io_bytes" : 72617984,
        "io_kbytes" : 70916,
        "bw_bytes" : 1180415,
        "bw" : 1152,
        "iops" : 288.187389,
        "runtime" : 61519,
        "total_ios" : 17729,
        "short_ios" : 0,
        "drop_ios" : 0,
        "slat_ns" : {
          "min" : 78432,
          "max" : 1574082250,
          "mean" : 108718667.492357,
          "stddev" : 199934657.234822,
          "N" : 17729
        },
        "clat_ns" : {
          "min" : 3438435,
          "max" : 4898535652,
          "mean" : 1596123764.776017,
          "stddev" : 1011305247.081389,
          "N" : 17729,
          "percentile" : {
            "1.000000" : 616562688,
            "5.000000" : 683671552,
            "10.000000" : 717225984,
            "20.000000" : 742391808,
            "30.000000" : 784334848,
            "40.000000" : 901775360,
            "50.000000" : 1149239296,
            "60.000000" : 1686110208,
            "70.000000" : 1971322880,
            "80.000000" : 2365587456,
            "90.000000" : 3372220416,
            "95.000000" : 3674210304,
            "99.000000" : 4395630592,
            "99.500000" : 4664066048,
            "99.900000" : 4798283776,
            "99.950000" : 4865392640,
            "99.990000" : 4865392640
          }
        },
        "lat_ns" : {
          "min" : 61820601,
          "max" : 4948285621,
          "mean" : 1704847042.722319,
          "stddev" : 1039198578.355487,
          "N" : 17729
        },
        "bw_min" : 512,
        "bw_max" : 4238,
        "bw_agg" : 100.000000,
        "bw_mean" : 1640.978101,
        "bw_dev" : 15.484803,
        "bw_samples" : 5377,
        "iops_min" : 128,
        "iops_max" : 1058,
        "iops_mean" : 409.788717,
        "iops_stddev" : 3.865715,
        "iops_samples" : 5377
      },
      "trim" : {
        "io_bytes" : 0,
        "io_kbytes" : 0,
        "bw_bytes" : 0,
        "bw" : 0,
        "iops" : 0.000000,
        "runtime" : 0,
        "total_ios" : 0,
        "short_ios" : 0,
        "drop_ios" : 0,
        "slat_ns" : {
          "min" : 0,
          "max" : 0,
          "mean" : 0.000000,
          "stddev" : 0.000000,
          "N" : 0
        },
        "clat_ns" : {
          "min" : 0,
          "max" : 0,
          "mean" : 0.000000,
          "stddev" : 0.000000,
          "N" : 0
        },
        "lat_ns" : {
          "min" : 0,
          "max" : 0,
          "mean" : 0.000000,
          "stddev" : 0.000000,
          "N" : 0
        },
        "bw_min" : 0,
        "bw_max" : 0,
        "bw_agg" : 0.000000,
        "bw_mean" : 0.000000,
        "bw_dev" : 0.000000,
        "bw_samples" : 0,
        "iops_min" : 0,
        "iops_max" : 0,
        "iops_mean" : 0.000000,
        "iops_stddev" : 0.000000,
        "iops_samples" : 0
      },
      "sync" : {
        "total_ios" : 0,
        "lat_ns" : {
          "min" : 0,
          "max" : 0,
          "mean" : 0.000000,
          "stddev" : 0.000000,
          "N" : 0
        }
      },
      "job_runtime" : 3856395,
      "usr_cpu" : 0.017114,
      "sys_cpu" : 0.022223,
      "ctx" : 53436,
      "majf" : 0,
      "minf" : 2694,
      "iodepth_level" : {
        "1" : 0.180018,
        "2" : 0.360036,
        "4" : 0.720072,
        "8" : 1.440144,
        "16" : 97.299730,
        "32" : 0.000000,
        ">=64" : 0.000000
      },
      "iodepth_submit" : {
        "0" : 0.000000,
        "4" : 100.000000,
        "8" : 0.000000,
        "16" : 0.000000,
        "32" : 0.000000,
        "64" : 0.000000,
        ">=64" : 0.000000
      },
      "iodepth_complete" : {
        "0" : 0.000000,
        "4" : 99.815328,
        "8" : 0.000000,
        "16" : 0.184672,
        "32" : 0.000000,
        "64" : 0.000000,
        ">=64" : 0.000000
      },
      "latency_ns" : {
        "2" : 0.000000,
        "4" : 0.000000,
        "10" : 0.000000,
        "20" : 0.000000,
        "50" : 0.000000,
        "100" : 0.000000,
        "250" : 0.000000,
        "500" : 0.000000,
        "750" : 0.000000,
        "1000" : 0.000000
      },
      "latency_us" : {
        "2" : 0.000000,
        "4" : 0.000000,
        "10" : 0.000000,
        "20" : 0.000000,
        "50" : 0.000000,
        "100" : 0.000000,
        "250" : 0.000000,
        "500" : 0.000000,
        "750" : 0.000000,
        "1000" : 0.000000
      },
      "latency_ms" : {
        "2" : 0.000000,
        "4" : 0.036566,
        "10" : 0.030941,
        "20" : 0.036566,
        "50" : 0.025315,
        "100" : 0.132201,
        "250" : 0.323470,
        "500" : 0.132201,
        "750" : 22.136589,
        "1000" : 22.294104,
        "2000" : 25.762264,
        ">=2000" : 29.089784
      },
      "latency_depth" : 16,
      "latency_target" : 0,
      "latency_percentile" : 100.000000,
      "latency_window" : 0
    }
  ]
}
