{
  "fio version" : "fio-3.29-112-gc3773",
  "timestamp" : 1649359135,
  "timestamp_ms" : 1649359135023,
  "time" : "Thu Apr  7 19:18:55 2022",
  "global options" : {
    "size" : "50M",
    "runtime" : "60",
    "rwmixread" : "50",
    "directory" : "/mnt/gfs"
  },
  "jobs" : [
    {
      "jobname" : "iotest",
      "groupid" : 0,
      "error" : 0,
      "eta" : 0,
      "elapsed" : 62,
      "job options" : {
        "rw" : "randrw",
        "bs" : "4k",
        "ioengine" : "libaio",
        "iodepth" : "16",
        "numjobs" : "32",
        "direct" : "1",
        "group_reporting" : "1",
        "invalidate" : "1",
        "loops" : "1",
        "write_bw_log" : "./fio-bench-07-04-2022--16-25-57-rand-gfs/randrw/gfs/randrw50/4k/randrw-iodepth-16-numjobs-32",
        "write_lat_log" : "./fio-bench-07-04-2022--16-25-57-rand-gfs/randrw/gfs/randrw50/4k/randrw-iodepth-16-numjobs-32",
        "write_iops_log" : "./fio-bench-07-04-2022--16-25-57-rand-gfs/randrw/gfs/randrw50/4k/randrw-iodepth-16-numjobs-32",
        "log_avg_msec" : "500"
      },
      "read" : {
        "io_bytes" : 71282688,
        "io_kbytes" : 69612,
        "bw_bytes" : 1162735,
        "bw" : 1135,
        "iops" : 283.871073,
        "runtime" : 61306,
        "total_ios" : 17403,
        "short_ios" : 0,
        "drop_ios" : 0,
        "slat_ns" : {
          "min" : 3353,
          "max" : 1639096915,
          "mean" : 55179960.165546,
          "stddev" : 153526715.615412,
          "N" : 17403
        },
        "clat_ns" : {
          "min" : 1790177,
          "max" : 3748606705,
          "mean" : 826942239.511349,
          "stddev" : 777865630.285208,
          "N" : 17403,
          "percentile" : {
            "1.000000" : 274726912,
            "5.000000" : 325058560,
            "10.000000" : 341835776,
            "20.000000" : 358612992,
            "30.000000" : 371195904,
            "40.000000" : 383778816,
            "50.000000" : 396361728,
            "60.000000" : 484442112,
            "70.000000" : 708837376,
            "80.000000" : 1451229184,
            "90.000000" : 2071986176,
            "95.000000" : 2600468480,
            "99.000000" : 3338665984,
            "99.500000" : 3539992576,
            "99.900000" : 3640655872,
            "99.950000" : 3674210304,
            "99.990000" : 3741319168
          }
        },
        "lat_ns" : {
          "min" : 52118784,
          "max" : 4703914720,
          "mean" : 882126242.334023,
          "stddev" : 805167459.182345,
          "N" : 17403
        },
        "bw_min" : 253,
        "bw_max" : 3896,
        "bw_agg" : 100.000000,
        "bw_mean" : 1533.641197,
        "bw_dev" : 31.084570,
        "bw_samples" : 2862,
        "iops_min" : 61,
        "iops_max" : 974,
        "iops_mean" : 383.335183,
        "iops_stddev" : 7.773838,
        "iops_samples" : 2862
      },
      "write" : {
        "io_bytes" : 71614464,
        "io_kbytes" : 69936,
        "bw_bytes" : 1168147,
        "bw" : 1140,
        "iops" : 285.192314,
        "runtime" : 61306,
        "total_ios" : 17484,
        "short_ios" : 0,
        "drop_ios" : 0,
        "slat_ns" : {
          "min" : 72006,
          "max" : 1658802102,
          "mean" : 56929509.908145,
          "stddev" : 157535927.279220,
          "N" : 17484
        },
        "clat_ns" : {
          "min" : 6352571,
          "max" : 4699253919,
          "mean" : 838965823.977008,
          "stddev" : 776511186.160823,
          "N" : 17484,
          "percentile" : {
            "1.000000" : 304087040,
            "5.000000" : 333447168,
            "10.000000" : 346030080,
            "20.000000" : 362807296,
            "30.000000" : 375390208,
            "40.000000" : 383778816,
            "50.000000" : 404750336,
            "60.000000" : 501219328,
            "70.000000" : 725614592,
            "80.000000" : 1484783616,
            "90.000000" : 2071986176,
            "95.000000" : 2499805184,
            "99.000000" : 3405774848,
            "99.500000" : 3539992576,
            "99.900000" : 3674210304,
            "99.950000" : 3707764736,
            "99.990000" : 3774873600
          }
        },
        "lat_ns" : {
          "min" : 217813569,
          "max" : 4744871369,
          "mean" : 895899420.563715,
          "stddev" : 808204549.250593,
          "N" : 17484
        },
        "bw_min" : 251,
        "bw_max" : 3872,
        "bw_agg" : 100.000000,
        "bw_mean" : 1531.710683,
        "bw_dev" : 31.820826,
        "bw_samples" : 2881,
        "iops_min" : 59,
        "iops_max" : 968,
        "iops_mean" : 382.836579,
        "iops_stddev" : 7.958512,
        "iops_samples" : 2881
      },
      "trim" : {
        "io_bytes" : 0,
        "io_kbytes" : 0,
        "bw_bytes" : 0,
        "bw" : 0,
        "iops" : 0.000000,
        "runtime" : 0,
        "total_ios" : 0,
        "short_ios" : 0,
        "drop_ios" : 0,
        "slat_ns" : {
          "min" : 0,
          "max" : 0,
          "mean" : 0.000000,
          "stddev" : 0.000000,
          "N" : 0
        },
        "clat_ns" : {
          "min" : 0,
          "max" : 0,
          "mean" : 0.000000,
          "stddev" : 0.000000,
          "N" : 0
        },
        "lat_ns" : {
          "min" : 0,
          "max" : 0,
          "mean" : 0.000000,
          "stddev" : 0.000000,
          "N" : 0
        },
        "bw_min" : 0,
        "bw_max" : 0,
        "bw_agg" : 0.000000,
        "bw_mean" : 0.000000,
        "bw_dev" : 0.000000,
        "bw_samples" : 0,
        "iops_min" : 0,
        "iops_max" : 0,
        "iops_mean" : 0.000000,
        "iops_stddev" : 0.000000,
        "iops_samples" : 0
      },
      "sync" : {
        "total_ios" : 0,
        "lat_ns" : {
          "min" : 0,
          "max" : 0,
          "mean" : 0.000000,
          "stddev" : 0.000000,
          "N" : 0
        }
      },
      "job_runtime" : 1958083,
      "usr_cpu" : 0.033349,
      "sys_cpu" : 0.037741,
      "ctx" : 52490,
      "majf" : 0,
      "minf" : 1336,
      "iodepth_level" : {
        "1" : 0.100000,
        "2" : 0.183449,
        "4" : 0.366899,
        "8" : 0.733798,
        "16" : 98.624129,
        "32" : 0.000000,
        ">=64" : 0.000000
      },
      "iodepth_submit" : {
        "0" : 0.000000,
        "4" : 100.000000,
        "8" : 0.000000,
        "16" : 0.000000,
        "32" : 0.000000,
        "64" : 0.000000,
        ">=64" : 0.000000
      },
      "iodepth_complete" : {
        "0" : 0.000000,
        "4" : 99.907082,
        "8" : 0.000000,
        "16" : 0.100000,
        "32" : 0.000000,
        "64" : 0.000000,
        ">=64" : 0.000000
      },
      "latency_ns" : {
        "2" : 0.000000,
        "4" : 0.000000,
        "10" : 0.000000,
        "20" : 0.000000,
        "50" : 0.000000,
        "100" : 0.000000,
        "250" : 0.000000,
        "500" : 0.000000,
        "750" : 0.000000,
        "1000" : 0.000000
      },
      "latency_us" : {
        "2" : 0.000000,
        "4" : 0.000000,
        "10" : 0.000000,
        "20" : 0.000000,
        "50" : 0.000000,
        "100" : 0.000000,
        "250" : 0.000000,
        "500" : 0.000000,
        "750" : 0.000000,
        "1000" : 0.000000
      },
      "latency_ms" : {
        "2" : 0.010000,
        "4" : 0.010000,
        "10" : 0.040130,
        "20" : 0.010000,
        "50" : 0.000000,
        "100" : 0.011466,
        "250" : 0.346834,
        "500" : 60.372058,
        "750" : 9.906269,
        "1000" : 3.883968,
        "2000" : 14.251727,
        ">=2000" : 11.167484
      },
      "latency_depth" : 16,
      "latency_target" : 0,
      "latency_percentile" : 100.000000,
      "latency_window" : 0
    }
  ]
}
