{
  "fio version" : "fio-3.29-112-gc3773",
  "timestamp" : 1649359073,
  "timestamp_ms" : 1649359073406,
  "time" : "Thu Apr  7 19:17:53 2022",
  "global options" : {
    "size" : "50M",
    "runtime" : "60",
    "rwmixread" : "50",
    "directory" : "/mnt/gfs"
  },
  "jobs" : [
    {
      "jobname" : "iotest",
      "groupid" : 0,
      "error" : 0,
      "eta" : 0,
      "elapsed" : 61,
      "job options" : {
        "rw" : "randrw",
        "bs" : "4k",
        "ioengine" : "libaio",
        "iodepth" : "16",
        "numjobs" : "16",
        "direct" : "1",
        "group_reporting" : "1",
        "invalidate" : "1",
        "loops" : "1",
        "write_bw_log" : "./fio-bench-07-04-2022--16-25-57-rand-gfs/randrw/gfs/randrw50/4k/randrw-iodepth-16-numjobs-16",
        "write_lat_log" : "./fio-bench-07-04-2022--16-25-57-rand-gfs/randrw/gfs/randrw50/4k/randrw-iodepth-16-numjobs-16",
        "write_iops_log" : "./fio-bench-07-04-2022--16-25-57-rand-gfs/randrw/gfs/randrw50/4k/randrw-iodepth-16-numjobs-16",
        "log_avg_msec" : "500"
      },
      "read" : {
        "io_bytes" : 58183680,
        "io_kbytes" : 56820,
        "bw_bytes" : 968581,
        "bw" : 945,
        "iops" : 236.470177,
        "runtime" : 60071,
        "total_ios" : 14205,
        "short_ios" : 0,
        "drop_ios" : 0,
        "slat_ns" : {
          "min" : 3771,
          "max" : 2066581597,
          "mean" : 33061333.045829,
          "stddev" : 158665369.932336,
          "N" : 14205
        },
        "clat_ns" : {
          "min" : 3975167,
          "max" : 4601140533,
          "mean" : 500364028.370855,
          "stddev" : 684278179.716609,
          "N" : 14205,
          "percentile" : {
            "1.000000" : 109576192,
            "5.000000" : 147849216,
            "10.000000" : 158334976,
            "20.000000" : 170917888,
            "30.000000" : 179306496,
            "40.000000" : 185597952,
            "50.000000" : 191889408,
            "60.000000" : 200278016,
            "70.000000" : 212860928,
            "80.000000" : 434110464,
            "90.000000" : 1937768448,
            "95.000000" : 2197815296,
            "99.000000" : 2466250752,
            "99.500000" : 2768240640,
            "99.900000" : 2835349504,
            "99.950000" : 2835349504,
            "99.990000" : 3539992576
          }
        },
        "lat_ns" : {
          "min" : 16414843,
          "max" : 4617108880,
          "mean" : 533428690.670609,
          "stddev" : 706646167.763847,
          "N" : 14205
        },
        "bw_min" : 128,
        "bw_max" : 3616,
        "bw_agg" : 100.000000,
        "bw_mean" : 1512.161030,
        "bw_dev" : 60.978009,
        "bw_samples" : 1192,
        "iops_min" : 32,
        "iops_max" : 904,
        "iops_mean" : 378.010214,
        "iops_stddev" : 15.244920,
        "iops_samples" : 1192
      },
      "write" : {
        "io_bytes" : 59199488,
        "io_kbytes" : 57812,
        "bw_bytes" : 985491,
        "bw" : 962,
        "iops" : 240.598625,
        "runtime" : 60071,
        "total_ios" : 14453,
        "short_ios" : 0,
        "drop_ios" : 0,
        "slat_ns" : {
          "min" : 74800,
          "max" : 2066247964,
          "mean" : 31484317.560645,
          "stddev" : 149373630.460090,
          "N" : 14453
        },
        "clat_ns" : {
          "min" : 16426786,
          "max" : 4502094488,
          "mean" : 506470104.342628,
          "stddev" : 691377942.527633,
          "N" : 14453,
          "percentile" : {
            "1.000000" : 125304832,
            "5.000000" : 149946368,
            "10.000000" : 160432128,
            "20.000000" : 173015040,
            "30.000000" : 179306496,
            "40.000000" : 185597952,
            "50.000000" : 191889408,
            "60.000000" : 200278016,
            "70.000000" : 214958080,
            "80.000000" : 471859200,
            "90.000000" : 1920991232,
            "95.000000" : 2231369728,
            "99.000000" : 2566914048,
            "99.500000" : 2768240640,
            "99.900000" : 3405774848,
            "99.950000" : 3674210304,
            "99.990000" : 4328521728
          }
        },
        "lat_ns" : {
          "min" : 23989500,
          "max" : 4515331963,
          "mean" : 537957817.106898,
          "stddev" : 710629779.391057,
          "N" : 14453
        },
        "bw_min" : 128,
        "bw_max" : 3624,
        "bw_agg" : 100.000000,
        "bw_mean" : 1540.410783,
        "bw_dev" : 63.681393,
        "bw_samples" : 1190,
        "iops_min" : 32,
        "iops_max" : 906,
        "iops_mean" : 385.072279,
        "iops_stddev" : 15.920021,
        "iops_samples" : 1190
      },
      "trim" : {
        "io_bytes" : 0,
        "io_kbytes" : 0,
        "bw_bytes" : 0,
        "bw" : 0,
        "iops" : 0.000000,
        "runtime" : 0,
        "total_ios" : 0,
        "short_ios" : 0,
        "drop_ios" : 0,
        "slat_ns" : {
          "min" : 0,
          "max" : 0,
          "mean" : 0.000000,
          "stddev" : 0.000000,
          "N" : 0
        },
        "clat_ns" : {
          "min" : 0,
          "max" : 0,
          "mean" : 0.000000,
          "stddev" : 0.000000,
          "N" : 0
        },
        "lat_ns" : {
          "min" : 0,
          "max" : 0,
          "mean" : 0.000000,
          "stddev" : 0.000000,
          "N" : 0
        },
        "bw_min" : 0,
        "bw_max" : 0,
        "bw_agg" : 0.000000,
        "bw_mean" : 0.000000,
        "bw_dev" : 0.000000,
        "bw_samples" : 0,
        "iops_min" : 0,
        "iops_max" : 0,
        "iops_mean" : 0.000000,
        "iops_stddev" : 0.000000,
        "iops_samples" : 0
      },
      "sync" : {
        "total_ios" : 0,
        "lat_ns" : {
          "min" : 0,
          "max" : 0,
          "mean" : 0.000000,
          "stddev" : 0.000000,
          "N" : 0
        }
      },
      "job_runtime" : 960601,
      "usr_cpu" : 0.046950,
      "sys_cpu" : 0.060795,
      "ctx" : 43253,
      "majf" : 0,
      "minf" : 664,
      "iodepth_level" : {
        "1" : 0.100000,
        "2" : 0.111662,
        "4" : 0.223323,
        "8" : 0.446647,
        "16" : 99.162538,
        "32" : 0.000000,
        ">=64" : 0.000000
      },
      "iodepth_submit" : {
        "0" : 0.000000,
        "4" : 100.000000,
        "8" : 0.000000,
        "16" : 0.000000,
        "32" : 0.000000,
        "64" : 0.000000,
        ">=64" : 0.000000
      },
      "iodepth_complete" : {
        "0" : 0.000000,
        "4" : 99.943729,
        "8" : 0.000000,
        "16" : 0.100000,
        "32" : 0.000000,
        "64" : 0.000000,
        ">=64" : 0.000000
      },
      "latency_ns" : {
        "2" : 0.000000,
        "4" : 0.000000,
        "10" : 0.000000,
        "20" : 0.000000,
        "50" : 0.000000,
        "100" : 0.000000,
        "250" : 0.000000,
        "500" : 0.000000,
        "750" : 0.000000,
        "1000" : 0.000000
      },
      "latency_us" : {
        "2" : 0.000000,
        "4" : 0.000000,
        "10" : 0.000000,
        "20" : 0.000000,
        "50" : 0.000000,
        "100" : 0.000000,
        "250" : 0.000000,
        "500" : 0.000000,
        "750" : 0.000000,
        "1000" : 0.000000
      },
      "latency_ms" : {
        "2" : 0.000000,
        "4" : 0.010000,
        "10" : 0.013958,
        "20" : 0.027915,
        "50" : 0.146556,
        "100" : 0.401284,
        "250" : 74.506246,
        "500" : 5.652872,
        "750" : 2.069230,
        "1000" : 1.127085,
        "2000" : 7.313839,
        ">=2000" : 8.737525
      },
      "latency_depth" : 16,
      "latency_target" : 0,
      "latency_percentile" : 100.000000,
      "latency_window" : 0
    }
  ]
}
