{
  "fio version" : "fio-3.29-112-gc3773",
  "timestamp" : 1649358113,
  "timestamp_ms" : 1649358113799,
  "time" : "Thu Apr  7 19:01:53 2022",
  "global options" : {
    "size" : "50M",
    "runtime" : "60",
    "rwmixread" : "50",
    "directory" : "/mnt/gfs"
  },
  "jobs" : [
    {
      "jobname" : "iotest",
      "groupid" : 0,
      "error" : 0,
      "eta" : 0,
      "elapsed" : 61,
      "job options" : {
        "rw" : "randrw",
        "bs" : "4k",
        "ioengine" : "libaio",
        "iodepth" : "4",
        "numjobs" : "4",
        "direct" : "1",
        "group_reporting" : "1",
        "invalidate" : "1",
        "loops" : "1",
        "write_bw_log" : "./fio-bench-07-04-2022--16-25-57-rand-gfs/randrw/gfs/randrw50/4k/randrw-iodepth-4-numjobs-4",
        "write_lat_log" : "./fio-bench-07-04-2022--16-25-57-rand-gfs/randrw/gfs/randrw50/4k/randrw-iodepth-4-numjobs-4",
        "write_iops_log" : "./fio-bench-07-04-2022--16-25-57-rand-gfs/randrw/gfs/randrw50/4k/randrw-iodepth-4-numjobs-4",
        "log_avg_msec" : "500"
      },
      "read" : {
        "io_bytes" : 77676544,
        "io_kbytes" : 75856,
        "bw_bytes" : 1294156,
        "bw" : 1263,
        "iops" : 315.956082,
        "runtime" : 60021,
        "total_ios" : 18964,
        "short_ios" : 0,
        "drop_ios" : 0,
        "slat_ns" : {
          "min" : 3352,
          "max" : 110210,
          "mean" : 8464.461770,
          "stddev" : 1680.279307,
          "N" : 18964
        },
        "clat_ns" : {
          "min" : 1291858,
          "max" : 2434101685,
          "mean" : 22994994.298618,
          "stddev" : 123914731.566905,
          "N" : 18964,
          "percentile" : {
            "1.000000" : 1482752,
            "5.000000" : 2023424,
            "10.000000" : 2736128,
            "20.000000" : 3686400,
            "30.000000" : 5406720,
            "40.000000" : 8585216,
            "50.000000" : 12255232,
            "60.000000" : 15400960,
            "70.000000" : 18481152,
            "80.000000" : 22937600,
            "90.000000" : 29229056,
            "95.000000" : 35913728,
            "99.000000" : 100139008,
            "99.500000" : 396361728,
            "99.900000" : 2231369728,
            "99.950000" : 2365587456,
            "99.990000" : 2399141888
          }
        },
        "lat_ns" : {
          "min" : 1304080,
          "max" : 2434112301,
          "mean" : 23006227.144273,
          "stddev" : 123914776.817724,
          "N" : 18964
        },
        "bw_min" : 40,
        "bw_max" : 4168,
        "bw_agg" : 100.000000,
        "bw_mean" : 2438.697488,
        "bw_dev" : 290.800351,
        "bw_samples" : 301,
        "iops_min" : 10,
        "iops_max" : 1042,
        "iops_mean" : 609.592171,
        "iops_stddev" : 72.687761,
        "iops_samples" : 301
      },
      "write" : {
        "io_bytes" : 79486976,
        "io_kbytes" : 77624,
        "bw_bytes" : 1324319,
        "bw" : 1293,
        "iops" : 323.320171,
        "runtime" : 60021,
        "total_ios" : 19406,
        "short_ios" : 0,
        "drop_ios" : 0,
        "slat_ns" : {
          "min" : 17041,
          "max" : 3495006,
          "mean" : 45238.655725,
          "stddev" : 44890.672218,
          "N" : 19406
        },
        "clat_ns" : {
          "min" : 2536712,
          "max" : 4560392672,
          "mean" : 21014862.283778,
          "stddev" : 149686033.889455,
          "N" : 19406,
          "percentile" : {
            "1.000000" : 2703360,
            "5.000000" : 2932736,
            "10.000000" : 2998272,
            "20.000000" : 3981312,
            "30.000000" : 4751360,
            "40.000000" : 5996544,
            "50.000000" : 7438336,
            "60.000000" : 9371648,
            "70.000000" : 11730944,
            "80.000000" : 15007744,
            "90.000000" : 19791872,
            "95.000000" : 25821184,
            "99.000000" : 94896128,
            "99.500000" : 1069547520,
            "99.900000" : 2399141888,
            "99.950000" : 2566914048,
            "99.990000" : 4529848320
          }
        },
        "lat_ns" : {
          "min" : 2567721,
          "max" : 4560430037,
          "mean" : 21063004.710605,
          "stddev" : 149686454.010577,
          "N" : 19406
        },
        "bw_min" : 80,
        "bw_max" : 4345,
        "bw_agg" : 100.000000,
        "bw_mean" : 2550.883915,
        "bw_dev" : 291.312307,
        "bw_samples" : 298,
        "iops_min" : 20,
        "iops_max" : 1086,
        "iops_mean" : 637.636707,
        "iops_stddev" : 72.816975,
        "iops_samples" : 298
      },
      "trim" : {
        "io_bytes" : 0,
        "io_kbytes" : 0,
        "bw_bytes" : 0,
        "bw" : 0,
        "iops" : 0.000000,
        "runtime" : 0,
        "total_ios" : 0,
        "short_ios" : 0,
        "drop_ios" : 0,
        "slat_ns" : {
          "min" : 0,
          "max" : 0,
          "mean" : 0.000000,
          "stddev" : 0.000000,
          "N" : 0
        },
        "clat_ns" : {
          "min" : 0,
          "max" : 0,
          "mean" : 0.000000,
          "stddev" : 0.000000,
          "N" : 0
        },
        "lat_ns" : {
          "min" : 0,
          "max" : 0,
          "mean" : 0.000000,
          "stddev" : 0.000000,
          "N" : 0
        },
        "bw_min" : 0,
        "bw_max" : 0,
        "bw_agg" : 0.000000,
        "bw_mean" : 0.000000,
        "bw_dev" : 0.000000,
        "bw_samples" : 0,
        "iops_min" : 0,
        "iops_max" : 0,
        "iops_mean" : 0.000000,
        "iops_stddev" : 0.000000,
        "iops_samples" : 0
      },
      "sync" : {
        "total_ios" : 0,
        "lat_ns" : {
          "min" : 0,
          "max" : 0,
          "mean" : 0.000000,
          "stddev" : 0.000000,
          "N" : 0
        }
      },
      "job_runtime" : 211350,
      "usr_cpu" : 0.237521,
      "sys_cpu" : 0.396499,
      "ctx" : 56554,
      "majf" : 0,
      "minf" : 153,
      "iodepth_level" : {
        "1" : 0.100000,
        "2" : 0.100000,
        "4" : 99.968726,
        "8" : 0.000000,
        "16" : 0.000000,
        "32" : 0.000000,
        ">=64" : 0.000000
      },
      "iodepth_submit" : {
        "0" : 0.000000,
        "4" : 100.000000,
        "8" : 0.000000,
        "16" : 0.000000,
        "32" : 0.000000,
        "64" : 0.000000,
        ">=64" : 0.000000
      },
      "iodepth_complete" : {
        "0" : 0.000000,
        "4" : 100.000000,
        "8" : 0.000000,
        "16" : 0.000000,
        "32" : 0.000000,
        "64" : 0.000000,
        ">=64" : 0.000000
      },
      "latency_ns" : {
        "2" : 0.000000,
        "4" : 0.000000,
        "10" : 0.000000,
        "20" : 0.000000,
        "50" : 0.000000,
        "100" : 0.000000,
        "250" : 0.000000,
        "500" : 0.000000,
        "750" : 0.000000,
        "1000" : 0.000000
      },
      "latency_us" : {
        "2" : 0.000000,
        "4" : 0.000000,
        "10" : 0.000000,
        "20" : 0.000000,
        "50" : 0.000000,
        "100" : 0.000000,
        "250" : 0.000000,
        "500" : 0.000000,
        "750" : 0.000000,
        "1000" : 0.000000
      },
      "latency_ms" : {
        "2" : 2.374251,
        "4" : 19.311962,
        "10" : 31.701850,
        "20" : 28.704717,
        "50" : 16.447746,
        "100" : 0.461298,
        "250" : 0.310138,
        "500" : 0.179828,
        "750" : 0.049518,
        "1000" : 0.010425,
        "2000" : 0.237164,
        ">=2000" : 0.211102
      },
      "latency_depth" : 4,
      "latency_target" : 0,
      "latency_percentile" : 100.000000,
      "latency_window" : 0
    }
  ]
}
