{
  "fio version" : "fio-3.29-112-gc3773",
  "timestamp" : 1649358175,
  "timestamp_ms" : 1649358175874,
  "time" : "Thu Apr  7 19:02:55 2022",
  "global options" : {
    "size" : "50M",
    "runtime" : "60",
    "rwmixread" : "50",
    "directory" : "/mnt/gfs"
  },
  "jobs" : [
    {
      "jobname" : "iotest",
      "groupid" : 0,
      "error" : 0,
      "eta" : 0,
      "elapsed" : 62,
      "job options" : {
        "rw" : "randrw",
        "bs" : "4k",
        "ioengine" : "libaio",
        "iodepth" : "4",
        "numjobs" : "8",
        "direct" : "1",
        "group_reporting" : "1",
        "invalidate" : "1",
        "loops" : "1",
        "write_bw_log" : "./fio-bench-07-04-2022--16-25-57-rand-gfs/randrw/gfs/randrw50/4k/randrw-iodepth-4-numjobs-8",
        "write_lat_log" : "./fio-bench-07-04-2022--16-25-57-rand-gfs/randrw/gfs/randrw50/4k/randrw-iodepth-4-numjobs-8",
        "write_iops_log" : "./fio-bench-07-04-2022--16-25-57-rand-gfs/randrw/gfs/randrw50/4k/randrw-iodepth-4-numjobs-8",
        "log_avg_msec" : "500"
      },
      "read" : {
        "io_bytes" : 102694912,
        "io_kbytes" : 100288,
        "bw_bytes" : 1661272,
        "bw" : 1622,
        "iops" : 405.584224,
        "runtime" : 61817,
        "total_ios" : 25072,
        "short_ios" : 0,
        "drop_ios" : 0,
        "slat_ns" : {
          "min" : 3073,
          "max" : 55943,
          "mean" : 8370.221123,
          "stddev" : 1595.876625,
          "N" : 25072
        },
        "clat_ns" : {
          "min" : 1219641,
          "max" : 4024023469,
          "mean" : 40050431.651803,
          "stddev" : 194032287.400377,
          "N" : 25072,
          "percentile" : {
            "1.000000" : 1712128,
            "5.000000" : 2736128,
            "10.000000" : 3686400,
            "20.000000" : 7438336,
            "30.000000" : 11993088,
            "40.000000" : 15925248,
            "50.000000" : 19529728,
            "60.000000" : 22675456,
            "70.000000" : 26607616,
            "80.000000" : 31850496,
            "90.000000" : 40108032,
            "95.000000" : 49545216,
            "99.000000" : 392167424,
            "99.500000" : 1837105152,
            "99.900000" : 2566914048,
            "99.950000" : 3103784960,
            "99.990000" : 3909091328
          }
        },
        "lat_ns" : {
          "min" : 1232282,
          "max" : 4024035761,
          "mean" : 40061550.550574,
          "stddev" : 194032300.323301,
          "N" : 25072
        },
        "bw_min" : 64,
        "bw_max" : 6192,
        "bw_agg" : 100.000000,
        "bw_mean" : 2670.761359,
        "bw_dev" : 228.039973,
        "bw_samples" : 624,
        "iops_min" : 16,
        "iops_max" : 1548,
        "iops_mean" : 667.614890,
        "iops_stddev" : 57.007316,
        "iops_samples" : 624
      },
      "write" : {
        "io_bytes" : 104464384,
        "io_kbytes" : 102016,
        "bw_bytes" : 1689897,
        "bw" : 1650,
        "iops" : 412.572593,
        "runtime" : 61817,
        "total_ios" : 25504,
        "short_ios" : 0,
        "drop_ios" : 0,
        "slat_ns" : {
          "min" : 17041,
          "max" : 11734831,
          "mean" : 52640.682481,
          "stddev" : 134292.340315,
          "N" : 25504
        },
        "clat_ns" : {
          "min" : 2509403,
          "max" : 3901274877,
          "mean" : 34315759.362296,
          "stddev" : 187109798.566948,
          "N" : 25504,
          "percentile" : {
            "1.000000" : 2736128,
            "5.000000" : 2998272,
            "10.000000" : 3981312,
            "20.000000" : 5734400,
            "30.000000" : 8159232,
            "40.000000" : 10813440,
            "50.000000" : 13565952,
            "60.000000" : 16449536,
            "70.000000" : 19791872,
            "80.000000" : 23986176,
            "90.000000" : 30801920,
            "95.000000" : 38010880,
            "99.000000" : 425721856,
            "99.500000" : 1753219072,
            "99.900000" : 2533359616,
            "99.950000" : 2667577344,
            "99.990000" : 3774873600
          }
        },
        "lat_ns" : {
          "min" : 2542648,
          "max" : 3901308331,
          "mean" : 34371331.433540,
          "stddev" : 187109441.082889,
          "N" : 25504
        },
        "bw_min" : 64,
        "bw_max" : 6048,
        "bw_agg" : 100.000000,
        "bw_mean" : 2746.569817,
        "bw_dev" : 225.774413,
        "bw_samples" : 614,
        "iops_min" : 16,
        "iops_max" : 1512,
        "iops_mean" : 686.564836,
        "iops_stddev" : 56.439988,
        "iops_samples" : 614
      },
      "trim" : {
        "io_bytes" : 0,
        "io_kbytes" : 0,
        "bw_bytes" : 0,
        "bw" : 0,
        "iops" : 0.000000,
        "runtime" : 0,
        "total_ios" : 0,
        "short_ios" : 0,
        "drop_ios" : 0,
        "slat_ns" : {
          "min" : 0,
          "max" : 0,
          "mean" : 0.000000,
          "stddev" : 0.000000,
          "N" : 0
        },
        "clat_ns" : {
          "min" : 0,
          "max" : 0,
          "mean" : 0.000000,
          "stddev" : 0.000000,
          "N" : 0
        },
        "lat_ns" : {
          "min" : 0,
          "max" : 0,
          "mean" : 0.000000,
          "stddev" : 0.000000,
          "N" : 0
        },
        "bw_min" : 0,
        "bw_max" : 0,
        "bw_agg" : 0.000000,
        "bw_mean" : 0.000000,
        "bw_dev" : 0.000000,
        "bw_samples" : 0,
        "iops_min" : 0,
        "iops_max" : 0,
        "iops_mean" : 0.000000,
        "iops_stddev" : 0.000000,
        "iops_samples" : 0
      },
      "sync" : {
        "total_ios" : 0,
        "lat_ns" : {
          "min" : 0,
          "max" : 0,
          "mean" : 0.000000,
          "stddev" : 0.000000,
          "N" : 0
        }
      },
      "job_runtime" : 470416,
      "usr_cpu" : 0.127547,
      "sys_cpu" : 0.246590,
      "ctx" : 74589,
      "majf" : 0,
      "minf" : 334,
      "iodepth_level" : {
        "1" : 0.100000,
        "2" : 0.100000,
        "4" : 99.952547,
        "8" : 0.000000,
        "16" : 0.000000,
        "32" : 0.000000,
        ">=64" : 0.000000
      },
      "iodepth_submit" : {
        "0" : 0.000000,
        "4" : 100.000000,
        "8" : 0.000000,
        "16" : 0.000000,
        "32" : 0.000000,
        "64" : 0.000000,
        ">=64" : 0.000000
      },
      "iodepth_complete" : {
        "0" : 0.000000,
        "4" : 100.000000,
        "8" : 0.000000,
        "16" : 0.000000,
        "32" : 0.000000,
        "64" : 0.000000,
        ">=64" : 0.000000
      },
      "latency_ns" : {
        "2" : 0.000000,
        "4" : 0.000000,
        "10" : 0.000000,
        "20" : 0.000000,
        "50" : 0.000000,
        "100" : 0.000000,
        "250" : 0.000000,
        "500" : 0.000000,
        "750" : 0.000000,
        "1000" : 0.000000
      },
      "latency_us" : {
        "2" : 0.000000,
        "4" : 0.000000,
        "10" : 0.000000,
        "20" : 0.000000,
        "50" : 0.000000,
        "100" : 0.000000,
        "250" : 0.000000,
        "500" : 0.000000,
        "750" : 0.000000,
        "1000" : 0.000000
      },
      "latency_ms" : {
        "2" : 1.121085,
        "4" : 9.945429,
        "10" : 20.339687,
        "20" : 29.840240,
        "50" : 34.994859,
        "100" : 1.890225,
        "250" : 0.541759,
        "500" : 0.393467,
        "750" : 0.047453,
        "1000" : 0.057339,
        "2000" : 0.452784,
        ">=2000" : 0.375672
      },
      "latency_depth" : 4,
      "latency_target" : 0,
      "latency_percentile" : 100.000000,
      "latency_window" : 0
    }
  ]
}
