{
  "fio version" : "fio-3.29-112-gc3773",
  "timestamp" : 1649358721,
  "timestamp_ms" : 1649358721410,
  "time" : "Thu Apr  7 19:12:01 2022",
  "global options" : {
    "size" : "50M",
    "runtime" : "60",
    "rwmixread" : "50",
    "directory" : "/mnt/gfs"
  },
  "jobs" : [
    {
      "jobname" : "iotest",
      "groupid" : 0,
      "error" : 0,
      "eta" : 0,
      "elapsed" : 62,
      "job options" : {
        "rw" : "randrw",
        "bs" : "4k",
        "ioengine" : "libaio",
        "iodepth" : "8",
        "numjobs" : "32",
        "direct" : "1",
        "group_reporting" : "1",
        "invalidate" : "1",
        "loops" : "1",
        "write_bw_log" : "./fio-bench-07-04-2022--16-25-57-rand-gfs/randrw/gfs/randrw50/4k/randrw-iodepth-8-numjobs-32",
        "write_lat_log" : "./fio-bench-07-04-2022--16-25-57-rand-gfs/randrw/gfs/randrw50/4k/randrw-iodepth-8-numjobs-32",
        "write_iops_log" : "./fio-bench-07-04-2022--16-25-57-rand-gfs/randrw/gfs/randrw50/4k/randrw-iodepth-8-numjobs-32",
        "log_avg_msec" : "500"
      },
      "read" : {
        "io_bytes" : 71946240,
        "io_kbytes" : 70260,
        "bw_bytes" : 1175131,
        "bw" : 1147,
        "iops" : 286.897295,
        "runtime" : 61224,
        "total_ios" : 17565,
        "short_ios" : 0,
        "drop_ios" : 0,
        "slat_ns" : {
          "min" : 3003,
          "max" : 2336050849,
          "mean" : 52534294.327356,
          "stddev" : 158613088.256828,
          "N" : 17565
        },
        "clat_ns" : {
          "min" : 2175283,
          "max" : 4417601924,
          "mean" : 379918400.337375,
          "stddev" : 532601511.175737,
          "N" : 17565,
          "percentile" : {
            "1.000000" : 98041856,
            "5.000000" : 139460608,
            "10.000000" : 147849216,
            "20.000000" : 158334976,
            "30.000000" : 166723584,
            "40.000000" : 173015040,
            "50.000000" : 177209344,
            "60.000000" : 181403648,
            "70.000000" : 187695104,
            "80.000000" : 208666624,
            "90.000000" : 1417674752,
            "95.000000" : 1652555776,
            "99.000000" : 2566914048,
            "99.500000" : 3036676096,
            "99.900000" : 3137339392,
            "99.950000" : 3305111552,
            "99.990000" : 4110417920
          }
        },
        "lat_ns" : {
          "min" : 2393398,
          "max" : 4442220913,
          "mean" : 432456656.351779,
          "stddev" : 574879053.694026,
          "N" : 17565
        },
        "bw_min" : 255,
        "bw_max" : 4000,
        "bw_agg" : 100.000000,
        "bw_mean" : 1689.730018,
        "bw_dev" : 32.897018,
        "bw_samples" : 2645,
        "iops_min" : 63,
        "iops_max" : 1000,
        "iops_mean" : 422.413636,
        "iops_stddev" : 8.225034,
        "iops_samples" : 2645
      },
      "write" : {
        "io_bytes" : 72294400,
        "io_kbytes" : 70600,
        "bw_bytes" : 1180817,
        "bw" : 1153,
        "iops" : 288.285640,
        "runtime" : 61224,
        "total_ios" : 17650,
        "short_ios" : 0,
        "drop_ios" : 0,
        "slat_ns" : {
          "min" : 53918,
          "max" : 2545954096,
          "mean" : 53474262.633994,
          "stddev" : 163368721.104686,
          "N" : 17650
        },
        "clat_ns" : {
          "min" : 4951343,
          "max" : 4337895802,
          "mean" : 398565995.357564,
          "stddev" : 556142703.544526,
          "N" : 17650,
          "percentile" : {
            "1.000000" : 123207680,
            "5.000000" : 143654912,
            "10.000000" : 152043520,
            "20.000000" : 162529280,
            "30.000000" : 170917888,
            "40.000000" : 175112192,
            "50.000000" : 179306496,
            "60.000000" : 183500800,
            "70.000000" : 191889408,
            "80.000000" : 219152384,
            "90.000000" : 1451229184,
            "95.000000" : 1702887424,
            "99.000000" : 2600468480,
            "99.500000" : 3036676096,
            "99.900000" : 3305111552,
            "99.950000" : 4043309056,
            "99.990000" : 4328521728
          }
        },
        "lat_ns" : {
          "min" : 17600058,
          "max" : 4364875643,
          "mean" : 452044263.721643,
          "stddev" : 609494451.555876,
          "N" : 17650
        },
        "bw_min" : 255,
        "bw_max" : 3848,
        "bw_agg" : 100.000000,
        "bw_mean" : 1704.978177,
        "bw_dev" : 33.397315,
        "bw_samples" : 2634,
        "iops_min" : 63,
        "iops_max" : 962,
        "iops_mean" : 426.226580,
        "iops_stddev" : 8.350069,
        "iops_samples" : 2634
      },
      "trim" : {
        "io_bytes" : 0,
        "io_kbytes" : 0,
        "bw_bytes" : 0,
        "bw" : 0,
        "iops" : 0.000000,
        "runtime" : 0,
        "total_ios" : 0,
        "short_ios" : 0,
        "drop_ios" : 0,
        "slat_ns" : {
          "min" : 0,
          "max" : 0,
          "mean" : 0.000000,
          "stddev" : 0.000000,
          "N" : 0
        },
        "clat_ns" : {
          "min" : 0,
          "max" : 0,
          "mean" : 0.000000,
          "stddev" : 0.000000,
          "N" : 0
        },
        "lat_ns" : {
          "min" : 0,
          "max" : 0,
          "mean" : 0.000000,
          "stddev" : 0.000000,
          "N" : 0
        },
        "bw_min" : 0,
        "bw_max" : 0,
        "bw_agg" : 0.000000,
        "bw_mean" : 0.000000,
        "bw_dev" : 0.000000,
        "bw_samples" : 0,
        "iops_min" : 0,
        "iops_max" : 0,
        "iops_mean" : 0.000000,
        "iops_stddev" : 0.000000,
        "iops_samples" : 0
      },
      "sync" : {
        "total_ios" : 0,
        "lat_ns" : {
          "min" : 0,
          "max" : 0,
          "mean" : 0.000000,
          "stddev" : 0.000000,
          "N" : 0
        }
      },
      "job_runtime" : 1949962,
      "usr_cpu" : 0.034257,
      "sys_cpu" : 0.037385,
      "ctx" : 53183,
      "majf" : 0,
      "minf" : 1331,
      "iodepth_level" : {
        "1" : 0.100000,
        "2" : 0.181741,
        "4" : 0.363481,
        "8" : 99.363907,
        "16" : 0.000000,
        "32" : 0.000000,
        ">=64" : 0.000000
      },
      "iodepth_submit" : {
        "0" : 0.000000,
        "4" : 100.000000,
        "8" : 0.000000,
        "16" : 0.000000,
        "32" : 0.000000,
        "64" : 0.000000,
        ">=64" : 0.000000
      },
      "iodepth_complete" : {
        "0" : 0.000000,
        "4" : 99.908631,
        "8" : 0.100000,
        "16" : 0.000000,
        "32" : 0.000000,
        "64" : 0.000000,
        ">=64" : 0.000000
      },
      "latency_ns" : {
        "2" : 0.000000,
        "4" : 0.000000,
        "10" : 0.000000,
        "20" : 0.000000,
        "50" : 0.000000,
        "100" : 0.000000,
        "250" : 0.000000,
        "500" : 0.000000,
        "750" : 0.000000,
        "1000" : 0.000000
      },
      "latency_us" : {
        "2" : 0.000000,
        "4" : 0.000000,
        "10" : 0.000000,
        "20" : 0.000000,
        "50" : 0.000000,
        "100" : 0.000000,
        "250" : 0.000000,
        "500" : 0.000000,
        "750" : 0.000000,
        "1000" : 0.000000
      },
      "latency_ms" : {
        "2" : 0.000000,
        "4" : 0.036916,
        "10" : 0.053954,
        "20" : 0.051115,
        "50" : 0.119267,
        "100" : 0.369161,
        "250" : 81.519239,
        "500" : 2.166690,
        "750" : 1.885560,
        "1000" : 0.922902,
        "2000" : 11.063467,
        ">=2000" : 1.811728
      },
      "latency_depth" : 8,
      "latency_target" : 0,
      "latency_percentile" : 100.000000,
      "latency_window" : 0
    }
  ]
}
