{
  "fio version" : "fio-3.29-112-gc3773",
  "timestamp" : 1649358238,
  "timestamp_ms" : 1649358238725,
  "time" : "Thu Apr  7 19:03:58 2022",
  "global options" : {
    "size" : "50M",
    "runtime" : "60",
    "rwmixread" : "50",
    "directory" : "/mnt/gfs"
  },
  "jobs" : [
    {
      "jobname" : "iotest",
      "groupid" : 0,
      "error" : 0,
      "eta" : 0,
      "elapsed" : 63,
      "job options" : {
        "rw" : "randrw",
        "bs" : "4k",
        "ioengine" : "libaio",
        "iodepth" : "4",
        "numjobs" : "16",
        "direct" : "1",
        "group_reporting" : "1",
        "invalidate" : "1",
        "loops" : "1",
        "write_bw_log" : "./fio-bench-07-04-2022--16-25-57-rand-gfs/randrw/gfs/randrw50/4k/randrw-iodepth-4-numjobs-16",
        "write_lat_log" : "./fio-bench-07-04-2022--16-25-57-rand-gfs/randrw/gfs/randrw50/4k/randrw-iodepth-4-numjobs-16",
        "write_iops_log" : "./fio-bench-07-04-2022--16-25-57-rand-gfs/randrw/gfs/randrw50/4k/randrw-iodepth-4-numjobs-16",
        "log_avg_msec" : "500"
      },
      "read" : {
        "io_bytes" : 130813952,
        "io_kbytes" : 127748,
        "bw_bytes" : 2090748,
        "bw" : 2041,
        "iops" : 510.436645,
        "runtime" : 62568,
        "total_ios" : 31937,
        "short_ios" : 0,
        "drop_ios" : 0,
        "slat_ns" : {
          "min" : 3073,
          "max" : 54756,
          "mean" : 8463.118671,
          "stddev" : 1679.175490,
          "N" : 31937
        },
        "clat_ns" : {
          "min" : 1423718,
          "max" : 4751308177,
          "mean" : 49788412.935091,
          "stddev" : 241113564.241462,
          "N" : 31937,
          "percentile" : {
            "1.000000" : 1728512,
            "5.000000" : 2965504,
            "10.000000" : 4112384,
            "20.000000" : 7700480,
            "30.000000" : 11468800,
            "40.000000" : 15007744,
            "50.000000" : 19267584,
            "60.000000" : 24772608,
            "70.000000" : 31850496,
            "80.000000" : 41156608,
            "90.000000" : 54263808,
            "95.000000" : 67633152,
            "99.000000" : 1333788672,
            "99.500000" : 2055208960,
            "99.900000" : 3607101440,
            "99.950000" : 3909091328,
            "99.990000" : 4596957184
          }
        },
        "lat_ns" : {
          "min" : 1435871,
          "max" : 4751320329,
          "mean" : 49799658.403732,
          "stddev" : 241113586.740668,
          "N" : 31937
        },
        "bw_min" : 136,
        "bw_max" : 9889,
        "bw_agg" : 100.000000,
        "bw_mean" : 3732.426260,
        "bw_dev" : 186.071147,
        "bw_samples" : 1129,
        "iops_min" : 34,
        "iops_max" : 2472,
        "iops_mean" : 932.972281,
        "iops_stddev" : 46.504056,
        "iops_samples" : 1129
      },
      "write" : {
        "io_bytes" : 131960832,
        "io_kbytes" : 128868,
        "bw_bytes" : 2109078,
        "bw" : 2059,
        "iops" : 514.911776,
        "runtime" : 62568,
        "total_ios" : 32217,
        "short_ios" : 0,
        "drop_ios" : 0,
        "slat_ns" : {
          "min" : 16273,
          "max" : 7120755,
          "mean" : 57563.653630,
          "stddev" : 153705.188217,
          "N" : 32217
        },
        "clat_ns" : {
          "min" : 2515270,
          "max" : 4557429486,
          "mean" : 68663598.919049,
          "stddev" : 305050261.482807,
          "N" : 32217,
          "percentile" : {
            "1.000000" : 2736128,
            "5.000000" : 3948544,
            "10.000000" : 4947968,
            "20.000000" : 8978432,
            "30.000000" : 12910592,
            "40.000000" : 16187392,
            "50.000000" : 20316160,
            "60.000000" : 25296896,
            "70.000000" : 31850496,
            "80.000000" : 40632320,
            "90.000000" : 53739520,
            "95.000000" : 70778880,
            "99.000000" : 1920991232,
            "99.500000" : 2533359616,
            "99.900000" : 3305111552,
            "99.950000" : 3539992576,
            "99.990000" : 4278190080
          }
        },
        "lat_ns" : {
          "min" : 2550750,
          "max" : 4557578877,
          "mean" : 68724121.172859,
          "stddev" : 305051254.881939,
          "N" : 32217
        },
        "bw_min" : 128,
        "bw_max" : 9969,
        "bw_agg" : 100.000000,
        "bw_mean" : 3775.557859,
        "bw_dev" : 185.582578,
        "bw_samples" : 1121,
        "iops_min" : 32,
        "iops_max" : 2492,
        "iops_mean" : 943.759996,
        "iops_stddev" : 46.384392,
        "iops_samples" : 1121
      },
      "trim" : {
        "io_bytes" : 0,
        "io_kbytes" : 0,
        "bw_bytes" : 0,
        "bw" : 0,
        "iops" : 0.000000,
        "runtime" : 0,
        "total_ios" : 0,
        "short_ios" : 0,
        "drop_ios" : 0,
        "slat_ns" : {
          "min" : 0,
          "max" : 0,
          "mean" : 0.000000,
          "stddev" : 0.000000,
          "N" : 0
        },
        "clat_ns" : {
          "min" : 0,
          "max" : 0,
          "mean" : 0.000000,
          "stddev" : 0.000000,
          "N" : 0
        },
        "lat_ns" : {
          "min" : 0,
          "max" : 0,
          "mean" : 0.000000,
          "stddev" : 0.000000,
          "N" : 0
        },
        "bw_min" : 0,
        "bw_max" : 0,
        "bw_agg" : 0.000000,
        "bw_mean" : 0.000000,
        "bw_dev" : 0.000000,
        "bw_samples" : 0,
        "iops_min" : 0,
        "iops_max" : 0,
        "iops_mean" : 0.000000,
        "iops_stddev" : 0.000000,
        "iops_samples" : 0
      },
      "sync" : {
        "total_ios" : 0,
        "lat_ns" : {
          "min" : 0,
          "max" : 0,
          "mean" : 0.000000,
          "stddev" : 0.000000,
          "N" : 0
        }
      },
      "job_runtime" : 951363,
      "usr_cpu" : 0.083144,
      "sys_cpu" : 0.154725,
      "ctx" : 95038,
      "majf" : 0,
      "minf" : 635,
      "iodepth_level" : {
        "1" : 0.100000,
        "2" : 0.100000,
        "4" : 99.925180,
        "8" : 0.000000,
        "16" : 0.000000,
        "32" : 0.000000,
        ">=64" : 0.000000
      },
      "iodepth_submit" : {
        "0" : 0.000000,
        "4" : 100.000000,
        "8" : 0.000000,
        "16" : 0.000000,
        "32" : 0.000000,
        "64" : 0.000000,
        ">=64" : 0.000000
      },
      "iodepth_complete" : {
        "0" : 0.000000,
        "4" : 100.000000,
        "8" : 0.000000,
        "16" : 0.000000,
        "32" : 0.000000,
        "64" : 0.000000,
        ">=64" : 0.000000
      },
      "latency_ns" : {
        "2" : 0.000000,
        "4" : 0.000000,
        "10" : 0.000000,
        "20" : 0.000000,
        "50" : 0.000000,
        "100" : 0.000000,
        "250" : 0.000000,
        "500" : 0.000000,
        "750" : 0.000000,
        "1000" : 0.000000
      },
      "latency_us" : {
        "2" : 0.000000,
        "4" : 0.000000,
        "10" : 0.000000,
        "20" : 0.000000,
        "50" : 0.000000,
        "100" : 0.000000,
        "250" : 0.000000,
        "500" : 0.000000,
        "750" : 0.000000,
        "1000" : 0.000000
      },
      "latency_ms" : {
        "2" : 0.916545,
        "4" : 6.995667,
        "10" : 16.376220,
        "20" : 26.263366,
        "50" : 37.029647,
        "100" : 9.446021,
        "250" : 0.807432,
        "500" : 0.458272,
        "750" : 0.160551,
        "1000" : 0.116906,
        "2000" : 0.707672,
        ">=2000" : 0.721701
      },
      "latency_depth" : 4,
      "latency_target" : 0,
      "latency_percentile" : 100.000000,
      "latency_window" : 0
    }
  ]
}
