{
  "fio version" : "fio-3.29-112-gc3773",
  "timestamp" : 1649357503,
  "timestamp_ms" : 1649357503944,
  "time" : "Thu Apr  7 18:51:43 2022",
  "global options" : {
    "size" : "50M",
    "runtime" : "60",
    "rwmixread" : "50",
    "directory" : "/mnt/gfs"
  },
  "jobs" : [
    {
      "jobname" : "iotest",
      "groupid" : 0,
      "error" : 0,
      "eta" : 0,
      "elapsed" : 63,
      "job options" : {
        "rw" : "randrw",
        "bs" : "4k",
        "ioengine" : "libaio",
        "iodepth" : "1",
        "numjobs" : "64",
        "direct" : "1",
        "group_reporting" : "1",
        "invalidate" : "1",
        "loops" : "1",
        "write_bw_log" : "./fio-bench-07-04-2022--16-25-57-rand-gfs/randrw/gfs/randrw50/4k/randrw-iodepth-1-numjobs-64",
        "write_lat_log" : "./fio-bench-07-04-2022--16-25-57-rand-gfs/randrw/gfs/randrw50/4k/randrw-iodepth-1-numjobs-64",
        "write_iops_log" : "./fio-bench-07-04-2022--16-25-57-rand-gfs/randrw/gfs/randrw50/4k/randrw-iodepth-1-numjobs-64",
        "log_avg_msec" : "500"
      },
      "read" : {
        "io_bytes" : 150458368,
        "io_kbytes" : 146932,
        "bw_bytes" : 2407179,
        "bw" : 2350,
        "iops" : 587.690388,
        "runtime" : 62504,
        "total_ios" : 36733,
        "short_ios" : 0,
        "drop_ios" : 0,
        "slat_ns" : {
          "min" : 4470,
          "max" : 74521,
          "mean" : 9173.071407,
          "stddev" : 1789.993789,
          "N" : 36733
        },
        "clat_ns" : {
          "min" : 1402486,
          "max" : 3563809133,
          "mean" : 52181990.196363,
          "stddev" : 198283980.026782,
          "N" : 36733,
          "percentile" : {
            "1.000000" : 2572288,
            "5.000000" : 4489216,
            "10.000000" : 6717440,
            "20.000000" : 10420224,
            "30.000000" : 14221312,
            "40.000000" : 17956864,
            "50.000000" : 22151168,
            "60.000000" : 27131904,
            "70.000000" : 32899072,
            "80.000000" : 40108032,
            "90.000000" : 51642368,
            "95.000000" : 64749568,
            "99.000000" : 1384120320,
            "99.500000" : 1568669696,
            "99.900000" : 2332033024,
            "99.950000" : 2634022912,
            "99.990000" : 3539992576
          }
        },
        "lat_ns" : {
          "min" : 1414918,
          "max" : 3563820727,
          "mean" : 52194052.815016,
          "stddev" : 198284067.182529,
          "N" : 36733
        },
        "bw_min" : 519,
        "bw_max" : 10954,
        "bw_agg" : 100.000000,
        "bw_mean" : 3568.436601,
        "bw_dev" : 41.685263,
        "bw_samples" : 5022,
        "iops_min" : 129,
        "iops_max" : 2738,
        "iops_mean" : 891.356781,
        "iops_stddev" : 10.423884,
        "iops_samples" : 5022
      },
      "write" : {
        "io_bytes" : 150446080,
        "io_kbytes" : 146920,
        "bw_bytes" : 2406983,
        "bw" : 2350,
        "iops" : 587.642391,
        "runtime" : 62504,
        "total_ios" : 36730,
        "short_ios" : 0,
        "drop_ios" : 0,
        "slat_ns" : {
          "min" : 17251,
          "max" : 5064412,
          "mean" : 58697.537435,
          "stddev" : 154799.159025,
          "N" : 36730
        },
        "clat_ns" : {
          "min" : 2472178,
          "max" : 3066497537,
          "mean" : 52860067.499292,
          "stddev" : 204132998.282485,
          "N" : 36730,
          "percentile" : {
            "1.000000" : 3457024,
            "5.000000" : 6193152,
            "10.000000" : 8847360,
            "20.000000" : 12910592,
            "30.000000" : 16449536,
            "40.000000" : 20316160,
            "50.000000" : 25034752,
            "60.000000" : 30015488,
            "70.000000" : 35389440,
            "80.000000" : 42729472,
            "90.000000" : 54788096,
            "95.000000" : 64749568,
            "99.000000" : 1417674752,
            "99.500000" : 1736441856,
            "99.900000" : 2566914048,
            "99.950000" : 2835349504,
            "99.990000" : 3070230528
          }
        },
        "lat_ns" : {
          "min" : 2508146,
          "max" : 3066536438,
          "mean" : 52921831.430057,
          "stddev" : 204132394.269311,
          "N" : 36730
        },
        "bw_min" : 508,
        "bw_max" : 11596,
        "bw_agg" : 100.000000,
        "bw_mean" : 3763.434346,
        "bw_dev" : 41.946280,
        "bw_samples" : 4707,
        "iops_min" : 124,
        "iops_max" : 2898,
        "iops_mean" : 940.053154,
        "iops_stddev" : 10.490061,
        "iops_samples" : 4707
      },
      "trim" : {
        "io_bytes" : 0,
        "io_kbytes" : 0,
        "bw_bytes" : 0,
        "bw" : 0,
        "iops" : 0.000000,
        "runtime" : 0,
        "total_ios" : 0,
        "short_ios" : 0,
        "drop_ios" : 0,
        "slat_ns" : {
          "min" : 0,
          "max" : 0,
          "mean" : 0.000000,
          "stddev" : 0.000000,
          "N" : 0
        },
        "clat_ns" : {
          "min" : 0,
          "max" : 0,
          "mean" : 0.000000,
          "stddev" : 0.000000,
          "N" : 0
        },
        "lat_ns" : {
          "min" : 0,
          "max" : 0,
          "mean" : 0.000000,
          "stddev" : 0.000000,
          "N" : 0
        },
        "bw_min" : 0,
        "bw_max" : 0,
        "bw_agg" : 0.000000,
        "bw_mean" : 0.000000,
        "bw_dev" : 0.000000,
        "bw_samples" : 0,
        "iops_min" : 0,
        "iops_max" : 0,
        "iops_mean" : 0.000000,
        "iops_stddev" : 0.000000,
        "iops_samples" : 0
      },
      "sync" : {
        "total_ios" : 0,
        "lat_ns" : {
          "min" : 0,
          "max" : 0,
          "mean" : 0.000000,
          "stddev" : 0.000000,
          "N" : 0
        }
      },
      "job_runtime" : 3862094,
      "usr_cpu" : 0.030010,
      "sys_cpu" : 0.043448,
      "ctx" : 110465,
      "majf" : 0,
      "minf" : 2677,
      "iodepth_level" : {
        "1" : 100.000000,
        "2" : 0.000000,
        "4" : 0.000000,
        "8" : 0.000000,
        "16" : 0.000000,
        "32" : 0.000000,
        ">=64" : 0.000000
      },
      "iodepth_submit" : {
        "0" : 0.000000,
        "4" : 100.000000,
        "8" : 0.000000,
        "16" : 0.000000,
        "32" : 0.000000,
        "64" : 0.000000,
        ">=64" : 0.000000
      },
      "iodepth_complete" : {
        "0" : 0.000000,
        "4" : 100.000000,
        "8" : 0.000000,
        "16" : 0.000000,
        "32" : 0.000000,
        "64" : 0.000000,
        ">=64" : 0.000000
      },
      "latency_ns" : {
        "2" : 0.000000,
        "4" : 0.000000,
        "10" : 0.000000,
        "20" : 0.000000,
        "50" : 0.000000,
        "100" : 0.000000,
        "250" : 0.000000,
        "500" : 0.000000,
        "750" : 0.000000,
        "1000" : 0.000000
      },
      "latency_us" : {
        "2" : 0.000000,
        "4" : 0.000000,
        "10" : 0.000000,
        "20" : 0.000000,
        "50" : 0.000000,
        "100" : 0.000000,
        "250" : 0.000000,
        "500" : 0.000000,
        "750" : 0.000000,
        "1000" : 0.000000
      },
      "latency_ms" : {
        "2" : 0.258634,
        "4" : 2.563195,
        "10" : 13.157644,
        "20" : 26.244504,
        "50" : 45.654275,
        "100" : 9.474157,
        "250" : 0.767733,
        "500" : 0.149735,
        "750" : 0.179682,
        "1000" : 0.110260,
        "2000" : 1.252331,
        ">=2000" : 0.187850
      },
      "latency_depth" : 1,
      "latency_target" : 0,
      "latency_percentile" : 100.000000,
      "latency_window" : 0
    }
  ]
}
