{
  "fio version" : "fio-3.29-112-gc3773",
  "timestamp" : 1649354817,
  "timestamp_ms" : 1649354817958,
  "time" : "Thu Apr  7 18:06:57 2022",
  "global options" : {
    "size" : "50M",
    "runtime" : "60",
    "rwmixread" : "50",
    "directory" : "/mnt/gfs"
  },
  "jobs" : [
    {
      "jobname" : "iotest",
      "groupid" : 0,
      "error" : 0,
      "eta" : 0,
      "elapsed" : 61,
      "job options" : {
        "rw" : "randrw",
        "bs" : "4k",
        "ioengine" : "libaio",
        "iodepth" : "1",
        "numjobs" : "1",
        "direct" : "1",
        "group_reporting" : "1",
        "invalidate" : "1",
        "loops" : "1",
        "write_bw_log" : "./fio-bench-07-04-2022--16-25-57-rand-gfs/randrw/gfs/randrw50/4k/randrw-iodepth-1-numjobs-1",
        "write_lat_log" : "./fio-bench-07-04-2022--16-25-57-rand-gfs/randrw/gfs/randrw50/4k/randrw-iodepth-1-numjobs-1",
        "write_iops_log" : "./fio-bench-07-04-2022--16-25-57-rand-gfs/randrw/gfs/randrw50/4k/randrw-iodepth-1-numjobs-1",
        "log_avg_msec" : "500"
      },
      "read" : {
        "io_bytes" : 18190336,
        "io_kbytes" : 17764,
        "bw_bytes" : 303141,
        "bw" : 296,
        "iops" : 74.009266,
        "runtime" : 60006,
        "total_ios" : 4441,
        "short_ios" : 0,
        "drop_ios" : 0,
        "slat_ns" : {
          "min" : 6495,
          "max" : 28985,
          "mean" : 8053.456204,
          "stddev" : 1257.469233,
          "N" : 4441
        },
        "clat_ns" : {
          "min" : 1302473,
          "max" : 395214609,
          "mean" : 10270368.601891,
          "stddev" : 22604675.635577,
          "N" : 4441,
          "percentile" : {
            "1.000000" : 1499136,
            "5.000000" : 1679360,
            "10.000000" : 1892352,
            "20.000000" : 3719168,
            "30.000000" : 4947968,
            "40.000000" : 5865472,
            "50.000000" : 7045120,
            "60.000000" : 8159232,
            "70.000000" : 9240576,
            "80.000000" : 10289152,
            "90.000000" : 11337728,
            "95.000000" : 12910592,
            "99.000000" : 147849216,
            "99.500000" : 193986560,
            "99.900000" : 238026752,
            "99.950000" : 240123904,
            "99.990000" : 396361728
          }
        },
        "lat_ns" : {
          "min" : 1311901,
          "max" : 395224247,
          "mean" : 10281211.905202,
          "stddev" : 22604733.332461,
          "N" : 4441
        },
        "bw_min" : 80,
        "bw_max" : 456,
        "bw_agg" : 99.649998,
        "bw_mean" : 296.000000,
        "bw_dev" : 91.325993,
        "bw_samples" : 120,
        "iops_min" : 20,
        "iops_max" : 114,
        "iops_mean" : 74.000000,
        "iops_stddev" : 22.831498,
        "iops_samples" : 120
      },
      "write" : {
        "io_bytes" : 18505728,
        "io_kbytes" : 18072,
        "bw_bytes" : 308397,
        "bw" : 301,
        "iops" : 75.292471,
        "runtime" : 60006,
        "total_ios" : 4518,
        "short_ios" : 0,
        "drop_ios" : 0,
        "slat_ns" : {
          "min" : 21930,
          "max" : 657348,
          "mean" : 32324.208278,
          "stddev" : 10300.901106,
          "N" : 4518
        },
        "clat_ns" : {
          "min" : 2612837,
          "max" : 112648003,
          "mean" : 3123456.666003,
          "stddev" : 2694146.727228,
          "N" : 4518,
          "percentile" : {
            "1.000000" : 2703360,
            "5.000000" : 2768896,
            "10.000000" : 2867200,
            "20.000000" : 2899968,
            "30.000000" : 2932736,
            "40.000000" : 2965504,
            "50.000000" : 2998272,
            "60.000000" : 2998272,
            "70.000000" : 3031040,
            "80.000000" : 3063808,
            "90.000000" : 3096576,
            "95.000000" : 3129344,
            "99.000000" : 4751360,
            "99.500000" : 9109504,
            "99.900000" : 36962304,
            "99.950000" : 65798144,
            "99.990000" : 112721920
          }
        },
        "lat_ns" : {
          "min" : 2648457,
          "max" : 112685927,
          "mean" : 3158640.030766,
          "stddev" : 2694287.049338,
          "N" : 4518
        },
        "bw_min" : 104,
        "bw_max" : 528,
        "bw_agg" : 99.943903,
        "bw_mean" : 301.200000,
        "bw_dev" : 88.725201,
        "bw_samples" : 120,
        "iops_min" : 26,
        "iops_max" : 132,
        "iops_mean" : 75.300000,
        "iops_stddev" : 22.181300,
        "iops_samples" : 120
      },
      "trim" : {
        "io_bytes" : 0,
        "io_kbytes" : 0,
        "bw_bytes" : 0,
        "bw" : 0,
        "iops" : 0.000000,
        "runtime" : 0,
        "total_ios" : 0,
        "short_ios" : 0,
        "drop_ios" : 0,
        "slat_ns" : {
          "min" : 0,
          "max" : 0,
          "mean" : 0.000000,
          "stddev" : 0.000000,
          "N" : 0
        },
        "clat_ns" : {
          "min" : 0,
          "max" : 0,
          "mean" : 0.000000,
          "stddev" : 0.000000,
          "N" : 0
        },
        "lat_ns" : {
          "min" : 0,
          "max" : 0,
          "mean" : 0.000000,
          "stddev" : 0.000000,
          "N" : 0
        },
        "bw_min" : 0,
        "bw_max" : 0,
        "bw_agg" : 0.000000,
        "bw_mean" : 0.000000,
        "bw_dev" : 0.000000,
        "bw_samples" : 0,
        "iops_min" : 0,
        "iops_max" : 0,
        "iops_mean" : 0.000000,
        "iops_stddev" : 0.000000,
        "iops_samples" : 0
      },
      "sync" : {
        "total_ios" : 0,
        "lat_ns" : {
          "min" : 0,
          "max" : 0,
          "mean" : 0.000000,
          "stddev" : 0.000000,
          "N" : 0
        }
      },
      "job_runtime" : 60005,
      "usr_cpu" : 0.129989,
      "sys_cpu" : 0.364970,
      "ctx" : 13502,
      "majf" : 0,
      "minf" : 39,
      "iodepth_level" : {
        "1" : 100.000000,
        "2" : 0.000000,
        "4" : 0.000000,
        "8" : 0.000000,
        "16" : 0.000000,
        "32" : 0.000000,
        ">=64" : 0.000000
      },
      "iodepth_submit" : {
        "0" : 0.000000,
        "4" : 100.000000,
        "8" : 0.000000,
        "16" : 0.000000,
        "32" : 0.000000,
        "64" : 0.000000,
        ">=64" : 0.000000
      },
      "iodepth_complete" : {
        "0" : 0.000000,
        "4" : 100.000000,
        "8" : 0.000000,
        "16" : 0.000000,
        "32" : 0.000000,
        "64" : 0.000000,
        ">=64" : 0.000000
      },
      "latency_ns" : {
        "2" : 0.000000,
        "4" : 0.000000,
        "10" : 0.000000,
        "20" : 0.000000,
        "50" : 0.000000,
        "100" : 0.000000,
        "250" : 0.000000,
        "500" : 0.000000,
        "750" : 0.000000,
        "1000" : 0.000000
      },
      "latency_us" : {
        "2" : 0.000000,
        "4" : 0.000000,
        "10" : 0.000000,
        "20" : 0.000000,
        "50" : 0.000000,
        "100" : 0.000000,
        "250" : 0.000000,
        "500" : 0.000000,
        "750" : 0.000000,
        "1000" : 0.000000
      },
      "latency_ms" : {
        "2" : 6.206050,
        "4" : 54.559661,
        "10" : 27.782119,
        "20" : 9.219779,
        "50" : 1.038062,
        "100" : 0.446478,
        "250" : 0.725527,
        "500" : 0.022324,
        "750" : 0.000000,
        "1000" : 0.000000,
        "2000" : 0.000000,
        ">=2000" : 0.000000
      },
      "latency_depth" : 1,
      "latency_target" : 0,
      "latency_percentile" : 100.000000,
      "latency_window" : 0
    }
  ]
}
