{
  "fio version" : "fio-3.29-112-gc3773",
  "timestamp" : 1649358299,
  "timestamp_ms" : 1649358299235,
  "time" : "Thu Apr  7 19:04:59 2022",
  "global options" : {
    "size" : "50M",
    "runtime" : "60",
    "rwmixread" : "50",
    "directory" : "/mnt/gfs"
  },
  "jobs" : [
    {
      "jobname" : "iotest",
      "groupid" : 0,
      "error" : 0,
      "eta" : 0,
      "elapsed" : 61,
      "job options" : {
        "rw" : "randrw",
        "bs" : "4k",
        "ioengine" : "libaio",
        "iodepth" : "4",
        "numjobs" : "32",
        "direct" : "1",
        "group_reporting" : "1",
        "invalidate" : "1",
        "loops" : "1",
        "write_bw_log" : "./fio-bench-07-04-2022--16-25-57-rand-gfs/randrw/gfs/randrw50/4k/randrw-iodepth-4-numjobs-32",
        "write_lat_log" : "./fio-bench-07-04-2022--16-25-57-rand-gfs/randrw/gfs/randrw50/4k/randrw-iodepth-4-numjobs-32",
        "write_iops_log" : "./fio-bench-07-04-2022--16-25-57-rand-gfs/randrw/gfs/randrw50/4k/randrw-iodepth-4-numjobs-32",
        "log_avg_msec" : "500"
      },
      "read" : {
        "io_bytes" : 95248384,
        "io_kbytes" : 93016,
        "bw_bytes" : 1582593,
        "bw" : 1545,
        "iops" : 386.375343,
        "runtime" : 60185,
        "total_ios" : 23254,
        "short_ios" : 0,
        "drop_ios" : 0,
        "slat_ns" : {
          "min" : 4121,
          "max" : 1327854788,
          "mean" : 30171537.651716,
          "stddev" : 81485446.678735,
          "N" : 23254
        },
        "clat_ns" : {
          "min" : 1506550,
          "max" : 2950656883,
          "mean" : 120060034.465038,
          "stddev" : 267462001.676359,
          "N" : 23254,
          "percentile" : {
            "1.000000" : 9371648,
            "5.000000" : 36438016,
            "10.000000" : 43253760,
            "20.000000" : 49020928,
            "30.000000" : 53739520,
            "40.000000" : 58982400,
            "50.000000" : 63700992,
            "60.000000" : 68681728,
            "70.000000" : 73924608,
            "80.000000" : 81264640,
            "90.000000" : 100139008,
            "95.000000" : 316669952,
            "99.000000" : 1652555776,
            "99.500000" : 1870659584,
            "99.900000" : 2365587456,
            "99.950000" : 2566914048,
            "99.990000" : 2734686208
          }
        },
        "lat_ns" : {
          "min" : 1898501,
          "max" : 2971363478,
          "mean" : 150235230.348800,
          "stddev" : 286737295.461084,
          "N" : 23254
        },
        "bw_min" : 256,
        "bw_max" : 4936,
        "bw_agg" : 100.000000,
        "bw_mean" : 2111.274626,
        "bw_dev" : 37.817527,
        "bw_samples" : 2811,
        "iops_min" : 64,
        "iops_max" : 1234,
        "iops_mean" : 527.768592,
        "iops_stddev" : 9.454356,
        "iops_samples" : 2811
      },
      "write" : {
        "io_bytes" : 96108544,
        "io_kbytes" : 93856,
        "bw_bytes" : 1596885,
        "bw" : 1559,
        "iops" : 389.864584,
        "runtime" : 60185,
        "total_ios" : 23464,
        "short_ios" : 0,
        "drop_ios" : 0,
        "slat_ns" : {
          "min" : 25143,
          "max" : 1327143732,
          "mean" : 30052339.559069,
          "stddev" : 78227806.431282,
          "N" : 23464
        },
        "clat_ns" : {
          "min" : 3107107,
          "max" : 2835022482,
          "mean" : 148556516.189908,
          "stddev" : 308051437.689768,
          "N" : 23464,
          "percentile" : {
            "1.000000" : 29491200,
            "5.000000" : 41156608,
            "10.000000" : 45875200,
            "20.000000" : 51118080,
            "30.000000" : 56360960,
            "40.000000" : 61603840,
            "50.000000" : 66846720,
            "60.000000" : 71827456,
            "70.000000" : 78118912,
            "80.000000" : 86507520,
            "90.000000" : 135266304,
            "95.000000" : 801112064,
            "99.000000" : 1652555776,
            "99.500000" : 1853882368,
            "99.900000" : 2332033024,
            "99.950000" : 2701131776,
            "99.990000" : 2768240640
          }
        },
        "lat_ns" : {
          "min" : 12089555,
          "max" : 2919855405,
          "mean" : 178612567.711643,
          "stddev" : 326944660.416656,
          "N" : 23464
        },
        "bw_min" : 256,
        "bw_max" : 4888,
        "bw_agg" : 100.000000,
        "bw_mean" : 2116.139203,
        "bw_dev" : 38.087515,
        "bw_samples" : 2828,
        "iops_min" : 64,
        "iops_max" : 1222,
        "iops_mean" : 528.984654,
        "iops_stddev" : 9.521646,
        "iops_samples" : 2828
      },
      "trim" : {
        "io_bytes" : 0,
        "io_kbytes" : 0,
        "bw_bytes" : 0,
        "bw" : 0,
        "iops" : 0.000000,
        "runtime" : 0,
        "total_ios" : 0,
        "short_ios" : 0,
        "drop_ios" : 0,
        "slat_ns" : {
          "min" : 0,
          "max" : 0,
          "mean" : 0.000000,
          "stddev" : 0.000000,
          "N" : 0
        },
        "clat_ns" : {
          "min" : 0,
          "max" : 0,
          "mean" : 0.000000,
          "stddev" : 0.000000,
          "N" : 0
        },
        "lat_ns" : {
          "min" : 0,
          "max" : 0,
          "mean" : 0.000000,
          "stddev" : 0.000000,
          "N" : 0
        },
        "bw_min" : 0,
        "bw_max" : 0,
        "bw_agg" : 0.000000,
        "bw_mean" : 0.000000,
        "bw_dev" : 0.000000,
        "bw_samples" : 0,
        "iops_min" : 0,
        "iops_max" : 0,
        "iops_mean" : 0.000000,
        "iops_stddev" : 0.000000,
        "iops_samples" : 0
      },
      "sync" : {
        "total_ios" : 0,
        "lat_ns" : {
          "min" : 0,
          "max" : 0,
          "mean" : 0.000000,
          "stddev" : 0.000000,
          "N" : 0
        }
      },
      "job_runtime" : 1921981,
      "usr_cpu" : 0.044121,
      "sys_cpu" : 0.050469,
      "ctx" : 74670,
      "majf" : 0,
      "minf" : 1335,
      "iodepth_level" : {
        "1" : 0.100000,
        "2" : 0.136992,
        "4" : 99.794512,
        "8" : 0.000000,
        "16" : 0.000000,
        "32" : 0.000000,
        ">=64" : 0.000000
      },
      "iodepth_submit" : {
        "0" : 0.000000,
        "4" : 100.000000,
        "8" : 0.000000,
        "16" : 0.000000,
        "32" : 0.000000,
        "64" : 0.000000,
        ">=64" : 0.000000
      },
      "iodepth_complete" : {
        "0" : 0.000000,
        "4" : 100.000000,
        "8" : 0.000000,
        "16" : 0.000000,
        "32" : 0.000000,
        "64" : 0.000000,
        ">=64" : 0.000000
      },
      "latency_ns" : {
        "2" : 0.000000,
        "4" : 0.000000,
        "10" : 0.000000,
        "20" : 0.000000,
        "50" : 0.000000,
        "100" : 0.000000,
        "250" : 0.000000,
        "500" : 0.000000,
        "750" : 0.000000,
        "1000" : 0.000000
      },
      "latency_us" : {
        "2" : 0.000000,
        "4" : 0.000000,
        "10" : 0.000000,
        "20" : 0.000000,
        "50" : 0.000000,
        "100" : 0.000000,
        "250" : 0.000000,
        "500" : 0.000000,
        "750" : 0.000000,
        "1000" : 0.000000
      },
      "latency_ms" : {
        "2" : 0.044951,
        "4" : 0.282546,
        "10" : 0.199067,
        "20" : 0.402414,
        "50" : 18.474678,
        "100" : 69.095424,
        "250" : 4.413716,
        "500" : 1.628922,
        "750" : 1.226508,
        "1000" : 0.590779,
        "2000" : 3.369151,
        ">=2000" : 0.271844
      },
      "latency_depth" : 4,
      "latency_target" : 0,
      "latency_percentile" : 100.000000,
      "latency_window" : 0
    }
  ]
}
