{
  "fio version" : "fio-3.29-112-gc3773",
  "timestamp" : 1649357564,
  "timestamp_ms" : 1649357564194,
  "time" : "Thu Apr  7 18:52:44 2022",
  "global options" : {
    "size" : "50M",
    "runtime" : "60",
    "rwmixread" : "50",
    "directory" : "/mnt/gfs"
  },
  "jobs" : [
    {
      "jobname" : "iotest",
      "groupid" : 0,
      "error" : 0,
      "eta" : 0,
      "elapsed" : 61,
      "job options" : {
        "rw" : "randrw",
        "bs" : "4k",
        "ioengine" : "libaio",
        "iodepth" : "2",
        "numjobs" : "1",
        "direct" : "1",
        "group_reporting" : "1",
        "invalidate" : "1",
        "loops" : "1",
        "write_bw_log" : "./fio-bench-07-04-2022--16-25-57-rand-gfs/randrw/gfs/randrw50/4k/randrw-iodepth-2-numjobs-1",
        "write_lat_log" : "./fio-bench-07-04-2022--16-25-57-rand-gfs/randrw/gfs/randrw50/4k/randrw-iodepth-2-numjobs-1",
        "write_iops_log" : "./fio-bench-07-04-2022--16-25-57-rand-gfs/randrw/gfs/randrw50/4k/randrw-iodepth-2-numjobs-1",
        "log_avg_msec" : "500"
      },
      "read" : {
        "io_bytes" : 25374720,
        "io_kbytes" : 24780,
        "bw_bytes" : 422883,
        "bw" : 412,
        "iops" : 103.243117,
        "runtime" : 60004,
        "total_ios" : 6195,
        "short_ios" : 0,
        "drop_ios" : 0,
        "slat_ns" : {
          "min" : 4470,
          "max" : 84997,
          "mean" : 8056.149960,
          "stddev" : 1556.812845,
          "N" : 6195
        },
        "clat_ns" : {
          "min" : 1404093,
          "max" : 2000940469,
          "mean" : 13020772.292817,
          "stddev" : 79003748.039513,
          "N" : 6195,
          "percentile" : {
            "1.000000" : 1662976,
            "5.000000" : 2056192,
            "10.000000" : 2998272,
            "20.000000" : 4816896,
            "30.000000" : 6193152,
            "40.000000" : 7438336,
            "50.000000" : 8716288,
            "60.000000" : 9764864,
            "70.000000" : 11075584,
            "80.000000" : 12386304,
            "90.000000" : 15138816,
            "95.000000" : 17432576,
            "99.000000" : 20840448,
            "99.500000" : 104333312,
            "99.900000" : 1585446912,
            "99.950000" : 1904214016,
            "99.990000" : 2004877312
          }
        },
        "lat_ns" : {
          "min" : 1414569,
          "max" : 2000951364,
          "mean" : 13031633.268765,
          "stddev" : 79003763.451107,
          "N" : 6195
        },
        "bw_min" : 8,
        "bw_max" : 704,
        "bw_agg" : 100.000000,
        "bw_mean" : 495.520000,
        "bw_dev" : 202.871133,
        "bw_samples" : 100,
        "iops_min" : 2,
        "iops_max" : 176,
        "iops_mean" : 123.860000,
        "iops_stddev" : 50.705133,
        "iops_samples" : 100
      },
      "write" : {
        "io_bytes" : 25563136,
        "io_kbytes" : 24964,
        "bw_bytes" : 426023,
        "bw" : 416,
        "iops" : 104.009733,
        "runtime" : 60004,
        "total_ios" : 6241,
        "short_ios" : 0,
        "drop_ios" : 0,
        "slat_ns" : {
          "min" : 19695,
          "max" : 4237210,
          "mean" : 34474.005448,
          "stddev" : 56725.153454,
          "N" : 6241
        },
        "clat_ns" : {
          "min" : 2481746,
          "max" : 1755611906,
          "mean" : 6238957.646691,
          "stddev" : 45287409.407872,
          "N" : 6241,
          "percentile" : {
            "1.000000" : 2670592,
            "5.000000" : 2703360,
            "10.000000" : 2736128,
            "20.000000" : 2932736,
            "30.000000" : 2965504,
            "40.000000" : 3031040,
            "50.000000" : 3260416,
            "60.000000" : 3915776,
            "70.000000" : 4423680,
            "80.000000" : 6389760,
            "90.000000" : 8454144,
            "95.000000" : 9502720,
            "99.000000" : 11730944,
            "99.500000" : 17432576,
            "99.900000" : 591396864,
            "99.950000" : 1249902592,
            "99.990000" : 1753219072
          }
        },
        "lat_ns" : {
          "min" : 2517574,
          "max" : 1755646408,
          "mean" : 6276288.507290,
          "stddev" : 45287357.787558,
          "N" : 6241
        },
        "bw_min" : 8,
        "bw_max" : 816,
        "bw_agg" : 100.000000,
        "bw_mean" : 499.350000,
        "bw_dev" : 212.412900,
        "bw_samples" : 100,
        "iops_min" : 2,
        "iops_max" : 204,
        "iops_mean" : 124.820000,
        "iops_stddev" : 53.089667,
        "iops_samples" : 100
      },
      "trim" : {
        "io_bytes" : 0,
        "io_kbytes" : 0,
        "bw_bytes" : 0,
        "bw" : 0,
        "iops" : 0.000000,
        "runtime" : 0,
        "total_ios" : 0,
        "short_ios" : 0,
        "drop_ios" : 0,
        "slat_ns" : {
          "min" : 0,
          "max" : 0,
          "mean" : 0.000000,
          "stddev" : 0.000000,
          "N" : 0
        },
        "clat_ns" : {
          "min" : 0,
          "max" : 0,
          "mean" : 0.000000,
          "stddev" : 0.000000,
          "N" : 0
        },
        "lat_ns" : {
          "min" : 0,
          "max" : 0,
          "mean" : 0.000000,
          "stddev" : 0.000000,
          "N" : 0
        },
        "bw_min" : 0,
        "bw_max" : 0,
        "bw_agg" : 0.000000,
        "bw_mean" : 0.000000,
        "bw_dev" : 0.000000,
        "bw_samples" : 0,
        "iops_min" : 0,
        "iops_max" : 0,
        "iops_mean" : 0.000000,
        "iops_stddev" : 0.000000,
        "iops_samples" : 0
      },
      "sync" : {
        "total_ios" : 0,
        "lat_ns" : {
          "min" : 0,
          "max" : 0,
          "mean" : 0.000000,
          "stddev" : 0.000000,
          "N" : 0
        }
      },
      "job_runtime" : 60003,
      "usr_cpu" : 0.183324,
      "sys_cpu" : 0.511641,
      "ctx" : 18582,
      "majf" : 0,
      "minf" : 40,
      "iodepth_level" : {
        "1" : 0.100000,
        "2" : 99.991959,
        "4" : 0.000000,
        "8" : 0.000000,
        "16" : 0.000000,
        "32" : 0.000000,
        ">=64" : 0.000000
      },
      "iodepth_submit" : {
        "0" : 0.000000,
        "4" : 100.000000,
        "8" : 0.000000,
        "16" : 0.000000,
        "32" : 0.000000,
        "64" : 0.000000,
        ">=64" : 0.000000
      },
      "iodepth_complete" : {
        "0" : 0.000000,
        "4" : 100.000000,
        "8" : 0.000000,
        "16" : 0.000000,
        "32" : 0.000000,
        "64" : 0.000000,
        ">=64" : 0.000000
      },
      "latency_ns" : {
        "2" : 0.000000,
        "4" : 0.000000,
        "10" : 0.000000,
        "20" : 0.000000,
        "50" : 0.000000,
        "100" : 0.000000,
        "250" : 0.000000,
        "500" : 0.000000,
        "750" : 0.000000,
        "1000" : 0.000000
      },
      "latency_us" : {
        "2" : 0.000000,
        "4" : 0.000000,
        "10" : 0.000000,
        "20" : 0.000000,
        "50" : 0.000000,
        "100" : 0.000000,
        "250" : 0.000000,
        "500" : 0.000000,
        "750" : 0.000000,
        "1000" : 0.000000
      },
      "latency_ms" : {
        "2" : 2.291734,
        "4" : 38.372467,
        "10" : 38.742361,
        "20" : 19.676745,
        "50" : 0.490511,
        "100" : 0.056288,
        "250" : 0.160823,
        "500" : 0.032165,
        "750" : 0.016082,
        "1000" : 0.000000,
        "2000" : 0.152782,
        ">=2000" : 0.010000
      },
      "latency_depth" : 2,
      "latency_target" : 0,
      "latency_percentile" : 100.000000,
      "latency_window" : 0
    }
  ]
}
