{
  "fio version" : "fio-3.29-112-gc3773",
  "timestamp" : 1649359733,
  "timestamp_ms" : 1649359733556,
  "time" : "Thu Apr  7 19:28:53 2022",
  "global options" : {
    "size" : "50M",
    "runtime" : "60",
    "rwmixread" : "50",
    "directory" : "/mnt/gfs"
  },
  "jobs" : [
    {
      "jobname" : "iotest",
      "groupid" : 0,
      "error" : 0,
      "eta" : 0,
      "elapsed" : 61,
      "job options" : {
        "rw" : "randrw",
        "bs" : "4k",
        "ioengine" : "libaio",
        "iodepth" : "64",
        "numjobs" : "2",
        "direct" : "1",
        "group_reporting" : "1",
        "invalidate" : "1",
        "loops" : "1",
        "write_bw_log" : "./fio-bench-07-04-2022--16-25-57-rand-gfs/randrw/gfs/randrw50/4k/randrw-iodepth-64-numjobs-2",
        "write_lat_log" : "./fio-bench-07-04-2022--16-25-57-rand-gfs/randrw/gfs/randrw50/4k/randrw-iodepth-64-numjobs-2",
        "write_iops_log" : "./fio-bench-07-04-2022--16-25-57-rand-gfs/randrw/gfs/randrw50/4k/randrw-iodepth-64-numjobs-2",
        "log_avg_msec" : "500"
      },
      "read" : {
        "io_bytes" : 44244992,
        "io_kbytes" : 43208,
        "bw_bytes" : 735858,
        "bw" : 718,
        "iops" : 179.653068,
        "runtime" : 60127,
        "total_ios" : 10802,
        "short_ios" : 0,
        "drop_ios" : 0,
        "slat_ns" : {
          "min" : 3073,
          "max" : 2154426140,
          "mean" : 3623638.557026,
          "stddev" : 34080668.316106,
          "N" : 10802
        },
        "clat_ns" : {
          "min" : 3210263,
          "max" : 2660322389,
          "mean" : 308956909.434086,
          "stddev" : 485993651.116599,
          "N" : 10802,
          "percentile" : {
            "1.000000" : 95944704,
            "5.000000" : 113770496,
            "10.000000" : 122159104,
            "20.000000" : 133693440,
            "30.000000" : 143654912,
            "40.000000" : 154140672,
            "50.000000" : 162529280,
            "60.000000" : 173015040,
            "70.000000" : 185597952,
            "80.000000" : 208666624,
            "90.000000" : 333447168,
            "95.000000" : 1837105152,
            "99.000000" : 2264924160,
            "99.500000" : 2365587456,
            "99.900000" : 2634022912,
            "99.950000" : 2667577344,
            "99.990000" : 2667577344
          }
        },
        "lat_ns" : {
          "min" : 8581072,
          "max" : 2660634790,
          "mean" : 312583525.659137,
          "stddev" : 487743697.785025,
          "N" : 10802
        },
        "bw_min" : 16,
        "bw_max" : 1809,
        "bw_agg" : 100.000000,
        "bw_mean" : 944.109890,
        "bw_dev" : 274.157825,
        "bw_samples" : 182,
        "iops_min" : 4,
        "iops_max" : 452,
        "iops_mean" : 235.978022,
        "iops_stddev" : 68.518127,
        "iops_samples" : 182
      },
      "write" : {
        "io_bytes" : 45092864,
        "io_kbytes" : 44036,
        "bw_bytes" : 749960,
        "bw" : 732,
        "iops" : 183.095781,
        "runtime" : 60127,
        "total_ios" : 11009,
        "short_ios" : 0,
        "drop_ios" : 0,
        "slat_ns" : {
          "min" : 35619,
          "max" : 1715514777,
          "mean" : 5069544.712780,
          "stddev" : 47628487.438347,
          "N" : 11009
        },
        "clat_ns" : {
          "min" : 21199260,
          "max" : 2825104601,
          "mean" : 386043973.561722,
          "stddev" : 550833237.656912,
          "N" : 11009,
          "percentile" : {
            "1.000000" : 111673344,
            "5.000000" : 133693440,
            "10.000000" : 145752064,
            "20.000000" : 160432128,
            "30.000000" : 173015040,
            "40.000000" : 183500800,
            "50.000000" : 196083712,
            "60.000000" : 210763776,
            "70.000000" : 229638144,
            "80.000000" : 267386880,
            "90.000000" : 859832320,
            "95.000000" : 1988100096,
            "99.000000" : 2432696320,
            "99.500000" : 2667577344,
            "99.900000" : 2701131776,
            "99.950000" : 2734686208,
            "99.990000" : 2801795072
          }
        },
        "lat_ns" : {
          "min" : 30567166,
          "max" : 2825398773,
          "mean" : 391116545.970206,
          "stddev" : 553785388.678800,
          "N" : 11009
        },
        "bw_min" : 16,
        "bw_max" : 1976,
        "bw_agg" : 100.000000,
        "bw_mean" : 942.103145,
        "bw_dev" : 286.082508,
        "bw_samples" : 186,
        "iops_min" : 4,
        "iops_max" : 494,
        "iops_mean" : 235.480111,
        "iops_stddev" : 71.502407,
        "iops_samples" : 186
      },
      "trim" : {
        "io_bytes" : 0,
        "io_kbytes" : 0,
        "bw_bytes" : 0,
        "bw" : 0,
        "iops" : 0.000000,
        "runtime" : 0,
        "total_ios" : 0,
        "short_ios" : 0,
        "drop_ios" : 0,
        "slat_ns" : {
          "min" : 0,
          "max" : 0,
          "mean" : 0.000000,
          "stddev" : 0.000000,
          "N" : 0
        },
        "clat_ns" : {
          "min" : 0,
          "max" : 0,
          "mean" : 0.000000,
          "stddev" : 0.000000,
          "N" : 0
        },
        "lat_ns" : {
          "min" : 0,
          "max" : 0,
          "mean" : 0.000000,
          "stddev" : 0.000000,
          "N" : 0
        },
        "bw_min" : 0,
        "bw_max" : 0,
        "bw_agg" : 0.000000,
        "bw_mean" : 0.000000,
        "bw_dev" : 0.000000,
        "bw_samples" : 0,
        "iops_min" : 0,
        "iops_max" : 0,
        "iops_mean" : 0.000000,
        "iops_stddev" : 0.000000,
        "iops_samples" : 0
      },
      "sync" : {
        "total_ios" : 0,
        "lat_ns" : {
          "min" : 0,
          "max" : 0,
          "mean" : 0.000000,
          "stddev" : 0.000000,
          "N" : 0
        }
      },
      "job_runtime" : 120138,
      "usr_cpu" : 0.196441,
      "sys_cpu" : 0.410361,
      "ctx" : 32331,
      "majf" : 0,
      "minf" : 82,
      "iodepth_level" : {
        "1" : 0.100000,
        "2" : 0.100000,
        "4" : 0.100000,
        "8" : 0.100000,
        "16" : 0.146715,
        "32" : 0.293430,
        ">=64" : 99.422310
      },
      "iodepth_submit" : {
        "0" : 0.000000,
        "4" : 100.000000,
        "8" : 0.000000,
        "16" : 0.000000,
        "32" : 0.000000,
        "64" : 0.000000,
        ">=64" : 0.000000
      },
      "iodepth_complete" : {
        "0" : 0.000000,
        "4" : 99.990778,
        "8" : 0.000000,
        "16" : 0.000000,
        "32" : 0.000000,
        "64" : 0.100000,
        ">=64" : 0.000000
      },
      "latency_ns" : {
        "2" : 0.000000,
        "4" : 0.000000,
        "10" : 0.000000,
        "20" : 0.000000,
        "50" : 0.000000,
        "100" : 0.000000,
        "250" : 0.000000,
        "500" : 0.000000,
        "750" : 0.000000,
        "1000" : 0.000000
      },
      "latency_us" : {
        "2" : 0.000000,
        "4" : 0.000000,
        "10" : 0.000000,
        "20" : 0.000000,
        "50" : 0.000000,
        "100" : 0.000000,
        "250" : 0.000000,
        "500" : 0.000000,
        "750" : 0.000000,
        "1000" : 0.000000
      },
      "latency_ms" : {
        "2" : 0.000000,
        "4" : 0.010000,
        "10" : 0.000000,
        "20" : 0.022924,
        "50" : 0.119206,
        "100" : 0.687726,
        "250" : 81.009582,
        "500" : 7.642932,
        "750" : 1.169135,
        "1000" : 0.605199,
        "2000" : 4.754482,
        ">=2000" : 3.979643
      },
      "latency_depth" : 64,
      "latency_target" : 0,
      "latency_percentile" : 100.000000,
      "latency_window" : 0
    }
  ]
}
