{
  "fio version" : "fio-3.29-112-gc3773",
  "timestamp" : 1649358951,
  "timestamp_ms" : 1649358951188,
  "time" : "Thu Apr  7 19:15:51 2022",
  "global options" : {
    "size" : "50M",
    "runtime" : "60",
    "rwmixread" : "50",
    "directory" : "/mnt/gfs"
  },
  "jobs" : [
    {
      "jobname" : "iotest",
      "groupid" : 0,
      "error" : 0,
      "eta" : 0,
      "elapsed" : 63,
      "job options" : {
        "rw" : "randrw",
        "bs" : "4k",
        "ioengine" : "libaio",
        "iodepth" : "16",
        "numjobs" : "4",
        "direct" : "1",
        "group_reporting" : "1",
        "invalidate" : "1",
        "loops" : "1",
        "write_bw_log" : "./fio-bench-07-04-2022--16-25-57-rand-gfs/randrw/gfs/randrw50/4k/randrw-iodepth-16-numjobs-4",
        "write_lat_log" : "./fio-bench-07-04-2022--16-25-57-rand-gfs/randrw/gfs/randrw50/4k/randrw-iodepth-16-numjobs-4",
        "write_iops_log" : "./fio-bench-07-04-2022--16-25-57-rand-gfs/randrw/gfs/randrw50/4k/randrw-iodepth-16-numjobs-4",
        "log_avg_msec" : "500"
      },
      "read" : {
        "io_bytes" : 80556032,
        "io_kbytes" : 78668,
        "bw_bytes" : 1301831,
        "bw" : 1271,
        "iops" : 317.829958,
        "runtime" : 61879,
        "total_ios" : 19667,
        "short_ios" : 0,
        "drop_ios" : 0,
        "slat_ns" : {
          "min" : 3073,
          "max" : 1389287,
          "mean" : 8332.248233,
          "stddev" : 10151.227285,
          "N" : 19667
        },
        "clat_ns" : {
          "min" : 1393687,
          "max" : 3588592460,
          "mean" : 73295004.856003,
          "stddev" : 265042817.927954,
          "N" : 19667,
          "percentile" : {
            "1.000000" : 5537792,
            "5.000000" : 10158080,
            "10.000000" : 12910592,
            "20.000000" : 17956864,
            "30.000000" : 23986176,
            "40.000000" : 30015488,
            "50.000000" : 38010880,
            "60.000000" : 45875200,
            "70.000000" : 55312384,
            "80.000000" : 65798144,
            "90.000000" : 81264640,
            "95.000000" : 95944704,
            "99.000000" : 1971322880,
            "99.500000" : 2432696320,
            "99.900000" : 3036676096,
            "99.950000" : 3372220416,
            "99.990000" : 3573547008
          }
        },
        "lat_ns" : {
          "min" : 1404582,
          "max" : 3588603704,
          "mean" : 73306153.152184,
          "stddev" : 265042799.915045,
          "N" : 19667
        },
        "bw_min" : 160,
        "bw_max" : 4648,
        "bw_agg" : 100.000000,
        "bw_mean" : 2561.834540,
        "bw_dev" : 272.742814,
        "bw_samples" : 296,
        "iops_min" : 40,
        "iops_max" : 1162,
        "iops_mean" : 640.391932,
        "iops_stddev" : 68.183100,
        "iops_samples" : 296
      },
      "write" : {
        "io_bytes" : 82300928,
        "io_kbytes" : 80372,
        "bw_bytes" : 1330030,
        "bw" : 1298,
        "iops" : 324.714362,
        "runtime" : 61879,
        "total_ios" : 20093,
        "short_ios" : 0,
        "drop_ios" : 0,
        "slat_ns" : {
          "min" : 16343,
          "max" : 11308314,
          "mean" : 73281.358881,
          "stddev" : 151207.570506,
          "N" : 20093
        },
        "clat_ns" : {
          "min" : 2705799,
          "max" : 3601122232,
          "mean" : 95110130.599313,
          "stddev" : 309916966.330917,
          "N" : 20093,
          "percentile" : {
            "1.000000" : 5144576,
            "5.000000" : 9895936,
            "10.000000" : 13041664,
            "20.000000" : 17694720,
            "30.000000" : 23986176,
            "40.000000" : 32374784,
            "50.000000" : 43778048,
            "60.000000" : 56885248,
            "70.000000" : 70778880,
            "80.000000" : 86507520,
            "90.000000" : 107479040,
            "95.000000" : 131596288,
            "99.000000" : 2365587456,
            "99.500000" : 2566914048,
            "99.900000" : 2902458368,
            "99.950000" : 2902458368,
            "99.990000" : 3573547008
          }
        },
        "lat_ns" : {
          "min" : 2742606,
          "max" : 3601184391,
          "mean" : 95186422.836211,
          "stddev" : 309918685.067825,
          "N" : 20093
        },
        "bw_min" : 344,
        "bw_max" : 5032,
        "bw_agg" : 100.000000,
        "bw_mean" : 2611.904145,
        "bw_dev" : 289.047725,
        "bw_samples" : 299,
        "iops_min" : 86,
        "iops_max" : 1258,
        "iops_mean" : 652.883935,
        "iops_stddev" : 72.256110,
        "iops_samples" : 299
      },
      "trim" : {
        "io_bytes" : 0,
        "io_kbytes" : 0,
        "bw_bytes" : 0,
        "bw" : 0,
        "iops" : 0.000000,
        "runtime" : 0,
        "total_ios" : 0,
        "short_ios" : 0,
        "drop_ios" : 0,
        "slat_ns" : {
          "min" : 0,
          "max" : 0,
          "mean" : 0.000000,
          "stddev" : 0.000000,
          "N" : 0
        },
        "clat_ns" : {
          "min" : 0,
          "max" : 0,
          "mean" : 0.000000,
          "stddev" : 0.000000,
          "N" : 0
        },
        "lat_ns" : {
          "min" : 0,
          "max" : 0,
          "mean" : 0.000000,
          "stddev" : 0.000000,
          "N" : 0
        },
        "bw_min" : 0,
        "bw_max" : 0,
        "bw_agg" : 0.000000,
        "bw_mean" : 0.000000,
        "bw_dev" : 0.000000,
        "bw_samples" : 0,
        "iops_min" : 0,
        "iops_max" : 0,
        "iops_mean" : 0.000000,
        "iops_stddev" : 0.000000,
        "iops_samples" : 0
      },
      "sync" : {
        "total_ios" : 0,
        "lat_ns" : {
          "min" : 0,
          "max" : 0,
          "mean" : 0.000000,
          "stddev" : 0.000000,
          "N" : 0
        }
      },
      "job_runtime" : 209739,
      "usr_cpu" : 0.208354,
      "sys_cpu" : 0.445315,
      "ctx" : 55357,
      "majf" : 0,
      "minf" : 157,
      "iodepth_level" : {
        "1" : 0.100000,
        "2" : 0.100000,
        "4" : 0.100000,
        "8" : 0.100000,
        "16" : 99.849095,
        "32" : 0.000000,
        ">=64" : 0.000000
      },
      "iodepth_submit" : {
        "0" : 0.000000,
        "4" : 100.000000,
        "8" : 0.000000,
        "16" : 0.000000,
        "32" : 0.000000,
        "64" : 0.000000,
        ">=64" : 0.000000
      },
      "iodepth_complete" : {
        "0" : 0.000000,
        "4" : 99.989925,
        "8" : 0.000000,
        "16" : 0.100000,
        "32" : 0.000000,
        "64" : 0.000000,
        ">=64" : 0.000000
      },
      "latency_ns" : {
        "2" : 0.000000,
        "4" : 0.000000,
        "10" : 0.000000,
        "20" : 0.000000,
        "50" : 0.000000,
        "100" : 0.000000,
        "250" : 0.000000,
        "500" : 0.000000,
        "750" : 0.000000,
        "1000" : 0.000000
      },
      "latency_us" : {
        "2" : 0.000000,
        "4" : 0.000000,
        "10" : 0.000000,
        "20" : 0.000000,
        "50" : 0.000000,
        "100" : 0.000000,
        "250" : 0.000000,
        "500" : 0.000000,
        "750" : 0.000000,
        "1000" : 0.000000
      },
      "latency_ms" : {
        "2" : 0.025151,
        "4" : 0.334507,
        "10" : 4.625252,
        "20" : 18.843058,
        "50" : 36.061368,
        "100" : 31.637324,
        "250" : 6.239940,
        "500" : 0.455231,
        "750" : 0.148390,
        "1000" : 0.090543,
        "2000" : 0.369718,
        ">=2000" : 1.169517
      },
      "latency_depth" : 16,
      "latency_target" : 0,
      "latency_percentile" : 100.000000,
      "latency_window" : 0
    }
  ]
}
