{
  "fio version" : "fio-3.29-112-gc3773",
  "timestamp" : 1649358537,
  "timestamp_ms" : 1649358537420,
  "time" : "Thu Apr  7 19:08:57 2022",
  "global options" : {
    "size" : "50M",
    "runtime" : "60",
    "rwmixread" : "50",
    "directory" : "/mnt/gfs"
  },
  "jobs" : [
    {
      "jobname" : "iotest",
      "groupid" : 0,
      "error" : 0,
      "eta" : 0,
      "elapsed" : 61,
      "job options" : {
        "rw" : "randrw",
        "bs" : "4k",
        "ioengine" : "libaio",
        "iodepth" : "8",
        "numjobs" : "4",
        "direct" : "1",
        "group_reporting" : "1",
        "invalidate" : "1",
        "loops" : "1",
        "write_bw_log" : "./fio-bench-07-04-2022--16-25-57-rand-gfs/randrw/gfs/randrw50/4k/randrw-iodepth-8-numjobs-4",
        "write_lat_log" : "./fio-bench-07-04-2022--16-25-57-rand-gfs/randrw/gfs/randrw50/4k/randrw-iodepth-8-numjobs-4",
        "write_iops_log" : "./fio-bench-07-04-2022--16-25-57-rand-gfs/randrw/gfs/randrw50/4k/randrw-iodepth-8-numjobs-4",
        "log_avg_msec" : "500"
      },
      "read" : {
        "io_bytes" : 80171008,
        "io_kbytes" : 78292,
        "bw_bytes" : 1335093,
        "bw" : 1303,
        "iops" : 325.950474,
        "runtime" : 60049,
        "total_ios" : 19573,
        "short_ios" : 0,
        "drop_ios" : 0,
        "slat_ns" : {
          "min" : 3073,
          "max" : 83879,
          "mean" : 8175.670362,
          "stddev" : 2044.010472,
          "N" : 19573
        },
        "clat_ns" : {
          "min" : 1494677,
          "max" : 2902276488,
          "mean" : 38210480.981147,
          "stddev" : 169693653.339497,
          "N" : 19573,
          "percentile" : {
            "1.000000" : 2736128,
            "5.000000" : 3981312,
            "10.000000" : 5275648,
            "20.000000" : 7831552,
            "30.000000" : 11468800,
            "40.000000" : 16318464,
            "50.000000" : 21626880,
            "60.000000" : 26083328,
            "70.000000" : 31326208,
            "80.000000" : 36962304,
            "90.000000" : 45875200,
            "95.000000" : 54788096,
            "99.000000" : 231735296,
            "99.500000" : 1837105152,
            "99.900000" : 2432696320,
            "99.950000" : 2533359616,
            "99.990000" : 2835349504
          }
        },
        "lat_ns" : {
          "min" : 1506131,
          "max" : 2902286755,
          "mean" : 38221404.819854,
          "stddev" : 169693630.457458,
          "N" : 19573
        },
        "bw_min" : 40,
        "bw_max" : 4750,
        "bw_agg" : 100.000000,
        "bw_mean" : 2640.517397,
        "bw_dev" : 290.823263,
        "bw_samples" : 291,
        "iops_min" : 10,
        "iops_max" : 1187,
        "iops_mean" : 660.043877,
        "iops_stddev" : 72.697092,
        "iops_samples" : 291
      },
      "write" : {
        "io_bytes" : 81784832,
        "io_kbytes" : 79868,
        "bw_bytes" : 1361968,
        "bw" : 1330,
        "iops" : 332.511782,
        "runtime" : 60049,
        "total_ios" : 19967,
        "short_ios" : 0,
        "drop_ios" : 0,
        "slat_ns" : {
          "min" : 16064,
          "max" : 5056033,
          "mean" : 58955.061001,
          "stddev" : 84206.487523,
          "N" : 19967
        },
        "clat_ns" : {
          "min" : 2551657,
          "max" : 3100486539,
          "mean" : 44937510.624581,
          "stddev" : 212663197.008286,
          "N" : 19967,
          "percentile" : {
            "1.000000" : 2834432,
            "5.000000" : 3981312,
            "10.000000" : 5275648,
            "20.000000" : 7503872,
            "30.000000" : 9764864,
            "40.000000" : 12648448,
            "50.000000" : 16711680,
            "60.000000" : 21626880,
            "70.000000" : 28180480,
            "80.000000" : 36962304,
            "90.000000" : 52166656,
            "95.000000" : 67633152,
            "99.000000" : 868220928,
            "99.500000" : 2164260864,
            "99.900000" : 2701131776,
            "99.950000" : 2835349504,
            "99.990000" : 3103784960
          }
        },
        "lat_ns" : {
          "min" : 2592375,
          "max" : 3100539129,
          "mean" : 44999401.747533,
          "stddev" : 212663316.444241,
          "N" : 19967
        },
        "bw_min" : 120,
        "bw_max" : 4929,
        "bw_agg" : 100.000000,
        "bw_mean" : 2712.874918,
        "bw_dev" : 296.247020,
        "bw_samples" : 290,
        "iops_min" : 30,
        "iops_max" : 1232,
        "iops_mean" : 678.136066,
        "iops_stddev" : 74.054115,
        "iops_samples" : 290
      },
      "trim" : {
        "io_bytes" : 0,
        "io_kbytes" : 0,
        "bw_bytes" : 0,
        "bw" : 0,
        "iops" : 0.000000,
        "runtime" : 0,
        "total_ios" : 0,
        "short_ios" : 0,
        "drop_ios" : 0,
        "slat_ns" : {
          "min" : 0,
          "max" : 0,
          "mean" : 0.000000,
          "stddev" : 0.000000,
          "N" : 0
        },
        "clat_ns" : {
          "min" : 0,
          "max" : 0,
          "mean" : 0.000000,
          "stddev" : 0.000000,
          "N" : 0
        },
        "lat_ns" : {
          "min" : 0,
          "max" : 0,
          "mean" : 0.000000,
          "stddev" : 0.000000,
          "N" : 0
        },
        "bw_min" : 0,
        "bw_max" : 0,
        "bw_agg" : 0.000000,
        "bw_mean" : 0.000000,
        "bw_dev" : 0.000000,
        "bw_samples" : 0,
        "iops_min" : 0,
        "iops_max" : 0,
        "iops_mean" : 0.000000,
        "iops_stddev" : 0.000000,
        "iops_samples" : 0
      },
      "sync" : {
        "total_ios" : 0,
        "lat_ns" : {
          "min" : 0,
          "max" : 0,
          "mean" : 0.000000,
          "stddev" : 0.000000,
          "N" : 0
        }
      },
      "job_runtime" : 205882,
      "usr_cpu" : 0.259372,
      "sys_cpu" : 0.397315,
      "ctx" : 56259,
      "majf" : 0,
      "minf" : 157,
      "iodepth_level" : {
        "1" : 0.100000,
        "2" : 0.100000,
        "4" : 0.100000,
        "8" : 99.929186,
        "16" : 0.000000,
        "32" : 0.000000,
        ">=64" : 0.000000
      },
      "iodepth_submit" : {
        "0" : 0.000000,
        "4" : 100.000000,
        "8" : 0.000000,
        "16" : 0.000000,
        "32" : 0.000000,
        "64" : 0.000000,
        ">=64" : 0.000000
      },
      "iodepth_complete" : {
        "0" : 0.000000,
        "4" : 99.989878,
        "8" : 0.100000,
        "16" : 0.000000,
        "32" : 0.000000,
        "64" : 0.000000,
        ">=64" : 0.000000
      },
      "latency_ns" : {
        "2" : 0.000000,
        "4" : 0.000000,
        "10" : 0.000000,
        "20" : 0.000000,
        "50" : 0.000000,
        "100" : 0.000000,
        "250" : 0.000000,
        "500" : 0.000000,
        "750" : 0.000000,
        "1000" : 0.000000
      },
      "latency_us" : {
        "2" : 0.000000,
        "4" : 0.000000,
        "10" : 0.000000,
        "20" : 0.000000,
        "50" : 0.000000,
        "100" : 0.000000,
        "250" : 0.000000,
        "500" : 0.000000,
        "750" : 0.000000,
        "1000" : 0.000000
      },
      "latency_ms" : {
        "2" : 0.060698,
        "4" : 5.235205,
        "10" : 23.609004,
        "20" : 23.108245,
        "50" : 38.990895,
        "100" : 7.374810,
        "250" : 0.419828,
        "500" : 0.278199,
        "750" : 0.075873,
        "1000" : 0.037936,
        "2000" : 0.293374,
        ">=2000" : 0.515933
      },
      "latency_depth" : 8,
      "latency_target" : 0,
      "latency_percentile" : 100.000000,
      "latency_window" : 0
    }
  ]
}
