{
  "fio version" : "fio-3.29-112-gc3773",
  "timestamp" : 1649358361,
  "timestamp_ms" : 1649358361144,
  "time" : "Thu Apr  7 19:06:01 2022",
  "global options" : {
    "size" : "50M",
    "runtime" : "60",
    "rwmixread" : "50",
    "directory" : "/mnt/gfs"
  },
  "jobs" : [
    {
      "jobname" : "iotest",
      "groupid" : 0,
      "error" : 0,
      "eta" : 0,
      "elapsed" : 62,
      "job options" : {
        "rw" : "randrw",
        "bs" : "4k",
        "ioengine" : "libaio",
        "iodepth" : "4",
        "numjobs" : "64",
        "direct" : "1",
        "group_reporting" : "1",
        "invalidate" : "1",
        "loops" : "1",
        "write_bw_log" : "./fio-bench-07-04-2022--16-25-57-rand-gfs/randrw/gfs/randrw50/4k/randrw-iodepth-4-numjobs-64",
        "write_lat_log" : "./fio-bench-07-04-2022--16-25-57-rand-gfs/randrw/gfs/randrw50/4k/randrw-iodepth-4-numjobs-64",
        "write_iops_log" : "./fio-bench-07-04-2022--16-25-57-rand-gfs/randrw/gfs/randrw50/4k/randrw-iodepth-4-numjobs-64",
        "log_avg_msec" : "500"
      },
      "read" : {
        "io_bytes" : 77262848,
        "io_kbytes" : 75452,
        "bw_bytes" : 1255755,
        "bw" : 1226,
        "iops" : 306.580851,
        "runtime" : 61527,
        "total_ios" : 18863,
        "short_ios" : 0,
        "drop_ios" : 0,
        "slat_ns" : {
          "min" : 2654,
          "max" : 1860962576,
          "mean" : 96119898.519536,
          "stddev" : 203451326.399992,
          "N" : 18863
        },
        "clat_ns" : {
          "min" : 1757909,
          "max" : 3498401771,
          "mean" : 303281545.069236,
          "stddev" : 415992917.449683,
          "N" : 18863,
          "percentile" : {
            "1.000000" : 53739520,
            "5.000000" : 101187584,
            "10.000000" : 125304832,
            "20.000000" : 135266304,
            "30.000000" : 141557760,
            "40.000000" : 145752064,
            "50.000000" : 149946368,
            "60.000000" : 156237824,
            "70.000000" : 164626432,
            "80.000000" : 193986560,
            "90.000000" : 834666496,
            "95.000000" : 1434451968,
            "99.000000" : 1954545664,
            "99.500000" : 2071986176,
            "99.900000" : 2667577344,
            "99.950000" : 3003121664,
            "99.990000" : 3472883712
          }
        },
        "lat_ns" : {
          "min" : 2123041,
          "max" : 3541888623,
          "mean" : 399405950.052484,
          "stddev" : 484649103.787873,
          "N" : 18863
        },
        "bw_min" : 500,
        "bw_max" : 4414,
        "bw_agg" : 100.000000,
        "bw_mean" : 1834.423613,
        "bw_dev" : 16.539526,
        "bw_samples" : 5224,
        "iops_min" : 116,
        "iops_max" : 1102,
        "iops_mean" : 456.909070,
        "iops_stddev" : 4.127779,
        "iops_samples" : 5224
      },
      "write" : {
        "io_bytes" : 77025280,
        "io_kbytes" : 75220,
        "bw_bytes" : 1251893,
        "bw" : 1222,
        "iops" : 305.638175,
        "runtime" : 61527,
        "total_ios" : 18805,
        "short_ios" : 0,
        "drop_ios" : 0,
        "slat_ns" : {
          "min" : 61042,
          "max" : 1859046476,
          "mean" : 100190359.326083,
          "stddev" : 210361486.694883,
          "N" : 18805
        },
        "clat_ns" : {
          "min" : 5422001,
          "max" : 3351254976,
          "mean" : 324350035.695294,
          "stddev" : 431816423.601031,
          "N" : 18805,
          "percentile" : {
            "1.000000" : 89653248,
            "5.000000" : 112721920,
            "10.000000" : 129499136,
            "20.000000" : 137363456,
            "30.000000" : 143654912,
            "40.000000" : 147849216,
            "50.000000" : 154140672,
            "60.000000" : 158334976,
            "70.000000" : 168820736,
            "80.000000" : 206569472,
            "90.000000" : 952107008,
            "95.000000" : 1451229184,
            "99.000000" : 1954545664,
            "99.500000" : 2055208960,
            "99.900000" : 2701131776,
            "99.950000" : 2801795072,
            "99.990000" : 3204448256
          }
        },
        "lat_ns" : {
          "min" : 45055071,
          "max" : 3395750198,
          "mean" : 424545014.856528,
          "stddev" : 514079708.485073,
          "N" : 18805
        },
        "bw_min" : 506,
        "bw_max" : 4348,
        "bw_agg" : 100.000000,
        "bw_mean" : 1869.349501,
        "bw_dev" : 16.391206,
        "bw_samples" : 5122,
        "iops_min" : 122,
        "iops_max" : 1084,
        "iops_mean" : 465.593404,
        "iops_stddev" : 4.089042,
        "iops_samples" : 5122
      },
      "trim" : {
        "io_bytes" : 0,
        "io_kbytes" : 0,
        "bw_bytes" : 0,
        "bw" : 0,
        "iops" : 0.000000,
        "runtime" : 0,
        "total_ios" : 0,
        "short_ios" : 0,
        "drop_ios" : 0,
        "slat_ns" : {
          "min" : 0,
          "max" : 0,
          "mean" : 0.000000,
          "stddev" : 0.000000,
          "N" : 0
        },
        "clat_ns" : {
          "min" : 0,
          "max" : 0,
          "mean" : 0.000000,
          "stddev" : 0.000000,
          "N" : 0
        },
        "lat_ns" : {
          "min" : 0,
          "max" : 0,
          "mean" : 0.000000,
          "stddev" : 0.000000,
          "N" : 0
        },
        "bw_min" : 0,
        "bw_max" : 0,
        "bw_agg" : 0.000000,
        "bw_mean" : 0.000000,
        "bw_dev" : 0.000000,
        "bw_samples" : 0,
        "iops_min" : 0,
        "iops_max" : 0,
        "iops_mean" : 0.000000,
        "iops_stddev" : 0.000000,
        "iops_samples" : 0
      },
      "sync" : {
        "total_ios" : 0,
        "lat_ns" : {
          "min" : 0,
          "max" : 0,
          "mean" : 0.000000,
          "stddev" : 0.000000,
          "N" : 0
        }
      },
      "job_runtime" : 3909141,
      "usr_cpu" : 0.021642,
      "sys_cpu" : 0.019570,
      "ctx" : 57313,
      "majf" : 0,
      "minf" : 2564,
      "iodepth_level" : {
        "1" : 0.169905,
        "2" : 0.339811,
        "4" : 99.490284,
        "8" : 0.000000,
        "16" : 0.000000,
        "32" : 0.000000,
        ">=64" : 0.000000
      },
      "iodepth_submit" : {
        "0" : 0.000000,
        "4" : 100.000000,
        "8" : 0.000000,
        "16" : 0.000000,
        "32" : 0.000000,
        "64" : 0.000000,
        ">=64" : 0.000000
      },
      "iodepth_complete" : {
        "0" : 0.000000,
        "4" : 100.000000,
        "8" : 0.000000,
        "16" : 0.000000,
        "32" : 0.000000,
        "64" : 0.000000,
        ">=64" : 0.000000
      },
      "latency_ns" : {
        "2" : 0.000000,
        "4" : 0.000000,
        "10" : 0.000000,
        "20" : 0.000000,
        "50" : 0.000000,
        "100" : 0.000000,
        "250" : 0.000000,
        "500" : 0.000000,
        "750" : 0.000000,
        "1000" : 0.000000
      },
      "latency_us" : {
        "2" : 0.000000,
        "4" : 0.000000,
        "10" : 0.000000,
        "20" : 0.000000,
        "50" : 0.000000,
        "100" : 0.000000,
        "250" : 0.000000,
        "500" : 0.000000,
        "750" : 0.000000,
        "1000" : 0.000000
      },
      "latency_ms" : {
        "2" : 0.018583,
        "4" : 0.108846,
        "10" : 0.079643,
        "20" : 0.074334,
        "50" : 0.193798,
        "100" : 3.233514,
        "250" : 78.599873,
        "500" : 2.561856,
        "750" : 3.297228,
        "1000" : 3.037061,
        "2000" : 8.105023,
        ">=2000" : 0.690241
      },
      "latency_depth" : 4,
      "latency_target" : 0,
      "latency_percentile" : 100.000000,
      "latency_window" : 0
    }
  ]
}
