{
  "fio version" : "fio-3.29-112-gc3773",
  "timestamp" : 1649357933,
  "timestamp_ms" : 1649357933010,
  "time" : "Thu Apr  7 18:58:53 2022",
  "global options" : {
    "size" : "50M",
    "runtime" : "60",
    "rwmixread" : "50",
    "directory" : "/mnt/gfs"
  },
  "jobs" : [
    {
      "jobname" : "iotest",
      "groupid" : 0,
      "error" : 0,
      "eta" : 0,
      "elapsed" : 62,
      "job options" : {
        "rw" : "randrw",
        "bs" : "4k",
        "ioengine" : "libaio",
        "iodepth" : "2",
        "numjobs" : "64",
        "direct" : "1",
        "group_reporting" : "1",
        "invalidate" : "1",
        "loops" : "1",
        "write_bw_log" : "./fio-bench-07-04-2022--16-25-57-rand-gfs/randrw/gfs/randrw50/4k/randrw-iodepth-2-numjobs-64",
        "write_lat_log" : "./fio-bench-07-04-2022--16-25-57-rand-gfs/randrw/gfs/randrw50/4k/randrw-iodepth-2-numjobs-64",
        "write_iops_log" : "./fio-bench-07-04-2022--16-25-57-rand-gfs/randrw/gfs/randrw50/4k/randrw-iodepth-2-numjobs-64",
        "log_avg_msec" : "500"
      },
      "read" : {
        "io_bytes" : 117243904,
        "io_kbytes" : 114496,
        "bw_bytes" : 1922945,
        "bw" : 1877,
        "iops" : 469.469092,
        "runtime" : 60971,
        "total_ios" : 28624,
        "short_ios" : 0,
        "drop_ios" : 0,
        "slat_ns" : {
          "min" : 2864,
          "max" : 1073205402,
          "mean" : 44436205.695605,
          "stddev" : 53430882.232518,
          "N" : 28624
        },
        "clat_ns" : {
          "min" : 1508436,
          "max" : 2438980349,
          "mean" : 86880971.975999,
          "stddev" : 218784918.379969,
          "N" : 28624,
          "percentile" : {
            "1.000000" : 3489792,
            "5.000000" : 21364736,
            "10.000000" : 26869760,
            "20.000000" : 31064064,
            "30.000000" : 33816576,
            "40.000000" : 36962304,
            "50.000000" : 40632320,
            "60.000000" : 45350912,
            "70.000000" : 53215232,
            "80.000000" : 64749568,
            "90.000000" : 91750400,
            "95.000000" : 200278016,
            "99.000000" : 1484783616,
            "99.500000" : 1602224128,
            "99.900000" : 1837105152,
            "99.950000" : 1971322880,
            "99.990000" : 2105540608
          }
        },
        "lat_ns" : {
          "min" : 2088260,
          "max" : 2484931136,
          "mean" : 131321426.606554,
          "stddev" : 227665094.401537,
          "N" : 28624
        },
        "bw_min" : 492,
        "bw_max" : 5358,
        "bw_agg" : 100.000000,
        "bw_mean" : 2334.517551,
        "bw_dev" : 18.171444,
        "bw_samples" : 6201,
        "iops_min" : 108,
        "iops_max" : 1338,
        "iops_mean" : 580.159765,
        "iops_stddev" : 4.538319,
        "iops_samples" : 6201
      },
      "write" : {
        "io_bytes" : 117526528,
        "io_kbytes" : 114772,
        "bw_bytes" : 1927580,
        "bw" : 1882,
        "iops" : 470.600777,
        "runtime" : 60971,
        "total_ios" : 28693,
        "short_ios" : 0,
        "drop_ios" : 0,
        "slat_ns" : {
          "min" : 25074,
          "max" : 1161680483,
          "mean" : 45745619.132890,
          "stddev" : 55251092.719794,
          "N" : 28693
        },
        "clat_ns" : {
          "min" : 2745119,
          "max" : 1939106555,
          "mean" : 92362752.715610,
          "stddev" : 201481691.433868,
          "N" : 28693,
          "percentile" : {
            "1.000000" : 12648448,
            "5.000000" : 25821184,
            "10.000000" : 28966912,
            "20.000000" : 32899072,
            "30.000000" : 35913728,
            "40.000000" : 39059456,
            "50.000000" : 42729472,
            "60.000000" : 47972352,
            "70.000000" : 56885248,
            "80.000000" : 69730304,
            "90.000000" : 113770496,
            "95.000000" : 278921216,
            "99.000000" : 1300234240,
            "99.500000" : 1434451968,
            "99.900000" : 1803550720,
            "99.950000" : 1837105152,
            "99.990000" : 1904214016
          }
        },
        "lat_ns" : {
          "min" : 5708910,
          "max" : 2042856535,
          "mean" : 138112671.814171,
          "stddev" : 216380931.701347,
          "N" : 28693
        },
        "bw_min" : 498,
        "bw_max" : 5213,
        "bw_agg" : 100.000000,
        "bw_mean" : 2365.847513,
        "bw_dev" : 17.923102,
        "bw_samples" : 6136,
        "iops_min" : 114,
        "iops_max" : 1301,
        "iops_mean" : 587.894095,
        "iops_stddev" : 4.477988,
        "iops_samples" : 6136
      },
      "trim" : {
        "io_bytes" : 0,
        "io_kbytes" : 0,
        "bw_bytes" : 0,
        "bw" : 0,
        "iops" : 0.000000,
        "runtime" : 0,
        "total_ios" : 0,
        "short_ios" : 0,
        "drop_ios" : 0,
        "slat_ns" : {
          "min" : 0,
          "max" : 0,
          "mean" : 0.000000,
          "stddev" : 0.000000,
          "N" : 0
        },
        "clat_ns" : {
          "min" : 0,
          "max" : 0,
          "mean" : 0.000000,
          "stddev" : 0.000000,
          "N" : 0
        },
        "lat_ns" : {
          "min" : 0,
          "max" : 0,
          "mean" : 0.000000,
          "stddev" : 0.000000,
          "N" : 0
        },
        "bw_min" : 0,
        "bw_max" : 0,
        "bw_agg" : 0.000000,
        "bw_mean" : 0.000000,
        "bw_dev" : 0.000000,
        "bw_samples" : 0,
        "iops_min" : 0,
        "iops_max" : 0,
        "iops_mean" : 0.000000,
        "iops_stddev" : 0.000000,
        "iops_samples" : 0
      },
      "sync" : {
        "total_ios" : 0,
        "lat_ns" : {
          "min" : 0,
          "max" : 0,
          "mean" : 0.000000,
          "stddev" : 0.000000,
          "N" : 0
        }
      },
      "job_runtime" : 3863379,
      "usr_cpu" : 0.030776,
      "sys_cpu" : 0.033313,
      "ctx" : 102435,
      "majf" : 0,
      "minf" : 2550,
      "iodepth_level" : {
        "1" : 0.111660,
        "2" : 99.888340,
        "4" : 0.000000,
        "8" : 0.000000,
        "16" : 0.000000,
        "32" : 0.000000,
        ">=64" : 0.000000
      },
      "iodepth_submit" : {
        "0" : 0.000000,
        "4" : 100.000000,
        "8" : 0.000000,
        "16" : 0.000000,
        "32" : 0.000000,
        "64" : 0.000000,
        ">=64" : 0.000000
      },
      "iodepth_complete" : {
        "0" : 0.000000,
        "4" : 100.000000,
        "8" : 0.000000,
        "16" : 0.000000,
        "32" : 0.000000,
        "64" : 0.000000,
        ">=64" : 0.000000
      },
      "latency_ns" : {
        "2" : 0.000000,
        "4" : 0.000000,
        "10" : 0.000000,
        "20" : 0.000000,
        "50" : 0.000000,
        "100" : 0.000000,
        "250" : 0.000000,
        "500" : 0.000000,
        "750" : 0.000000,
        "1000" : 0.000000
      },
      "latency_us" : {
        "2" : 0.000000,
        "4" : 0.000000,
        "10" : 0.000000,
        "20" : 0.000000,
        "50" : 0.000000,
        "100" : 0.000000,
        "250" : 0.000000,
        "500" : 0.000000,
        "750" : 0.000000,
        "1000" : 0.000000
      },
      "latency_ms" : {
        "2" : 0.073277,
        "4" : 0.722299,
        "10" : 0.861873,
        "20" : 1.643491,
        "50" : 61.341312,
        "100" : 25.407820,
        "250" : 5.178219,
        "500" : 1.634768,
        "750" : 0.751958,
        "1000" : 0.324511,
        "2000" : 2.037790,
        ">=2000" : 0.022681
      },
      "latency_depth" : 2,
      "latency_target" : 0,
      "latency_percentile" : 100.000000,
      "latency_window" : 0
    }
  ]
}
