{
  "fio version" : "fio-3.29-112-gc3773",
  "timestamp" : 1649357686,
  "timestamp_ms" : 1649357686477,
  "time" : "Thu Apr  7 18:54:46 2022",
  "global options" : {
    "size" : "50M",
    "runtime" : "60",
    "rwmixread" : "50",
    "directory" : "/mnt/gfs"
  },
  "jobs" : [
    {
      "jobname" : "iotest",
      "groupid" : 0,
      "error" : 0,
      "eta" : 0,
      "elapsed" : 61,
      "job options" : {
        "rw" : "randrw",
        "bs" : "4k",
        "ioengine" : "libaio",
        "iodepth" : "2",
        "numjobs" : "4",
        "direct" : "1",
        "group_reporting" : "1",
        "invalidate" : "1",
        "loops" : "1",
        "write_bw_log" : "./fio-bench-07-04-2022--16-25-57-rand-gfs/randrw/gfs/randrw50/4k/randrw-iodepth-2-numjobs-4",
        "write_lat_log" : "./fio-bench-07-04-2022--16-25-57-rand-gfs/randrw/gfs/randrw50/4k/randrw-iodepth-2-numjobs-4",
        "write_iops_log" : "./fio-bench-07-04-2022--16-25-57-rand-gfs/randrw/gfs/randrw50/4k/randrw-iodepth-2-numjobs-4",
        "log_avg_msec" : "500"
      },
      "read" : {
        "io_bytes" : 75644928,
        "io_kbytes" : 73872,
        "bw_bytes" : 1251094,
        "bw" : 1221,
        "iops" : 305.442998,
        "runtime" : 60463,
        "total_ios" : 18468,
        "short_ios" : 0,
        "drop_ios" : 0,
        "slat_ns" : {
          "min" : 3422,
          "max" : 87022,
          "mean" : 8248.189950,
          "stddev" : 1489.996613,
          "N" : 18468
        },
        "clat_ns" : {
          "min" : 1247089,
          "max" : 2363606422,
          "mean" : 13660378.442062,
          "stddev" : 87371257.632387,
          "N" : 18468,
          "percentile" : {
            "1.000000" : 1466368,
            "5.000000" : 1646592,
            "10.000000" : 1744896,
            "20.000000" : 2342912,
            "30.000000" : 3457024,
            "40.000000" : 5472256,
            "50.000000" : 7897088,
            "60.000000" : 10158080,
            "70.000000" : 11993088,
            "80.000000" : 14352384,
            "90.000000" : 17694720,
            "95.000000" : 21102592,
            "99.000000" : 35913728,
            "99.500000" : 141557760,
            "99.900000" : 1870659584,
            "99.950000" : 2021654528,
            "99.990000" : 2264924160
          }
        },
        "lat_ns" : {
          "min" : 1257495,
          "max" : 2363616828,
          "mean" : 13671435.622915,
          "stddev" : 87371275.701411,
          "N" : 18468
        },
        "bw_min" : 64,
        "bw_max" : 3264,
        "bw_agg" : 100.000000,
        "bw_mean" : 2123.285542,
        "bw_dev" : 188.859500,
        "bw_samples" : 323,
        "iops_min" : 16,
        "iops_max" : 816,
        "iops_mean" : 530.770736,
        "iops_stddev" : 47.210370,
        "iops_samples" : 323
      },
      "write" : {
        "io_bytes" : 77332480,
        "io_kbytes" : 75520,
        "bw_bytes" : 1279005,
        "bw" : 1249,
        "iops" : 312.257083,
        "runtime" : 60463,
        "total_ios" : 18880,
        "short_ios" : 0,
        "drop_ios" : 0,
        "slat_ns" : {
          "min" : 17041,
          "max" : 13713927,
          "mean" : 38930.264195,
          "stddev" : 126210.045232,
          "N" : 18880
        },
        "clat_ns" : {
          "min" : 2486355,
          "max" : 2223467953,
          "mean" : 8582131.209428,
          "stddev" : 68052330.488031,
          "N" : 18880,
          "percentile" : {
            "1.000000" : 2703360,
            "5.000000" : 2736128,
            "10.000000" : 2867200,
            "20.000000" : 2965504,
            "30.000000" : 3063808,
            "40.000000" : 3686400,
            "50.000000" : 4014080,
            "60.000000" : 4685824,
            "70.000000" : 5734400,
            "80.000000" : 7241728,
            "90.000000" : 9502720,
            "95.000000" : 12386304,
            "99.000000" : 20316160,
            "99.500000" : 38010880,
            "99.900000" : 1585446912,
            "99.950000" : 1753219072,
            "99.990000" : 2088763392
          }
        },
        "lat_ns" : {
          "min" : 2515340,
          "max" : 2223504200,
          "mean" : 8623937.388030,
          "stddev" : 68052494.346879,
          "N" : 18880
        },
        "bw_min" : 56,
        "bw_max" : 3562,
        "bw_agg" : 100.000000,
        "bw_mean" : 2192.445262,
        "bw_dev" : 199.880075,
        "bw_samples" : 319,
        "iops_min" : 14,
        "iops_max" : 890,
        "iops_mean" : 548.060233,
        "iops_stddev" : 49.965205,
        "iops_samples" : 319
      },
      "trim" : {
        "io_bytes" : 0,
        "io_kbytes" : 0,
        "bw_bytes" : 0,
        "bw" : 0,
        "iops" : 0.000000,
        "runtime" : 0,
        "total_ios" : 0,
        "short_ios" : 0,
        "drop_ios" : 0,
        "slat_ns" : {
          "min" : 0,
          "max" : 0,
          "mean" : 0.000000,
          "stddev" : 0.000000,
          "N" : 0
        },
        "clat_ns" : {
          "min" : 0,
          "max" : 0,
          "mean" : 0.000000,
          "stddev" : 0.000000,
          "N" : 0
        },
        "lat_ns" : {
          "min" : 0,
          "max" : 0,
          "mean" : 0.000000,
          "stddev" : 0.000000,
          "N" : 0
        },
        "bw_min" : 0,
        "bw_max" : 0,
        "bw_agg" : 0.000000,
        "bw_mean" : 0.000000,
        "bw_dev" : 0.000000,
        "bw_samples" : 0,
        "iops_min" : 0,
        "iops_max" : 0,
        "iops_mean" : 0.000000,
        "iops_stddev" : 0.000000,
        "iops_samples" : 0
      },
      "sync" : {
        "total_ios" : 0,
        "lat_ns" : {
          "min" : 0,
          "max" : 0,
          "mean" : 0.000000,
          "stddev" : 0.000000,
          "N" : 0
        }
      },
      "job_runtime" : 207816,
      "usr_cpu" : 0.232898,
      "sys_cpu" : 0.387843,
      "ctx" : 56121,
      "majf" : 0,
      "minf" : 169,
      "iodepth_level" : {
        "1" : 0.100000,
        "2" : 99.989290,
        "4" : 0.000000,
        "8" : 0.000000,
        "16" : 0.000000,
        "32" : 0.000000,
        ">=64" : 0.000000
      },
      "iodepth_submit" : {
        "0" : 0.000000,
        "4" : 100.000000,
        "8" : 0.000000,
        "16" : 0.000000,
        "32" : 0.000000,
        "64" : 0.000000,
        ">=64" : 0.000000
      },
      "iodepth_complete" : {
        "0" : 0.000000,
        "4" : 100.000000,
        "8" : 0.000000,
        "16" : 0.000000,
        "32" : 0.000000,
        "64" : 0.000000,
        ">=64" : 0.000000
      },
      "latency_ns" : {
        "2" : 0.000000,
        "4" : 0.000000,
        "10" : 0.000000,
        "20" : 0.000000,
        "50" : 0.000000,
        "100" : 0.000000,
        "250" : 0.000000,
        "500" : 0.000000,
        "750" : 0.000000,
        "1000" : 0.000000
      },
      "latency_us" : {
        "2" : 0.000000,
        "4" : 0.000000,
        "10" : 0.000000,
        "20" : 0.000000,
        "50" : 0.000000,
        "100" : 0.000000,
        "250" : 0.000000,
        "500" : 0.000000,
        "750" : 0.000000,
        "1000" : 0.000000
      },
      "latency_ms" : {
        "2" : 7.847810,
        "4" : 34.157117,
        "10" : 33.613580,
        "20" : 20.833780,
        "50" : 2.953304,
        "100" : 0.112456,
        "250" : 0.214202,
        "500" : 0.050873,
        "750" : 0.018743,
        "1000" : 0.000000,
        "2000" : 0.166006,
        ">=2000" : 0.032130
      },
      "latency_depth" : 2,
      "latency_target" : 0,
      "latency_percentile" : 100.000000,
      "latency_window" : 0
    }
  ]
}
