{
  "fio version" : "fio-3.29-112-gc3773",
  "timestamp" : 1649359013,
  "timestamp_ms" : 1649359013046,
  "time" : "Thu Apr  7 19:16:53 2022",
  "global options" : {
    "size" : "50M",
    "runtime" : "60",
    "rwmixread" : "50",
    "directory" : "/mnt/gfs"
  },
  "jobs" : [
    {
      "jobname" : "iotest",
      "groupid" : 0,
      "error" : 0,
      "eta" : 0,
      "elapsed" : 62,
      "job options" : {
        "rw" : "randrw",
        "bs" : "4k",
        "ioengine" : "libaio",
        "iodepth" : "16",
        "numjobs" : "8",
        "direct" : "1",
        "group_reporting" : "1",
        "invalidate" : "1",
        "loops" : "1",
        "write_bw_log" : "./fio-bench-07-04-2022--16-25-57-rand-gfs/randrw/gfs/randrw50/4k/randrw-iodepth-16-numjobs-8",
        "write_lat_log" : "./fio-bench-07-04-2022--16-25-57-rand-gfs/randrw/gfs/randrw50/4k/randrw-iodepth-16-numjobs-8",
        "write_iops_log" : "./fio-bench-07-04-2022--16-25-57-rand-gfs/randrw/gfs/randrw50/4k/randrw-iodepth-16-numjobs-8",
        "log_avg_msec" : "500"
      },
      "read" : {
        "io_bytes" : 80629760,
        "io_kbytes" : 78740,
        "bw_bytes" : 1309009,
        "bw" : 1278,
        "iops" : 319.582440,
        "runtime" : 61596,
        "total_ios" : 19685,
        "short_ios" : 0,
        "drop_ios" : 0,
        "slat_ns" : {
          "min" : 3841,
          "max" : 1646168991,
          "mean" : 9185519.635966,
          "stddev" : 47784210.268952,
          "N" : 19685
        },
        "clat_ns" : {
          "min" : 1885162,
          "max" : 3401594935,
          "mean" : 173479386.803150,
          "stddev" : 372737630.503565,
          "N" : 19685,
          "percentile" : {
            "1.000000" : 46399488,
            "5.000000" : 62128128,
            "10.000000" : 67633152,
            "20.000000" : 74973184,
            "30.000000" : 80216064,
            "40.000000" : 85458944,
            "50.000000" : 89653248,
            "60.000000" : 94896128,
            "70.000000" : 100139008,
            "80.000000" : 108527616,
            "90.000000" : 131596288,
            "95.000000" : 526385152,
            "99.000000" : 2264924160,
            "99.500000" : 2533359616,
            "99.900000" : 2969567232,
            "99.950000" : 3003121664,
            "99.990000" : 3204448256
          }
        },
        "lat_ns" : {
          "min" : 1896686,
          "max" : 3411083110,
          "mean" : 182667942.818694,
          "stddev" : 381148179.780921,
          "N" : 19685
        },
        "bw_min" : 64,
        "bw_max" : 3488,
        "bw_agg" : 100.000000,
        "bw_mean" : 1736.711557,
        "bw_dev" : 136.718235,
        "bw_samples" : 724,
        "iops_min" : 16,
        "iops_max" : 872,
        "iops_mean" : 434.177889,
        "iops_stddev" : 34.179559,
        "iops_samples" : 724
      },
      "write" : {
        "io_bytes" : 81862656,
        "io_kbytes" : 79944,
        "bw_bytes" : 1329025,
        "bw" : 1297,
        "iops" : 324.469121,
        "runtime" : 61596,
        "total_ios" : 19986,
        "short_ios" : 0,
        "drop_ios" : 0,
        "slat_ns" : {
          "min" : 71588,
          "max" : 1643611326,
          "mean" : 9082235.240819,
          "stddev" : 39511506.686453,
          "N" : 19986
        },
        "clat_ns" : {
          "min" : 25996118,
          "max" : 3403998878,
          "mean" : 197749268.062794,
          "stddev" : 420140095.287381,
          "N" : 19986,
          "percentile" : {
            "1.000000" : 53739520,
            "5.000000" : 62128128,
            "10.000000" : 66846720,
            "20.000000" : 73924608,
            "30.000000" : 79167488,
            "40.000000" : 84410368,
            "50.000000" : 88604672,
            "60.000000" : 93847552,
            "70.000000" : 100139008,
            "80.000000" : 110624768,
            "90.000000" : 166723584,
            "95.000000" : 1115684864,
            "99.000000" : 2365587456,
            "99.500000" : 2600468480,
            "99.900000" : 2969567232,
            "99.950000" : 3036676096,
            "99.990000" : 3405774848
          }
        },
        "lat_ns" : {
          "min" : 29211270,
          "max" : 3409195364,
          "mean" : 206834550.695437,
          "stddev" : 427144503.250637,
          "N" : 19986
        },
        "bw_min" : 64,
        "bw_max" : 3640,
        "bw_agg" : 100.000000,
        "bw_mean" : 1698.135527,
        "bw_dev" : 142.209125,
        "bw_samples" : 751,
        "iops_min" : 16,
        "iops_max" : 910,
        "iops_mean" : 424.533882,
        "iops_stddev" : 35.552281,
        "iops_samples" : 751
      },
      "trim" : {
        "io_bytes" : 0,
        "io_kbytes" : 0,
        "bw_bytes" : 0,
        "bw" : 0,
        "iops" : 0.000000,
        "runtime" : 0,
        "total_ios" : 0,
        "short_ios" : 0,
        "drop_ios" : 0,
        "slat_ns" : {
          "min" : 0,
          "max" : 0,
          "mean" : 0.000000,
          "stddev" : 0.000000,
          "N" : 0
        },
        "clat_ns" : {
          "min" : 0,
          "max" : 0,
          "mean" : 0.000000,
          "stddev" : 0.000000,
          "N" : 0
        },
        "lat_ns" : {
          "min" : 0,
          "max" : 0,
          "mean" : 0.000000,
          "stddev" : 0.000000,
          "N" : 0
        },
        "bw_min" : 0,
        "bw_max" : 0,
        "bw_agg" : 0.000000,
        "bw_mean" : 0.000000,
        "bw_dev" : 0.000000,
        "bw_samples" : 0,
        "iops_min" : 0,
        "iops_max" : 0,
        "iops_mean" : 0.000000,
        "iops_stddev" : 0.000000,
        "iops_samples" : 0
      },
      "sync" : {
        "total_ios" : 0,
        "lat_ns" : {
          "min" : 0,
          "max" : 0,
          "mean" : 0.000000,
          "stddev" : 0.000000,
          "N" : 0
        }
      },
      "job_runtime" : 483416,
      "usr_cpu" : 0.099914,
      "sys_cpu" : 0.183486,
      "ctx" : 60266,
      "majf" : 0,
      "minf" : 317,
      "iodepth_level" : {
        "1" : 0.100000,
        "2" : 0.100000,
        "4" : 0.100000,
        "8" : 0.161327,
        "16" : 99.697512,
        "32" : 0.000000,
        ">=64" : 0.000000
      },
      "iodepth_submit" : {
        "0" : 0.000000,
        "4" : 100.000000,
        "8" : 0.000000,
        "16" : 0.000000,
        "32" : 0.000000,
        "64" : 0.000000,
        ">=64" : 0.000000
      },
      "iodepth_complete" : {
        "0" : 0.000000,
        "4" : 99.979777,
        "8" : 0.000000,
        "16" : 0.100000,
        "32" : 0.000000,
        "64" : 0.000000,
        ">=64" : 0.000000
      },
      "latency_ns" : {
        "2" : 0.000000,
        "4" : 0.000000,
        "10" : 0.000000,
        "20" : 0.000000,
        "50" : 0.000000,
        "100" : 0.000000,
        "250" : 0.000000,
        "500" : 0.000000,
        "750" : 0.000000,
        "1000" : 0.000000
      },
      "latency_us" : {
        "2" : 0.000000,
        "4" : 0.000000,
        "10" : 0.000000,
        "20" : 0.000000,
        "50" : 0.000000,
        "100" : 0.000000,
        "250" : 0.000000,
        "500" : 0.000000,
        "750" : 0.000000,
        "1000" : 0.000000
      },
      "latency_ms" : {
        "2" : 0.010000,
        "4" : 0.045373,
        "10" : 0.047894,
        "20" : 0.057977,
        "50" : 0.698243,
        "100" : 68.175746,
        "250" : 23.415089,
        "500" : 1.583020,
        "750" : 0.794031,
        "1000" : 0.594893,
        "2000" : 2.669456,
        ">=2000" : 1.913236
      },
      "latency_depth" : 16,
      "latency_target" : 0,
      "latency_percentile" : 100.000000,
      "latency_window" : 0
    }
  ]
}
