{
  "fio version" : "fio-3.29-112-gc3773",
  "timestamp" : 1649357809,
  "timestamp_ms" : 1649357809175,
  "time" : "Thu Apr  7 18:56:49 2022",
  "global options" : {
    "size" : "50M",
    "runtime" : "60",
    "rwmixread" : "50",
    "directory" : "/mnt/gfs"
  },
  "jobs" : [
    {
      "jobname" : "iotest",
      "groupid" : 0,
      "error" : 0,
      "eta" : 0,
      "elapsed" : 62,
      "job options" : {
        "rw" : "randrw",
        "bs" : "4k",
        "ioengine" : "libaio",
        "iodepth" : "2",
        "numjobs" : "16",
        "direct" : "1",
        "group_reporting" : "1",
        "invalidate" : "1",
        "loops" : "1",
        "write_bw_log" : "./fio-bench-07-04-2022--16-25-57-rand-gfs/randrw/gfs/randrw50/4k/randrw-iodepth-2-numjobs-16",
        "write_lat_log" : "./fio-bench-07-04-2022--16-25-57-rand-gfs/randrw/gfs/randrw50/4k/randrw-iodepth-2-numjobs-16",
        "write_iops_log" : "./fio-bench-07-04-2022--16-25-57-rand-gfs/randrw/gfs/randrw50/4k/randrw-iodepth-2-numjobs-16",
        "log_avg_msec" : "500"
      },
      "read" : {
        "io_bytes" : 137420800,
        "io_kbytes" : 134200,
        "bw_bytes" : 2242872,
        "bw" : 2190,
        "iops" : 547.576302,
        "runtime" : 61270,
        "total_ios" : 33550,
        "short_ios" : 0,
        "drop_ios" : 0,
        "slat_ns" : {
          "min" : 3562,
          "max" : 151765,
          "mean" : 8411.181759,
          "stddev" : 1703.243670,
          "N" : 33550
        },
        "clat_ns" : {
          "min" : 1325661,
          "max" : 3907846230,
          "mean" : 26701407.197943,
          "stddev" : 157855738.108474,
          "N" : 33550,
          "percentile" : {
            "1.000000" : 1613824,
            "5.000000" : 2007040,
            "10.000000" : 2736128,
            "20.000000" : 3489792,
            "30.000000" : 4751360,
            "40.000000" : 6717440,
            "50.000000" : 9371648,
            "60.000000" : 12648448,
            "70.000000" : 16187392,
            "80.000000" : 20578304,
            "90.000000" : 27656192,
            "95.000000" : 35913728,
            "99.000000" : 225443840,
            "99.500000" : 1602224128,
            "99.900000" : 2264924160,
            "99.950000" : 2499805184,
            "99.990000" : 3707764736
          }
        },
        "lat_ns" : {
          "min" : 1336067,
          "max" : 3907857544,
          "mean" : 26712620.804322,
          "stddev" : 157855781.321169,
          "N" : 33550
        },
        "bw_min" : 184,
        "bw_max" : 8745,
        "bw_agg" : 100.000000,
        "bw_mean" : 3706.192644,
        "bw_dev" : 151.263601,
        "bw_samples" : 1155,
        "iops_min" : 46,
        "iops_max" : 2186,
        "iops_mean" : 926.425554,
        "iops_stddev" : 37.807753,
        "iops_samples" : 1155
      },
      "write" : {
        "io_bytes" : 137740288,
        "io_kbytes" : 134512,
        "bw_bytes" : 2248086,
        "bw" : 2195,
        "iops" : 548.849355,
        "runtime" : 61270,
        "total_ios" : 33628,
        "short_ios" : 0,
        "drop_ios" : 0,
        "slat_ns" : {
          "min" : 15993,
          "max" : 4160944,
          "mean" : 46953.180564,
          "stddev" : 76817.454602,
          "N" : 33628
        },
        "clat_ns" : {
          "min" : 2485587,
          "max" : 3907627697,
          "mean" : 28285872.778994,
          "stddev" : 181156657.552215,
          "N" : 33628,
          "percentile" : {
            "1.000000" : 2736128,
            "5.000000" : 2965504,
            "10.000000" : 3260416,
            "20.000000" : 4227072,
            "30.000000" : 5013504,
            "40.000000" : 6455296,
            "50.000000" : 8454144,
            "60.000000" : 11206656,
            "70.000000" : 14745600,
            "80.000000" : 19005440,
            "90.000000" : 25821184,
            "95.000000" : 32899072,
            "99.000000" : 217055232,
            "99.500000" : 1753219072,
            "99.900000" : 2734686208,
            "99.950000" : 2868903936,
            "99.990000" : 3204448256
          }
        },
        "lat_ns" : {
          "min" : 2518831,
          "max" : 3907664992,
          "mean" : 28335763.267010,
          "stddev" : 181157089.157745,
          "N" : 33628
        },
        "bw_min" : 200,
        "bw_max" : 8909,
        "bw_agg" : 100.000000,
        "bw_mean" : 3811.557466,
        "bw_dev" : 151.204671,
        "bw_samples" : 1105,
        "iops_min" : 50,
        "iops_max" : 2226,
        "iops_mean" : 952.762980,
        "iops_stddev" : 37.791673,
        "iops_samples" : 1105
      },
      "trim" : {
        "io_bytes" : 0,
        "io_kbytes" : 0,
        "bw_bytes" : 0,
        "bw" : 0,
        "iops" : 0.000000,
        "runtime" : 0,
        "total_ios" : 0,
        "short_ios" : 0,
        "drop_ios" : 0,
        "slat_ns" : {
          "min" : 0,
          "max" : 0,
          "mean" : 0.000000,
          "stddev" : 0.000000,
          "N" : 0
        },
        "clat_ns" : {
          "min" : 0,
          "max" : 0,
          "mean" : 0.000000,
          "stddev" : 0.000000,
          "N" : 0
        },
        "lat_ns" : {
          "min" : 0,
          "max" : 0,
          "mean" : 0.000000,
          "stddev" : 0.000000,
          "N" : 0
        },
        "bw_min" : 0,
        "bw_max" : 0,
        "bw_agg" : 0.000000,
        "bw_mean" : 0.000000,
        "bw_dev" : 0.000000,
        "bw_samples" : 0,
        "iops_min" : 0,
        "iops_max" : 0,
        "iops_mean" : 0.000000,
        "iops_stddev" : 0.000000,
        "iops_samples" : 0
      },
      "sync" : {
        "total_ios" : 0,
        "lat_ns" : {
          "min" : 0,
          "max" : 0,
          "mean" : 0.000000,
          "stddev" : 0.000000,
          "N" : 0
        }
      },
      "job_runtime" : 924886,
      "usr_cpu" : 0.110500,
      "sys_cpu" : 0.143585,
      "ctx" : 100640,
      "majf" : 0,
      "minf" : 649,
      "iodepth_level" : {
        "1" : 0.100000,
        "2" : 99.976183,
        "4" : 0.000000,
        "8" : 0.000000,
        "16" : 0.000000,
        "32" : 0.000000,
        ">=64" : 0.000000
      },
      "iodepth_submit" : {
        "0" : 0.000000,
        "4" : 100.000000,
        "8" : 0.000000,
        "16" : 0.000000,
        "32" : 0.000000,
        "64" : 0.000000,
        ">=64" : 0.000000
      },
      "iodepth_complete" : {
        "0" : 0.000000,
        "4" : 100.000000,
        "8" : 0.000000,
        "16" : 0.000000,
        "32" : 0.000000,
        "64" : 0.000000,
        ">=64" : 0.000000
      },
      "latency_ns" : {
        "2" : 0.000000,
        "4" : 0.000000,
        "10" : 0.000000,
        "20" : 0.000000,
        "50" : 0.000000,
        "100" : 0.000000,
        "250" : 0.000000,
        "500" : 0.000000,
        "750" : 0.000000,
        "1000" : 0.000000
      },
      "latency_us" : {
        "2" : 0.000000,
        "4" : 0.000000,
        "10" : 0.000000,
        "20" : 0.000000,
        "50" : 0.000000,
        "100" : 0.000000,
        "250" : 0.000000,
        "500" : 0.000000,
        "750" : 0.000000,
        "1000" : 0.000000
      },
      "latency_ms" : {
        "2" : 2.450207,
        "4" : 18.936259,
        "10" : 32.934889,
        "20" : 26.082944,
        "50" : 17.544434,
        "100" : 0.641579,
        "250" : 0.451041,
        "500" : 0.197981,
        "750" : 0.050612,
        "1000" : 0.019352,
        "2000" : 0.419780,
        ">=2000" : 0.270922
      },
      "latency_depth" : 2,
      "latency_target" : 0,
      "latency_percentile" : 100.000000,
      "latency_window" : 0
    }
  ]
}
