{
  "fio version" : "fio-3.29-112-gc3773",
  "timestamp" : 1649360039,
  "timestamp_ms" : 1649360039902,
  "time" : "Thu Apr  7 19:33:59 2022",
  "global options" : {
    "size" : "50M",
    "runtime" : "60",
    "rwmixread" : "50",
    "directory" : "/mnt/gfs"
  },
  "jobs" : [
    {
      "jobname" : "iotest",
      "groupid" : 0,
      "error" : 0,
      "eta" : 0,
      "elapsed" : 61,
      "job options" : {
        "rw" : "randrw",
        "bs" : "4k",
        "ioengine" : "libaio",
        "iodepth" : "64",
        "numjobs" : "64",
        "direct" : "1",
        "group_reporting" : "1",
        "invalidate" : "1",
        "loops" : "1",
        "write_bw_log" : "./fio-bench-07-04-2022--16-25-57-rand-gfs/randrw/gfs/randrw50/4k/randrw-iodepth-64-numjobs-64",
        "write_lat_log" : "./fio-bench-07-04-2022--16-25-57-rand-gfs/randrw/gfs/randrw50/4k/randrw-iodepth-64-numjobs-64",
        "write_iops_log" : "./fio-bench-07-04-2022--16-25-57-rand-gfs/randrw/gfs/randrw50/4k/randrw-iodepth-64-numjobs-64",
        "log_avg_msec" : "500"
      },
      "read" : {
        "io_bytes" : 76607488,
        "io_kbytes" : 74812,
        "bw_bytes" : 1273332,
        "bw" : 1243,
        "iops" : 310.872131,
        "runtime" : 60163,
        "total_ios" : 18703,
        "short_ios" : 0,
        "drop_ios" : 0,
        "slat_ns" : {
          "min" : 3073,
          "max" : 1749447264,
          "mean" : 102747027.584131,
          "stddev" : 208434666.531700,
          "N" : 18703
        },
        "clat_ns" : {
          "min" : 1635548,
          "max" : 9508832267,
          "mean" : 6188219211.291236,
          "stddev" : 1425944257.838107,
          "N" : 18703,
          "percentile" : {
            "1.000000" : 1853882368,
            "5.000000" : 4999610368,
            "10.000000" : 5133828096,
            "20.000000" : 5200936960,
            "30.000000" : 5402263552,
            "40.000000" : 5872025600,
            "50.000000" : 6140461056,
            "60.000000" : 6341787648,
            "70.000000" : 6878658560,
            "80.000000" : 7214202880,
            "90.000000" : 7885291520,
            "95.000000" : 8556380160,
            "99.000000" : 9193914368,
            "99.500000" : 9328132096,
            "99.900000" : 9462349824,
            "99.950000" : 9462349824,
            "99.990000" : 9462349824
          }
        },
        "lat_ns" : {
          "min" : 86513531,
          "max" : 9558822622,
          "mean" : 6290970786.962893,
          "stddev" : 1438159444.298453,
          "N" : 18703
        },
        "bw_min" : 493,
        "bw_max" : 4271,
        "bw_agg" : 100.000000,
        "bw_mean" : 1741.329586,
        "bw_dev" : 16.188704,
        "bw_samples" : 4886,
        "iops_min" : 109,
        "iops_max" : 1067,
        "iops_mean" : 434.183272,
        "iops_stddev" : 4.045904,
        "iops_samples" : 4886
      },
      "write" : {
        "io_bytes" : 76189696,
        "io_kbytes" : 74404,
        "bw_bytes" : 1266387,
        "bw" : 1236,
        "iops" : 309.176737,
        "runtime" : 60163,
        "total_ios" : 18601,
        "short_ios" : 0,
        "drop_ios" : 0,
        "slat_ns" : {
          "min" : 29124,
          "max" : 1756017041,
          "mean" : 103224490.968926,
          "stddev" : 205513831.285865,
          "N" : 18601
        },
        "clat_ns" : {
          "min" : 2848624,
          "max" : 9509911039,
          "mean" : 6207135186.335521,
          "stddev" : 1427527196.256802,
          "N" : 18601,
          "percentile" : {
            "1.000000" : 1853882368,
            "5.000000" : 4999610368,
            "10.000000" : 5133828096,
            "20.000000" : 5200936960,
            "30.000000" : 5402263552,
            "40.000000" : 5872025600,
            "50.000000" : 6140461056,
            "60.000000" : 6408896512,
            "70.000000" : 6945767424,
            "80.000000" : 7214202880,
            "90.000000" : 7952400384,
            "95.000000" : 8657043456,
            "99.000000" : 9193914368,
            "99.500000" : 9328132096,
            "99.900000" : 9462349824,
            "99.950000" : 9462349824,
            "99.990000" : 9462349824
          }
        },
        "lat_ns" : {
          "min" : 76778259,
          "max" : 9559196345,
          "mean" : 6310364270.809473,
          "stddev" : 1440260896.815047,
          "N" : 18601
        },
        "bw_min" : 498,
        "bw_max" : 4368,
        "bw_agg" : 100.000000,
        "bw_mean" : 1736.043059,
        "bw_dev" : 16.309210,
        "bw_samples" : 4888,
        "iops_min" : 114,
        "iops_max" : 1092,
        "iops_mean" : 432.839937,
        "iops_stddev" : 4.079401,
        "iops_samples" : 4888
      },
      "trim" : {
        "io_bytes" : 0,
        "io_kbytes" : 0,
        "bw_bytes" : 0,
        "bw" : 0,
        "iops" : 0.000000,
        "runtime" : 0,
        "total_ios" : 0,
        "short_ios" : 0,
        "drop_ios" : 0,
        "slat_ns" : {
          "min" : 0,
          "max" : 0,
          "mean" : 0.000000,
          "stddev" : 0.000000,
          "N" : 0
        },
        "clat_ns" : {
          "min" : 0,
          "max" : 0,
          "mean" : 0.000000,
          "stddev" : 0.000000,
          "N" : 0
        },
        "lat_ns" : {
          "min" : 0,
          "max" : 0,
          "mean" : 0.000000,
          "stddev" : 0.000000,
          "N" : 0
        },
        "bw_min" : 0,
        "bw_max" : 0,
        "bw_agg" : 0.000000,
        "bw_mean" : 0.000000,
        "bw_dev" : 0.000000,
        "bw_samples" : 0,
        "iops_min" : 0,
        "iops_max" : 0,
        "iops_mean" : 0.000000,
        "iops_stddev" : 0.000000,
        "iops_samples" : 0
      },
      "sync" : {
        "total_ios" : 0,
        "lat_ns" : {
          "min" : 0,
          "max" : 0,
          "mean" : 0.000000,
          "stddev" : 0.000000,
          "N" : 0
        }
      },
      "job_runtime" : 3844685,
      "usr_cpu" : 0.019872,
      "sys_cpu" : 0.020938,
      "ctx" : 56068,
      "majf" : 0,
      "minf" : 2510,
      "iodepth_level" : {
        "1" : 0.171563,
        "2" : 0.343127,
        "4" : 0.686253,
        "8" : 1.372507,
        "16" : 2.745014,
        "32" : 5.490028,
        ">=64" : 89.191508
      },
      "iodepth_submit" : {
        "0" : 0.000000,
        "4" : 100.000000,
        "8" : 0.000000,
        "16" : 0.000000,
        "32" : 0.000000,
        "64" : 0.000000,
        ">=64" : 0.000000
      },
      "iodepth_complete" : {
        "0" : 0.000000,
        "4" : 99.808015,
        "8" : 0.000000,
        "16" : 0.000000,
        "32" : 0.000000,
        "64" : 0.191985,
        ">=64" : 0.000000
      },
      "latency_ns" : {
        "2" : 0.000000,
        "4" : 0.000000,
        "10" : 0.000000,
        "20" : 0.000000,
        "50" : 0.000000,
        "100" : 0.000000,
        "250" : 0.000000,
        "500" : 0.000000,
        "750" : 0.000000,
        "1000" : 0.000000
      },
      "latency_us" : {
        "2" : 0.000000,
        "4" : 0.000000,
        "10" : 0.000000,
        "20" : 0.000000,
        "50" : 0.000000,
        "100" : 0.000000,
        "250" : 0.000000,
        "500" : 0.000000,
        "750" : 0.000000,
        "1000" : 0.000000
      },
      "latency_ms" : {
        "2" : 0.010000,
        "4" : 0.029487,
        "10" : 0.050933,
        "20" : 0.024126,
        "50" : 0.016084,
        "100" : 0.069698,
        "250" : 0.045572,
        "500" : 0.286833,
        "750" : 0.190328,
        "1000" : 0.150118,
        "2000" : 0.592430,
        ">=2000" : 98.539031
      },
      "latency_depth" : 64,
      "latency_target" : 0,
      "latency_percentile" : 100.000000,
      "latency_window" : 0
    }
  ]
}
