{
  "fio version" : "fio-3.29-112-gc3773",
  "timestamp" : 1649358417,
  "timestamp_ms" : 1649358417083,
  "time" : "Thu Apr  7 19:06:57 2022",
  "global options" : {
    "size" : "50M",
    "runtime" : "60",
    "rwmixread" : "50",
    "directory" : "/mnt/gfs"
  },
  "jobs" : [
    {
      "jobname" : "iotest",
      "groupid" : 0,
      "error" : 0,
      "eta" : 0,
      "elapsed" : 56,
      "job options" : {
        "rw" : "randrw",
        "bs" : "4k",
        "ioengine" : "libaio",
        "iodepth" : "8",
        "numjobs" : "1",
        "direct" : "1",
        "group_reporting" : "1",
        "invalidate" : "1",
        "loops" : "1",
        "write_bw_log" : "./fio-bench-07-04-2022--16-25-57-rand-gfs/randrw/gfs/randrw50/4k/randrw-iodepth-8-numjobs-1",
        "write_lat_log" : "./fio-bench-07-04-2022--16-25-57-rand-gfs/randrw/gfs/randrw50/4k/randrw-iodepth-8-numjobs-1",
        "write_iops_log" : "./fio-bench-07-04-2022--16-25-57-rand-gfs/randrw/gfs/randrw50/4k/randrw-iodepth-8-numjobs-1",
        "log_avg_msec" : "500"
      },
      "read" : {
        "io_bytes" : 26136576,
        "io_kbytes" : 25524,
        "bw_bytes" : 469297,
        "bw" : 458,
        "iops" : 114.574543,
        "runtime" : 55693,
        "total_ios" : 6381,
        "short_ios" : 0,
        "drop_ios" : 0,
        "slat_ns" : {
          "min" : 3143,
          "max" : 94426,
          "mean" : 7976.800815,
          "stddev" : 2329.395762,
          "N" : 6381
        },
        "clat_ns" : {
          "min" : 1710627,
          "max" : 2096326543,
          "mean" : 33551162.118477,
          "stddev" : 134677842.682098,
          "N" : 6381,
          "percentile" : {
            "1.000000" : 2605056,
            "5.000000" : 6782976,
            "10.000000" : 10027008,
            "20.000000" : 13828096,
            "30.000000" : 16711680,
            "40.000000" : 19267584,
            "50.000000" : 21889024,
            "60.000000" : 24248320,
            "70.000000" : 27131904,
            "80.000000" : 30539776,
            "90.000000" : 35389440,
            "95.000000" : 40632320,
            "99.000000" : 110624768,
            "99.500000" : 1484783616,
            "99.900000" : 1971322880,
            "99.950000" : 1971322880,
            "99.990000" : 2088763392
          }
        },
        "lat_ns" : {
          "min" : 1723478,
          "max" : 2096348333,
          "mean" : 33561943.195424,
          "stddev" : 134677828.939976,
          "N" : 6381
        },
        "bw_min" : 8,
        "bw_max" : 1104,
        "bw_agg" : 100.000000,
        "bw_mean" : 618.792683,
        "bw_dev" : 260.804583,
        "bw_samples" : 82,
        "iops_min" : 2,
        "iops_max" : 276,
        "iops_mean" : 154.682927,
        "iops_stddev" : 65.195788,
        "iops_samples" : 82
      },
      "write" : {
        "io_bytes" : 26292224,
        "io_kbytes" : 25676,
        "bw_bytes" : 472092,
        "bw" : 461,
        "iops" : 115.256855,
        "runtime" : 55693,
        "total_ios" : 6419,
        "short_ios" : 0,
        "drop_ios" : 0,
        "slat_ns" : {
          "min" : 19416,
          "max" : 3958195,
          "mean" : 57846.186478,
          "stddev" : 75532.085025,
          "N" : 6419
        },
        "clat_ns" : {
          "min" : 2519251,
          "max" : 2215284767,
          "mean" : 35966330.197850,
          "stddev" : 161286120.389740,
          "N" : 6419,
          "percentile" : {
            "1.000000" : 2736128,
            "5.000000" : 3162112,
            "10.000000" : 4685824,
            "20.000000" : 7962624,
            "30.000000" : 10813440,
            "40.000000" : 14352384,
            "50.000000" : 17956864,
            "60.000000" : 21626880,
            "70.000000" : 25296896,
            "80.000000" : 30277632,
            "90.000000" : 38010880,
            "95.000000" : 45350912,
            "99.000000" : 396361728,
            "99.500000" : 1686110208,
            "99.900000" : 1954545664,
            "99.950000" : 2055208960,
            "99.990000" : 2231369728
          }
        },
        "lat_ns" : {
          "min" : 2552356,
          "max" : 2215515174,
          "mean" : 36027119.508335,
          "stddev" : 161287139.079664,
          "N" : 6419
        },
        "bw_min" : 8,
        "bw_max" : 1048,
        "bw_agg" : 100.000000,
        "bw_mean" : 615.096386,
        "bw_dev" : 275.617648,
        "bw_samples" : 83,
        "iops_min" : 2,
        "iops_max" : 262,
        "iops_mean" : 153.759036,
        "iops_stddev" : 68.899643,
        "iops_samples" : 83
      },
      "trim" : {
        "io_bytes" : 0,
        "io_kbytes" : 0,
        "bw_bytes" : 0,
        "bw" : 0,
        "iops" : 0.000000,
        "runtime" : 0,
        "total_ios" : 0,
        "short_ios" : 0,
        "drop_ios" : 0,
        "slat_ns" : {
          "min" : 0,
          "max" : 0,
          "mean" : 0.000000,
          "stddev" : 0.000000,
          "N" : 0
        },
        "clat_ns" : {
          "min" : 0,
          "max" : 0,
          "mean" : 0.000000,
          "stddev" : 0.000000,
          "N" : 0
        },
        "lat_ns" : {
          "min" : 0,
          "max" : 0,
          "mean" : 0.000000,
          "stddev" : 0.000000,
          "N" : 0
        },
        "bw_min" : 0,
        "bw_max" : 0,
        "bw_agg" : 0.000000,
        "bw_mean" : 0.000000,
        "bw_dev" : 0.000000,
        "bw_samples" : 0,
        "iops_min" : 0,
        "iops_max" : 0,
        "iops_mean" : 0.000000,
        "iops_stddev" : 0.000000,
        "iops_samples" : 0
      },
      "sync" : {
        "total_ios" : 0,
        "lat_ns" : {
          "min" : 0,
          "max" : 0,
          "mean" : 0.000000,
          "stddev" : 0.000000,
          "N" : 0
        }
      },
      "job_runtime" : 55692,
      "usr_cpu" : 0.348344,
      "sys_cpu" : 0.418372,
      "ctx" : 17365,
      "majf" : 0,
      "minf" : 41,
      "iodepth_level" : {
        "1" : 0.100000,
        "2" : 0.100000,
        "4" : 0.100000,
        "8" : 99.945312,
        "16" : 0.000000,
        "32" : 0.000000,
        ">=64" : 0.000000
      },
      "iodepth_submit" : {
        "0" : 0.000000,
        "4" : 100.000000,
        "8" : 0.000000,
        "16" : 0.000000,
        "32" : 0.000000,
        "64" : 0.000000,
        ">=64" : 0.000000
      },
      "iodepth_complete" : {
        "0" : 0.000000,
        "4" : 99.992184,
        "8" : 0.100000,
        "16" : 0.000000,
        "32" : 0.000000,
        "64" : 0.000000,
        ">=64" : 0.000000
      },
      "latency_ns" : {
        "2" : 0.000000,
        "4" : 0.000000,
        "10" : 0.000000,
        "20" : 0.000000,
        "50" : 0.000000,
        "100" : 0.000000,
        "250" : 0.000000,
        "500" : 0.000000,
        "750" : 0.000000,
        "1000" : 0.000000
      },
      "latency_us" : {
        "2" : 0.000000,
        "4" : 0.000000,
        "10" : 0.000000,
        "20" : 0.000000,
        "50" : 0.000000,
        "100" : 0.000000,
        "250" : 0.000000,
        "500" : 0.000000,
        "750" : 0.000000,
        "1000" : 0.000000
      },
      "latency_ms" : {
        "2" : 0.210938,
        "4" : 5.203125,
        "10" : 12.882812,
        "20" : 31.406250,
        "50" : 47.515625,
        "100" : 1.515625,
        "250" : 0.335938,
        "500" : 0.117188,
        "750" : 0.000000,
        "1000" : 0.000000,
        "2000" : 0.757812,
        ">=2000" : 0.054688
      },
      "latency_depth" : 8,
      "latency_target" : 0,
      "latency_percentile" : 100.000000,
      "latency_window" : 0
    }
  ]
}
