{
  "fio version" : "fio-3.29-112-gc3773",
  "timestamp" : 1649357993,
  "timestamp_ms" : 1649357993279,
  "time" : "Thu Apr  7 18:59:53 2022",
  "global options" : {
    "size" : "50M",
    "runtime" : "60",
    "rwmixread" : "50",
    "directory" : "/mnt/gfs"
  },
  "jobs" : [
    {
      "jobname" : "iotest",
      "groupid" : 0,
      "error" : 0,
      "eta" : 0,
      "elapsed" : 61,
      "job options" : {
        "rw" : "randrw",
        "bs" : "4k",
        "ioengine" : "libaio",
        "iodepth" : "4",
        "numjobs" : "1",
        "direct" : "1",
        "group_reporting" : "1",
        "invalidate" : "1",
        "loops" : "1",
        "write_bw_log" : "./fio-bench-07-04-2022--16-25-57-rand-gfs/randrw/gfs/randrw50/4k/randrw-iodepth-4-numjobs-1",
        "write_lat_log" : "./fio-bench-07-04-2022--16-25-57-rand-gfs/randrw/gfs/randrw50/4k/randrw-iodepth-4-numjobs-1",
        "write_iops_log" : "./fio-bench-07-04-2022--16-25-57-rand-gfs/randrw/gfs/randrw50/4k/randrw-iodepth-4-numjobs-1",
        "log_avg_msec" : "500"
      },
      "read" : {
        "io_bytes" : 25112576,
        "io_kbytes" : 24524,
        "bw_bytes" : 418389,
        "bw" : 408,
        "iops" : 102.145880,
        "runtime" : 60022,
        "total_ios" : 6131,
        "short_ios" : 0,
        "drop_ios" : 0,
        "slat_ns" : {
          "min" : 3283,
          "max" : 76826,
          "mean" : 8115.607405,
          "stddev" : 1955.163482,
          "N" : 6131
        },
        "clat_ns" : {
          "min" : 1466740,
          "max" : 2314148679,
          "mean" : 23127840.152504,
          "stddev" : 121759315.712683,
          "N" : 6131,
          "percentile" : {
            "1.000000" : 1744896,
            "5.000000" : 3719168,
            "10.000000" : 5472256,
            "20.000000" : 8159232,
            "30.000000" : 10027008,
            "40.000000" : 11862016,
            "50.000000" : 13565952,
            "60.000000" : 15400960,
            "70.000000" : 17432576,
            "80.000000" : 19791872,
            "90.000000" : 23724032,
            "95.000000" : 27918336,
            "99.000000" : 105381888,
            "99.500000" : 354418688,
            "99.900000" : 2088763392,
            "99.950000" : 2139095040,
            "99.990000" : 2298478592
          }
        },
        "lat_ns" : {
          "min" : 1478753,
          "max" : 2314159854,
          "mean" : 23138713.530093,
          "stddev" : 121759337.595921,
          "N" : 6131
        },
        "bw_min" : 8,
        "bw_max" : 872,
        "bw_agg" : 100.000000,
        "bw_mean" : 532.945652,
        "bw_dev" : 265.570684,
        "bw_samples" : 92,
        "iops_min" : 2,
        "iops_max" : 218,
        "iops_mean" : 133.217391,
        "iops_stddev" : 66.382148,
        "iops_samples" : 92
      },
      "write" : {
        "io_bytes" : 25346048,
        "io_kbytes" : 24752,
        "bw_bytes" : 422279,
        "bw" : 412,
        "iops" : 103.095532,
        "runtime" : 60022,
        "total_ios" : 6188,
        "short_ios" : 0,
        "drop_ios" : 0,
        "slat_ns" : {
          "min" : 19415,
          "max" : 348928,
          "mean" : 42878.013251,
          "stddev" : 36685.593826,
          "N" : 6188
        },
        "clat_ns" : {
          "min" : 2473365,
          "max" : 2309929348,
          "mean" : 15808810.170006,
          "stddev" : 106210309.735244,
          "N" : 6188,
          "percentile" : {
            "1.000000" : 2703360,
            "5.000000" : 2736128,
            "10.000000" : 2965504,
            "20.000000" : 3981312,
            "30.000000" : 4947968,
            "40.000000" : 5996544,
            "50.000000" : 7503872,
            "60.000000" : 8978432,
            "70.000000" : 10551296,
            "80.000000" : 12910592,
            "90.000000" : 16056320,
            "95.000000" : 18481152,
            "99.000000" : 48496640,
            "99.500000" : 341835776,
            "99.900000" : 1904214016,
            "99.950000" : 2021654528,
            "99.990000" : 2298478592
          }
        },
        "lat_ns" : {
          "min" : 2507168,
          "max" : 2309966643,
          "mean" : 15854613.060116,
          "stddev" : 106210780.531780,
          "N" : 6188
        },
        "bw_min" : 8,
        "bw_max" : 928,
        "bw_agg" : 100.000000,
        "bw_mean" : 543.978022,
        "bw_dev" : 268.464398,
        "bw_samples" : 91,
        "iops_min" : 2,
        "iops_max" : 232,
        "iops_mean" : 135.978022,
        "iops_stddev" : 67.106214,
        "iops_samples" : 91
      },
      "trim" : {
        "io_bytes" : 0,
        "io_kbytes" : 0,
        "bw_bytes" : 0,
        "bw" : 0,
        "iops" : 0.000000,
        "runtime" : 0,
        "total_ios" : 0,
        "short_ios" : 0,
        "drop_ios" : 0,
        "slat_ns" : {
          "min" : 0,
          "max" : 0,
          "mean" : 0.000000,
          "stddev" : 0.000000,
          "N" : 0
        },
        "clat_ns" : {
          "min" : 0,
          "max" : 0,
          "mean" : 0.000000,
          "stddev" : 0.000000,
          "N" : 0
        },
        "lat_ns" : {
          "min" : 0,
          "max" : 0,
          "mean" : 0.000000,
          "stddev" : 0.000000,
          "N" : 0
        },
        "bw_min" : 0,
        "bw_max" : 0,
        "bw_agg" : 0.000000,
        "bw_mean" : 0.000000,
        "bw_dev" : 0.000000,
        "bw_samples" : 0,
        "iops_min" : 0,
        "iops_max" : 0,
        "iops_mean" : 0.000000,
        "iops_stddev" : 0.000000,
        "iops_samples" : 0
      },
      "sync" : {
        "total_ios" : 0,
        "lat_ns" : {
          "min" : 0,
          "max" : 0,
          "mean" : 0.000000,
          "stddev" : 0.000000,
          "N" : 0
        }
      },
      "job_runtime" : 60021,
      "usr_cpu" : 0.221589,
      "sys_cpu" : 0.466503,
      "ctx" : 17627,
      "majf" : 0,
      "minf" : 40,
      "iodepth_level" : {
        "1" : 0.100000,
        "2" : 0.100000,
        "4" : 99.975647,
        "8" : 0.000000,
        "16" : 0.000000,
        "32" : 0.000000,
        ">=64" : 0.000000
      },
      "iodepth_submit" : {
        "0" : 0.000000,
        "4" : 100.000000,
        "8" : 0.000000,
        "16" : 0.000000,
        "32" : 0.000000,
        "64" : 0.000000,
        ">=64" : 0.000000
      },
      "iodepth_complete" : {
        "0" : 0.000000,
        "4" : 100.000000,
        "8" : 0.000000,
        "16" : 0.000000,
        "32" : 0.000000,
        "64" : 0.000000,
        ">=64" : 0.000000
      },
      "latency_ns" : {
        "2" : 0.000000,
        "4" : 0.000000,
        "10" : 0.000000,
        "20" : 0.000000,
        "50" : 0.000000,
        "100" : 0.000000,
        "250" : 0.000000,
        "500" : 0.000000,
        "750" : 0.000000,
        "1000" : 0.000000
      },
      "latency_us" : {
        "2" : 0.000000,
        "4" : 0.000000,
        "10" : 0.000000,
        "20" : 0.000000,
        "50" : 0.000000,
        "100" : 0.000000,
        "250" : 0.000000,
        "500" : 0.000000,
        "750" : 0.000000,
        "1000" : 0.000000
      },
      "latency_ms" : {
        "2" : 0.982223,
        "4" : 12.712071,
        "10" : 34.507671,
        "20" : 40.620180,
        "50" : 10.049517,
        "100" : 0.194821,
        "250" : 0.349054,
        "500" : 0.202939,
        "750" : 0.024353,
        "1000" : 0.000000,
        "2000" : 0.227291,
        ">=2000" : 0.129881
      },
      "latency_depth" : 4,
      "latency_target" : 0,
      "latency_percentile" : 100.000000,
      "latency_window" : 0
    }
  ]
}
