{
  "fio version" : "fio-3.29-112-gc3773",
  "timestamp" : 1649355049,
  "timestamp_ms" : 1649355049526,
  "time" : "Thu Apr  7 18:10:49 2022",
  "global options" : {
    "size" : "50M",
    "runtime" : "60",
    "rwmixread" : "50",
    "directory" : "/mnt/gfs"
  },
  "jobs" : [
    {
      "jobname" : "iotest",
      "groupid" : 0,
      "error" : 0,
      "eta" : 0,
      "elapsed" : 61,
      "job options" : {
        "rw" : "randrw",
        "bs" : "4k",
        "ioengine" : "libaio",
        "iodepth" : "1",
        "numjobs" : "4",
        "direct" : "1",
        "group_reporting" : "1",
        "invalidate" : "1",
        "loops" : "1",
        "write_bw_log" : "./fio-bench-07-04-2022--16-25-57-rand-gfs/randrw/gfs/randrw50/4k/randrw-iodepth-1-numjobs-4",
        "write_lat_log" : "./fio-bench-07-04-2022--16-25-57-rand-gfs/randrw/gfs/randrw50/4k/randrw-iodepth-1-numjobs-4",
        "write_iops_log" : "./fio-bench-07-04-2022--16-25-57-rand-gfs/randrw/gfs/randrw50/4k/randrw-iodepth-1-numjobs-4",
        "log_avg_msec" : "500"
      },
      "read" : {
        "io_bytes" : 64151552,
        "io_kbytes" : 62648,
        "bw_bytes" : 1065021,
        "bw" : 1040,
        "iops" : 260.014941,
        "runtime" : 60235,
        "total_ios" : 15662,
        "short_ios" : 0,
        "drop_ios" : 0,
        "slat_ns" : {
          "min" : 4888,
          "max" : 28914,
          "mean" : 8012.846699,
          "stddev" : 1373.161547,
          "N" : 15662
        },
        "clat_ns" : {
          "min" : 1238708,
          "max" : 920452356,
          "mean" : 9950364.278828,
          "stddev" : 32422590.153536,
          "N" : 15662,
          "percentile" : {
            "1.000000" : 1499136,
            "5.000000" : 1630208,
            "10.000000" : 1695744,
            "20.000000" : 1777664,
            "30.000000" : 1925120,
            "40.000000" : 2801664,
            "50.000000" : 4685824,
            "60.000000" : 6979584,
            "70.000000" : 9109504,
            "80.000000" : 10944512,
            "90.000000" : 13959168,
            "95.000000" : 17694720,
            "99.000000" : 166723584,
            "99.500000" : 231735296,
            "99.900000" : 463470592,
            "99.950000" : 599785472,
            "99.990000" : 859832320
          }
        },
        "lat_ns" : {
          "min" : 1251210,
          "max" : 920464788,
          "mean" : 9961190.177819,
          "stddev" : 32422652.544343,
          "N" : 15662
        },
        "bw_min" : 288,
        "bw_max" : 2000,
        "bw_agg" : 100.000000,
        "bw_mean" : 1255.898452,
        "bw_dev" : 107.555829,
        "bw_samples" : 434,
        "iops_min" : 72,
        "iops_max" : 500,
        "iops_mean" : 313.952738,
        "iops_stddev" : 26.885788,
        "iops_samples" : 434
      },
      "write" : {
        "io_bytes" : 66080768,
        "io_kbytes" : 64532,
        "bw_bytes" : 1097049,
        "bw" : 1071,
        "iops" : 267.834316,
        "runtime" : 60235,
        "total_ios" : 16133,
        "short_ios" : 0,
        "drop_ios" : 0,
        "slat_ns" : {
          "min" : 14527,
          "max" : 7892851,
          "mean" : 35511.096882,
          "stddev" : 107630.988981,
          "N" : 16133
        },
        "clat_ns" : {
          "min" : 2550260,
          "max" : 824429849,
          "mean" : 3948784.325916,
          "stddev" : 13068163.296627,
          "N" : 16133,
          "percentile" : {
            "1.000000" : 2703360,
            "5.000000" : 2801664,
            "10.000000" : 2867200,
            "20.000000" : 2932736,
            "30.000000" : 2965504,
            "40.000000" : 2965504,
            "50.000000" : 2998272,
            "60.000000" : 3063808,
            "70.000000" : 3194880,
            "80.000000" : 3686400,
            "90.000000" : 4358144,
            "95.000000" : 4751360,
            "99.000000" : 8028160,
            "99.500000" : 23199744,
            "99.900000" : 160432128,
            "99.950000" : 238026752,
            "99.990000" : 792723456
          }
        },
        "lat_ns" : {
          "min" : 2625479,
          "max" : 824466865,
          "mean" : 3987145.677741,
          "stddev" : 13068621.593718,
          "N" : 16133
        },
        "bw_min" : 280,
        "bw_max" : 2192,
        "bw_agg" : 100.000000,
        "bw_mean" : 1305.033114,
        "bw_dev" : 107.892346,
        "bw_samples" : 428,
        "iops_min" : 70,
        "iops_max" : 548,
        "iops_mean" : 326.236404,
        "iops_stddev" : 26.970625,
        "iops_samples" : 428
      },
      "trim" : {
        "io_bytes" : 0,
        "io_kbytes" : 0,
        "bw_bytes" : 0,
        "bw" : 0,
        "iops" : 0.000000,
        "runtime" : 0,
        "total_ios" : 0,
        "short_ios" : 0,
        "drop_ios" : 0,
        "slat_ns" : {
          "min" : 0,
          "max" : 0,
          "mean" : 0.000000,
          "stddev" : 0.000000,
          "N" : 0
        },
        "clat_ns" : {
          "min" : 0,
          "max" : 0,
          "mean" : 0.000000,
          "stddev" : 0.000000,
          "N" : 0
        },
        "lat_ns" : {
          "min" : 0,
          "max" : 0,
          "mean" : 0.000000,
          "stddev" : 0.000000,
          "N" : 0
        },
        "bw_min" : 0,
        "bw_max" : 0,
        "bw_agg" : 0.000000,
        "bw_mean" : 0.000000,
        "bw_dev" : 0.000000,
        "bw_samples" : 0,
        "iops_min" : 0,
        "iops_max" : 0,
        "iops_mean" : 0.000000,
        "iops_stddev" : 0.000000,
        "iops_samples" : 0
      },
      "sync" : {
        "total_ios" : 0,
        "lat_ns" : {
          "min" : 0,
          "max" : 0,
          "mean" : 0.000000,
          "stddev" : 0.000000,
          "N" : 0
        }
      },
      "job_runtime" : 220604,
      "usr_cpu" : 0.140523,
      "sys_cpu" : 0.344055,
      "ctx" : 48023,
      "majf" : 0,
      "minf" : 161,
      "iodepth_level" : {
        "1" : 100.000000,
        "2" : 0.000000,
        "4" : 0.000000,
        "8" : 0.000000,
        "16" : 0.000000,
        "32" : 0.000000,
        ">=64" : 0.000000
      },
      "iodepth_submit" : {
        "0" : 0.000000,
        "4" : 100.000000,
        "8" : 0.000000,
        "16" : 0.000000,
        "32" : 0.000000,
        "64" : 0.000000,
        ">=64" : 0.000000
      },
      "iodepth_complete" : {
        "0" : 0.000000,
        "4" : 100.000000,
        "8" : 0.000000,
        "16" : 0.000000,
        "32" : 0.000000,
        "64" : 0.000000,
        ">=64" : 0.000000
      },
      "latency_ns" : {
        "2" : 0.000000,
        "4" : 0.000000,
        "10" : 0.000000,
        "20" : 0.000000,
        "50" : 0.000000,
        "100" : 0.000000,
        "250" : 0.000000,
        "500" : 0.000000,
        "750" : 0.000000,
        "1000" : 0.000000
      },
      "latency_us" : {
        "2" : 0.000000,
        "4" : 0.000000,
        "10" : 0.000000,
        "20" : 0.000000,
        "50" : 0.000000,
        "100" : 0.000000,
        "250" : 0.000000,
        "500" : 0.000000,
        "750" : 0.000000,
        "1000" : 0.000000
      },
      "latency_ms" : {
        "2" : 16.040258,
        "4" : 50.309797,
        "10" : 20.946690,
        "20" : 10.791005,
        "50" : 0.805158,
        "100" : 0.273628,
        "250" : 0.625885,
        "500" : 0.157257,
        "750" : 0.031451,
        "1000" : 0.018871,
        "2000" : 0.000000,
        ">=2000" : 0.000000
      },
      "latency_depth" : 1,
      "latency_target" : 0,
      "latency_percentile" : 100.000000,
      "latency_window" : 0
    }
  ]
}
