{
  "fio version" : "fio-3.29-112-gc3773",
  "timestamp" : 1649355257,
  "timestamp_ms" : 1649355257482,
  "time" : "Thu Apr  7 18:14:17 2022",
  "global options" : {
    "size" : "50M",
    "runtime" : "60",
    "rwmixread" : "50",
    "directory" : "/mnt/gfs"
  },
  "jobs" : [
    {
      "jobname" : "iotest",
      "groupid" : 0,
      "error" : 0,
      "eta" : 0,
      "elapsed" : 61,
      "job options" : {
        "rw" : "randrw",
        "bs" : "4k",
        "ioengine" : "libaio",
        "iodepth" : "1",
        "numjobs" : "8",
        "direct" : "1",
        "group_reporting" : "1",
        "invalidate" : "1",
        "loops" : "1",
        "write_bw_log" : "./fio-bench-07-04-2022--16-25-57-rand-gfs/randrw/gfs/randrw50/4k/randrw-iodepth-1-numjobs-8",
        "write_lat_log" : "./fio-bench-07-04-2022--16-25-57-rand-gfs/randrw/gfs/randrw50/4k/randrw-iodepth-1-numjobs-8",
        "write_iops_log" : "./fio-bench-07-04-2022--16-25-57-rand-gfs/randrw/gfs/randrw50/4k/randrw-iodepth-1-numjobs-8",
        "log_avg_msec" : "500"
      },
      "read" : {
        "io_bytes" : 86859776,
        "io_kbytes" : 84824,
        "bw_bytes" : 1438957,
        "bw" : 1405,
        "iops" : 351.307920,
        "runtime" : 60363,
        "total_ios" : 21206,
        "short_ios" : 0,
        "drop_ios" : 0,
        "slat_ns" : {
          "min" : 3632,
          "max" : 31987,
          "mean" : 8044.837452,
          "stddev" : 1354.233075,
          "N" : 21206
        },
        "clat_ns" : {
          "min" : 1224041,
          "max" : 2455834860,
          "mean" : 16647108.390267,
          "stddev" : 69396303.146473,
          "N" : 21206,
          "percentile" : {
            "1.000000" : 1564672,
            "5.000000" : 1662976,
            "10.000000" : 1728512,
            "20.000000" : 1974272,
            "30.000000" : 3227648,
            "40.000000" : 5996544,
            "50.000000" : 8290304,
            "60.000000" : 10289152,
            "70.000000" : 12124160,
            "80.000000" : 14352384,
            "90.000000" : 17956864,
            "95.000000" : 22413312,
            "99.000000" : 235929600,
            "99.500000" : 371195904,
            "99.900000" : 1061158912,
            "99.950000" : 1350565888,
            "99.990000" : 1803550720
          }
        },
        "lat_ns" : {
          "min" : 1235286,
          "max" : 2455857628,
          "mean" : 16657917.015939,
          "stddev" : 69396389.415065,
          "N" : 21206
        },
        "bw_min" : 200,
        "bw_max" : 3232,
        "bw_agg" : 100.000000,
        "bw_mean" : 1766.957579,
        "bw_dev" : 101.670500,
        "bw_samples" : 821,
        "iops_min" : 50,
        "iops_max" : 808,
        "iops_mean" : 441.700933,
        "iops_stddev" : 25.415809,
        "iops_samples" : 821
      },
      "write" : {
        "io_bytes" : 88629248,
        "io_kbytes" : 86552,
        "bw_bytes" : 1468271,
        "bw" : 1433,
        "iops" : 358.464622,
        "runtime" : 60363,
        "total_ios" : 21638,
        "short_ios" : 0,
        "drop_ios" : 0,
        "slat_ns" : {
          "min" : 17111,
          "max" : 7393345,
          "mean" : 37352.716471,
          "stddev" : 77668.670723,
          "N" : 21638
        },
        "clat_ns" : {
          "min" : 2515759,
          "max" : 1927035637,
          "mean" : 5056196.033552,
          "stddev" : 36915388.385932,
          "N" : 21638,
          "percentile" : {
            "1.000000" : 2703360,
            "5.000000" : 2768896,
            "10.000000" : 2867200,
            "20.000000" : 2932736,
            "30.000000" : 2965504,
            "40.000000" : 2998272,
            "50.000000" : 3129344,
            "60.000000" : 3457024,
            "70.000000" : 3981312,
            "80.000000" : 4423680,
            "90.000000" : 5406720,
            "95.000000" : 6651904,
            "99.000000" : 9764864,
            "99.500000" : 12517376,
            "99.900000" : 404750336,
            "99.950000" : 868220928,
            "99.990000" : 1786773504
          }
        },
        "lat_ns" : {
          "min" : 2554242,
          "max" : 1927074050,
          "mean" : 5096402.968435,
          "stddev" : 36915681.311342,
          "N" : 21638
        },
        "bw_min" : 160,
        "bw_max" : 3528,
        "bw_agg" : 100.000000,
        "bw_mean" : 1835.022771,
        "bw_dev" : 103.803582,
        "bw_samples" : 800,
        "iops_min" : 40,
        "iops_max" : 882,
        "iops_mean" : 458.717231,
        "iops_stddev" : 25.950197,
        "iops_samples" : 800
      },
      "trim" : {
        "io_bytes" : 0,
        "io_kbytes" : 0,
        "bw_bytes" : 0,
        "bw" : 0,
        "iops" : 0.000000,
        "runtime" : 0,
        "total_ios" : 0,
        "short_ios" : 0,
        "drop_ios" : 0,
        "slat_ns" : {
          "min" : 0,
          "max" : 0,
          "mean" : 0.000000,
          "stddev" : 0.000000,
          "N" : 0
        },
        "clat_ns" : {
          "min" : 0,
          "max" : 0,
          "mean" : 0.000000,
          "stddev" : 0.000000,
          "N" : 0
        },
        "lat_ns" : {
          "min" : 0,
          "max" : 0,
          "mean" : 0.000000,
          "stddev" : 0.000000,
          "N" : 0
        },
        "bw_min" : 0,
        "bw_max" : 0,
        "bw_agg" : 0.000000,
        "bw_mean" : 0.000000,
        "bw_dev" : 0.000000,
        "bw_samples" : 0,
        "iops_min" : 0,
        "iops_max" : 0,
        "iops_mean" : 0.000000,
        "iops_stddev" : 0.000000,
        "iops_samples" : 0
      },
      "sync" : {
        "total_ios" : 0,
        "lat_ns" : {
          "min" : 0,
          "max" : 0,
          "mean" : 0.000000,
          "stddev" : 0.000000,
          "N" : 0
        }
      },
      "job_runtime" : 463893,
      "usr_cpu" : 0.107783,
      "sys_cpu" : 0.203711,
      "ctx" : 64604,
      "majf" : 0,
      "minf" : 305,
      "iodepth_level" : {
        "1" : 100.000000,
        "2" : 0.000000,
        "4" : 0.000000,
        "8" : 0.000000,
        "16" : 0.000000,
        "32" : 0.000000,
        ">=64" : 0.000000
      },
      "iodepth_submit" : {
        "0" : 0.000000,
        "4" : 100.000000,
        "8" : 0.000000,
        "16" : 0.000000,
        "32" : 0.000000,
        "64" : 0.000000,
        ">=64" : 0.000000
      },
      "iodepth_complete" : {
        "0" : 0.000000,
        "4" : 100.000000,
        "8" : 0.000000,
        "16" : 0.000000,
        "32" : 0.000000,
        "64" : 0.000000,
        ">=64" : 0.000000
      },
      "latency_ns" : {
        "2" : 0.000000,
        "4" : 0.000000,
        "10" : 0.000000,
        "20" : 0.000000,
        "50" : 0.000000,
        "100" : 0.000000,
        "250" : 0.000000,
        "500" : 0.000000,
        "750" : 0.000000,
        "1000" : 0.000000
      },
      "latency_us" : {
        "2" : 0.000000,
        "4" : 0.000000,
        "10" : 0.000000,
        "20" : 0.000000,
        "50" : 0.000000,
        "100" : 0.000000,
        "250" : 0.000000,
        "500" : 0.000000,
        "750" : 0.000000,
        "1000" : 0.000000
      },
      "latency_ms" : {
        "2" : 10.104099,
        "4" : 42.433013,
        "10" : 26.454113,
        "20" : 17.412006,
        "50" : 2.098310,
        "100" : 0.175054,
        "250" : 0.812249,
        "500" : 0.268416,
        "750" : 0.086360,
        "1000" : 0.074690,
        "2000" : 0.079358,
        ">=2000" : 0.010000
      },
      "latency_depth" : 1,
      "latency_target" : 0,
      "latency_percentile" : 100.000000,
      "latency_window" : 0
    }
  ]
}
