{
  "fio version" : "fio-3.29-112-gc3773",
  "timestamp" : 1649359435,
  "timestamp_ms" : 1649359435144,
  "time" : "Thu Apr  7 19:23:55 2022",
  "global options" : {
    "size" : "50M",
    "runtime" : "60",
    "rwmixread" : "50",
    "directory" : "/mnt/gfs"
  },
  "jobs" : [
    {
      "jobname" : "iotest",
      "groupid" : 0,
      "error" : 0,
      "eta" : 0,
      "elapsed" : 62,
      "job options" : {
        "rw" : "randrw",
        "bs" : "4k",
        "ioengine" : "libaio",
        "iodepth" : "32",
        "numjobs" : "8",
        "direct" : "1",
        "group_reporting" : "1",
        "invalidate" : "1",
        "loops" : "1",
        "write_bw_log" : "./fio-bench-07-04-2022--16-25-57-rand-gfs/randrw/gfs/randrw50/4k/randrw-iodepth-32-numjobs-8",
        "write_lat_log" : "./fio-bench-07-04-2022--16-25-57-rand-gfs/randrw/gfs/randrw50/4k/randrw-iodepth-32-numjobs-8",
        "write_iops_log" : "./fio-bench-07-04-2022--16-25-57-rand-gfs/randrw/gfs/randrw50/4k/randrw-iodepth-32-numjobs-8",
        "log_avg_msec" : "500"
      },
      "read" : {
        "io_bytes" : 54226944,
        "io_kbytes" : 52956,
        "bw_bytes" : 891245,
        "bw" : 870,
        "iops" : 217.589245,
        "runtime" : 60844,
        "total_ios" : 13239,
        "short_ios" : 0,
        "drop_ios" : 0,
        "slat_ns" : {
          "min" : 3003,
          "max" : 2000566681,
          "mean" : 18420079.894025,
          "stddev" : 119092733.918824,
          "N" : 13239
        },
        "clat_ns" : {
          "min" : 4389746,
          "max" : 2948061451,
          "mean" : 548301537.198580,
          "stddev" : 723802822.258569,
          "N" : 13239,
          "percentile" : {
            "1.000000" : 130547712,
            "5.000000" : 164626432,
            "10.000000" : 173015040,
            "20.000000" : 183500800,
            "30.000000" : 189792256,
            "40.000000" : 196083712,
            "50.000000" : 202375168,
            "60.000000" : 210763776,
            "70.000000" : 231735296,
            "80.000000" : 658505728,
            "90.000000" : 2071986176,
            "95.000000" : 2298478592,
            "99.000000" : 2566914048,
            "99.500000" : 2667577344,
            "99.900000" : 2701131776,
            "99.950000" : 2701131776,
            "99.990000" : 2734686208
          }
        },
        "lat_ns" : {
          "min" : 19370113,
          "max" : 2959626291,
          "mean" : 566724721.448749,
          "stddev" : 736397666.663496,
          "N" : 13239
        },
        "bw_min" : 64,
        "bw_max" : 3216,
        "bw_agg" : 100.000000,
        "bw_mean" : 1362.805897,
        "bw_dev" : 121.549373,
        "bw_samples" : 616,
        "iops_min" : 16,
        "iops_max" : 804,
        "iops_mean" : 340.701474,
        "iops_stddev" : 30.387343,
        "iops_samples" : 616
      },
      "write" : {
        "io_bytes" : 55517184,
        "io_kbytes" : 54216,
        "bw_bytes" : 912451,
        "bw" : 891,
        "iops" : 222.766419,
        "runtime" : 60844,
        "total_ios" : 13554,
        "short_ios" : 0,
        "drop_ios" : 0,
        "slat_ns" : {
          "min" : 75847,
          "max" : 1998056719,
          "mean" : 16230346.648665,
          "stddev" : 99314077.590085,
          "N" : 13554
        },
        "clat_ns" : {
          "min" : 2741138,
          "max" : 3259016355,
          "mean" : 567932019.847499,
          "stddev" : 745997369.193152,
          "N" : 13554,
          "percentile" : {
            "1.000000" : 152043520,
            "5.000000" : 168820736,
            "10.000000" : 175112192,
            "20.000000" : 183500800,
            "30.000000" : 189792256,
            "40.000000" : 196083712,
            "50.000000" : 202375168,
            "60.000000" : 210763776,
            "70.000000" : 235929600,
            "80.000000" : 792723456,
            "90.000000" : 2105540608,
            "95.000000" : 2365587456,
            "99.000000" : 2600468480,
            "99.500000" : 2701131776,
            "99.900000" : 2768240640,
            "99.950000" : 2936012800,
            "99.990000" : 3204448256
          }
        },
        "lat_ns" : {
          "min" : 8884952,
          "max" : 3274404177,
          "mean" : 584165497.213000,
          "stddev" : 755098639.240631,
          "N" : 13554
        },
        "bw_min" : 64,
        "bw_max" : 3208,
        "bw_agg" : 100.000000,
        "bw_mean" : 1349.305477,
        "bw_dev" : 126.731128,
        "bw_samples" : 637,
        "iops_min" : 16,
        "iops_max" : 802,
        "iops_mean" : 337.350466,
        "iops_stddev" : 31.686374,
        "iops_samples" : 637
      },
      "trim" : {
        "io_bytes" : 0,
        "io_kbytes" : 0,
        "bw_bytes" : 0,
        "bw" : 0,
        "iops" : 0.000000,
        "runtime" : 0,
        "total_ios" : 0,
        "short_ios" : 0,
        "drop_ios" : 0,
        "slat_ns" : {
          "min" : 0,
          "max" : 0,
          "mean" : 0.000000,
          "stddev" : 0.000000,
          "N" : 0
        },
        "clat_ns" : {
          "min" : 0,
          "max" : 0,
          "mean" : 0.000000,
          "stddev" : 0.000000,
          "N" : 0
        },
        "lat_ns" : {
          "min" : 0,
          "max" : 0,
          "mean" : 0.000000,
          "stddev" : 0.000000,
          "N" : 0
        },
        "bw_min" : 0,
        "bw_max" : 0,
        "bw_agg" : 0.000000,
        "bw_mean" : 0.000000,
        "bw_dev" : 0.000000,
        "bw_samples" : 0,
        "iops_min" : 0,
        "iops_max" : 0,
        "iops_mean" : 0.000000,
        "iops_stddev" : 0.000000,
        "iops_samples" : 0
      },
      "sync" : {
        "total_ios" : 0,
        "lat_ns" : {
          "min" : 0,
          "max" : 0,
          "mean" : 0.000000,
          "stddev" : 0.000000,
          "N" : 0
        }
      },
      "job_runtime" : 482545,
      "usr_cpu" : 0.079371,
      "sys_cpu" : 0.114601,
      "ctx" : 40344,
      "majf" : 0,
      "minf" : 316,
      "iodepth_level" : {
        "1" : 0.100000,
        "2" : 0.100000,
        "4" : 0.119434,
        "8" : 0.238868,
        "16" : 0.477737,
        "32" : 99.074385,
        ">=64" : 0.000000
      },
      "iodepth_submit" : {
        "0" : 0.000000,
        "4" : 100.000000,
        "8" : 0.000000,
        "16" : 0.000000,
        "32" : 0.000000,
        "64" : 0.000000,
        ">=64" : 0.000000
      },
      "iodepth_complete" : {
        "0" : 0.000000,
        "4" : 99.969872,
        "8" : 0.000000,
        "16" : 0.000000,
        "32" : 0.100000,
        "64" : 0.000000,
        ">=64" : 0.000000
      },
      "latency_ns" : {
        "2" : 0.000000,
        "4" : 0.000000,
        "10" : 0.000000,
        "20" : 0.000000,
        "50" : 0.000000,
        "100" : 0.000000,
        "250" : 0.000000,
        "500" : 0.000000,
        "750" : 0.000000,
        "1000" : 0.000000
      },
      "latency_us" : {
        "2" : 0.000000,
        "4" : 0.000000,
        "10" : 0.000000,
        "20" : 0.000000,
        "50" : 0.000000,
        "100" : 0.000000,
        "250" : 0.000000,
        "500" : 0.000000,
        "750" : 0.000000,
        "1000" : 0.000000
      },
      "latency_ms" : {
        "2" : 0.000000,
        "4" : 0.011197,
        "10" : 0.010000,
        "20" : 0.033591,
        "50" : 0.100773,
        "100" : 0.223939,
        "250" : 72.664502,
        "500" : 5.367073,
        "750" : 1.843765,
        "1000" : 1.011458,
        "2000" : 7.337737,
        ">=2000" : 11.398500
      },
      "latency_depth" : 32,
      "latency_target" : 0,
      "latency_percentile" : 100.000000,
      "latency_window" : 0
    }
  ]
}
