{
  "fio version" : "fio-3.29-112-gc3773",
  "timestamp" : 1649359558,
  "timestamp_ms" : 1649359558177,
  "time" : "Thu Apr  7 19:25:58 2022",
  "global options" : {
    "size" : "50M",
    "runtime" : "60",
    "rwmixread" : "50",
    "directory" : "/mnt/gfs"
  },
  "jobs" : [
    {
      "jobname" : "iotest",
      "groupid" : 0,
      "error" : 0,
      "eta" : 0,
      "elapsed" : 62,
      "job options" : {
        "rw" : "randrw",
        "bs" : "4k",
        "ioengine" : "libaio",
        "iodepth" : "32",
        "numjobs" : "32",
        "direct" : "1",
        "group_reporting" : "1",
        "invalidate" : "1",
        "loops" : "1",
        "write_bw_log" : "./fio-bench-07-04-2022--16-25-57-rand-gfs/randrw/gfs/randrw50/4k/randrw-iodepth-32-numjobs-32",
        "write_lat_log" : "./fio-bench-07-04-2022--16-25-57-rand-gfs/randrw/gfs/randrw50/4k/randrw-iodepth-32-numjobs-32",
        "write_iops_log" : "./fio-bench-07-04-2022--16-25-57-rand-gfs/randrw/gfs/randrw50/4k/randrw-iodepth-32-numjobs-32",
        "log_avg_msec" : "500"
      },
      "read" : {
        "io_bytes" : 71090176,
        "io_kbytes" : 69424,
        "bw_bytes" : 1154511,
        "bw" : 1127,
        "iops" : 281.863064,
        "runtime" : 61576,
        "total_ios" : 17356,
        "short_ios" : 0,
        "drop_ios" : 0,
        "slat_ns" : {
          "min" : 2863,
          "max" : 1581604845,
          "mean" : 54386679.463759,
          "stddev" : 154395700.360810,
          "N" : 17356
        },
        "clat_ns" : {
          "min" : 7204567,
          "max" : 5482891501,
          "mean" : 1698622409.492452,
          "stddev" : 1093403295.351822,
          "N" : 17356,
          "percentile" : {
            "1.000000" : 312475648,
            "5.000000" : 700448768,
            "10.000000" : 725614592,
            "20.000000" : 759169024,
            "30.000000" : 784334848,
            "40.000000" : 826277888,
            "50.000000" : 1400897536,
            "60.000000" : 1853882368,
            "70.000000" : 2298478592,
            "80.000000" : 2499805184,
            "90.000000" : 3405774848,
            "95.000000" : 3875536896,
            "99.000000" : 4664066048,
            "99.500000" : 5200936960,
            "99.900000" : 5402263552,
            "99.950000" : 5469372416,
            "99.990000" : 5469372416
          }
        },
        "lat_ns" : {
          "min" : 37774108,
          "max" : 5502462967,
          "mean" : 1753013090.110913,
          "stddev" : 1108872618.196820,
          "N" : 17356
        },
        "bw_min" : 255,
        "bw_max" : 3816,
        "bw_agg" : 100.000000,
        "bw_mean" : 1558.548651,
        "bw_dev" : 30.692204,
        "bw_samples" : 2774,
        "iops_min" : 63,
        "iops_max" : 954,
        "iops_mean" : 389.577382,
        "iops_stddev" : 7.674308,
        "iops_samples" : 2774
      },
      "write" : {
        "io_bytes" : 71512064,
        "io_kbytes" : 69836,
        "bw_bytes" : 1161362,
        "bw" : 1134,
        "iops" : 283.535793,
        "runtime" : 61576,
        "total_ios" : 17459,
        "short_ios" : 0,
        "drop_ios" : 0,
        "slat_ns" : {
          "min" : 75289,
          "max" : 1580132937,
          "mean" : 55891594.539034,
          "stddev" : 156138638.609895,
          "N" : 17459
        },
        "clat_ns" : {
          "min" : 3957567,
          "max" : 5523974418,
          "mean" : 1697346103.039922,
          "stddev" : 1096083922.138927,
          "N" : 17459,
          "percentile" : {
            "1.000000" : 312475648,
            "5.000000" : 708837376,
            "10.000000" : 734003200,
            "20.000000" : 759169024,
            "30.000000" : 784334848,
            "40.000000" : 826277888,
            "50.000000" : 1350565888,
            "60.000000" : 1853882368,
            "70.000000" : 2298478592,
            "80.000000" : 2499805184,
            "90.000000" : 3405774848,
            "95.000000" : 3875536896,
            "99.000000" : 4664066048,
            "99.500000" : 5268045824,
            "99.900000" : 5469372416,
            "99.950000" : 5469372416,
            "99.990000" : 5536481280
          }
        },
        "lat_ns" : {
          "min" : 32499750,
          "max" : 5621514456,
          "mean" : 1753241746.174065,
          "stddev" : 1114018932.976822,
          "N" : 17459
        },
        "bw_min" : 256,
        "bw_max" : 3920,
        "bw_agg" : 100.000000,
        "bw_mean" : 1569.930999,
        "bw_dev" : 31.506915,
        "bw_samples" : 2760,
        "iops_min" : 64,
        "iops_max" : 980,
        "iops_mean" : 392.422685,
        "iops_stddev" : 7.877776,
        "iops_samples" : 2760
      },
      "trim" : {
        "io_bytes" : 0,
        "io_kbytes" : 0,
        "bw_bytes" : 0,
        "bw" : 0,
        "iops" : 0.000000,
        "runtime" : 0,
        "total_ios" : 0,
        "short_ios" : 0,
        "drop_ios" : 0,
        "slat_ns" : {
          "min" : 0,
          "max" : 0,
          "mean" : 0.000000,
          "stddev" : 0.000000,
          "N" : 0
        },
        "clat_ns" : {
          "min" : 0,
          "max" : 0,
          "mean" : 0.000000,
          "stddev" : 0.000000,
          "N" : 0
        },
        "lat_ns" : {
          "min" : 0,
          "max" : 0,
          "mean" : 0.000000,
          "stddev" : 0.000000,
          "N" : 0
        },
        "bw_min" : 0,
        "bw_max" : 0,
        "bw_agg" : 0.000000,
        "bw_mean" : 0.000000,
        "bw_dev" : 0.000000,
        "bw_samples" : 0,
        "iops_min" : 0,
        "iops_max" : 0,
        "iops_mean" : 0.000000,
        "iops_stddev" : 0.000000,
        "iops_samples" : 0
      },
      "sync" : {
        "total_ios" : 0,
        "lat_ns" : {
          "min" : 0,
          "max" : 0,
          "mean" : 0.000000,
          "stddev" : 0.000000,
          "N" : 0
        }
      },
      "job_runtime" : 1924507,
      "usr_cpu" : 0.030138,
      "sys_cpu" : 0.041569,
      "ctx" : 52361,
      "majf" : 0,
      "minf" : 1314,
      "iodepth_level" : {
        "1" : 0.100000,
        "2" : 0.183829,
        "4" : 0.367658,
        "8" : 0.735315,
        "16" : 1.470630,
        "32" : 97.150653,
        ">=64" : 0.000000
      },
      "iodepth_submit" : {
        "0" : 0.000000,
        "4" : 100.000000,
        "8" : 0.000000,
        "16" : 0.000000,
        "32" : 0.000000,
        "64" : 0.000000,
        ">=64" : 0.000000
      },
      "iodepth_complete" : {
        "0" : 0.000000,
        "4" : 99.905479,
        "8" : 0.000000,
        "16" : 0.000000,
        "32" : 0.100000,
        "64" : 0.000000,
        ">=64" : 0.000000
      },
      "latency_ns" : {
        "2" : 0.000000,
        "4" : 0.000000,
        "10" : 0.000000,
        "20" : 0.000000,
        "50" : 0.000000,
        "100" : 0.000000,
        "250" : 0.000000,
        "500" : 0.000000,
        "750" : 0.000000,
        "1000" : 0.000000
      },
      "latency_us" : {
        "2" : 0.000000,
        "4" : 0.000000,
        "10" : 0.000000,
        "20" : 0.000000,
        "50" : 0.000000,
        "100" : 0.000000,
        "250" : 0.000000,
        "500" : 0.000000,
        "750" : 0.000000,
        "1000" : 0.000000
      },
      "latency_ms" : {
        "2" : 0.000000,
        "4" : 0.010000,
        "10" : 0.011489,
        "20" : 0.010000,
        "50" : 0.063191,
        "100" : 0.149361,
        "250" : 0.534252,
        "500" : 0.873187,
        "750" : 13.769927,
        "1000" : 30.748241,
        "2000" : 16.785868,
        ">=2000" : 37.055867
      },
      "latency_depth" : 32,
      "latency_target" : 0,
      "latency_percentile" : 100.000000,
      "latency_window" : 0
    }
  ]
}
