{
  "fio version" : "fio-3.29-112-gc3773",
  "timestamp" : 1649359979,
  "timestamp_ms" : 1649359979305,
  "time" : "Thu Apr  7 19:32:59 2022",
  "global options" : {
    "size" : "50M",
    "runtime" : "60",
    "rwmixread" : "50",
    "directory" : "/mnt/gfs"
  },
  "jobs" : [
    {
      "jobname" : "iotest",
      "groupid" : 0,
      "error" : 0,
      "eta" : 0,
      "elapsed" : 61,
      "job options" : {
        "rw" : "randrw",
        "bs" : "4k",
        "ioengine" : "libaio",
        "iodepth" : "64",
        "numjobs" : "32",
        "direct" : "1",
        "group_reporting" : "1",
        "invalidate" : "1",
        "loops" : "1",
        "write_bw_log" : "./fio-bench-07-04-2022--16-25-57-rand-gfs/randrw/gfs/randrw50/4k/randrw-iodepth-64-numjobs-32",
        "write_lat_log" : "./fio-bench-07-04-2022--16-25-57-rand-gfs/randrw/gfs/randrw50/4k/randrw-iodepth-64-numjobs-32",
        "write_iops_log" : "./fio-bench-07-04-2022--16-25-57-rand-gfs/randrw/gfs/randrw50/4k/randrw-iodepth-64-numjobs-32",
        "log_avg_msec" : "500"
      },
      "read" : {
        "io_bytes" : 69750784,
        "io_kbytes" : 68116,
        "bw_bytes" : 1154011,
        "bw" : 1126,
        "iops" : 281.741173,
        "runtime" : 60442,
        "total_ios" : 17029,
        "short_ios" : 0,
        "drop_ios" : 0,
        "slat_ns" : {
          "min" : 3771,
          "max" : 1530473464,
          "mean" : 55520353.400493,
          "stddev" : 159981884.763151,
          "N" : 17029
        },
        "clat_ns" : {
          "min" : 2017301,
          "max" : 6413066629,
          "mean" : 3497060637.214399,
          "stddev" : 1454192028.238132,
          "N" : 17029,
          "percentile" : {
            "1.000000" : 1451229184,
            "5.000000" : 1518338048,
            "10.000000" : 1551892480,
            "20.000000" : 1635778560,
            "30.000000" : 2264924160,
            "40.000000" : 3070230528,
            "50.000000" : 3506438144,
            "60.000000" : 4076863488,
            "70.000000" : 4278190080,
            "80.000000" : 4731174912,
            "90.000000" : 5670699008,
            "95.000000" : 5737807872,
            "99.000000" : 6341787648,
            "99.500000" : 6341787648,
            "99.900000" : 6341787648,
            "99.950000" : 6408896512,
            "99.990000" : 6408896512
          }
        },
        "lat_ns" : {
          "min" : 1063917249,
          "max" : 6431327797,
          "mean" : 3552584955.740854,
          "stddev" : 1450738035.887455,
          "N" : 17029
        },
        "bw_min" : 256,
        "bw_max" : 3768,
        "bw_agg" : 100.000000,
        "bw_mean" : 1583.501638,
        "bw_dev" : 31.062110,
        "bw_samples" : 2593,
        "iops_min" : 64,
        "iops_max" : 942,
        "iops_mean" : 395.828124,
        "iops_stddev" : 7.765397,
        "iops_samples" : 2593
      },
      "write" : {
        "io_bytes" : 70164480,
        "io_kbytes" : 68520,
        "bw_bytes" : 1160856,
        "bw" : 1133,
        "iops" : 283.412197,
        "runtime" : 60442,
        "total_ios" : 17130,
        "short_ios" : 0,
        "drop_ios" : 0,
        "slat_ns" : {
          "min" : 66350,
          "max" : 1530746195,
          "mean" : 56973368.965266,
          "stddev" : 162601287.101400,
          "N" : 17130
        },
        "clat_ns" : {
          "min" : 2751335,
          "max" : 6540125155,
          "mean" : 3509587104.320724,
          "stddev" : 1445904355.805223,
          "N" : 17130,
          "percentile" : {
            "1.000000" : 1451229184,
            "5.000000" : 1518338048,
            "10.000000" : 1551892480,
            "20.000000" : 1669332992,
            "30.000000" : 2566914048,
            "40.000000" : 3070230528,
            "50.000000" : 3506438144,
            "60.000000" : 4076863488,
            "70.000000" : 4278190080,
            "80.000000" : 4731174912,
            "90.000000" : 5670699008,
            "95.000000" : 5737807872,
            "99.000000" : 6341787648,
            "99.500000" : 6341787648,
            "99.900000" : 6408896512,
            "99.950000" : 6408896512,
            "99.990000" : 6476005376
          }
        },
        "lat_ns" : {
          "min" : 1065393348,
          "max" : 6566155977,
          "mean" : 3566564462.221307,
          "stddev" : 1439017668.282068,
          "N" : 17130
        },
        "bw_min" : 256,
        "bw_max" : 3808,
        "bw_agg" : 100.000000,
        "bw_mean" : 1586.073166,
        "bw_dev" : 31.525917,
        "bw_samples" : 2598,
        "iops_min" : 64,
        "iops_max" : 952,
        "iops_mean" : 396.472304,
        "iops_stddev" : 7.881491,
        "iops_samples" : 2598
      },
      "trim" : {
        "io_bytes" : 0,
        "io_kbytes" : 0,
        "bw_bytes" : 0,
        "bw" : 0,
        "iops" : 0.000000,
        "runtime" : 0,
        "total_ios" : 0,
        "short_ios" : 0,
        "drop_ios" : 0,
        "slat_ns" : {
          "min" : 0,
          "max" : 0,
          "mean" : 0.000000,
          "stddev" : 0.000000,
          "N" : 0
        },
        "clat_ns" : {
          "min" : 0,
          "max" : 0,
          "mean" : 0.000000,
          "stddev" : 0.000000,
          "N" : 0
        },
        "lat_ns" : {
          "min" : 0,
          "max" : 0,
          "mean" : 0.000000,
          "stddev" : 0.000000,
          "N" : 0
        },
        "bw_min" : 0,
        "bw_max" : 0,
        "bw_agg" : 0.000000,
        "bw_mean" : 0.000000,
        "bw_dev" : 0.000000,
        "bw_samples" : 0,
        "iops_min" : 0,
        "iops_max" : 0,
        "iops_mean" : 0.000000,
        "iops_stddev" : 0.000000,
        "iops_samples" : 0
      },
      "sync" : {
        "total_ios" : 0,
        "lat_ns" : {
          "min" : 0,
          "max" : 0,
          "mean" : 0.000000,
          "stddev" : 0.000000,
          "N" : 0
        }
      },
      "job_runtime" : 1926621,
      "usr_cpu" : 0.031921,
      "sys_cpu" : 0.039136,
      "ctx" : 51364,
      "majf" : 0,
      "minf" : 1320,
      "iodepth_level" : {
        "1" : 0.100000,
        "2" : 0.187359,
        "4" : 0.374718,
        "8" : 0.749436,
        "16" : 1.498873,
        "32" : 2.997746,
        ">=64" : 94.098188
      },
      "iodepth_submit" : {
        "0" : 0.000000,
        "4" : 100.000000,
        "8" : 0.000000,
        "16" : 0.000000,
        "32" : 0.000000,
        "64" : 0.000000,
        ">=64" : 0.000000
      },
      "iodepth_complete" : {
        "0" : 0.000000,
        "4" : 99.900544,
        "8" : 0.000000,
        "16" : 0.000000,
        "32" : 0.000000,
        "64" : 0.100000,
        ">=64" : 0.000000
      },
      "latency_ns" : {
        "2" : 0.000000,
        "4" : 0.000000,
        "10" : 0.000000,
        "20" : 0.000000,
        "50" : 0.000000,
        "100" : 0.000000,
        "250" : 0.000000,
        "500" : 0.000000,
        "750" : 0.000000,
        "1000" : 0.000000
      },
      "latency_us" : {
        "2" : 0.000000,
        "4" : 0.000000,
        "10" : 0.000000,
        "20" : 0.000000,
        "50" : 0.000000,
        "100" : 0.000000,
        "250" : 0.000000,
        "500" : 0.000000,
        "750" : 0.000000,
        "1000" : 0.000000
      },
      "latency_ms" : {
        "2" : 0.000000,
        "4" : 0.014637,
        "10" : 0.035130,
        "20" : 0.010000,
        "50" : 0.000000,
        "100" : 0.000000,
        "250" : 0.000000,
        "500" : 0.035130,
        "750" : 0.000000,
        "1000" : 0.000000,
        "2000" : 23.847302,
        ">=2000" : 76.059018
      },
      "latency_depth" : 64,
      "latency_target" : 0,
      "latency_percentile" : 100.000000,
      "latency_window" : 0
    }
  ]
}
