{
  "fio version" : "fio-3.29-112-gc3773",
  "timestamp" : 1649358889,
  "timestamp_ms" : 1649358889060,
  "time" : "Thu Apr  7 19:14:49 2022",
  "global options" : {
    "size" : "50M",
    "runtime" : "60",
    "rwmixread" : "50",
    "directory" : "/mnt/gfs"
  },
  "jobs" : [
    {
      "jobname" : "iotest",
      "groupid" : 0,
      "error" : 0,
      "eta" : 0,
      "elapsed" : 56,
      "job options" : {
        "rw" : "randrw",
        "bs" : "4k",
        "ioengine" : "libaio",
        "iodepth" : "16",
        "numjobs" : "2",
        "direct" : "1",
        "group_reporting" : "1",
        "invalidate" : "1",
        "loops" : "1",
        "write_bw_log" : "./fio-bench-07-04-2022--16-25-57-rand-gfs/randrw/gfs/randrw50/4k/randrw-iodepth-16-numjobs-2",
        "write_lat_log" : "./fio-bench-07-04-2022--16-25-57-rand-gfs/randrw/gfs/randrw50/4k/randrw-iodepth-16-numjobs-2",
        "write_iops_log" : "./fio-bench-07-04-2022--16-25-57-rand-gfs/randrw/gfs/randrw50/4k/randrw-iodepth-16-numjobs-2",
        "log_avg_msec" : "500"
      },
      "read" : {
        "io_bytes" : 52006912,
        "io_kbytes" : 50788,
        "bw_bytes" : 943949,
        "bw" : 921,
        "iops" : 230.456484,
        "runtime" : 55095,
        "total_ios" : 12697,
        "short_ios" : 0,
        "drop_ios" : 0,
        "slat_ns" : {
          "min" : 3143,
          "max" : 194997,
          "mean" : 7890.274711,
          "stddev" : 2933.074974,
          "N" : 12697
        },
        "clat_ns" : {
          "min" : 1518075,
          "max" : 2469544835,
          "mean" : 56488996.870757,
          "stddev" : 203689321.686125,
          "N" : 12697,
          "percentile" : {
            "1.000000" : 5210112,
            "5.000000" : 11468800,
            "10.000000" : 15925248,
            "20.000000" : 21364736,
            "30.000000" : 25821184,
            "40.000000" : 29491200,
            "50.000000" : 33161216,
            "60.000000" : 36962304,
            "70.000000" : 41680896,
            "80.000000" : 46923776,
            "90.000000" : 56360960,
            "95.000000" : 65273856,
            "99.000000" : 1568669696,
            "99.500000" : 1988100096,
            "99.900000" : 2332033024,
            "99.950000" : 2399141888,
            "99.990000" : 2466250752
          }
        },
        "lat_ns" : {
          "min" : 1530158,
          "max" : 2469553076,
          "mean" : 56499680.481374,
          "stddev" : 203689225.862074,
          "N" : 12697
        },
        "bw_min" : 16,
        "bw_max" : 1960,
        "bw_agg" : 100.000000,
        "bw_mean" : 1229.070833,
        "bw_dev" : 265.734673,
        "bw_samples" : 164,
        "iops_min" : 4,
        "iops_max" : 490,
        "iops_mean" : 307.225000,
        "iops_stddev" : 66.424363,
        "iops_samples" : 164
      },
      "write" : {
        "io_bytes" : 52850688,
        "io_kbytes" : 51612,
        "bw_bytes" : 959264,
        "bw" : 936,
        "iops" : 234.195481,
        "runtime" : 55095,
        "total_ios" : 12903,
        "short_ios" : 0,
        "drop_ios" : 0,
        "slat_ns" : {
          "min" : 16971,
          "max" : 9858475,
          "mean" : 80247.322483,
          "stddev" : 158317.689615,
          "N" : 12903
        },
        "clat_ns" : {
          "min" : 2660122,
          "max" : 2865480383,
          "mean" : 80755988.021313,
          "stddev" : 255076376.094155,
          "N" : 12903,
          "percentile" : {
            "1.000000" : 3424256,
            "5.000000" : 6193152,
            "10.000000" : 10682368,
            "20.000000" : 19791872,
            "30.000000" : 28966912,
            "40.000000" : 38010880,
            "50.000000" : 46923776,
            "60.000000" : 54788096,
            "70.000000" : 64225280,
            "80.000000" : 74973184,
            "90.000000" : 91750400,
            "95.000000" : 108527616,
            "99.000000" : 1971322880,
            "99.500000" : 2231369728,
            "99.900000" : 2499805184,
            "99.950000" : 2566914048,
            "99.990000" : 2734686208
          }
        },
        "lat_ns" : {
          "min" : 2705240,
          "max" : 2865543310,
          "mean" : 80839165.950476,
          "stddev" : 255078510.392930,
          "N" : 12903
        },
        "bw_min" : 16,
        "bw_max" : 2170,
        "bw_agg" : 100.000000,
        "bw_mean" : 1236.439797,
        "bw_dev" : 293.719507,
        "bw_samples" : 166,
        "iops_min" : 4,
        "iops_max" : 542,
        "iops_mean" : 309.061438,
        "iops_stddev" : 73.411387,
        "iops_samples" : 166
      },
      "trim" : {
        "io_bytes" : 0,
        "io_kbytes" : 0,
        "bw_bytes" : 0,
        "bw" : 0,
        "iops" : 0.000000,
        "runtime" : 0,
        "total_ios" : 0,
        "short_ios" : 0,
        "drop_ios" : 0,
        "slat_ns" : {
          "min" : 0,
          "max" : 0,
          "mean" : 0.000000,
          "stddev" : 0.000000,
          "N" : 0
        },
        "clat_ns" : {
          "min" : 0,
          "max" : 0,
          "mean" : 0.000000,
          "stddev" : 0.000000,
          "N" : 0
        },
        "lat_ns" : {
          "min" : 0,
          "max" : 0,
          "mean" : 0.000000,
          "stddev" : 0.000000,
          "N" : 0
        },
        "bw_min" : 0,
        "bw_max" : 0,
        "bw_agg" : 0.000000,
        "bw_mean" : 0.000000,
        "bw_dev" : 0.000000,
        "bw_samples" : 0,
        "iops_min" : 0,
        "iops_max" : 0,
        "iops_mean" : 0.000000,
        "iops_stddev" : 0.000000,
        "iops_samples" : 0
      },
      "sync" : {
        "total_ios" : 0,
        "lat_ns" : {
          "min" : 0,
          "max" : 0,
          "mean" : 0.000000,
          "stddev" : 0.000000,
          "N" : 0
        }
      },
      "job_runtime" : 110044,
      "usr_cpu" : 0.271709,
      "sys_cpu" : 0.505252,
      "ctx" : 34065,
      "majf" : 0,
      "minf" : 78,
      "iodepth_level" : {
        "1" : 0.100000,
        "2" : 0.100000,
        "4" : 0.100000,
        "8" : 0.100000,
        "16" : 99.882812,
        "32" : 0.000000,
        ">=64" : 0.000000
      },
      "iodepth_submit" : {
        "0" : 0.000000,
        "4" : 100.000000,
        "8" : 0.000000,
        "16" : 0.000000,
        "32" : 0.000000,
        "64" : 0.000000,
        ">=64" : 0.000000
      },
      "iodepth_complete" : {
        "0" : 0.000000,
        "4" : 99.992179,
        "8" : 0.000000,
        "16" : 0.100000,
        "32" : 0.000000,
        "64" : 0.000000,
        ">=64" : 0.000000
      },
      "latency_ns" : {
        "2" : 0.000000,
        "4" : 0.000000,
        "10" : 0.000000,
        "20" : 0.000000,
        "50" : 0.000000,
        "100" : 0.000000,
        "250" : 0.000000,
        "500" : 0.000000,
        "750" : 0.000000,
        "1000" : 0.000000
      },
      "latency_us" : {
        "2" : 0.000000,
        "4" : 0.000000,
        "10" : 0.000000,
        "20" : 0.000000,
        "50" : 0.000000,
        "100" : 0.000000,
        "250" : 0.000000,
        "500" : 0.000000,
        "750" : 0.000000,
        "1000" : 0.000000
      },
      "latency_ms" : {
        "2" : 0.011719,
        "4" : 1.339844,
        "10" : 5.226562,
        "20" : 12.070312,
        "50" : 50.562500,
        "100" : 26.433594,
        "250" : 2.714844,
        "500" : 0.292969,
        "750" : 0.058594,
        "1000" : 0.039062,
        "2000" : 0.582031,
        ">=2000" : 0.667969
      },
      "latency_depth" : 16,
      "latency_target" : 0,
      "latency_percentile" : 100.000000,
      "latency_window" : 0
    }
  ]
}
