{
  "fio version" : "fio-3.29-112-gc3773",
  "timestamp" : 1649359918,
  "timestamp_ms" : 1649359918512,
  "time" : "Thu Apr  7 19:31:58 2022",
  "global options" : {
    "size" : "50M",
    "runtime" : "60",
    "rwmixread" : "50",
    "directory" : "/mnt/gfs"
  },
  "jobs" : [
    {
      "jobname" : "iotest",
      "groupid" : 0,
      "error" : 0,
      "eta" : 0,
      "elapsed" : 63,
      "job options" : {
        "rw" : "randrw",
        "bs" : "4k",
        "ioengine" : "libaio",
        "iodepth" : "64",
        "numjobs" : "16",
        "direct" : "1",
        "group_reporting" : "1",
        "invalidate" : "1",
        "loops" : "1",
        "write_bw_log" : "./fio-bench-07-04-2022--16-25-57-rand-gfs/randrw/gfs/randrw50/4k/randrw-iodepth-64-numjobs-16",
        "write_lat_log" : "./fio-bench-07-04-2022--16-25-57-rand-gfs/randrw/gfs/randrw50/4k/randrw-iodepth-64-numjobs-16",
        "write_iops_log" : "./fio-bench-07-04-2022--16-25-57-rand-gfs/randrw/gfs/randrw50/4k/randrw-iodepth-64-numjobs-16",
        "log_avg_msec" : "500"
      },
      "read" : {
        "io_bytes" : 60899328,
        "io_kbytes" : 59472,
        "bw_bytes" : 982025,
        "bw" : 959,
        "iops" : 239.752314,
        "runtime" : 62014,
        "total_ios" : 14868,
        "short_ios" : 0,
        "drop_ios" : 0,
        "slat_ns" : {
          "min" : 3003,
          "max" : 1642987302,
          "mean" : 32495929.469734,
          "stddev" : 141632415.596149,
          "N" : 14868
        },
        "clat_ns" : {
          "min" : 12951471,
          "max" : 6045160263,
          "mean" : 1989929810.206954,
          "stddev" : 1184292346.688156,
          "N" : 14868,
          "percentile" : {
            "1.000000" : 283115520,
            "5.000000" : 742391808,
            "10.000000" : 759169024,
            "20.000000" : 784334848,
            "30.000000" : 809500672,
            "40.000000" : 1149239296,
            "50.000000" : 1786773504,
            "60.000000" : 2499805184,
            "70.000000" : 2734686208,
            "80.000000" : 3170893824,
            "90.000000" : 3607101440,
            "95.000000" : 4177526784,
            "99.000000" : 4395630592,
            "99.500000" : 4462739456,
            "99.900000" : 5939134464,
            "99.950000" : 6006243328,
            "99.990000" : 6006243328
          }
        },
        "lat_ns" : {
          "min" : 17230309,
          "max" : 6055913894,
          "mean" : 2022429152.562147,
          "stddev" : 1190526690.916564,
          "N" : 14868
        },
        "bw_min" : 128,
        "bw_max" : 3384,
        "bw_agg" : 100.000000,
        "bw_mean" : 1409.626561,
        "bw_dev" : 60.507092,
        "bw_samples" : 1305,
        "iops_min" : 32,
        "iops_max" : 846,
        "iops_mean" : 352.406640,
        "iops_stddev" : 15.126773,
        "iops_samples" : 1305
      },
      "write" : {
        "io_bytes" : 61825024,
        "io_kbytes" : 60376,
        "bw_bytes" : 996952,
        "bw" : 973,
        "iops" : 243.396652,
        "runtime" : 62014,
        "total_ios" : 15094,
        "short_ios" : 0,
        "drop_ios" : 0,
        "slat_ns" : {
          "min" : 77524,
          "max" : 1679039685,
          "mean" : 31567623.842056,
          "stddev" : 136478087.189639,
          "N" : 15094
        },
        "clat_ns" : {
          "min" : 4260050,
          "max" : 6132674483,
          "mean" : 2006666051.644428,
          "stddev" : 1188690471.655040,
          "N" : 15094,
          "percentile" : {
            "1.000000" : 299892736,
            "5.000000" : 750780416,
            "10.000000" : 767557632,
            "20.000000" : 784334848,
            "30.000000" : 809500672,
            "40.000000" : 1199570944,
            "50.000000" : 1870659584,
            "60.000000" : 2499805184,
            "70.000000" : 2768240640,
            "80.000000" : 3170893824,
            "90.000000" : 3607101440,
            "95.000000" : 4177526784,
            "99.000000" : 4395630592,
            "99.500000" : 4529848320,
            "99.900000" : 6006243328,
            "99.950000" : 6006243328,
            "99.990000" : 6073352192
          }
        },
        "lat_ns" : {
          "min" : 17210893,
          "max" : 6145709275,
          "mean" : 2038237106.025507,
          "stddev" : 1193543763.198139,
          "N" : 15094
        },
        "bw_min" : 128,
        "bw_max" : 3464,
        "bw_agg" : 100.000000,
        "bw_mean" : 1435.649877,
        "bw_dev" : 60.879215,
        "bw_samples" : 1301,
        "iops_min" : 32,
        "iops_max" : 866,
        "iops_mean" : 358.912469,
        "iops_stddev" : 15.219804,
        "iops_samples" : 1301
      },
      "trim" : {
        "io_bytes" : 0,
        "io_kbytes" : 0,
        "bw_bytes" : 0,
        "bw" : 0,
        "iops" : 0.000000,
        "runtime" : 0,
        "total_ios" : 0,
        "short_ios" : 0,
        "drop_ios" : 0,
        "slat_ns" : {
          "min" : 0,
          "max" : 0,
          "mean" : 0.000000,
          "stddev" : 0.000000,
          "N" : 0
        },
        "clat_ns" : {
          "min" : 0,
          "max" : 0,
          "mean" : 0.000000,
          "stddev" : 0.000000,
          "N" : 0
        },
        "lat_ns" : {
          "min" : 0,
          "max" : 0,
          "mean" : 0.000000,
          "stddev" : 0.000000,
          "N" : 0
        },
        "bw_min" : 0,
        "bw_max" : 0,
        "bw_agg" : 0.000000,
        "bw_mean" : 0.000000,
        "bw_dev" : 0.000000,
        "bw_samples" : 0,
        "iops_min" : 0,
        "iops_max" : 0,
        "iops_mean" : 0.000000,
        "iops_stddev" : 0.000000,
        "iops_samples" : 0
      },
      "sync" : {
        "total_ios" : 0,
        "lat_ns" : {
          "min" : 0,
          "max" : 0,
          "mean" : 0.000000,
          "stddev" : 0.000000,
          "N" : 0
        }
      },
      "job_runtime" : 964409,
      "usr_cpu" : 0.042824,
      "sys_cpu" : 0.069991,
      "ctx" : 45107,
      "majf" : 0,
      "minf" : 631,
      "iodepth_level" : {
        "1" : 0.100000,
        "2" : 0.106802,
        "4" : 0.213604,
        "8" : 0.427208,
        "16" : 0.854416,
        "32" : 1.708831,
        ">=64" : 96.635739
      },
      "iodepth_submit" : {
        "0" : 0.000000,
        "4" : 100.000000,
        "8" : 0.000000,
        "16" : 0.000000,
        "32" : 0.000000,
        "64" : 0.000000,
        ">=64" : 0.000000
      },
      "iodepth_complete" : {
        "0" : 0.000000,
        "4" : 99.944770,
        "8" : 0.000000,
        "16" : 0.000000,
        "32" : 0.000000,
        "64" : 0.100000,
        ">=64" : 0.000000
      },
      "latency_ns" : {
        "2" : 0.000000,
        "4" : 0.000000,
        "10" : 0.000000,
        "20" : 0.000000,
        "50" : 0.000000,
        "100" : 0.000000,
        "250" : 0.000000,
        "500" : 0.000000,
        "750" : 0.000000,
        "1000" : 0.000000
      },
      "latency_us" : {
        "2" : 0.000000,
        "4" : 0.000000,
        "10" : 0.000000,
        "20" : 0.000000,
        "50" : 0.000000,
        "100" : 0.000000,
        "250" : 0.000000,
        "500" : 0.000000,
        "750" : 0.000000,
        "1000" : 0.000000
      },
      "latency_ms" : {
        "2" : 0.000000,
        "4" : 0.000000,
        "10" : 0.010000,
        "20" : 0.020025,
        "50" : 0.066751,
        "100" : 0.163540,
        "250" : 0.620786,
        "500" : 0.293705,
        "750" : 4.512382,
        "1000" : 31.803618,
        "2000" : 14.755357,
        ">=2000" : 47.760497
      },
      "latency_depth" : 64,
      "latency_target" : 0,
      "latency_percentile" : 100.000000,
      "latency_window" : 0
    }
  ]
}
