{
  "fio version" : "fio-3.29-112-gc3773",
  "timestamp" : 1649358053,
  "timestamp_ms" : 1649358053527,
  "time" : "Thu Apr  7 19:00:53 2022",
  "global options" : {
    "size" : "50M",
    "runtime" : "60",
    "rwmixread" : "50",
    "directory" : "/mnt/gfs"
  },
  "jobs" : [
    {
      "jobname" : "iotest",
      "groupid" : 0,
      "error" : 0,
      "eta" : 0,
      "elapsed" : 61,
      "job options" : {
        "rw" : "randrw",
        "bs" : "4k",
        "ioengine" : "libaio",
        "iodepth" : "4",
        "numjobs" : "2",
        "direct" : "1",
        "group_reporting" : "1",
        "invalidate" : "1",
        "loops" : "1",
        "write_bw_log" : "./fio-bench-07-04-2022--16-25-57-rand-gfs/randrw/gfs/randrw50/4k/randrw-iodepth-4-numjobs-2",
        "write_lat_log" : "./fio-bench-07-04-2022--16-25-57-rand-gfs/randrw/gfs/randrw50/4k/randrw-iodepth-4-numjobs-2",
        "write_iops_log" : "./fio-bench-07-04-2022--16-25-57-rand-gfs/randrw/gfs/randrw50/4k/randrw-iodepth-4-numjobs-2",
        "log_avg_msec" : "500"
      },
      "read" : {
        "io_bytes" : 51126272,
        "io_kbytes" : 49928,
        "bw_bytes" : 852076,
        "bw" : 832,
        "iops" : 208.026399,
        "runtime" : 60002,
        "total_ios" : 12482,
        "short_ios" : 0,
        "drop_ios" : 0,
        "slat_ns" : {
          "min" : 3842,
          "max" : 394883,
          "mean" : 8242.128024,
          "stddev" : 4158.188869,
          "N" : 12482
        },
        "clat_ns" : {
          "min" : 1452143,
          "max" : 3125713714,
          "mean" : 21987706.433664,
          "stddev" : 114618318.079917,
          "N" : 12482,
          "percentile" : {
            "1.000000" : 1777664,
            "5.000000" : 3784704,
            "10.000000" : 5668864,
            "20.000000" : 8224768,
            "30.000000" : 10289152,
            "40.000000" : 11993088,
            "50.000000" : 13697024,
            "60.000000" : 15532032,
            "70.000000" : 17694720,
            "80.000000" : 20054016,
            "90.000000" : 24248320,
            "95.000000" : 27656192,
            "99.000000" : 64225280,
            "99.500000" : 274726912,
            "99.900000" : 1954545664,
            "99.950000" : 2566914048,
            "99.990000" : 2801795072
          }
        },
        "lat_ns" : {
          "min" : 1464435,
          "max" : 3125723492,
          "mean" : 21998709.288656,
          "stddev" : 114618330.934284,
          "N" : 12482
        },
        "bw_min" : 16,
        "bw_max" : 1728,
        "bw_agg" : 100.000000,
        "bw_mean" : 1098.653762,
        "bw_dev" : 240.767283,
        "bw_samples" : 181,
        "iops_min" : 4,
        "iops_max" : 432,
        "iops_mean" : 274.622130,
        "iops_stddev" : 60.182744,
        "iops_samples" : 181
      },
      "write" : {
        "io_bytes" : 51974144,
        "io_kbytes" : 50756,
        "bw_bytes" : 866206,
        "bw" : 845,
        "iops" : 211.476284,
        "runtime" : 60002,
        "total_ios" : 12689,
        "short_ios" : 0,
        "drop_ios" : 0,
        "slat_ns" : {
          "min" : 17950,
          "max" : 9521206,
          "mean" : 45363.425329,
          "stddev" : 99064.767902,
          "N" : 12689
        },
        "clat_ns" : {
          "min" : 2504235,
          "max" : 3125700165,
          "mean" : 15748316.184963,
          "stddev" : 107809543.160742,
          "N" : 12689,
          "percentile" : {
            "1.000000" : 2703360,
            "5.000000" : 2965504,
            "10.000000" : 3031040,
            "20.000000" : 4177920,
            "30.000000" : 5210112,
            "40.000000" : 6324224,
            "50.000000" : 7700480,
            "60.000000" : 9109504,
            "70.000000" : 10682368,
            "80.000000" : 12910592,
            "90.000000" : 16056320,
            "95.000000" : 18481152,
            "99.000000" : 41680896,
            "99.500000" : 193986560,
            "99.900000" : 1971322880,
            "99.950000" : 2088763392,
            "99.990000" : 3137339392
          }
        },
        "lat_ns" : {
          "min" : 2537200,
          "max" : 3125732083,
          "mean" : 15796573.323509,
          "stddev" : 107809310.330538,
          "N" : 12689
        },
        "bw_min" : 16,
        "bw_max" : 1865,
        "bw_agg" : 100.000000,
        "bw_mean" : 1123.656995,
        "bw_dev" : 248.556671,
        "bw_samples" : 180,
        "iops_min" : 4,
        "iops_max" : 466,
        "iops_mean" : 280.875417,
        "iops_stddev" : 62.127922,
        "iops_samples" : 180
      },
      "trim" : {
        "io_bytes" : 0,
        "io_kbytes" : 0,
        "bw_bytes" : 0,
        "bw" : 0,
        "iops" : 0.000000,
        "runtime" : 0,
        "total_ios" : 0,
        "short_ios" : 0,
        "drop_ios" : 0,
        "slat_ns" : {
          "min" : 0,
          "max" : 0,
          "mean" : 0.000000,
          "stddev" : 0.000000,
          "N" : 0
        },
        "clat_ns" : {
          "min" : 0,
          "max" : 0,
          "mean" : 0.000000,
          "stddev" : 0.000000,
          "N" : 0
        },
        "lat_ns" : {
          "min" : 0,
          "max" : 0,
          "mean" : 0.000000,
          "stddev" : 0.000000,
          "N" : 0
        },
        "bw_min" : 0,
        "bw_max" : 0,
        "bw_agg" : 0.000000,
        "bw_mean" : 0.000000,
        "bw_dev" : 0.000000,
        "bw_samples" : 0,
        "iops_min" : 0,
        "iops_max" : 0,
        "iops_mean" : 0.000000,
        "iops_stddev" : 0.000000,
        "iops_samples" : 0
      },
      "sync" : {
        "total_ios" : 0,
        "lat_ns" : {
          "min" : 0,
          "max" : 0,
          "mean" : 0.000000,
          "stddev" : 0.000000,
          "N" : 0
        }
      },
      "job_runtime" : 118814,
      "usr_cpu" : 0.319828,
      "sys_cpu" : 0.406518,
      "ctx" : 36775,
      "majf" : 0,
      "minf" : 81,
      "iodepth_level" : {
        "1" : 0.100000,
        "2" : 0.100000,
        "4" : 99.976163,
        "8" : 0.000000,
        "16" : 0.000000,
        "32" : 0.000000,
        ">=64" : 0.000000
      },
      "iodepth_submit" : {
        "0" : 0.000000,
        "4" : 100.000000,
        "8" : 0.000000,
        "16" : 0.000000,
        "32" : 0.000000,
        "64" : 0.000000,
        ">=64" : 0.000000
      },
      "iodepth_complete" : {
        "0" : 0.000000,
        "4" : 100.000000,
        "8" : 0.000000,
        "16" : 0.000000,
        "32" : 0.000000,
        "64" : 0.000000,
        ">=64" : 0.000000
      },
      "latency_ns" : {
        "2" : 0.000000,
        "4" : 0.000000,
        "10" : 0.000000,
        "20" : 0.000000,
        "50" : 0.000000,
        "100" : 0.000000,
        "250" : 0.000000,
        "500" : 0.000000,
        "750" : 0.000000,
        "1000" : 0.000000
      },
      "latency_us" : {
        "2" : 0.000000,
        "4" : 0.000000,
        "10" : 0.000000,
        "20" : 0.000000,
        "50" : 0.000000,
        "100" : 0.000000,
        "250" : 0.000000,
        "500" : 0.000000,
        "750" : 0.000000,
        "1000" : 0.000000
      },
      "latency_ms" : {
        "2" : 0.834293,
        "4" : 11.469548,
        "10" : 35.115808,
        "20" : 40.880378,
        "50" : 10.603472,
        "100" : 0.305908,
        "250" : 0.301935,
        "500" : 0.103293,
        "750" : 0.023837,
        "1000" : 0.031783,
        "2000" : 0.262207,
        ">=2000" : 0.067538
      },
      "latency_depth" : 4,
      "latency_target" : 0,
      "latency_percentile" : 100.000000,
      "latency_window" : 0
    }
  ]
}
