{
  "fio version" : "fio-3.29-112-gc3773",
  "timestamp" : 1649358782,
  "timestamp_ms" : 1649358782787,
  "time" : "Thu Apr  7 19:13:02 2022",
  "global options" : {
    "size" : "50M",
    "runtime" : "60",
    "rwmixread" : "50",
    "directory" : "/mnt/gfs"
  },
  "jobs" : [
    {
      "jobname" : "iotest",
      "groupid" : 0,
      "error" : 0,
      "eta" : 0,
      "elapsed" : 62,
      "job options" : {
        "rw" : "randrw",
        "bs" : "4k",
        "ioengine" : "libaio",
        "iodepth" : "8",
        "numjobs" : "64",
        "direct" : "1",
        "group_reporting" : "1",
        "invalidate" : "1",
        "loops" : "1",
        "write_bw_log" : "./fio-bench-07-04-2022--16-25-57-rand-gfs/randrw/gfs/randrw50/4k/randrw-iodepth-8-numjobs-64",
        "write_lat_log" : "./fio-bench-07-04-2022--16-25-57-rand-gfs/randrw/gfs/randrw50/4k/randrw-iodepth-8-numjobs-64",
        "write_iops_log" : "./fio-bench-07-04-2022--16-25-57-rand-gfs/randrw/gfs/randrw50/4k/randrw-iodepth-8-numjobs-64",
        "log_avg_msec" : "500"
      },
      "read" : {
        "io_bytes" : 72945664,
        "io_kbytes" : 71236,
        "bw_bytes" : 1196850,
        "bw" : 1168,
        "iops" : 292.199908,
        "runtime" : 60948,
        "total_ios" : 17809,
        "short_ios" : 0,
        "drop_ios" : 0,
        "slat_ns" : {
          "min" : 2794,
          "max" : 1675731290,
          "mean" : 107046302.827054,
          "stddev" : 217376090.662362,
          "N" : 17809
        },
        "clat_ns" : {
          "min" : 2253925,
          "max" : 4125383892,
          "mean" : 737116971.879892,
          "stddev" : 722138537.291593,
          "N" : 17809,
          "percentile" : {
            "1.000000" : 233832448,
            "5.000000" : 291504128,
            "10.000000" : 316669952,
            "20.000000" : 333447168,
            "30.000000" : 341835776,
            "40.000000" : 354418688,
            "50.000000" : 362807296,
            "60.000000" : 387973120,
            "70.000000" : 505413632,
            "80.000000" : 1132462080,
            "90.000000" : 1954545664,
            "95.000000" : 2298478592,
            "99.000000" : 3170893824,
            "99.500000" : 3238002688,
            "99.900000" : 3372220416,
            "99.950000" : 3372220416,
            "99.990000" : 3976200192
          }
        },
        "lat_ns" : {
          "min" : 15454596,
          "max" : 4246906206,
          "mean" : 844167747.140940,
          "stddev" : 786206659.648828,
          "N" : 17809
        },
        "bw_min" : 500,
        "bw_max" : 4392,
        "bw_agg" : 100.000000,
        "bw_mean" : 1714.098954,
        "bw_dev" : 16.054076,
        "bw_samples" : 5251,
        "iops_min" : 116,
        "iops_max" : 1098,
        "iops_mean" : 427.763711,
        "iops_stddev" : 4.012715,
        "iops_samples" : 5251
      },
      "write" : {
        "io_bytes" : 72650752,
        "io_kbytes" : 70948,
        "bw_bytes" : 1192012,
        "bw" : 1164,
        "iops" : 291.018573,
        "runtime" : 60948,
        "total_ios" : 17737,
        "short_ios" : 0,
        "drop_ios" : 0,
        "slat_ns" : {
          "min" : 71308,
          "max" : 2511109342,
          "mean" : 109197527.151378,
          "stddev" : 216899332.808056,
          "N" : 17737
        },
        "clat_ns" : {
          "min" : 2857145,
          "max" : 4066547740,
          "mean" : 749845614.371765,
          "stddev" : 723802586.640249,
          "N" : 17737,
          "percentile" : {
            "1.000000" : 274726912,
            "5.000000" : 299892736,
            "10.000000" : 325058560,
            "20.000000" : 337641472,
            "30.000000" : 346030080,
            "40.000000" : 354418688,
            "50.000000" : 367001600,
            "60.000000" : 396361728,
            "70.000000" : 549453824,
            "80.000000" : 1199570944,
            "90.000000" : 1954545664,
            "95.000000" : 2332033024,
            "99.000000" : 3170893824,
            "99.500000" : 3238002688,
            "99.900000" : 3372220416,
            "99.950000" : 3405774848,
            "99.990000" : 4043309056
          }
        },
        "lat_ns" : {
          "min" : 89792832,
          "max" : 4242681144,
          "mean" : 859047681.855782,
          "stddev" : 783083911.004765,
          "N" : 17737
        },
        "bw_min" : 501,
        "bw_max" : 4296,
        "bw_agg" : 100.000000,
        "bw_mean" : 1711.526569,
        "bw_dev" : 16.327941,
        "bw_samples" : 5227,
        "iops_min" : 117,
        "iops_max" : 1074,
        "iops_mean" : 427.094471,
        "iops_stddev" : 4.079311,
        "iops_samples" : 5227
      },
      "trim" : {
        "io_bytes" : 0,
        "io_kbytes" : 0,
        "bw_bytes" : 0,
        "bw" : 0,
        "iops" : 0.000000,
        "runtime" : 0,
        "total_ios" : 0,
        "short_ios" : 0,
        "drop_ios" : 0,
        "slat_ns" : {
          "min" : 0,
          "max" : 0,
          "mean" : 0.000000,
          "stddev" : 0.000000,
          "N" : 0
        },
        "clat_ns" : {
          "min" : 0,
          "max" : 0,
          "mean" : 0.000000,
          "stddev" : 0.000000,
          "N" : 0
        },
        "lat_ns" : {
          "min" : 0,
          "max" : 0,
          "mean" : 0.000000,
          "stddev" : 0.000000,
          "N" : 0
        },
        "bw_min" : 0,
        "bw_max" : 0,
        "bw_agg" : 0.000000,
        "bw_mean" : 0.000000,
        "bw_dev" : 0.000000,
        "bw_samples" : 0,
        "iops_min" : 0,
        "iops_max" : 0,
        "iops_mean" : 0.000000,
        "iops_stddev" : 0.000000,
        "iops_samples" : 0
      },
      "sync" : {
        "total_ios" : 0,
        "lat_ns" : {
          "min" : 0,
          "max" : 0,
          "mean" : 0.000000,
          "stddev" : 0.000000,
          "N" : 0
        }
      },
      "job_runtime" : 3871118,
      "usr_cpu" : 0.018961,
      "sys_cpu" : 0.020098,
      "ctx" : 53453,
      "majf" : 0,
      "minf" : 2599,
      "iodepth_level" : {
        "1" : 0.180048,
        "2" : 0.360097,
        "4" : 0.720194,
        "8" : 98.739661,
        "16" : 0.000000,
        "32" : 0.000000,
        ">=64" : 0.000000
      },
      "iodepth_submit" : {
        "0" : 0.000000,
        "4" : 100.000000,
        "8" : 0.000000,
        "16" : 0.000000,
        "32" : 0.000000,
        "64" : 0.000000,
        ">=64" : 0.000000
      },
      "iodepth_complete" : {
        "0" : 0.000000,
        "4" : 99.817985,
        "8" : 0.182015,
        "16" : 0.000000,
        "32" : 0.000000,
        "64" : 0.000000,
        ">=64" : 0.000000
      },
      "latency_ns" : {
        "2" : 0.000000,
        "4" : 0.000000,
        "10" : 0.000000,
        "20" : 0.000000,
        "50" : 0.000000,
        "100" : 0.000000,
        "250" : 0.000000,
        "500" : 0.000000,
        "750" : 0.000000,
        "1000" : 0.000000
      },
      "latency_us" : {
        "2" : 0.000000,
        "4" : 0.000000,
        "10" : 0.000000,
        "20" : 0.000000,
        "50" : 0.000000,
        "100" : 0.000000,
        "250" : 0.000000,
        "500" : 0.000000,
        "750" : 0.000000,
        "1000" : 0.000000
      },
      "latency_ms" : {
        "2" : 0.000000,
        "4" : 0.022506,
        "10" : 0.019693,
        "20" : 0.014066,
        "50" : 0.019693,
        "100" : 0.045012,
        "250" : 0.883362,
        "500" : 68.207393,
        "750" : 4.543409,
        "1000" : 4.290215,
        "2000" : 12.437405,
        ">=2000" : 9.517245
      },
      "latency_depth" : 8,
      "latency_target" : 0,
      "latency_percentile" : 100.000000,
      "latency_window" : 0
    }
  ]
}
