{
  "fio version" : "fio-3.29-112-gc3773",
  "timestamp" : 1649354915,
  "timestamp_ms" : 1649354915181,
  "time" : "Thu Apr  7 18:08:35 2022",
  "global options" : {
    "size" : "50M",
    "runtime" : "60",
    "rwmixread" : "50",
    "directory" : "/mnt/gfs"
  },
  "jobs" : [
    {
      "jobname" : "iotest",
      "groupid" : 0,
      "error" : 0,
      "eta" : 0,
      "elapsed" : 61,
      "job options" : {
        "rw" : "randrw",
        "bs" : "4k",
        "ioengine" : "libaio",
        "iodepth" : "1",
        "numjobs" : "2",
        "direct" : "1",
        "group_reporting" : "1",
        "invalidate" : "1",
        "loops" : "1",
        "write_bw_log" : "./fio-bench-07-04-2022--16-25-57-rand-gfs/randrw/gfs/randrw50/4k/randrw-iodepth-1-numjobs-2",
        "write_lat_log" : "./fio-bench-07-04-2022--16-25-57-rand-gfs/randrw/gfs/randrw50/4k/randrw-iodepth-1-numjobs-2",
        "write_iops_log" : "./fio-bench-07-04-2022--16-25-57-rand-gfs/randrw/gfs/randrw50/4k/randrw-iodepth-1-numjobs-2",
        "log_avg_msec" : "500"
      },
      "read" : {
        "io_bytes" : 35336192,
        "io_kbytes" : 34508,
        "bw_bytes" : 588426,
        "bw" : 574,
        "iops" : 143.658829,
        "runtime" : 60052,
        "total_ios" : 8627,
        "short_ios" : 0,
        "drop_ios" : 0,
        "slat_ns" : {
          "min" : 5029,
          "max" : 297035,
          "mean" : 8092.597311,
          "stddev" : 3446.968478,
          "N" : 8627
        },
        "clat_ns" : {
          "min" : 1236543,
          "max" : 283672290,
          "mean" : 10511203.394343,
          "stddev" : 23444166.954774,
          "N" : 8627,
          "percentile" : {
            "1.000000" : 1499136,
            "5.000000" : 1695744,
            "10.000000" : 1925120,
            "20.000000" : 3686400,
            "30.000000" : 4882432,
            "40.000000" : 5996544,
            "50.000000" : 7045120,
            "60.000000" : 8159232,
            "70.000000" : 9240576,
            "80.000000" : 10289152,
            "90.000000" : 11337728,
            "95.000000" : 12779520,
            "99.000000" : 160432128,
            "99.500000" : 204472320,
            "99.900000" : 244318208,
            "99.950000" : 267386880,
            "99.990000" : 283115520
          }
        },
        "lat_ns" : {
          "min" : 1247089,
          "max" : 283682836,
          "mean" : 10522112.550481,
          "stddev" : 23444168.423859,
          "N" : 8627
        },
        "bw_min" : 160,
        "bw_max" : 888,
        "bw_agg" : 100.000000,
        "bw_mean" : 575.000000,
        "bw_dev" : 91.758789,
        "bw_samples" : 240,
        "iops_min" : 40,
        "iops_max" : 222,
        "iops_mean" : 143.750000,
        "iops_stddev" : 22.939697,
        "iops_samples" : 240
      },
      "write" : {
        "io_bytes" : 36388864,
        "io_kbytes" : 35536,
        "bw_bytes" : 605955,
        "bw" : 591,
        "iops" : 147.938453,
        "runtime" : 60052,
        "total_ios" : 8884,
        "short_ios" : 0,
        "drop_ios" : 0,
        "slat_ns" : {
          "min" : 19835,
          "max" : 6385253,
          "mean" : 33918.537933,
          "stddev" : 75162.762005,
          "N" : 8884
        },
        "clat_ns" : {
          "min" : 2552076,
          "max" : 442766817,
          "mean" : 3242548.192593,
          "stddev" : 5583587.119888,
          "N" : 8884,
          "percentile" : {
            "1.000000" : 2703360,
            "5.000000" : 2801664,
            "10.000000" : 2867200,
            "20.000000" : 2899968,
            "30.000000" : 2932736,
            "40.000000" : 2965504,
            "50.000000" : 2998272,
            "60.000000" : 2998272,
            "70.000000" : 3063808,
            "80.000000" : 3096576,
            "90.000000" : 3227648,
            "95.000000" : 3981312,
            "99.000000" : 4554752,
            "99.500000" : 6520832,
            "99.900000" : 42205184,
            "99.950000" : 107479040,
            "99.990000" : 442499072
          }
        },
        "lat_ns" : {
          "min" : 2591886,
          "max" : 442798525,
          "mean" : 3279324.022850,
          "stddev" : 5584098.981593,
          "N" : 8884
        },
        "bw_min" : 128,
        "bw_max" : 984,
        "bw_agg" : 100.000000,
        "bw_mean" : 592.266667,
        "bw_dev" : 94.518461,
        "bw_samples" : 240,
        "iops_min" : 32,
        "iops_max" : 246,
        "iops_mean" : 148.066667,
        "iops_stddev" : 23.629615,
        "iops_samples" : 240
      },
      "trim" : {
        "io_bytes" : 0,
        "io_kbytes" : 0,
        "bw_bytes" : 0,
        "bw" : 0,
        "iops" : 0.000000,
        "runtime" : 0,
        "total_ios" : 0,
        "short_ios" : 0,
        "drop_ios" : 0,
        "slat_ns" : {
          "min" : 0,
          "max" : 0,
          "mean" : 0.000000,
          "stddev" : 0.000000,
          "N" : 0
        },
        "clat_ns" : {
          "min" : 0,
          "max" : 0,
          "mean" : 0.000000,
          "stddev" : 0.000000,
          "N" : 0
        },
        "lat_ns" : {
          "min" : 0,
          "max" : 0,
          "mean" : 0.000000,
          "stddev" : 0.000000,
          "N" : 0
        },
        "bw_min" : 0,
        "bw_max" : 0,
        "bw_agg" : 0.000000,
        "bw_mean" : 0.000000,
        "bw_dev" : 0.000000,
        "bw_samples" : 0,
        "iops_min" : 0,
        "iops_max" : 0,
        "iops_mean" : 0.000000,
        "iops_stddev" : 0.000000,
        "iops_samples" : 0
      },
      "sync" : {
        "total_ios" : 0,
        "lat_ns" : {
          "min" : 0,
          "max" : 0,
          "mean" : 0.000000,
          "stddev" : 0.000000,
          "N" : 0
        }
      },
      "job_runtime" : 120056,
      "usr_cpu" : 0.122443,
      "sys_cpu" : 0.365663,
      "ctx" : 26442,
      "majf" : 0,
      "minf" : 79,
      "iodepth_level" : {
        "1" : 100.000000,
        "2" : 0.000000,
        "4" : 0.000000,
        "8" : 0.000000,
        "16" : 0.000000,
        "32" : 0.000000,
        ">=64" : 0.000000
      },
      "iodepth_submit" : {
        "0" : 0.000000,
        "4" : 100.000000,
        "8" : 0.000000,
        "16" : 0.000000,
        "32" : 0.000000,
        "64" : 0.000000,
        ">=64" : 0.000000
      },
      "iodepth_complete" : {
        "0" : 0.000000,
        "4" : 100.000000,
        "8" : 0.000000,
        "16" : 0.000000,
        "32" : 0.000000,
        "64" : 0.000000,
        ">=64" : 0.000000
      },
      "latency_ns" : {
        "2" : 0.000000,
        "4" : 0.000000,
        "10" : 0.000000,
        "20" : 0.000000,
        "50" : 0.000000,
        "100" : 0.000000,
        "250" : 0.000000,
        "500" : 0.000000,
        "750" : 0.000000,
        "1000" : 0.000000
      },
      "latency_us" : {
        "2" : 0.000000,
        "4" : 0.000000,
        "10" : 0.000000,
        "20" : 0.000000,
        "50" : 0.000000,
        "100" : 0.000000,
        "250" : 0.000000,
        "500" : 0.000000,
        "750" : 0.000000,
        "1000" : 0.000000
      },
      "latency_ms" : {
        "2" : 5.750671,
        "4" : 53.743361,
        "10" : 29.033179,
        "20" : 9.268460,
        "50" : 0.936554,
        "100" : 0.456856,
        "250" : 0.759523,
        "500" : 0.051396,
        "750" : 0.000000,
        "1000" : 0.000000,
        "2000" : 0.000000,
        ">=2000" : 0.000000
      },
      "latency_depth" : 1,
      "latency_target" : 0,
      "latency_percentile" : 100.000000,
      "latency_window" : 0
    }
  ]
}
