{
  "fio version" : "fio-3.29-112-gc3773",
  "timestamp" : 1649357871,
  "timestamp_ms" : 1649357871608,
  "time" : "Thu Apr  7 18:57:51 2022",
  "global options" : {
    "size" : "50M",
    "runtime" : "60",
    "rwmixread" : "50",
    "directory" : "/mnt/gfs"
  },
  "jobs" : [
    {
      "jobname" : "iotest",
      "groupid" : 0,
      "error" : 0,
      "eta" : 0,
      "elapsed" : 63,
      "job options" : {
        "rw" : "randrw",
        "bs" : "4k",
        "ioengine" : "libaio",
        "iodepth" : "2",
        "numjobs" : "32",
        "direct" : "1",
        "group_reporting" : "1",
        "invalidate" : "1",
        "loops" : "1",
        "write_bw_log" : "./fio-bench-07-04-2022--16-25-57-rand-gfs/randrw/gfs/randrw50/4k/randrw-iodepth-2-numjobs-32",
        "write_lat_log" : "./fio-bench-07-04-2022--16-25-57-rand-gfs/randrw/gfs/randrw50/4k/randrw-iodepth-2-numjobs-32",
        "write_iops_log" : "./fio-bench-07-04-2022--16-25-57-rand-gfs/randrw/gfs/randrw50/4k/randrw-iodepth-2-numjobs-32",
        "log_avg_msec" : "500"
      },
      "read" : {
        "io_bytes" : 156459008,
        "io_kbytes" : 152792,
        "bw_bytes" : 2520036,
        "bw" : 2460,
        "iops" : 615.243372,
        "runtime" : 62086,
        "total_ios" : 38198,
        "short_ios" : 0,
        "drop_ios" : 0,
        "slat_ns" : {
          "min" : 3492,
          "max" : 79480,
          "mean" : 8782.036939,
          "stddev" : 1642.947061,
          "N" : 38198
        },
        "clat_ns" : {
          "min" : 1371686,
          "max" : 4069312550,
          "mean" : 49260069.163831,
          "stddev" : 203260719.083638,
          "N" : 38198,
          "percentile" : {
            "1.000000" : 2965504,
            "5.000000" : 4751360,
            "10.000000" : 6782976,
            "20.000000" : 10158080,
            "30.000000" : 13959168,
            "40.000000" : 17956864,
            "50.000000" : 21889024,
            "60.000000" : 26607616,
            "70.000000" : 31850496,
            "80.000000" : 38010880,
            "90.000000" : 48496640,
            "95.000000" : 61079552,
            "99.000000" : 1468006400,
            "99.500000" : 1769996288,
            "99.900000" : 2105540608,
            "99.950000" : 2835349504,
            "99.990000" : 3774873600
          }
        },
        "lat_ns" : {
          "min" : 1382442,
          "max" : 4069324143,
          "mean" : 49271663.466595,
          "stddev" : 203260792.221484,
          "N" : 38198
        },
        "bw_min" : 440,
        "bw_max" : 10352,
        "bw_agg" : 100.000000,
        "bw_mean" : 3397.012446,
        "bw_dev" : 73.478994,
        "bw_samples" : 2604,
        "iops_min" : 110,
        "iops_max" : 2588,
        "iops_mean" : 849.170938,
        "iops_stddev" : 18.365277,
        "iops_samples" : 2604
      },
      "write" : {
        "io_bytes" : 155979776,
        "io_kbytes" : 152324,
        "bw_bytes" : 2512318,
        "bw" : 2453,
        "iops" : 613.358889,
        "runtime" : 62086,
        "total_ios" : 38081,
        "short_ios" : 0,
        "drop_ios" : 0,
        "slat_ns" : {
          "min" : 16413,
          "max" : 5432617,
          "mean" : 55443.694309,
          "stddev" : 117506.527582,
          "N" : 38081
        },
        "clat_ns" : {
          "min" : 2519251,
          "max" : 3790780456,
          "mean" : 52855950.391403,
          "stddev" : 205844325.963157,
          "N" : 38081,
          "percentile" : {
            "1.000000" : 4145152,
            "5.000000" : 7241728,
            "10.000000" : 9764864,
            "20.000000" : 14745600,
            "30.000000" : 19529728,
            "40.000000" : 23724032,
            "50.000000" : 27656192,
            "60.000000" : 31850496,
            "70.000000" : 35913728,
            "80.000000" : 41156608,
            "90.000000" : 50069504,
            "95.000000" : 61079552,
            "99.000000" : 1451229184,
            "99.500000" : 1920991232,
            "99.900000" : 2264924160,
            "99.950000" : 2499805184,
            "99.990000" : 3506438144
          }
        },
        "lat_ns" : {
          "min" : 2556686,
          "max" : 3790814679,
          "mean" : 52914391.584438,
          "stddev" : 205851886.679237,
          "N" : 38081
        },
        "bw_min" : 424,
        "bw_max" : 9791,
        "bw_agg" : 100.000000,
        "bw_mean" : 3497.194500,
        "bw_dev" : 71.346070,
        "bw_samples" : 2490,
        "iops_min" : 106,
        "iops_max" : 2447,
        "iops_mean" : 874.222804,
        "iops_stddev" : 17.832579,
        "iops_samples" : 2490
      },
      "trim" : {
        "io_bytes" : 0,
        "io_kbytes" : 0,
        "bw_bytes" : 0,
        "bw" : 0,
        "iops" : 0.000000,
        "runtime" : 0,
        "total_ios" : 0,
        "short_ios" : 0,
        "drop_ios" : 0,
        "slat_ns" : {
          "min" : 0,
          "max" : 0,
          "mean" : 0.000000,
          "stddev" : 0.000000,
          "N" : 0
        },
        "clat_ns" : {
          "min" : 0,
          "max" : 0,
          "mean" : 0.000000,
          "stddev" : 0.000000,
          "N" : 0
        },
        "lat_ns" : {
          "min" : 0,
          "max" : 0,
          "mean" : 0.000000,
          "stddev" : 0.000000,
          "N" : 0
        },
        "bw_min" : 0,
        "bw_max" : 0,
        "bw_agg" : 0.000000,
        "bw_mean" : 0.000000,
        "bw_dev" : 0.000000,
        "bw_samples" : 0,
        "iops_min" : 0,
        "iops_max" : 0,
        "iops_mean" : 0.000000,
        "iops_stddev" : 0.000000,
        "iops_samples" : 0
      },
      "sync" : {
        "total_ios" : 0,
        "lat_ns" : {
          "min" : 0,
          "max" : 0,
          "mean" : 0.000000,
          "stddev" : 0.000000,
          "N" : 0
        }
      },
      "job_runtime" : 1951183,
      "usr_cpu" : 0.056325,
      "sys_cpu" : 0.087178,
      "ctx" : 114260,
      "majf" : 0,
      "minf" : 1327,
      "iodepth_level" : {
        "1" : 0.100000,
        "2" : 99.958049,
        "4" : 0.000000,
        "8" : 0.000000,
        "16" : 0.000000,
        "32" : 0.000000,
        ">=64" : 0.000000
      },
      "iodepth_submit" : {
        "0" : 0.000000,
        "4" : 100.000000,
        "8" : 0.000000,
        "16" : 0.000000,
        "32" : 0.000000,
        "64" : 0.000000,
        ">=64" : 0.000000
      },
      "iodepth_complete" : {
        "0" : 0.000000,
        "4" : 100.000000,
        "8" : 0.000000,
        "16" : 0.000000,
        "32" : 0.000000,
        "64" : 0.000000,
        ">=64" : 0.000000
      },
      "latency_ns" : {
        "2" : 0.000000,
        "4" : 0.000000,
        "10" : 0.000000,
        "20" : 0.000000,
        "50" : 0.000000,
        "100" : 0.000000,
        "250" : 0.000000,
        "500" : 0.000000,
        "750" : 0.000000,
        "1000" : 0.000000
      },
      "latency_us" : {
        "2" : 0.000000,
        "4" : 0.000000,
        "10" : 0.000000,
        "20" : 0.000000,
        "50" : 0.000000,
        "100" : 0.000000,
        "250" : 0.000000,
        "500" : 0.000000,
        "750" : 0.000000,
        "1000" : 0.000000
      },
      "latency_ms" : {
        "2" : 0.103567,
        "4" : 2.021526,
        "10" : 12.957695,
        "20" : 23.192491,
        "50" : 52.248981,
        "100" : 6.984884,
        "250" : 0.918995,
        "500" : 0.213689,
        "750" : 0.034085,
        "1000" : 0.041951,
        "2000" : 1.044849,
        ">=2000" : 0.237287
      },
      "latency_depth" : 2,
      "latency_target" : 0,
      "latency_percentile" : 100.000000,
      "latency_window" : 0
    }
  ]
}
