{
  "fio version" : "fio-3.29-112-gc3773",
  "timestamp" : 1649355613,
  "timestamp_ms" : 1649355613376,
  "time" : "Thu Apr  7 18:20:13 2022",
  "global options" : {
    "size" : "50M",
    "runtime" : "60",
    "rwmixread" : "50",
    "directory" : "/mnt/gfs"
  },
  "jobs" : [
    {
      "jobname" : "iotest",
      "groupid" : 0,
      "error" : 0,
      "eta" : 0,
      "elapsed" : 62,
      "job options" : {
        "rw" : "randrw",
        "bs" : "4k",
        "ioengine" : "libaio",
        "iodepth" : "1",
        "numjobs" : "16",
        "direct" : "1",
        "group_reporting" : "1",
        "invalidate" : "1",
        "loops" : "1",
        "write_bw_log" : "./fio-bench-07-04-2022--16-25-57-rand-gfs/randrw/gfs/randrw50/4k/randrw-iodepth-1-numjobs-16",
        "write_lat_log" : "./fio-bench-07-04-2022--16-25-57-rand-gfs/randrw/gfs/randrw50/4k/randrw-iodepth-1-numjobs-16",
        "write_iops_log" : "./fio-bench-07-04-2022--16-25-57-rand-gfs/randrw/gfs/randrw50/4k/randrw-iodepth-1-numjobs-16",
        "log_avg_msec" : "500"
      },
      "read" : {
        "io_bytes" : 127217664,
        "io_kbytes" : 124236,
        "bw_bytes" : 2064585,
        "bw" : 2016,
        "iops" : 504.049076,
        "runtime" : 61619,
        "total_ios" : 31059,
        "short_ios" : 0,
        "drop_ios" : 0,
        "slat_ns" : {
          "min" : 3911,
          "max" : 41067,
          "mean" : 8356.314112,
          "stddev" : 1401.223685,
          "N" : 31059
        },
        "clat_ns" : {
          "min" : 1256168,
          "max" : 2623567525,
          "mean" : 18531263.530152,
          "stddev" : 103982211.146914,
          "N" : 31059,
          "percentile" : {
            "1.000000" : 1597440,
            "5.000000" : 1728512,
            "10.000000" : 1843200,
            "20.000000" : 2506752,
            "30.000000" : 3063808,
            "40.000000" : 3555328,
            "50.000000" : 4685824,
            "60.000000" : 6717440,
            "70.000000" : 9764864,
            "80.000000" : 13303808,
            "90.000000" : 18743296,
            "95.000000" : 26083328,
            "99.000000" : 261095424,
            "99.500000" : 633339904,
            "99.900000" : 1753219072,
            "99.950000" : 1954545664,
            "99.990000" : 2139095040
          }
        },
        "lat_ns" : {
          "min" : 1267552,
          "max" : 2623579607,
          "mean" : 18542805.211243,
          "stddev" : 103982233.017074,
          "N" : 31059
        },
        "bw_min" : 168,
        "bw_max" : 5872,
        "bw_agg" : 100.000000,
        "bw_mean" : 2609.105728,
        "bw_dev" : 99.045514,
        "bw_samples" : 1441,
        "iops_min" : 42,
        "iops_max" : 1468,
        "iops_mean" : 652.244313,
        "iops_stddev" : 24.757909,
        "iops_samples" : 1441
      },
      "write" : {
        "io_bytes" : 127832064,
        "io_kbytes" : 124836,
        "bw_bytes" : 2074555,
        "bw" : 2025,
        "iops" : 506.483390,
        "runtime" : 61619,
        "total_ios" : 31209,
        "short_ios" : 0,
        "drop_ios" : 0,
        "slat_ns" : {
          "min" : 17740,
          "max" : 8417921,
          "mean" : 46545.125605,
          "stddev" : 160027.738123,
          "N" : 31209
        },
        "clat_ns" : {
          "min" : 2483563,
          "max" : 2378304179,
          "mean" : 12289485.693326,
          "stddev" : 82350540.114466,
          "N" : 31209,
          "percentile" : {
            "1.000000" : 2703360,
            "5.000000" : 2867200,
            "10.000000" : 2932736,
            "20.000000" : 3129344,
            "30.000000" : 3948544,
            "40.000000" : 4227072,
            "50.000000" : 4751360,
            "60.000000" : 5931008,
            "70.000000" : 7241728,
            "80.000000" : 9240576,
            "90.000000" : 12517376,
            "95.000000" : 15663104,
            "99.000000" : 36438016,
            "99.500000" : 346030080,
            "99.900000" : 1417674752,
            "99.950000" : 1535115264,
            "99.990000" : 2365587456
          }
        },
        "lat_ns" : {
          "min" : 2519252,
          "max" : 2378337074,
          "mean" : 12338966.449358,
          "stddev" : 82352047.572033,
          "N" : 31209
        },
        "bw_min" : 136,
        "bw_max" : 6073,
        "bw_agg" : 100.000000,
        "bw_mean" : 2714.882589,
        "bw_dev" : 100.384711,
        "bw_samples" : 1351,
        "iops_min" : 34,
        "iops_max" : 1518,
        "iops_mean" : 678.678983,
        "iops_stddev" : 25.091404,
        "iops_samples" : 1351
      },
      "trim" : {
        "io_bytes" : 0,
        "io_kbytes" : 0,
        "bw_bytes" : 0,
        "bw" : 0,
        "iops" : 0.000000,
        "runtime" : 0,
        "total_ios" : 0,
        "short_ios" : 0,
        "drop_ios" : 0,
        "slat_ns" : {
          "min" : 0,
          "max" : 0,
          "mean" : 0.000000,
          "stddev" : 0.000000,
          "N" : 0
        },
        "clat_ns" : {
          "min" : 0,
          "max" : 0,
          "mean" : 0.000000,
          "stddev" : 0.000000,
          "N" : 0
        },
        "lat_ns" : {
          "min" : 0,
          "max" : 0,
          "mean" : 0.000000,
          "stddev" : 0.000000,
          "N" : 0
        },
        "bw_min" : 0,
        "bw_max" : 0,
        "bw_agg" : 0.000000,
        "bw_mean" : 0.000000,
        "bw_dev" : 0.000000,
        "bw_samples" : 0,
        "iops_min" : 0,
        "iops_max" : 0,
        "iops_mean" : 0.000000,
        "iops_stddev" : 0.000000,
        "iops_samples" : 0
      },
      "sync" : {
        "total_ios" : 0,
        "lat_ns" : {
          "min" : 0,
          "max" : 0,
          "mean" : 0.000000,
          "stddev" : 0.000000,
          "N" : 0
        }
      },
      "job_runtime" : 961571,
      "usr_cpu" : 0.080597,
      "sys_cpu" : 0.144763,
      "ctx" : 93587,
      "majf" : 0,
      "minf" : 641,
      "iodepth_level" : {
        "1" : 100.000000,
        "2" : 0.000000,
        "4" : 0.000000,
        "8" : 0.000000,
        "16" : 0.000000,
        "32" : 0.000000,
        ">=64" : 0.000000
      },
      "iodepth_submit" : {
        "0" : 0.000000,
        "4" : 100.000000,
        "8" : 0.000000,
        "16" : 0.000000,
        "32" : 0.000000,
        "64" : 0.000000,
        ">=64" : 0.000000
      },
      "iodepth_complete" : {
        "0" : 0.000000,
        "4" : 100.000000,
        "8" : 0.000000,
        "16" : 0.000000,
        "32" : 0.000000,
        "64" : 0.000000,
        ">=64" : 0.000000
      },
      "latency_ns" : {
        "2" : 0.000000,
        "4" : 0.000000,
        "10" : 0.000000,
        "20" : 0.000000,
        "50" : 0.000000,
        "100" : 0.000000,
        "250" : 0.000000,
        "500" : 0.000000,
        "750" : 0.000000,
        "1000" : 0.000000
      },
      "latency_us" : {
        "2" : 0.000000,
        "4" : 0.000000,
        "10" : 0.000000,
        "20" : 0.000000,
        "50" : 0.000000,
        "100" : 0.000000,
        "250" : 0.000000,
        "500" : 0.000000,
        "750" : 0.000000,
        "1000" : 0.000000
      },
      "latency_ms" : {
        "2" : 6.934541,
        "4" : 33.403996,
        "10" : 36.948352,
        "20" : 17.415045,
        "50" : 3.439969,
        "100" : 0.282649,
        "250" : 0.783709,
        "500" : 0.284255,
        "750" : 0.118841,
        "1000" : 0.085116,
        "2000" : 0.279437,
        ">=2000" : 0.024089
      },
      "latency_depth" : 1,
      "latency_target" : 0,
      "latency_percentile" : 100.000000,
      "latency_window" : 0
    }
  ]
}
