{
  "fio version" : "fio-3.29-112-gc3773",
  "timestamp" : 1649359856,
  "timestamp_ms" : 1649359856214,
  "time" : "Thu Apr  7 19:30:56 2022",
  "global options" : {
    "size" : "50M",
    "runtime" : "60",
    "rwmixread" : "50",
    "directory" : "/mnt/gfs"
  },
  "jobs" : [
    {
      "jobname" : "iotest",
      "groupid" : 0,
      "error" : 0,
      "eta" : 0,
      "elapsed" : 63,
      "job options" : {
        "rw" : "randrw",
        "bs" : "4k",
        "ioengine" : "libaio",
        "iodepth" : "64",
        "numjobs" : "8",
        "direct" : "1",
        "group_reporting" : "1",
        "invalidate" : "1",
        "loops" : "1",
        "write_bw_log" : "./fio-bench-07-04-2022--16-25-57-rand-gfs/randrw/gfs/randrw50/4k/randrw-iodepth-64-numjobs-8",
        "write_lat_log" : "./fio-bench-07-04-2022--16-25-57-rand-gfs/randrw/gfs/randrw50/4k/randrw-iodepth-64-numjobs-8",
        "write_iops_log" : "./fio-bench-07-04-2022--16-25-57-rand-gfs/randrw/gfs/randrw50/4k/randrw-iodepth-64-numjobs-8",
        "log_avg_msec" : "500"
      },
      "read" : {
        "io_bytes" : 52187136,
        "io_kbytes" : 50964,
        "bw_bytes" : 840873,
        "bw" : 821,
        "iops" : 205.291397,
        "runtime" : 62063,
        "total_ios" : 12741,
        "short_ios" : 0,
        "drop_ios" : 0,
        "slat_ns" : {
          "min" : 4051,
          "max" : 1960690488,
          "mean" : 18995275.355859,
          "stddev" : 120076843.315349,
          "N" : 12741
        },
        "clat_ns" : {
          "min" : 31448355,
          "max" : 3117150692,
          "mean" : 1160049785.466996,
          "stddev" : 916362343.076550,
          "N" : 12741,
          "percentile" : {
            "1.000000" : 304087040,
            "5.000000" : 358612992,
            "10.000000" : 375390208,
            "20.000000" : 392167424,
            "30.000000" : 404750336,
            "40.000000" : 417333248,
            "50.000000" : 484442112,
            "60.000000" : 1044381696,
            "70.000000" : 2122317824,
            "80.000000" : 2298478592,
            "90.000000" : 2466250752,
            "95.000000" : 2634022912,
            "99.000000" : 2768240640,
            "99.500000" : 2801795072,
            "99.900000" : 3103784960,
            "99.950000" : 3103784960,
            "99.990000" : 3103784960
          }
        },
        "lat_ns" : {
          "min" : 43491677,
          "max" : 3122382306,
          "mean" : 1179048173.108704,
          "stddev" : 920233358.514580,
          "N" : 12741
        },
        "bw_min" : 64,
        "bw_max" : 3056,
        "bw_agg" : 100.000000,
        "bw_mean" : 1298.337726,
        "bw_dev" : 116.290654,
        "bw_samples" : 617,
        "iops_min" : 16,
        "iops_max" : 764,
        "iops_mean" : 324.584432,
        "iops_stddev" : 29.072664,
        "iops_samples" : 617
      },
      "write" : {
        "io_bytes" : 53501952,
        "io_kbytes" : 52248,
        "bw_bytes" : 862058,
        "bw" : 841,
        "iops" : 210.463561,
        "runtime" : 62063,
        "total_ios" : 13062,
        "short_ios" : 0,
        "drop_ios" : 0,
        "slat_ns" : {
          "min" : 70400,
          "max" : 1966982785,
          "mean" : 18191645.249655,
          "stddev" : 113301321.137161,
          "N" : 13062
        },
        "clat_ns" : {
          "min" : 11975996,
          "max" : 3199779921,
          "mean" : 1185162101.946639,
          "stddev" : 922638865.710346,
          "N" : 13062,
          "percentile" : {
            "1.000000" : 316669952,
            "5.000000" : 367001600,
            "10.000000" : 379584512,
            "20.000000" : 392167424,
            "30.000000" : 404750336,
            "40.000000" : 421527552,
            "50.000000" : 505413632,
            "60.000000" : 1149239296,
            "70.000000" : 2164260864,
            "80.000000" : 2332033024,
            "90.000000" : 2499805184,
            "95.000000" : 2634022912,
            "99.000000" : 2734686208,
            "99.500000" : 2835349504,
            "99.900000" : 3170893824,
            "99.950000" : 3170893824,
            "99.990000" : 3204448256
          }
        },
        "lat_ns" : {
          "min" : 23295691,
          "max" : 3207332017,
          "mean" : 1203356879.727837,
          "stddev" : 925913112.782462,
          "N" : 13062
        },
        "bw_min" : 64,
        "bw_max" : 3240,
        "bw_agg" : 100.000000,
        "bw_mean" : 1323.019353,
        "bw_dev" : 119.890063,
        "bw_samples" : 619,
        "iops_min" : 16,
        "iops_max" : 810,
        "iops_mean" : 330.754838,
        "iops_stddev" : 29.975323,
        "iops_samples" : 619
      },
      "trim" : {
        "io_bytes" : 0,
        "io_kbytes" : 0,
        "bw_bytes" : 0,
        "bw" : 0,
        "iops" : 0.000000,
        "runtime" : 0,
        "total_ios" : 0,
        "short_ios" : 0,
        "drop_ios" : 0,
        "slat_ns" : {
          "min" : 0,
          "max" : 0,
          "mean" : 0.000000,
          "stddev" : 0.000000,
          "N" : 0
        },
        "clat_ns" : {
          "min" : 0,
          "max" : 0,
          "mean" : 0.000000,
          "stddev" : 0.000000,
          "N" : 0
        },
        "lat_ns" : {
          "min" : 0,
          "max" : 0,
          "mean" : 0.000000,
          "stddev" : 0.000000,
          "N" : 0
        },
        "bw_min" : 0,
        "bw_max" : 0,
        "bw_agg" : 0.000000,
        "bw_mean" : 0.000000,
        "bw_dev" : 0.000000,
        "bw_samples" : 0,
        "iops_min" : 0,
        "iops_max" : 0,
        "iops_mean" : 0.000000,
        "iops_stddev" : 0.000000,
        "iops_samples" : 0
      },
      "sync" : {
        "total_ios" : 0,
        "lat_ns" : {
          "min" : 0,
          "max" : 0,
          "mean" : 0.000000,
          "stddev" : 0.000000,
          "N" : 0
        }
      },
      "job_runtime" : 485464,
      "usr_cpu" : 0.070654,
      "sys_cpu" : 0.114736,
      "ctx" : 38902,
      "majf" : 0,
      "minf" : 321,
      "iodepth_level" : {
        "1" : 0.100000,
        "2" : 0.100000,
        "4" : 0.124017,
        "8" : 0.248033,
        "16" : 0.496066,
        "32" : 0.992133,
        ">=64" : 98.046739
      },
      "iodepth_submit" : {
        "0" : 0.000000,
        "4" : 100.000000,
        "8" : 0.000000,
        "16" : 0.000000,
        "32" : 0.000000,
        "64" : 0.000000,
        ">=64" : 0.000000
      },
      "iodepth_complete" : {
        "0" : 0.000000,
        "4" : 99.968388,
        "8" : 0.000000,
        "16" : 0.000000,
        "32" : 0.000000,
        "64" : 0.100000,
        ">=64" : 0.000000
      },
      "latency_ns" : {
        "2" : 0.000000,
        "4" : 0.000000,
        "10" : 0.000000,
        "20" : 0.000000,
        "50" : 0.000000,
        "100" : 0.000000,
        "250" : 0.000000,
        "500" : 0.000000,
        "750" : 0.000000,
        "1000" : 0.000000
      },
      "latency_us" : {
        "2" : 0.000000,
        "4" : 0.000000,
        "10" : 0.000000,
        "20" : 0.000000,
        "50" : 0.000000,
        "100" : 0.000000,
        "250" : 0.000000,
        "500" : 0.000000,
        "750" : 0.000000,
        "1000" : 0.000000
      },
      "latency_ms" : {
        "2" : 0.000000,
        "4" : 0.000000,
        "10" : 0.000000,
        "20" : 0.010000,
        "50" : 0.069759,
        "100" : 0.174398,
        "250" : 0.457311,
        "500" : 49.622137,
        "750" : 5.906290,
        "1000" : 2.228423,
        "2000" : 8.429252,
        ">=2000" : 33.104678
      },
      "latency_depth" : 64,
      "latency_target" : 0,
      "latency_percentile" : 100.000000,
      "latency_window" : 0
    }
  ]
}
