{
  "fio version" : "fio-3.29-112-gc3773",
  "timestamp" : 1649359793,
  "timestamp_ms" : 1649359793895,
  "time" : "Thu Apr  7 19:29:53 2022",
  "global options" : {
    "size" : "50M",
    "runtime" : "60",
    "rwmixread" : "50",
    "directory" : "/mnt/gfs"
  },
  "jobs" : [
    {
      "jobname" : "iotest",
      "groupid" : 0,
      "error" : 0,
      "eta" : 0,
      "elapsed" : 61,
      "job options" : {
        "rw" : "randrw",
        "bs" : "4k",
        "ioengine" : "libaio",
        "iodepth" : "64",
        "numjobs" : "4",
        "direct" : "1",
        "group_reporting" : "1",
        "invalidate" : "1",
        "loops" : "1",
        "write_bw_log" : "./fio-bench-07-04-2022--16-25-57-rand-gfs/randrw/gfs/randrw50/4k/randrw-iodepth-64-numjobs-4",
        "write_lat_log" : "./fio-bench-07-04-2022--16-25-57-rand-gfs/randrw/gfs/randrw50/4k/randrw-iodepth-64-numjobs-4",
        "write_iops_log" : "./fio-bench-07-04-2022--16-25-57-rand-gfs/randrw/gfs/randrw50/4k/randrw-iodepth-64-numjobs-4",
        "log_avg_msec" : "500"
      },
      "read" : {
        "io_bytes" : 51818496,
        "io_kbytes" : 50604,
        "bw_bytes" : 862348,
        "bw" : 842,
        "iops" : 210.534199,
        "runtime" : 60090,
        "total_ios" : 12651,
        "short_ios" : 0,
        "drop_ios" : 0,
        "slat_ns" : {
          "min" : 3143,
          "max" : 1721398201,
          "mean" : 8468185.236108,
          "stddev" : 61473951.795169,
          "N" : 12651
        },
        "clat_ns" : {
          "min" : 9264890,
          "max" : 2699659870,
          "mean" : 560156283.006562,
          "stddev" : 634166269.522682,
          "N" : 12651,
          "percentile" : {
            "1.000000" : 96993280,
            "5.000000" : 206569472,
            "10.000000" : 229638144,
            "20.000000" : 248512512,
            "30.000000" : 263192576,
            "40.000000" : 278921216,
            "50.000000" : 295698432,
            "60.000000" : 312475648,
            "70.000000" : 337641472,
            "80.000000" : 476053504,
            "90.000000" : 1686110208,
            "95.000000" : 2298478592,
            "99.000000" : 2600468480,
            "99.500000" : 2667577344,
            "99.900000" : 2701131776,
            "99.950000" : 2701131776,
            "99.990000" : 2701131776
          }
        },
        "lat_ns" : {
          "min" : 12803896,
          "max" : 2703712631,
          "mean" : 568627502.433168,
          "stddev" : 638202751.412759,
          "N" : 12651
        },
        "bw_min" : 32,
        "bw_max" : 2257,
        "bw_agg" : 100.000000,
        "bw_mean" : 1038.860757,
        "bw_dev" : 172.862731,
        "bw_samples" : 386,
        "iops_min" : 8,
        "iops_max" : 564,
        "iops_mean" : 259.704852,
        "iops_stddev" : 43.211442,
        "iops_samples" : 386
      },
      "write" : {
        "io_bytes" : 53637120,
        "io_kbytes" : 52380,
        "bw_bytes" : 892613,
        "bw" : 871,
        "iops" : 217.923115,
        "runtime" : 60090,
        "total_ios" : 13095,
        "short_ios" : 0,
        "drop_ios" : 0,
        "slat_ns" : {
          "min" : 62717,
          "max" : 1890169543,
          "mean" : 9642444.003895,
          "stddev" : 72557094.820474,
          "N" : 13095
        },
        "clat_ns" : {
          "min" : 3990043,
          "max" : 3902873712,
          "mean" : 613449334.039251,
          "stddev" : 671539563.851049,
          "N" : 13095,
          "percentile" : {
            "1.000000" : 183500800,
            "5.000000" : 225443840,
            "10.000000" : 242221056,
            "20.000000" : 263192576,
            "30.000000" : 283115520,
            "40.000000" : 295698432,
            "50.000000" : 312475648,
            "60.000000" : 329252864,
            "70.000000" : 371195904,
            "80.000000" : 801112064,
            "90.000000" : 1870659584,
            "95.000000" : 2399141888,
            "99.000000" : 2667577344,
            "99.500000" : 2701131776,
            "99.900000" : 2768240640,
            "99.950000" : 3338665984,
            "99.990000" : 3841982464
          }
        },
        "lat_ns" : {
          "min" : 11228343,
          "max" : 3911229546,
          "mean" : 623094902.233066,
          "stddev" : 676794675.523710,
          "N" : 13095
        },
        "bw_min" : 40,
        "bw_max" : 2625,
        "bw_agg" : 100.000000,
        "bw_mean" : 1088.838344,
        "bw_dev" : 183.191347,
        "bw_samples" : 381,
        "iops_min" : 10,
        "iops_max" : 656,
        "iops_mean" : 272.193849,
        "iops_stddev" : 45.791408,
        "iops_samples" : 381
      },
      "trim" : {
        "io_bytes" : 0,
        "io_kbytes" : 0,
        "bw_bytes" : 0,
        "bw" : 0,
        "iops" : 0.000000,
        "runtime" : 0,
        "total_ios" : 0,
        "short_ios" : 0,
        "drop_ios" : 0,
        "slat_ns" : {
          "min" : 0,
          "max" : 0,
          "mean" : 0.000000,
          "stddev" : 0.000000,
          "N" : 0
        },
        "clat_ns" : {
          "min" : 0,
          "max" : 0,
          "mean" : 0.000000,
          "stddev" : 0.000000,
          "N" : 0
        },
        "lat_ns" : {
          "min" : 0,
          "max" : 0,
          "mean" : 0.000000,
          "stddev" : 0.000000,
          "N" : 0
        },
        "bw_min" : 0,
        "bw_max" : 0,
        "bw_agg" : 0.000000,
        "bw_mean" : 0.000000,
        "bw_dev" : 0.000000,
        "bw_samples" : 0,
        "iops_min" : 0,
        "iops_max" : 0,
        "iops_mean" : 0.000000,
        "iops_stddev" : 0.000000,
        "iops_samples" : 0
      },
      "sync" : {
        "total_ios" : 0,
        "lat_ns" : {
          "min" : 0,
          "max" : 0,
          "mean" : 0.000000,
          "stddev" : 0.000000,
          "N" : 0
        }
      },
      "job_runtime" : 240167,
      "usr_cpu" : 0.123664,
      "sys_cpu" : 0.241082,
      "ctx" : 38663,
      "majf" : 0,
      "minf" : 153,
      "iodepth_level" : {
        "1" : 0.100000,
        "2" : 0.100000,
        "4" : 0.100000,
        "8" : 0.124291,
        "16" : 0.248582,
        "32" : 0.497165,
        ">=64" : 99.021207
      },
      "iodepth_submit" : {
        "0" : 0.000000,
        "4" : 100.000000,
        "8" : 0.000000,
        "16" : 0.000000,
        "32" : 0.000000,
        "64" : 0.000000,
        ">=64" : 0.000000
      },
      "iodepth_complete" : {
        "0" : 0.000000,
        "4" : 99.984312,
        "8" : 0.000000,
        "16" : 0.000000,
        "32" : 0.000000,
        "64" : 0.100000,
        ">=64" : 0.000000
      },
      "latency_ns" : {
        "2" : 0.000000,
        "4" : 0.000000,
        "10" : 0.000000,
        "20" : 0.000000,
        "50" : 0.000000,
        "100" : 0.000000,
        "250" : 0.000000,
        "500" : 0.000000,
        "750" : 0.000000,
        "1000" : 0.000000
      },
      "latency_us" : {
        "2" : 0.000000,
        "4" : 0.000000,
        "10" : 0.000000,
        "20" : 0.000000,
        "50" : 0.000000,
        "100" : 0.000000,
        "250" : 0.000000,
        "500" : 0.000000,
        "750" : 0.000000,
        "1000" : 0.000000
      },
      "latency_ms" : {
        "2" : 0.000000,
        "4" : 0.010000,
        "10" : 0.010000,
        "20" : 0.066030,
        "50" : 0.132059,
        "100" : 0.438903,
        "250" : 16.891944,
        "500" : 61.465859,
        "750" : 1.650742,
        "1000" : 2.870349,
        "2000" : 8.801367,
        ">=2000" : 7.671095
      },
      "latency_depth" : 64,
      "latency_target" : 0,
      "latency_percentile" : 100.000000,
      "latency_window" : 0
    }
  ]
}
