{
  "fio version" : "fio-3.29-112-gc3773",
  "timestamp" : 1649357747,
  "timestamp_ms" : 1649357747628,
  "time" : "Thu Apr  7 18:55:47 2022",
  "global options" : {
    "size" : "50M",
    "runtime" : "60",
    "rwmixread" : "50",
    "directory" : "/mnt/gfs"
  },
  "jobs" : [
    {
      "jobname" : "iotest",
      "groupid" : 0,
      "error" : 0,
      "eta" : 0,
      "elapsed" : 62,
      "job options" : {
        "rw" : "randrw",
        "bs" : "4k",
        "ioengine" : "libaio",
        "iodepth" : "2",
        "numjobs" : "8",
        "direct" : "1",
        "group_reporting" : "1",
        "invalidate" : "1",
        "loops" : "1",
        "write_bw_log" : "./fio-bench-07-04-2022--16-25-57-rand-gfs/randrw/gfs/randrw50/4k/randrw-iodepth-2-numjobs-8",
        "write_lat_log" : "./fio-bench-07-04-2022--16-25-57-rand-gfs/randrw/gfs/randrw50/4k/randrw-iodepth-2-numjobs-8",
        "write_iops_log" : "./fio-bench-07-04-2022--16-25-57-rand-gfs/randrw/gfs/randrw50/4k/randrw-iodepth-2-numjobs-8",
        "log_avg_msec" : "500"
      },
      "read" : {
        "io_bytes" : 98852864,
        "io_kbytes" : 96536,
        "bw_bytes" : 1623466,
        "bw" : 1585,
        "iops" : 396.354081,
        "runtime" : 60890,
        "total_ios" : 24134,
        "short_ios" : 0,
        "drop_ios" : 0,
        "slat_ns" : {
          "min" : 3422,
          "max" : 119498,
          "mean" : 8404.171791,
          "stddev" : 1560.085490,
          "N" : 24134
        },
        "clat_ns" : {
          "min" : 1248206,
          "max" : 2787765737,
          "mean" : 23257552.548479,
          "stddev" : 138459686.466566,
          "N" : 24134,
          "percentile" : {
            "1.000000" : 1482752,
            "5.000000" : 1712128,
            "10.000000" : 2023424,
            "20.000000" : 3457024,
            "30.000000" : 6324224,
            "40.000000" : 9240576,
            "50.000000" : 11337728,
            "60.000000" : 13434880,
            "70.000000" : 15663104,
            "80.000000" : 18481152,
            "90.000000" : 23461888,
            "95.000000" : 29229056,
            "99.000000" : 170917888,
            "99.500000" : 1010827264,
            "99.900000" : 2264924160,
            "99.950000" : 2399141888,
            "99.990000" : 2566914048
          }
        },
        "lat_ns" : {
          "min" : 1258333,
          "max" : 2787778308,
          "mean" : 23268740.515455,
          "stddev" : 138459711.015975,
          "N" : 24134
        },
        "bw_min" : 312,
        "bw_max" : 5145,
        "bw_agg" : 100.000000,
        "bw_mean" : 2648.425154,
        "bw_dev" : 169.127086,
        "bw_samples" : 631,
        "iops_min" : 78,
        "iops_max" : 1286,
        "iops_mean" : 662.027199,
        "iops_stddev" : 42.272251,
        "iops_samples" : 631
      },
      "write" : {
        "io_bytes" : 100552704,
        "io_kbytes" : 98196,
        "bw_bytes" : 1651382,
        "bw" : 1612,
        "iops" : 403.169650,
        "runtime" : 60890,
        "total_ios" : 24549,
        "short_ios" : 0,
        "drop_ios" : 0,
        "slat_ns" : {
          "min" : 18439,
          "max" : 9992007,
          "mean" : 42140.100371,
          "stddev" : 129803.464455,
          "N" : 24549
        },
        "clat_ns" : {
          "min" : 2464635,
          "max" : 2818327796,
          "mean" : 14072389.252271,
          "stddev" : 104501364.507757,
          "N" : 24549,
          "percentile" : {
            "1.000000" : 2703360,
            "5.000000" : 2801664,
            "10.000000" : 2965504,
            "20.000000" : 3194880,
            "30.000000" : 3981312,
            "40.000000" : 4489216,
            "50.000000" : 5472256,
            "60.000000" : 6717440,
            "70.000000" : 8454144,
            "80.000000" : 10682368,
            "90.000000" : 14876672,
            "95.000000" : 18481152,
            "99.000000" : 36962304,
            "99.500000" : 219152384,
            "99.900000" : 1887436800,
            "99.950000" : 2122317824,
            "99.990000" : 2768240640
          }
        },
        "lat_ns" : {
          "min" : 2504724,
          "max" : 2818455536,
          "mean" : 14117445.026111,
          "stddev" : 104501644.451335,
          "N" : 24549
        },
        "bw_min" : 64,
        "bw_max" : 5264,
        "bw_agg" : 100.000000,
        "bw_mean" : 2730.780667,
        "bw_dev" : 172.549294,
        "bw_samples" : 615,
        "iops_min" : 16,
        "iops_max" : 1316,
        "iops_mean" : 682.628366,
        "iops_stddev" : 43.129134,
        "iops_samples" : 615
      },
      "trim" : {
        "io_bytes" : 0,
        "io_kbytes" : 0,
        "bw_bytes" : 0,
        "bw" : 0,
        "iops" : 0.000000,
        "runtime" : 0,
        "total_ios" : 0,
        "short_ios" : 0,
        "drop_ios" : 0,
        "slat_ns" : {
          "min" : 0,
          "max" : 0,
          "mean" : 0.000000,
          "stddev" : 0.000000,
          "N" : 0
        },
        "clat_ns" : {
          "min" : 0,
          "max" : 0,
          "mean" : 0.000000,
          "stddev" : 0.000000,
          "N" : 0
        },
        "lat_ns" : {
          "min" : 0,
          "max" : 0,
          "mean" : 0.000000,
          "stddev" : 0.000000,
          "N" : 0
        },
        "bw_min" : 0,
        "bw_max" : 0,
        "bw_agg" : 0.000000,
        "bw_mean" : 0.000000,
        "bw_dev" : 0.000000,
        "bw_samples" : 0,
        "iops_min" : 0,
        "iops_max" : 0,
        "iops_mean" : 0.000000,
        "iops_stddev" : 0.000000,
        "iops_samples" : 0
      },
      "sync" : {
        "total_ios" : 0,
        "lat_ns" : {
          "min" : 0,
          "max" : 0,
          "mean" : 0.000000,
          "stddev" : 0.000000,
          "N" : 0
        }
      },
      "job_runtime" : 454325,
      "usr_cpu" : 0.131624,
      "sys_cpu" : 0.244759,
      "ctx" : 73093,
      "majf" : 0,
      "minf" : 315,
      "iodepth_level" : {
        "1" : 0.100000,
        "2" : 99.983567,
        "4" : 0.000000,
        "8" : 0.000000,
        "16" : 0.000000,
        "32" : 0.000000,
        ">=64" : 0.000000
      },
      "iodepth_submit" : {
        "0" : 0.000000,
        "4" : 100.000000,
        "8" : 0.000000,
        "16" : 0.000000,
        "32" : 0.000000,
        "64" : 0.000000,
        ">=64" : 0.000000
      },
      "iodepth_complete" : {
        "0" : 0.000000,
        "4" : 100.000000,
        "8" : 0.000000,
        "16" : 0.000000,
        "32" : 0.000000,
        "64" : 0.000000,
        ">=64" : 0.000000
      },
      "latency_ns" : {
        "2" : 0.000000,
        "4" : 0.000000,
        "10" : 0.000000,
        "20" : 0.000000,
        "50" : 0.000000,
        "100" : 0.000000,
        "250" : 0.000000,
        "500" : 0.000000,
        "750" : 0.000000,
        "1000" : 0.000000
      },
      "latency_us" : {
        "2" : 0.000000,
        "4" : 0.000000,
        "10" : 0.000000,
        "20" : 0.000000,
        "50" : 0.000000,
        "100" : 0.000000,
        "250" : 0.000000,
        "500" : 0.000000,
        "750" : 0.000000,
        "1000" : 0.000000
      },
      "latency_ms" : {
        "2" : 4.792227,
        "4" : 22.535587,
        "10" : 33.508617,
        "20" : 29.275106,
        "50" : 8.633404,
        "100" : 0.260871,
        "250" : 0.410821,
        "500" : 0.137625,
        "750" : 0.014379,
        "1000" : 0.026703,
        "2000" : 0.283467,
        ">=2000" : 0.121192
      },
      "latency_depth" : 2,
      "latency_target" : 0,
      "latency_percentile" : 100.000000,
      "latency_window" : 0
    }
  ]
}
