{
  "fio version" : "fio-3.29-112-gc3773",
  "timestamp" : 1649358599,
  "timestamp_ms" : 1649358599501,
  "time" : "Thu Apr  7 19:09:59 2022",
  "global options" : {
    "size" : "50M",
    "runtime" : "60",
    "rwmixread" : "50",
    "directory" : "/mnt/gfs"
  },
  "jobs" : [
    {
      "jobname" : "iotest",
      "groupid" : 0,
      "error" : 0,
      "eta" : 0,
      "elapsed" : 62,
      "job options" : {
        "rw" : "randrw",
        "bs" : "4k",
        "ioengine" : "libaio",
        "iodepth" : "8",
        "numjobs" : "8",
        "direct" : "1",
        "group_reporting" : "1",
        "invalidate" : "1",
        "loops" : "1",
        "write_bw_log" : "./fio-bench-07-04-2022--16-25-57-rand-gfs/randrw/gfs/randrw50/4k/randrw-iodepth-8-numjobs-8",
        "write_lat_log" : "./fio-bench-07-04-2022--16-25-57-rand-gfs/randrw/gfs/randrw50/4k/randrw-iodepth-8-numjobs-8",
        "write_iops_log" : "./fio-bench-07-04-2022--16-25-57-rand-gfs/randrw/gfs/randrw50/4k/randrw-iodepth-8-numjobs-8",
        "log_avg_msec" : "500"
      },
      "read" : {
        "io_bytes" : 104251392,
        "io_kbytes" : 101808,
        "bw_bytes" : 1686397,
        "bw" : 1646,
        "iops" : 411.718080,
        "runtime" : 61819,
        "total_ios" : 25452,
        "short_ios" : 0,
        "drop_ios" : 0,
        "slat_ns" : {
          "min" : 2863,
          "max" : 54965,
          "mean" : 8260.575672,
          "stddev" : 1861.676495,
          "N" : 25452
        },
        "clat_ns" : {
          "min" : 1456614,
          "max" : 4252080790,
          "mean" : 68425863.902640,
          "stddev" : 269124689.562158,
          "N" : 25452,
          "percentile" : {
            "1.000000" : 3260416,
            "5.000000" : 5996544,
            "10.000000" : 8454144,
            "20.000000" : 14221312,
            "30.000000" : 20840448,
            "40.000000" : 27131904,
            "50.000000" : 32374784,
            "60.000000" : 38010880,
            "70.000000" : 44302336,
            "80.000000" : 52166656,
            "90.000000" : 64749568,
            "95.000000" : 79167488,
            "99.000000" : 1937768448,
            "99.500000" : 2332033024,
            "99.900000" : 3070230528,
            "99.950000" : 3674210304,
            "99.990000" : 3875536896
          }
        },
        "lat_ns" : {
          "min" : 1468627,
          "max" : 4252092523,
          "mean" : 68436927.297423,
          "stddev" : 269124713.439009,
          "N" : 25452
        },
        "bw_min" : 72,
        "bw_max" : 5561,
        "bw_agg" : 100.000000,
        "bw_mean" : 2930.360610,
        "bw_dev" : 210.366792,
        "bw_samples" : 594,
        "iops_min" : 18,
        "iops_max" : 1390,
        "iops_mean" : 732.502348,
        "iops_stddev" : 52.578896,
        "iops_samples" : 594
      },
      "write" : {
        "io_bytes" : 105955328,
        "io_kbytes" : 103472,
        "bw_bytes" : 1713960,
        "bw" : 1673,
        "iops" : 418.447403,
        "runtime" : 61819,
        "total_ios" : 25868,
        "short_ios" : 0,
        "drop_ios" : 0,
        "slat_ns" : {
          "min" : 17810,
          "max" : 12806408,
          "mean" : 65914.532704,
          "stddev" : 143790.968686,
          "N" : 25868
        },
        "clat_ns" : {
          "min" : 2517505,
          "max" : 4577838382,
          "mean" : 73857230.654554,
          "stddev" : 293556415.418939,
          "N" : 25868,
          "percentile" : {
            "1.000000" : 3457024,
            "5.000000" : 5931008,
            "10.000000" : 8224768,
            "20.000000" : 12779520,
            "30.000000" : 17432576,
            "40.000000" : 22413312,
            "50.000000" : 28180480,
            "60.000000" : 34340864,
            "70.000000" : 42205184,
            "80.000000" : 52166656,
            "90.000000" : 67633152,
            "95.000000" : 88604672,
            "99.000000" : 2071986176,
            "99.500000" : 2399141888,
            "99.900000" : 3103784960,
            "99.950000" : 3774873600,
            "99.990000" : 4529848320
          }
        },
        "lat_ns" : {
          "min" : 2558642,
          "max" : 4578245069,
          "mean" : 73926119.966793,
          "stddev" : 293561062.461465,
          "N" : 25868
        },
        "bw_min" : 64,
        "bw_max" : 5952,
        "bw_agg" : 100.000000,
        "bw_mean" : 2963.948384,
        "bw_dev" : 219.777863,
        "bw_samples" : 597,
        "iops_min" : 16,
        "iops_max" : 1488,
        "iops_mean" : 740.898343,
        "iops_stddev" : 54.931747,
        "iops_samples" : 597
      },
      "trim" : {
        "io_bytes" : 0,
        "io_kbytes" : 0,
        "bw_bytes" : 0,
        "bw" : 0,
        "iops" : 0.000000,
        "runtime" : 0,
        "total_ios" : 0,
        "short_ios" : 0,
        "drop_ios" : 0,
        "slat_ns" : {
          "min" : 0,
          "max" : 0,
          "mean" : 0.000000,
          "stddev" : 0.000000,
          "N" : 0
        },
        "clat_ns" : {
          "min" : 0,
          "max" : 0,
          "mean" : 0.000000,
          "stddev" : 0.000000,
          "N" : 0
        },
        "lat_ns" : {
          "min" : 0,
          "max" : 0,
          "mean" : 0.000000,
          "stddev" : 0.000000,
          "N" : 0
        },
        "bw_min" : 0,
        "bw_max" : 0,
        "bw_agg" : 0.000000,
        "bw_mean" : 0.000000,
        "bw_dev" : 0.000000,
        "bw_samples" : 0,
        "iops_min" : 0,
        "iops_max" : 0,
        "iops_mean" : 0.000000,
        "iops_stddev" : 0.000000,
        "iops_samples" : 0
      },
      "sync" : {
        "total_ios" : 0,
        "lat_ns" : {
          "min" : 0,
          "max" : 0,
          "mean" : 0.000000,
          "stddev" : 0.000000,
          "N" : 0
        }
      },
      "job_runtime" : 457113,
      "usr_cpu" : 0.152479,
      "sys_cpu" : 0.238453,
      "ctx" : 73701,
      "majf" : 0,
      "minf" : 322,
      "iodepth_level" : {
        "1" : 0.100000,
        "2" : 0.100000,
        "4" : 0.100000,
        "8" : 99.890881,
        "16" : 0.000000,
        "32" : 0.000000,
        ">=64" : 0.000000
      },
      "iodepth_submit" : {
        "0" : 0.000000,
        "4" : 100.000000,
        "8" : 0.000000,
        "16" : 0.000000,
        "32" : 0.000000,
        "64" : 0.000000,
        ">=64" : 0.000000
      },
      "iodepth_complete" : {
        "0" : 0.000000,
        "4" : 99.984397,
        "8" : 0.100000,
        "16" : 0.000000,
        "32" : 0.000000,
        "64" : 0.000000,
        ">=64" : 0.000000
      },
      "latency_ns" : {
        "2" : 0.000000,
        "4" : 0.000000,
        "10" : 0.000000,
        "20" : 0.000000,
        "50" : 0.000000,
        "100" : 0.000000,
        "250" : 0.000000,
        "500" : 0.000000,
        "750" : 0.000000,
        "1000" : 0.000000
      },
      "latency_us" : {
        "2" : 0.000000,
        "4" : 0.000000,
        "10" : 0.000000,
        "20" : 0.000000,
        "50" : 0.000000,
        "100" : 0.000000,
        "250" : 0.000000,
        "500" : 0.000000,
        "750" : 0.000000,
        "1000" : 0.000000
      },
      "latency_ms" : {
        "2" : 0.027280,
        "4" : 1.835542,
        "10" : 11.593920,
        "20" : 18.858145,
        "50" : 45.491037,
        "100" : 18.612627,
        "250" : 1.210055,
        "500" : 0.535853,
        "750" : 0.163679,
        "1000" : 0.105222,
        "2000" : 0.512471,
        ">=2000" : 1.054170
      },
      "latency_depth" : 8,
      "latency_target" : 0,
      "latency_percentile" : 100.000000,
      "latency_window" : 0
    }
  ]
}
