{
  "fio version" : "fio-3.29-112-gc3773",
  "timestamp" : 1649357625,
  "timestamp_ms" : 1649357625758,
  "time" : "Thu Apr  7 18:53:45 2022",
  "global options" : {
    "size" : "50M",
    "runtime" : "60",
    "rwmixread" : "50",
    "directory" : "/mnt/gfs"
  },
  "jobs" : [
    {
      "jobname" : "iotest",
      "groupid" : 0,
      "error" : 0,
      "eta" : 0,
      "elapsed" : 62,
      "job options" : {
        "rw" : "randrw",
        "bs" : "4k",
        "ioengine" : "libaio",
        "iodepth" : "2",
        "numjobs" : "2",
        "direct" : "1",
        "group_reporting" : "1",
        "invalidate" : "1",
        "loops" : "1",
        "write_bw_log" : "./fio-bench-07-04-2022--16-25-57-rand-gfs/randrw/gfs/randrw50/4k/randrw-iodepth-2-numjobs-2",
        "write_lat_log" : "./fio-bench-07-04-2022--16-25-57-rand-gfs/randrw/gfs/randrw50/4k/randrw-iodepth-2-numjobs-2",
        "write_iops_log" : "./fio-bench-07-04-2022--16-25-57-rand-gfs/randrw/gfs/randrw50/4k/randrw-iodepth-2-numjobs-2",
        "log_avg_msec" : "500"
      },
      "read" : {
        "io_bytes" : 44949504,
        "io_kbytes" : 43896,
        "bw_bytes" : 733055,
        "bw" : 715,
        "iops" : 178.968655,
        "runtime" : 61318,
        "total_ios" : 10974,
        "short_ios" : 0,
        "drop_ios" : 0,
        "slat_ns" : {
          "min" : 4400,
          "max" : 54756,
          "mean" : 8190.863040,
          "stddev" : 1487.448379,
          "N" : 10974
        },
        "clat_ns" : {
          "min" : 1391242,
          "max" : 2416356886,
          "mean" : 13665037.218516,
          "stddev" : 81574432.475111,
          "N" : 10974,
          "percentile" : {
            "1.000000" : 1728512,
            "5.000000" : 2146304,
            "10.000000" : 3555328,
            "20.000000" : 5341184,
            "30.000000" : 6717440,
            "40.000000" : 8093696,
            "50.000000" : 9240576,
            "60.000000" : 10420224,
            "70.000000" : 11468800,
            "80.000000" : 13172736,
            "90.000000" : 15925248,
            "95.000000" : 17956864,
            "99.000000" : 26869760,
            "99.500000" : 105381888,
            "99.900000" : 1736441856,
            "99.950000" : 2071986176,
            "99.990000" : 2139095040
          }
        },
        "lat_ns" : {
          "min" : 1400810,
          "max" : 2416367572,
          "mean" : 13676056.891744,
          "stddev" : 81574449.169542,
          "N" : 10974
        },
        "bw_min" : 16,
        "bw_max" : 1384,
        "bw_agg" : 100.000000,
        "bw_mean" : 918.711998,
        "bw_dev" : 188.765417,
        "bw_samples" : 191,
        "iops_min" : 4,
        "iops_max" : 346,
        "iops_mean" : 229.633363,
        "iops_stddev" : 47.184416,
        "iops_samples" : 191
      },
      "write" : {
        "io_bytes" : 45871104,
        "io_kbytes" : 44796,
        "bw_bytes" : 748085,
        "bw" : 730,
        "iops" : 182.638051,
        "runtime" : 61318,
        "total_ios" : 11199,
        "short_ios" : 0,
        "drop_ios" : 0,
        "slat_ns" : {
          "min" : 17880,
          "max" : 5749208,
          "mean" : 36555.803286,
          "stddev" : 99755.108237,
          "N" : 11199
        },
        "clat_ns" : {
          "min" : 2489149,
          "max" : 2413407830,
          "mean" : 8208887.220020,
          "stddev" : 73426991.436757,
          "N" : 11199,
          "percentile" : {
            "1.000000" : 2703360,
            "5.000000" : 2736128,
            "10.000000" : 2867200,
            "20.000000" : 2965504,
            "30.000000" : 2998272,
            "40.000000" : 3129344,
            "50.000000" : 3719168,
            "60.000000" : 4046848,
            "70.000000" : 4947968,
            "80.000000" : 6455296,
            "90.000000" : 8585216,
            "95.000000" : 9633792,
            "99.000000" : 11468800,
            "99.500000" : 24248320,
            "99.900000" : 1635778560,
            "99.950000" : 1820327936,
            "99.990000" : 2088763392
          }
        },
        "lat_ns" : {
          "min" : 2525327,
          "max" : 2413441703,
          "mean" : 8248341.771140,
          "stddev" : 73426877.823994,
          "N" : 11199
        },
        "bw_min" : 24,
        "bw_max" : 1560,
        "bw_agg" : 100.000000,
        "bw_mean" : 962.731267,
        "bw_dev" : 189.270115,
        "bw_samples" : 186,
        "iops_min" : 6,
        "iops_max" : 390,
        "iops_mean" : 240.647780,
        "iops_stddev" : 47.312783,
        "iops_samples" : 186
      },
      "trim" : {
        "io_bytes" : 0,
        "io_kbytes" : 0,
        "bw_bytes" : 0,
        "bw" : 0,
        "iops" : 0.000000,
        "runtime" : 0,
        "total_ios" : 0,
        "short_ios" : 0,
        "drop_ios" : 0,
        "slat_ns" : {
          "min" : 0,
          "max" : 0,
          "mean" : 0.000000,
          "stddev" : 0.000000,
          "N" : 0
        },
        "clat_ns" : {
          "min" : 0,
          "max" : 0,
          "mean" : 0.000000,
          "stddev" : 0.000000,
          "N" : 0
        },
        "lat_ns" : {
          "min" : 0,
          "max" : 0,
          "mean" : 0.000000,
          "stddev" : 0.000000,
          "N" : 0
        },
        "bw_min" : 0,
        "bw_max" : 0,
        "bw_agg" : 0.000000,
        "bw_mean" : 0.000000,
        "bw_dev" : 0.000000,
        "bw_samples" : 0,
        "iops_min" : 0,
        "iops_max" : 0,
        "iops_mean" : 0.000000,
        "iops_stddev" : 0.000000,
        "iops_samples" : 0
      },
      "sync" : {
        "total_ios" : 0,
        "lat_ns" : {
          "min" : 0,
          "max" : 0,
          "mean" : 0.000000,
          "stddev" : 0.000000,
          "N" : 0
        }
      },
      "job_runtime" : 121322,
      "usr_cpu" : 0.248100,
      "sys_cpu" : 0.378332,
      "ctx" : 33283,
      "majf" : 0,
      "minf" : 83,
      "iodepth_level" : {
        "1" : 0.100000,
        "2" : 99.990980,
        "4" : 0.000000,
        "8" : 0.000000,
        "16" : 0.000000,
        "32" : 0.000000,
        ">=64" : 0.000000
      },
      "iodepth_submit" : {
        "0" : 0.000000,
        "4" : 100.000000,
        "8" : 0.000000,
        "16" : 0.000000,
        "32" : 0.000000,
        "64" : 0.000000,
        ">=64" : 0.000000
      },
      "iodepth_complete" : {
        "0" : 0.000000,
        "4" : 100.000000,
        "8" : 0.000000,
        "16" : 0.000000,
        "32" : 0.000000,
        "64" : 0.000000,
        ">=64" : 0.000000
      },
      "latency_ns" : {
        "2" : 0.000000,
        "4" : 0.000000,
        "10" : 0.000000,
        "20" : 0.000000,
        "50" : 0.000000,
        "100" : 0.000000,
        "250" : 0.000000,
        "500" : 0.000000,
        "750" : 0.000000,
        "1000" : 0.000000
      },
      "latency_us" : {
        "2" : 0.000000,
        "4" : 0.000000,
        "10" : 0.000000,
        "20" : 0.000000,
        "50" : 0.000000,
        "100" : 0.000000,
        "250" : 0.000000,
        "500" : 0.000000,
        "750" : 0.000000,
        "1000" : 0.000000
      },
      "latency_ms" : {
        "2" : 2.006945,
        "4" : 33.856492,
        "10" : 41.081496,
        "20" : 21.733640,
        "50" : 0.780228,
        "100" : 0.112750,
        "250" : 0.162360,
        "500" : 0.058630,
        "750" : 0.010000,
        "1000" : 0.010000,
        "2000" : 0.144320,
        ">=2000" : 0.045100
      },
      "latency_depth" : 2,
      "latency_target" : 0,
      "latency_percentile" : 100.000000,
      "latency_window" : 0
    }
  ]
}
