{
  "fio version" : "fio-3.29-112-gc3773",
  "timestamp" : 1649358659,
  "timestamp_ms" : 1649358659866,
  "time" : "Thu Apr  7 19:10:59 2022",
  "global options" : {
    "size" : "50M",
    "runtime" : "60",
    "rwmixread" : "50",
    "directory" : "/mnt/gfs"
  },
  "jobs" : [
    {
      "jobname" : "iotest",
      "groupid" : 0,
      "error" : 0,
      "eta" : 0,
      "elapsed" : 61,
      "job options" : {
        "rw" : "randrw",
        "bs" : "4k",
        "ioengine" : "libaio",
        "iodepth" : "8",
        "numjobs" : "16",
        "direct" : "1",
        "group_reporting" : "1",
        "invalidate" : "1",
        "loops" : "1",
        "write_bw_log" : "./fio-bench-07-04-2022--16-25-57-rand-gfs/randrw/gfs/randrw50/4k/randrw-iodepth-8-numjobs-16",
        "write_lat_log" : "./fio-bench-07-04-2022--16-25-57-rand-gfs/randrw/gfs/randrw50/4k/randrw-iodepth-8-numjobs-16",
        "write_iops_log" : "./fio-bench-07-04-2022--16-25-57-rand-gfs/randrw/gfs/randrw50/4k/randrw-iodepth-8-numjobs-16",
        "log_avg_msec" : "500"
      },
      "read" : {
        "io_bytes" : 84377600,
        "io_kbytes" : 82400,
        "bw_bytes" : 1404514,
        "bw" : 1371,
        "iops" : 342.898995,
        "runtime" : 60076,
        "total_ios" : 20600,
        "short_ios" : 0,
        "drop_ios" : 0,
        "slat_ns" : {
          "min" : 3422,
          "max" : 1532319855,
          "mean" : 16091897.838301,
          "stddev" : 59936551.331364,
          "N" : 20600
        },
        "clat_ns" : {
          "min" : 1735561,
          "max" : 3423928850,
          "mean" : 154199187.328544,
          "stddev" : 332306746.489935,
          "N" : 20600,
          "percentile" : {
            "1.000000" : 21102592,
            "5.000000" : 46923776,
            "10.000000" : 52166656,
            "20.000000" : 60555264,
            "30.000000" : 67633152,
            "40.000000" : 72876032,
            "50.000000" : 77070336,
            "60.000000" : 82313216,
            "70.000000" : 88604672,
            "80.000000" : 96993280,
            "90.000000" : 143654912,
            "95.000000" : 574619648,
            "99.000000" : 1971322880,
            "99.500000" : 2298478592,
            "99.900000" : 2969567232,
            "99.950000" : 3372220416,
            "99.990000" : 3405774848
          }
        },
        "lat_ns" : {
          "min" : 4010788,
          "max" : 3432649050,
          "mean" : 170294318.685971,
          "stddev" : 342314871.400854,
          "N" : 20600
        },
        "bw_min" : 128,
        "bw_max" : 4568,
        "bw_agg" : 100.000000,
        "bw_mean" : 1910.516014,
        "bw_dev" : 72.718016,
        "bw_samples" : 1374,
        "iops_min" : 32,
        "iops_max" : 1142,
        "iops_mean" : 477.619967,
        "iops_stddev" : 18.179342,
        "iops_samples" : 1374
      },
      "write" : {
        "io_bytes" : 84893696,
        "io_kbytes" : 82904,
        "bw_bytes" : 1413105,
        "bw" : 1379,
        "iops" : 344.996338,
        "runtime" : 60076,
        "total_ios" : 20726,
        "short_ios" : 0,
        "drop_ios" : 0,
        "slat_ns" : {
          "min" : 40508,
          "max" : 1533188403,
          "mean" : 16906361.614011,
          "stddev" : 65252267.762500,
          "N" : 20726
        },
        "clat_ns" : {
          "min" : 4274858,
          "max" : 3409806898,
          "mean" : 184518167.679147,
          "stddev" : 381688872.011572,
          "N" : 20726,
          "percentile" : {
            "1.000000" : 40632320,
            "5.000000" : 48496640,
            "10.000000" : 53739520,
            "20.000000" : 61079552,
            "30.000000" : 66846720,
            "40.000000" : 71827456,
            "50.000000" : 77070336,
            "60.000000" : 82313216,
            "70.000000" : 88604672,
            "80.000000" : 99090432,
            "90.000000" : 265289728,
            "95.000000" : 1132462080,
            "99.000000" : 1988100096,
            "99.500000" : 2264924160,
            "99.900000" : 2734686208,
            "99.950000" : 3003121664,
            "99.990000" : 3338665984
          }
        },
        "lat_ns" : {
          "min" : 19281422,
          "max" : 3417816112,
          "mean" : 201427791.865772,
          "stddev" : 392541886.582762,
          "N" : 20726
        },
        "bw_min" : 128,
        "bw_max" : 4360,
        "bw_agg" : 100.000000,
        "bw_mean" : 1899.149044,
        "bw_dev" : 72.032931,
        "bw_samples" : 1390,
        "iops_min" : 32,
        "iops_max" : 1090,
        "iops_mean" : 474.778540,
        "iops_stddev" : 18.008331,
        "iops_samples" : 1390
      },
      "trim" : {
        "io_bytes" : 0,
        "io_kbytes" : 0,
        "bw_bytes" : 0,
        "bw" : 0,
        "iops" : 0.000000,
        "runtime" : 0,
        "total_ios" : 0,
        "short_ios" : 0,
        "drop_ios" : 0,
        "slat_ns" : {
          "min" : 0,
          "max" : 0,
          "mean" : 0.000000,
          "stddev" : 0.000000,
          "N" : 0
        },
        "clat_ns" : {
          "min" : 0,
          "max" : 0,
          "mean" : 0.000000,
          "stddev" : 0.000000,
          "N" : 0
        },
        "lat_ns" : {
          "min" : 0,
          "max" : 0,
          "mean" : 0.000000,
          "stddev" : 0.000000,
          "N" : 0
        },
        "bw_min" : 0,
        "bw_max" : 0,
        "bw_agg" : 0.000000,
        "bw_mean" : 0.000000,
        "bw_dev" : 0.000000,
        "bw_samples" : 0,
        "iops_min" : 0,
        "iops_max" : 0,
        "iops_mean" : 0.000000,
        "iops_stddev" : 0.000000,
        "iops_samples" : 0
      },
      "sync" : {
        "total_ios" : 0,
        "lat_ns" : {
          "min" : 0,
          "max" : 0,
          "mean" : 0.000000,
          "stddev" : 0.000000,
          "N" : 0
        }
      },
      "job_runtime" : 960720,
      "usr_cpu" : 0.057665,
      "sys_cpu" : 0.095553,
      "ctx" : 63822,
      "majf" : 0,
      "minf" : 644,
      "iodepth_level" : {
        "1" : 0.100000,
        "2" : 0.100000,
        "4" : 0.154866,
        "8" : 99.728984,
        "16" : 0.000000,
        "32" : 0.000000,
        ">=64" : 0.000000
      },
      "iodepth_submit" : {
        "0" : 0.000000,
        "4" : 100.000000,
        "8" : 0.000000,
        "16" : 0.000000,
        "32" : 0.000000,
        "64" : 0.000000,
        ">=64" : 0.000000
      },
      "iodepth_complete" : {
        "0" : 0.000000,
        "4" : 99.961193,
        "8" : 0.100000,
        "16" : 0.000000,
        "32" : 0.000000,
        "64" : 0.000000,
        ">=64" : 0.000000
      },
      "latency_ns" : {
        "2" : 0.000000,
        "4" : 0.000000,
        "10" : 0.000000,
        "20" : 0.000000,
        "50" : 0.000000,
        "100" : 0.000000,
        "250" : 0.000000,
        "500" : 0.000000,
        "750" : 0.000000,
        "1000" : 0.000000
      },
      "latency_us" : {
        "2" : 0.000000,
        "4" : 0.000000,
        "10" : 0.000000,
        "20" : 0.000000,
        "50" : 0.000000,
        "100" : 0.000000,
        "250" : 0.000000,
        "500" : 0.000000,
        "750" : 0.000000,
        "1000" : 0.000000
      },
      "latency_ms" : {
        "2" : 0.019358,
        "4" : 0.123409,
        "10" : 0.179064,
        "20" : 0.171805,
        "50" : 6.460824,
        "100" : 74.643082,
        "250" : 9.357305,
        "500" : 2.538354,
        "750" : 0.967914,
        "1000" : 0.980013,
        "2000" : 3.607898,
        ">=2000" : 0.950975
      },
      "latency_depth" : 8,
      "latency_target" : 0,
      "latency_percentile" : 100.000000,
      "latency_window" : 0
    }
  ]
}
