{
  "fio version" : "fio-3.29-112-gc3773",
  "timestamp" : 1649359673,
  "timestamp_ms" : 1649359673180,
  "time" : "Thu Apr  7 19:27:53 2022",
  "global options" : {
    "size" : "50M",
    "runtime" : "60",
    "rwmixread" : "50",
    "directory" : "/mnt/gfs"
  },
  "jobs" : [
    {
      "jobname" : "iotest",
      "groupid" : 0,
      "error" : 0,
      "eta" : 0,
      "elapsed" : 55,
      "job options" : {
        "rw" : "randrw",
        "bs" : "4k",
        "ioengine" : "libaio",
        "iodepth" : "64",
        "numjobs" : "1",
        "direct" : "1",
        "group_reporting" : "1",
        "invalidate" : "1",
        "loops" : "1",
        "write_bw_log" : "./fio-bench-07-04-2022--16-25-57-rand-gfs/randrw/gfs/randrw50/4k/randrw-iodepth-64-numjobs-1",
        "write_lat_log" : "./fio-bench-07-04-2022--16-25-57-rand-gfs/randrw/gfs/randrw50/4k/randrw-iodepth-64-numjobs-1",
        "write_iops_log" : "./fio-bench-07-04-2022--16-25-57-rand-gfs/randrw/gfs/randrw50/4k/randrw-iodepth-64-numjobs-1",
        "log_avg_msec" : "500"
      },
      "read" : {
        "io_bytes" : 26136576,
        "io_kbytes" : 25524,
        "bw_bytes" : 483419,
        "bw" : 472,
        "iops" : 118.022417,
        "runtime" : 54066,
        "total_ios" : 6381,
        "short_ios" : 0,
        "drop_ios" : 0,
        "slat_ns" : {
          "min" : 3143,
          "max" : 148833,
          "mean" : 8206.447579,
          "stddev" : 2665.570258,
          "N" : 6381
        },
        "clat_ns" : {
          "min" : 2065841,
          "max" : 2431026019,
          "mean" : 221106422.753957,
          "stddev" : 365086350.793205,
          "N" : 6381,
          "percentile" : {
            "1.000000" : 64225280,
            "5.000000" : 96993280,
            "10.000000" : 108527616,
            "20.000000" : 122159104,
            "30.000000" : 131596288,
            "40.000000" : 139460608,
            "50.000000" : 147849216,
            "60.000000" : 156237824,
            "70.000000" : 164626432,
            "80.000000" : 177209344,
            "90.000000" : 193986560,
            "95.000000" : 229638144,
            "99.000000" : 2088763392,
            "99.500000" : 2139095040,
            "99.900000" : 2399141888,
            "99.950000" : 2399141888,
            "99.990000" : 2432696320
          }
        },
        "lat_ns" : {
          "min" : 2078133,
          "max" : 2431036146,
          "mean" : 221117435.132894,
          "stddev" : 365086387.067983,
          "N" : 6381
        },
        "bw_min" : 8,
        "bw_max" : 1000,
        "bw_agg" : 100.000000,
        "bw_mean" : 604.583333,
        "bw_dev" : 240.786773,
        "bw_samples" : 84,
        "iops_min" : 2,
        "iops_max" : 250,
        "iops_mean" : 151.119048,
        "iops_stddev" : 60.187139,
        "iops_samples" : 84
      },
      "write" : {
        "io_bytes" : 26292224,
        "io_kbytes" : 25676,
        "bw_bytes" : 486298,
        "bw" : 474,
        "iops" : 118.725262,
        "runtime" : 54066,
        "total_ios" : 6419,
        "short_ios" : 0,
        "drop_ios" : 0,
        "slat_ns" : {
          "min" : 17669,
          "max" : 1911701,
          "mean" : 65138.040661,
          "stddev" : 72382.727098,
          "N" : 6419
        },
        "clat_ns" : {
          "min" : 12032847,
          "max" : 2605299548,
          "mean" : 319126187.844681,
          "stddev" : 444705794.365234,
          "N" : 6419,
          "percentile" : {
            "1.000000" : 88604672,
            "5.000000" : 115867648,
            "10.000000" : 133693440,
            "20.000000" : 160432128,
            "30.000000" : 177209344,
            "40.000000" : 191889408,
            "50.000000" : 206569472,
            "60.000000" : 221249536,
            "70.000000" : 238026752,
            "80.000000" : 261095424,
            "90.000000" : 312475648,
            "95.000000" : 1853882368,
            "99.000000" : 2164260864,
            "99.500000" : 2432696320,
            "99.900000" : 2533359616,
            "99.950000" : 2533359616,
            "99.990000" : 2600468480
          }
        },
        "lat_ns" : {
          "min" : 12067698,
          "max" : 2605333631,
          "mean" : 319194307.500078,
          "stddev" : 444704685.940529,
          "N" : 6419
        },
        "bw_min" : 16,
        "bw_max" : 1008,
        "bw_agg" : 100.000000,
        "bw_mean" : 614.457831,
        "bw_dev" : 252.668553,
        "bw_samples" : 83,
        "iops_min" : 4,
        "iops_max" : 252,
        "iops_mean" : 153.590361,
        "iops_stddev" : 63.157379,
        "iops_samples" : 83
      },
      "trim" : {
        "io_bytes" : 0,
        "io_kbytes" : 0,
        "bw_bytes" : 0,
        "bw" : 0,
        "iops" : 0.000000,
        "runtime" : 0,
        "total_ios" : 0,
        "short_ios" : 0,
        "drop_ios" : 0,
        "slat_ns" : {
          "min" : 0,
          "max" : 0,
          "mean" : 0.000000,
          "stddev" : 0.000000,
          "N" : 0
        },
        "clat_ns" : {
          "min" : 0,
          "max" : 0,
          "mean" : 0.000000,
          "stddev" : 0.000000,
          "N" : 0
        },
        "lat_ns" : {
          "min" : 0,
          "max" : 0,
          "mean" : 0.000000,
          "stddev" : 0.000000,
          "N" : 0
        },
        "bw_min" : 0,
        "bw_max" : 0,
        "bw_agg" : 0.000000,
        "bw_mean" : 0.000000,
        "bw_dev" : 0.000000,
        "bw_samples" : 0,
        "iops_min" : 0,
        "iops_max" : 0,
        "iops_mean" : 0.000000,
        "iops_stddev" : 0.000000,
        "iops_samples" : 0
      },
      "sync" : {
        "total_ios" : 0,
        "lat_ns" : {
          "min" : 0,
          "max" : 0,
          "mean" : 0.000000,
          "stddev" : 0.000000,
          "N" : 0
        }
      },
      "job_runtime" : 54065,
      "usr_cpu" : 0.295940,
      "sys_cpu" : 0.508647,
      "ctx" : 17341,
      "majf" : 0,
      "minf" : 40,
      "iodepth_level" : {
        "1" : 0.100000,
        "2" : 0.100000,
        "4" : 0.100000,
        "8" : 0.100000,
        "16" : 0.125000,
        "32" : 0.250000,
        ">=64" : 99.507812
      },
      "iodepth_submit" : {
        "0" : 0.000000,
        "4" : 100.000000,
        "8" : 0.000000,
        "16" : 0.000000,
        "32" : 0.000000,
        "64" : 0.000000,
        ">=64" : 0.000000
      },
      "iodepth_complete" : {
        "0" : 0.000000,
        "4" : 99.992149,
        "8" : 0.000000,
        "16" : 0.000000,
        "32" : 0.000000,
        "64" : 0.100000,
        ">=64" : 0.000000
      },
      "latency_ns" : {
        "2" : 0.000000,
        "4" : 0.000000,
        "10" : 0.000000,
        "20" : 0.000000,
        "50" : 0.000000,
        "100" : 0.000000,
        "250" : 0.000000,
        "500" : 0.000000,
        "750" : 0.000000,
        "1000" : 0.000000
      },
      "latency_us" : {
        "2" : 0.000000,
        "4" : 0.000000,
        "10" : 0.000000,
        "20" : 0.000000,
        "50" : 0.000000,
        "100" : 0.000000,
        "250" : 0.000000,
        "500" : 0.000000,
        "750" : 0.000000,
        "1000" : 0.000000
      },
      "latency_ms" : {
        "2" : 0.000000,
        "4" : 0.010000,
        "10" : 0.015625,
        "20" : 0.070312,
        "50" : 0.218750,
        "100" : 3.835938,
        "250" : 81.695312,
        "500" : 8.585938,
        "750" : 0.195312,
        "1000" : 0.281250,
        "2000" : 2.109375,
        ">=2000" : 2.984375
      },
      "latency_depth" : 64,
      "latency_target" : 0,
      "latency_percentile" : 100.000000,
      "latency_window" : 0
    }
  ]
}
