{
  "fio version" : "fio-3.29-112-gc3773",
  "timestamp" : 1649359252,
  "timestamp_ms" : 1649359252083,
  "time" : "Thu Apr  7 19:20:52 2022",
  "global options" : {
    "size" : "50M",
    "runtime" : "60",
    "rwmixread" : "50",
    "directory" : "/mnt/gfs"
  },
  "jobs" : [
    {
      "jobname" : "iotest",
      "groupid" : 0,
      "error" : 0,
      "eta" : 0,
      "elapsed" : 56,
      "job options" : {
        "rw" : "randrw",
        "bs" : "4k",
        "ioengine" : "libaio",
        "iodepth" : "32",
        "numjobs" : "1",
        "direct" : "1",
        "group_reporting" : "1",
        "invalidate" : "1",
        "loops" : "1",
        "write_bw_log" : "./fio-bench-07-04-2022--16-25-57-rand-gfs/randrw/gfs/randrw50/4k/randrw-iodepth-32-numjobs-1",
        "write_lat_log" : "./fio-bench-07-04-2022--16-25-57-rand-gfs/randrw/gfs/randrw50/4k/randrw-iodepth-32-numjobs-1",
        "write_iops_log" : "./fio-bench-07-04-2022--16-25-57-rand-gfs/randrw/gfs/randrw50/4k/randrw-iodepth-32-numjobs-1",
        "log_avg_msec" : "500"
      },
      "read" : {
        "io_bytes" : 26136576,
        "io_kbytes" : 25524,
        "bw_bytes" : 476449,
        "bw" : 465,
        "iops" : 116.320615,
        "runtime" : 54857,
        "total_ios" : 6381,
        "short_ios" : 0,
        "drop_ios" : 0,
        "slat_ns" : {
          "min" : 3212,
          "max" : 50146,
          "mean" : 8115.924933,
          "stddev" : 1925.474083,
          "N" : 6381
        },
        "clat_ns" : {
          "min" : 2619823,
          "max" : 2145123642,
          "mean" : 87709863.557906,
          "stddev" : 213047141.318016,
          "N" : 6381,
          "percentile" : {
            "1.000000" : 19529728,
            "5.000000" : 30015488,
            "10.000000" : 35913728,
            "20.000000" : 43253760,
            "30.000000" : 49545216,
            "40.000000" : 54788096,
            "50.000000" : 59506688,
            "60.000000" : 64225280,
            "70.000000" : 69730304,
            "80.000000" : 76021760,
            "90.000000" : 86507520,
            "95.000000" : 95944704,
            "99.000000" : 1719664640,
            "99.500000" : 1853882368,
            "99.900000" : 2105540608,
            "99.950000" : 2139095040,
            "99.990000" : 2139095040
          }
        },
        "lat_ns" : {
          "min" : 2633163,
          "max" : 2145136423,
          "mean" : 87720721.841718,
          "stddev" : 213047106.666931,
          "N" : 6381
        },
        "bw_min" : 8,
        "bw_max" : 889,
        "bw_agg" : 100.000000,
        "bw_mean" : 571.386364,
        "bw_dev" : 261.343849,
        "bw_samples" : 88,
        "iops_min" : 2,
        "iops_max" : 222,
        "iops_mean" : 142.818182,
        "iops_stddev" : 65.315951,
        "iops_samples" : 88
      },
      "write" : {
        "io_bytes" : 26292224,
        "io_kbytes" : 25676,
        "bw_bytes" : 479286,
        "bw" : 468,
        "iops" : 117.013326,
        "runtime" : 54857,
        "total_ios" : 6419,
        "short_ios" : 0,
        "drop_ios" : 0,
        "slat_ns" : {
          "min" : 19486,
          "max" : 7028776,
          "mean" : 63362.451940,
          "stddev" : 132834.519668,
          "N" : 6419
        },
        "clat_ns" : {
          "min" : 6870236,
          "max" : 2319507046,
          "mean" : 186172455.309861,
          "stddev" : 333923586.057223,
          "N" : 6419,
          "percentile" : {
            "1.000000" : 21626880,
            "5.000000" : 40632320,
            "10.000000" : 55836672,
            "20.000000" : 81264640,
            "30.000000" : 94896128,
            "40.000000" : 104333312,
            "50.000000" : 115867648,
            "60.000000" : 127401984,
            "70.000000" : 141557760,
            "80.000000" : 158334976,
            "90.000000" : 191889408,
            "95.000000" : 379584512,
            "99.000000" : 1988100096,
            "99.500000" : 2139095040,
            "99.900000" : 2197815296,
            "99.950000" : 2231369728,
            "99.990000" : 2332033024
          }
        },
        "lat_ns" : {
          "min" : 6905506,
          "max" : 2319546157,
          "mean" : 186238742.312977,
          "stddev" : 333922695.491135,
          "N" : 6419
        },
        "bw_min" : 8,
        "bw_max" : 984,
        "bw_agg" : 100.000000,
        "bw_mean" : 574.568182,
        "bw_dev" : 267.135111,
        "bw_samples" : 88,
        "iops_min" : 2,
        "iops_max" : 246,
        "iops_mean" : 143.613636,
        "iops_stddev" : 66.768330,
        "iops_samples" : 88
      },
      "trim" : {
        "io_bytes" : 0,
        "io_kbytes" : 0,
        "bw_bytes" : 0,
        "bw" : 0,
        "iops" : 0.000000,
        "runtime" : 0,
        "total_ios" : 0,
        "short_ios" : 0,
        "drop_ios" : 0,
        "slat_ns" : {
          "min" : 0,
          "max" : 0,
          "mean" : 0.000000,
          "stddev" : 0.000000,
          "N" : 0
        },
        "clat_ns" : {
          "min" : 0,
          "max" : 0,
          "mean" : 0.000000,
          "stddev" : 0.000000,
          "N" : 0
        },
        "lat_ns" : {
          "min" : 0,
          "max" : 0,
          "mean" : 0.000000,
          "stddev" : 0.000000,
          "N" : 0
        },
        "bw_min" : 0,
        "bw_max" : 0,
        "bw_agg" : 0.000000,
        "bw_mean" : 0.000000,
        "bw_dev" : 0.000000,
        "bw_samples" : 0,
        "iops_min" : 0,
        "iops_max" : 0,
        "iops_mean" : 0.000000,
        "iops_stddev" : 0.000000,
        "iops_samples" : 0
      },
      "sync" : {
        "total_ios" : 0,
        "lat_ns" : {
          "min" : 0,
          "max" : 0,
          "mean" : 0.000000,
          "stddev" : 0.000000,
          "N" : 0
        }
      },
      "job_runtime" : 54856,
      "usr_cpu" : 0.293496,
      "sys_cpu" : 0.490375,
      "ctx" : 17404,
      "majf" : 0,
      "minf" : 43,
      "iodepth_level" : {
        "1" : 0.100000,
        "2" : 0.100000,
        "4" : 0.100000,
        "8" : 0.100000,
        "16" : 0.125000,
        "32" : 99.757812,
        ">=64" : 0.000000
      },
      "iodepth_submit" : {
        "0" : 0.000000,
        "4" : 100.000000,
        "8" : 0.000000,
        "16" : 0.000000,
        "32" : 0.000000,
        "64" : 0.000000,
        ">=64" : 0.000000
      },
      "iodepth_complete" : {
        "0" : 0.000000,
        "4" : 99.992169,
        "8" : 0.000000,
        "16" : 0.000000,
        "32" : 0.100000,
        "64" : 0.000000,
        ">=64" : 0.000000
      },
      "latency_ns" : {
        "2" : 0.000000,
        "4" : 0.000000,
        "10" : 0.000000,
        "20" : 0.000000,
        "50" : 0.000000,
        "100" : 0.000000,
        "250" : 0.000000,
        "500" : 0.000000,
        "750" : 0.000000,
        "1000" : 0.000000
      },
      "latency_us" : {
        "2" : 0.000000,
        "4" : 0.000000,
        "10" : 0.000000,
        "20" : 0.000000,
        "50" : 0.000000,
        "100" : 0.000000,
        "250" : 0.000000,
        "500" : 0.000000,
        "750" : 0.000000,
        "1000" : 0.000000
      },
      "latency_ms" : {
        "2" : 0.000000,
        "4" : 0.015625,
        "10" : 0.031250,
        "20" : 0.898438,
        "50" : 18.617188,
        "100" : 45.796875,
        "250" : 30.476562,
        "500" : 1.109375,
        "750" : 0.054688,
        "1000" : 0.179688,
        "2000" : 2.210938,
        ">=2000" : 0.609375
      },
      "latency_depth" : 32,
      "latency_target" : 0,
      "latency_percentile" : 100.000000,
      "latency_window" : 0
    }
  ]
}
