{
  "fio version" : "fio-3.29-112-gc3773",
  "timestamp" : 1649358833,
  "timestamp_ms" : 1649358833721,
  "time" : "Thu Apr  7 19:13:53 2022",
  "global options" : {
    "size" : "50M",
    "runtime" : "60",
    "rwmixread" : "50",
    "directory" : "/mnt/gfs"
  },
  "jobs" : [
    {
      "jobname" : "iotest",
      "groupid" : 0,
      "error" : 0,
      "eta" : 0,
      "elapsed" : 51,
      "job options" : {
        "rw" : "randrw",
        "bs" : "4k",
        "ioengine" : "libaio",
        "iodepth" : "16",
        "numjobs" : "1",
        "direct" : "1",
        "group_reporting" : "1",
        "invalidate" : "1",
        "loops" : "1",
        "write_bw_log" : "./fio-bench-07-04-2022--16-25-57-rand-gfs/randrw/gfs/randrw50/4k/randrw-iodepth-16-numjobs-1",
        "write_lat_log" : "./fio-bench-07-04-2022--16-25-57-rand-gfs/randrw/gfs/randrw50/4k/randrw-iodepth-16-numjobs-1",
        "write_iops_log" : "./fio-bench-07-04-2022--16-25-57-rand-gfs/randrw/gfs/randrw50/4k/randrw-iodepth-16-numjobs-1",
        "log_avg_msec" : "500"
      },
      "read" : {
        "io_bytes" : 26136576,
        "io_kbytes" : 25524,
        "bw_bytes" : 515504,
        "bw" : 503,
        "iops" : 125.855506,
        "runtime" : 50701,
        "total_ios" : 6381,
        "short_ios" : 0,
        "drop_ios" : 0,
        "slat_ns" : {
          "min" : 3003,
          "max" : 95683,
          "mean" : 7874.771666,
          "stddev" : 2913.896451,
          "N" : 6381
        },
        "clat_ns" : {
          "min" : 2504726,
          "max" : 1958038055,
          "mean" : 48301213.270021,
          "stddev" : 148791954.406330,
          "N" : 6381,
          "percentile" : {
            "1.000000" : 4751360,
            "5.000000" : 10158080,
            "10.000000" : 14745600,
            "20.000000" : 20316160,
            "30.000000" : 24510464,
            "40.000000" : 28442624,
            "50.000000" : 32636928,
            "60.000000" : 36962304,
            "70.000000" : 41156608,
            "80.000000" : 46399488,
            "90.000000" : 55312384,
            "95.000000" : 62652416,
            "99.000000" : 312475648,
            "99.500000" : 1635778560,
            "99.900000" : 1954545664,
            "99.950000" : 1954545664,
            "99.990000" : 1954545664
          }
        },
        "lat_ns" : {
          "min" : 2514783,
          "max" : 1958049090,
          "mean" : 48311875.032597,
          "stddev" : 148791888.917372,
          "N" : 6381
        },
        "bw_min" : 8,
        "bw_max" : 928,
        "bw_agg" : 100.000000,
        "bw_mean" : 638.784810,
        "bw_dev" : 271.359052,
        "bw_samples" : 79,
        "iops_min" : 2,
        "iops_max" : 232,
        "iops_mean" : 159.670886,
        "iops_stddev" : 67.828918,
        "iops_samples" : 79
      },
      "write" : {
        "io_bytes" : 26292224,
        "io_kbytes" : 25676,
        "bw_bytes" : 518574,
        "bw" : 506,
        "iops" : 126.604998,
        "runtime" : 50701,
        "total_ios" : 6419,
        "short_ios" : 0,
        "drop_ios" : 0,
        "slat_ns" : {
          "min" : 18857,
          "max" : 9930901,
          "mean" : 80301.508335,
          "stddev" : 195658.657595,
          "N" : 6419
        },
        "clat_ns" : {
          "min" : 2516878,
          "max" : 1958993835,
          "mean" : 78245137.355819,
          "stddev" : 213362123.419836,
          "N" : 6419,
          "percentile" : {
            "1.000000" : 3358720,
            "5.000000" : 5996544,
            "10.000000" : 9502720,
            "20.000000" : 18743296,
            "30.000000" : 28966912,
            "40.000000" : 39059456,
            "50.000000" : 46399488,
            "60.000000" : 54788096,
            "70.000000" : 63176704,
            "80.000000" : 74973184,
            "90.000000" : 90701824,
            "95.000000" : 106430464,
            "99.000000" : 1619001344,
            "99.500000" : 1769996288,
            "99.900000" : 1954545664,
            "99.950000" : 1954545664,
            "99.990000" : 1954545664
          }
        },
        "lat_ns" : {
          "min" : 2553475,
          "max" : 1959087493,
          "mean" : 78328387.043465,
          "stddev" : 213362879.241075,
          "N" : 6419
        },
        "bw_min" : 8,
        "bw_max" : 1080,
        "bw_agg" : 100.000000,
        "bw_mean" : 634.312500,
        "bw_dev" : 289.493648,
        "bw_samples" : 80,
        "iops_min" : 2,
        "iops_max" : 270,
        "iops_mean" : 158.525000,
        "iops_stddev" : 72.407947,
        "iops_samples" : 80
      },
      "trim" : {
        "io_bytes" : 0,
        "io_kbytes" : 0,
        "bw_bytes" : 0,
        "bw" : 0,
        "iops" : 0.000000,
        "runtime" : 0,
        "total_ios" : 0,
        "short_ios" : 0,
        "drop_ios" : 0,
        "slat_ns" : {
          "min" : 0,
          "max" : 0,
          "mean" : 0.000000,
          "stddev" : 0.000000,
          "N" : 0
        },
        "clat_ns" : {
          "min" : 0,
          "max" : 0,
          "mean" : 0.000000,
          "stddev" : 0.000000,
          "N" : 0
        },
        "lat_ns" : {
          "min" : 0,
          "max" : 0,
          "mean" : 0.000000,
          "stddev" : 0.000000,
          "N" : 0
        },
        "bw_min" : 0,
        "bw_max" : 0,
        "bw_agg" : 0.000000,
        "bw_mean" : 0.000000,
        "bw_dev" : 0.000000,
        "bw_samples" : 0,
        "iops_min" : 0,
        "iops_max" : 0,
        "iops_mean" : 0.000000,
        "iops_stddev" : 0.000000,
        "iops_samples" : 0
      },
      "sync" : {
        "total_ios" : 0,
        "lat_ns" : {
          "min" : 0,
          "max" : 0,
          "mean" : 0.000000,
          "stddev" : 0.000000,
          "N" : 0
        }
      },
      "job_runtime" : 50700,
      "usr_cpu" : 0.327416,
      "sys_cpu" : 0.506903,
      "ctx" : 16552,
      "majf" : 0,
      "minf" : 42,
      "iodepth_level" : {
        "1" : 0.100000,
        "2" : 0.100000,
        "4" : 0.100000,
        "8" : 0.100000,
        "16" : 99.882812,
        "32" : 0.000000,
        ">=64" : 0.000000
      },
      "iodepth_submit" : {
        "0" : 0.000000,
        "4" : 100.000000,
        "8" : 0.000000,
        "16" : 0.000000,
        "32" : 0.000000,
        "64" : 0.000000,
        ">=64" : 0.000000
      },
      "iodepth_complete" : {
        "0" : 0.000000,
        "4" : 99.992179,
        "8" : 0.000000,
        "16" : 0.100000,
        "32" : 0.000000,
        "64" : 0.000000,
        ">=64" : 0.000000
      },
      "latency_ns" : {
        "2" : 0.000000,
        "4" : 0.000000,
        "10" : 0.000000,
        "20" : 0.000000,
        "50" : 0.000000,
        "100" : 0.000000,
        "250" : 0.000000,
        "500" : 0.000000,
        "750" : 0.000000,
        "1000" : 0.000000
      },
      "latency_us" : {
        "2" : 0.000000,
        "4" : 0.000000,
        "10" : 0.000000,
        "20" : 0.000000,
        "50" : 0.000000,
        "100" : 0.000000,
        "250" : 0.000000,
        "500" : 0.000000,
        "750" : 0.000000,
        "1000" : 0.000000
      },
      "latency_ms" : {
        "2" : 0.000000,
        "4" : 1.437500,
        "10" : 6.281250,
        "20" : 12.859375,
        "50" : 49.507812,
        "100" : 25.765625,
        "250" : 2.351562,
        "500" : 0.296875,
        "750" : 0.000000,
        "1000" : 0.289062,
        "2000" : 1.210938,
        ">=2000" : 0.000000
      },
      "latency_depth" : 16,
      "latency_target" : 0,
      "latency_percentile" : 100.000000,
      "latency_window" : 0
    }
  ]
}
