{
  "fio version" : "fio-3.29-112-gc3773",
  "timestamp" : 1649373085,
  "timestamp_ms" : 1649373085408,
  "time" : "Thu Apr  7 23:11:25 2022",
  "global options" : {
    "size" : "50M",
    "runtime" : "60",
    "rwmixread" : "50",
    "directory" : "/mnt/gfs"
  },
  "jobs" : [
    {
      "jobname" : "iotest",
      "groupid" : 0,
      "error" : 0,
      "eta" : 0,
      "elapsed" : 41,
      "job options" : {
        "rw" : "readwrite",
        "bs" : "4k",
        "ioengine" : "libaio",
        "iodepth" : "4",
        "numjobs" : "4",
        "direct" : "1",
        "group_reporting" : "1",
        "invalidate" : "1",
        "loops" : "1",
        "write_bw_log" : "./fio-bench-07-04-2022--20-28-07-seq-gfs/seqrw/gfs/readwrite50/4k/readwrite-iodepth-4-numjobs-4",
        "write_lat_log" : "./fio-bench-07-04-2022--20-28-07-seq-gfs/seqrw/gfs/readwrite50/4k/readwrite-iodepth-4-numjobs-4",
        "write_iops_log" : "./fio-bench-07-04-2022--20-28-07-seq-gfs/seqrw/gfs/readwrite50/4k/readwrite-iodepth-4-numjobs-4",
        "log_avg_msec" : "500"
      },
      "read" : {
        "io_bytes" : 104062976,
        "io_kbytes" : 101624,
        "bw_bytes" : 2592436,
        "bw" : 2531,
        "iops" : 632.918961,
        "runtime" : 40141,
        "total_ios" : 25406,
        "short_ios" : 0,
        "drop_ios" : 0,
        "slat_ns" : {
          "min" : 3073,
          "max" : 58946,
          "mean" : 8228.399906,
          "stddev" : 1667.254499,
          "N" : 25406
        },
        "clat_ns" : {
          "min" : 1205046,
          "max" : 118157866,
          "mean" : 9382818.303944,
          "stddev" : 5521556.546247,
          "N" : 25406,
          "percentile" : {
            "1.000000" : 2473984,
            "5.000000" : 2998272,
            "10.000000" : 3751936,
            "20.000000" : 4751360,
            "30.000000" : 5734400,
            "40.000000" : 6979584,
            "50.000000" : 7962624,
            "60.000000" : 9240576,
            "70.000000" : 10944512,
            "80.000000" : 13434880,
            "90.000000" : 17170432,
            "95.000000" : 20840448,
            "99.000000" : 26083328,
            "99.500000" : 27656192,
            "99.900000" : 33161216,
            "99.950000" : 41156608,
            "99.990000" : 68681728
          }
        },
        "lat_ns" : {
          "min" : 1215522,
          "max" : 118169879,
          "mean" : 9393825.912658,
          "stddev" : 5521499.706822,
          "N" : 25406
        },
        "bw_min" : 1816,
        "bw_max" : 4931,
        "bw_agg" : 100.000000,
        "bw_mean" : 2887.739241,
        "bw_dev" : 261.485168,
        "bw_samples" : 283,
        "iops_min" : 454,
        "iops_max" : 1232,
        "iops_mean" : 721.811913,
        "iops_stddev" : 65.354046,
        "iops_samples" : 283
      },
      "write" : {
        "io_bytes" : 105652224,
        "io_kbytes" : 103176,
        "bw_bytes" : 2632027,
        "bw" : 2570,
        "iops" : 642.584888,
        "runtime" : 40141,
        "total_ios" : 25794,
        "short_ios" : 0,
        "drop_ios" : 0,
        "slat_ns" : {
          "min" : 15644,
          "max" : 9968974,
          "mean" : 54903.692099,
          "stddev" : 125951.092197,
          "N" : 25794
        },
        "clat_ns" : {
          "min" : 2568210,
          "max" : 114401858,
          "mean" : 12742256.874273,
          "stddev" : 6222909.347565,
          "N" : 25794,
          "percentile" : {
            "1.000000" : 3031040,
            "5.000000" : 4751360,
            "10.000000" : 5996544,
            "20.000000" : 7503872,
            "30.000000" : 8716288,
            "40.000000" : 9895936,
            "50.000000" : 11730944,
            "60.000000" : 13172736,
            "70.000000" : 15007744,
            "80.000000" : 17694720,
            "90.000000" : 21364736,
            "95.000000" : 25034752,
            "99.000000" : 30015488,
            "99.500000" : 31850496,
            "99.900000" : 39583744,
            "99.950000" : 50593792,
            "99.990000" : 64749568
          }
        },
        "lat_ns" : {
          "min" : 2599848,
          "max" : 114439992,
          "mean" : 12800120.960650,
          "stddev" : 6227811.083116,
          "N" : 25794
        },
        "bw_min" : 2344,
        "bw_max" : 4826,
        "bw_agg" : 100.000000,
        "bw_mean" : 2936.203823,
        "bw_dev" : 247.854095,
        "bw_samples" : 283,
        "iops_min" : 586,
        "iops_max" : 1206,
        "iops_mean" : 733.946927,
        "iops_stddev" : 61.949344,
        "iops_samples" : 283
      },
      "trim" : {
        "io_bytes" : 0,
        "io_kbytes" : 0,
        "bw_bytes" : 0,
        "bw" : 0,
        "iops" : 0.000000,
        "runtime" : 0,
        "total_ios" : 0,
        "short_ios" : 0,
        "drop_ios" : 0,
        "slat_ns" : {
          "min" : 0,
          "max" : 0,
          "mean" : 0.000000,
          "stddev" : 0.000000,
          "N" : 0
        },
        "clat_ns" : {
          "min" : 0,
          "max" : 0,
          "mean" : 0.000000,
          "stddev" : 0.000000,
          "N" : 0
        },
        "lat_ns" : {
          "min" : 0,
          "max" : 0,
          "mean" : 0.000000,
          "stddev" : 0.000000,
          "N" : 0
        },
        "bw_min" : 0,
        "bw_max" : 0,
        "bw_agg" : 0.000000,
        "bw_mean" : 0.000000,
        "bw_dev" : 0.000000,
        "bw_samples" : 0,
        "iops_min" : 0,
        "iops_max" : 0,
        "iops_mean" : 0.000000,
        "iops_stddev" : 0.000000,
        "iops_samples" : 0
      },
      "sync" : {
        "total_ios" : 0,
        "lat_ns" : {
          "min" : 0,
          "max" : 0,
          "mean" : 0.000000,
          "stddev" : 0.000000,
          "N" : 0
        }
      },
      "job_runtime" : 142322,
      "usr_cpu" : 0.443361,
      "sys_cpu" : 0.791164,
      "ctx" : 75828,
      "majf" : 0,
      "minf" : 153,
      "iodepth_level" : {
        "1" : 0.100000,
        "2" : 0.100000,
        "4" : 99.976562,
        "8" : 0.000000,
        "16" : 0.000000,
        "32" : 0.000000,
        ">=64" : 0.000000
      },
      "iodepth_submit" : {
        "0" : 0.000000,
        "4" : 100.000000,
        "8" : 0.000000,
        "16" : 0.000000,
        "32" : 0.000000,
        "64" : 0.000000,
        ">=64" : 0.000000
      },
      "iodepth_complete" : {
        "0" : 0.000000,
        "4" : 100.000000,
        "8" : 0.000000,
        "16" : 0.000000,
        "32" : 0.000000,
        "64" : 0.000000,
        ">=64" : 0.000000
      },
      "latency_ns" : {
        "2" : 0.000000,
        "4" : 0.000000,
        "10" : 0.000000,
        "20" : 0.000000,
        "50" : 0.000000,
        "100" : 0.000000,
        "250" : 0.000000,
        "500" : 0.000000,
        "750" : 0.000000,
        "1000" : 0.000000
      },
      "latency_us" : {
        "2" : 0.000000,
        "4" : 0.000000,
        "10" : 0.000000,
        "20" : 0.000000,
        "50" : 0.000000,
        "100" : 0.000000,
        "250" : 0.000000,
        "500" : 0.000000,
        "750" : 0.000000,
        "1000" : 0.000000
      },
      "latency_ms" : {
        "2" : 0.175781,
        "4" : 7.275391,
        "10" : 45.810547,
        "20" : 37.312500,
        "50" : 9.386719,
        "100" : 0.035156,
        "250" : 0.010000,
        "500" : 0.000000,
        "750" : 0.000000,
        "1000" : 0.000000,
        "2000" : 0.000000,
        ">=2000" : 0.000000
      },
      "latency_depth" : 4,
      "latency_target" : 0,
      "latency_percentile" : 100.000000,
      "latency_window" : 0
    }
  ]
}
