{
  "fio version" : "fio-3.29-112-gc3773",
  "timestamp" : 1649373045,
  "timestamp_ms" : 1649373045014,
  "time" : "Thu Apr  7 23:10:45 2022",
  "global options" : {
    "size" : "50M",
    "runtime" : "60",
    "rwmixread" : "50",
    "directory" : "/mnt/gfs"
  },
  "jobs" : [
    {
      "jobname" : "iotest",
      "groupid" : 0,
      "error" : 0,
      "eta" : 0,
      "elapsed" : 21,
      "job options" : {
        "rw" : "readwrite",
        "bs" : "4k",
        "ioengine" : "libaio",
        "iodepth" : "4",
        "numjobs" : "2",
        "direct" : "1",
        "group_reporting" : "1",
        "invalidate" : "1",
        "loops" : "1",
        "write_bw_log" : "./fio-bench-07-04-2022--20-28-07-seq-gfs/seqrw/gfs/readwrite50/4k/readwrite-iodepth-4-numjobs-2",
        "write_lat_log" : "./fio-bench-07-04-2022--20-28-07-seq-gfs/seqrw/gfs/readwrite50/4k/readwrite-iodepth-4-numjobs-2",
        "write_iops_log" : "./fio-bench-07-04-2022--20-28-07-seq-gfs/seqrw/gfs/readwrite50/4k/readwrite-iodepth-4-numjobs-2",
        "log_avg_msec" : "500"
      },
      "read" : {
        "io_bytes" : 52006912,
        "io_kbytes" : 50788,
        "bw_bytes" : 2515814,
        "bw" : 2456,
        "iops" : 614.212461,
        "runtime" : 20672,
        "total_ios" : 12697,
        "short_ios" : 0,
        "drop_ios" : 0,
        "slat_ns" : {
          "min" : 3143,
          "max" : 41416,
          "mean" : 8235.045208,
          "stddev" : 1544.706438,
          "N" : 12697
        },
        "clat_ns" : {
          "min" : 1184650,
          "max" : 25836796,
          "mean" : 5092909.536505,
          "stddev" : 2173205.662307,
          "N" : 12697,
          "percentile" : {
            "1.000000" : 1695744,
            "5.000000" : 2375680,
            "10.000000" : 2703360,
            "20.000000" : 3194880,
            "30.000000" : 3522560,
            "40.000000" : 4227072,
            "50.000000" : 4751360,
            "60.000000" : 5472256,
            "70.000000" : 5996544,
            "80.000000" : 6717440,
            "90.000000" : 8224768,
            "95.000000" : 8978432,
            "99.000000" : 10682368,
            "99.500000" : 11468800,
            "99.900000" : 15794176,
            "99.950000" : 21364736,
            "99.990000" : 23986176
          }
        },
        "lat_ns" : {
          "min" : 1196034,
          "max" : 25849368,
          "mean" : 5103911.851067,
          "stddev" : 2173231.638651,
          "N" : 12697
        },
        "bw_min" : 1104,
        "bw_max" : 4224,
        "bw_agg" : 100.000000,
        "bw_mean" : 2493.758599,
        "bw_dev" : 245.631874,
        "bw_samples" : 80,
        "iops_min" : 276,
        "iops_max" : 1056,
        "iops_mean" : 623.302064,
        "iops_stddev" : 61.402600,
        "iops_samples" : 80
      },
      "write" : {
        "io_bytes" : 52850688,
        "io_kbytes" : 51612,
        "bw_bytes" : 2556631,
        "bw" : 2496,
        "iops" : 624.177632,
        "runtime" : 20672,
        "total_ios" : 12903,
        "short_ios" : 0,
        "drop_ios" : 0,
        "slat_ns" : {
          "min" : 15924,
          "max" : 9041045,
          "mean" : 48394.808804,
          "stddev" : 99027.841299,
          "N" : 12903
        },
        "clat_ns" : {
          "min" : 2486216,
          "max" : 288806822,
          "mean" : 7486634.081221,
          "stddev" : 7171585.486239,
          "N" : 12903,
          "percentile" : {
            "1.000000" : 2736128,
            "5.000000" : 3227648,
            "10.000000" : 3948544,
            "20.000000" : 4685824,
            "30.000000" : 5668864,
            "40.000000" : 6258688,
            "50.000000" : 6979584,
            "60.000000" : 7700480,
            "70.000000" : 8454144,
            "80.000000" : 9502720,
            "90.000000" : 10944512,
            "95.000000" : 11993088,
            "99.000000" : 14352384,
            "99.500000" : 15532032,
            "99.900000" : 162529280,
            "99.950000" : 166723584,
            "99.990000" : 244318208
          }
        },
        "lat_ns" : {
          "min" : 2521765,
          "max" : 288845863,
          "mean" : 7537951.368519,
          "stddev" : 7172465.838734,
          "N" : 12903
        },
        "bw_min" : 1256,
        "bw_max" : 4368,
        "bw_agg" : 100.000000,
        "bw_mean" : 2538.471545,
        "bw_dev" : 233.241199,
        "bw_samples" : 80,
        "iops_min" : 314,
        "iops_max" : 1092,
        "iops_mean" : 634.480300,
        "iops_stddev" : 58.312188,
        "iops_samples" : 80
      },
      "trim" : {
        "io_bytes" : 0,
        "io_kbytes" : 0,
        "bw_bytes" : 0,
        "bw" : 0,
        "iops" : 0.000000,
        "runtime" : 0,
        "total_ios" : 0,
        "short_ios" : 0,
        "drop_ios" : 0,
        "slat_ns" : {
          "min" : 0,
          "max" : 0,
          "mean" : 0.000000,
          "stddev" : 0.000000,
          "N" : 0
        },
        "clat_ns" : {
          "min" : 0,
          "max" : 0,
          "mean" : 0.000000,
          "stddev" : 0.000000,
          "N" : 0
        },
        "lat_ns" : {
          "min" : 0,
          "max" : 0,
          "mean" : 0.000000,
          "stddev" : 0.000000,
          "N" : 0
        },
        "bw_min" : 0,
        "bw_max" : 0,
        "bw_agg" : 0.000000,
        "bw_mean" : 0.000000,
        "bw_dev" : 0.000000,
        "bw_samples" : 0,
        "iops_min" : 0,
        "iops_max" : 0,
        "iops_mean" : 0.000000,
        "iops_stddev" : 0.000000,
        "iops_samples" : 0
      },
      "sync" : {
        "total_ios" : 0,
        "lat_ns" : {
          "min" : 0,
          "max" : 0,
          "mean" : 0.000000,
          "stddev" : 0.000000,
          "N" : 0
        }
      },
      "job_runtime" : 40571,
      "usr_cpu" : 0.791206,
      "sys_cpu" : 1.365507,
      "ctx" : 37729,
      "majf" : 0,
      "minf" : 76,
      "iodepth_level" : {
        "1" : 0.100000,
        "2" : 0.100000,
        "4" : 99.976562,
        "8" : 0.000000,
        "16" : 0.000000,
        "32" : 0.000000,
        ">=64" : 0.000000
      },
      "iodepth_submit" : {
        "0" : 0.000000,
        "4" : 100.000000,
        "8" : 0.000000,
        "16" : 0.000000,
        "32" : 0.000000,
        "64" : 0.000000,
        ">=64" : 0.000000
      },
      "iodepth_complete" : {
        "0" : 0.000000,
        "4" : 100.000000,
        "8" : 0.000000,
        "16" : 0.000000,
        "32" : 0.000000,
        "64" : 0.000000,
        ">=64" : 0.000000
      },
      "latency_ns" : {
        "2" : 0.000000,
        "4" : 0.000000,
        "10" : 0.000000,
        "20" : 0.000000,
        "50" : 0.000000,
        "100" : 0.000000,
        "250" : 0.000000,
        "500" : 0.000000,
        "750" : 0.000000,
        "1000" : 0.000000
      },
      "latency_us" : {
        "2" : 0.000000,
        "4" : 0.000000,
        "10" : 0.000000,
        "20" : 0.000000,
        "50" : 0.000000,
        "100" : 0.000000,
        "250" : 0.000000,
        "500" : 0.000000,
        "750" : 0.000000,
        "1000" : 0.000000
      },
      "latency_ms" : {
        "2" : 1.250000,
        "4" : 23.769531,
        "10" : 66.421875,
        "20" : 8.359375,
        "50" : 0.117188,
        "100" : 0.010000,
        "250" : 0.070312,
        "500" : 0.010000,
        "750" : 0.000000,
        "1000" : 0.000000,
        "2000" : 0.000000,
        ">=2000" : 0.000000
      },
      "latency_depth" : 4,
      "latency_target" : 0,
      "latency_percentile" : 100.000000,
      "latency_window" : 0
    }
  ]
}
