{
  "fio version" : "fio-3.29-112-gc3773",
  "timestamp" : 1649372728,
  "timestamp_ms" : 1649372728565,
  "time" : "Thu Apr  7 23:05:28 2022",
  "global options" : {
    "size" : "50M",
    "runtime" : "60",
    "rwmixread" : "50",
    "directory" : "/mnt/gfs"
  },
  "jobs" : [
    {
      "jobname" : "iotest",
      "groupid" : 0,
      "error" : 0,
      "eta" : 0,
      "elapsed" : 24,
      "job options" : {
        "rw" : "readwrite",
        "bs" : "4k",
        "ioengine" : "libaio",
        "iodepth" : "2",
        "numjobs" : "2",
        "direct" : "1",
        "group_reporting" : "1",
        "invalidate" : "1",
        "loops" : "1",
        "write_bw_log" : "./fio-bench-07-04-2022--20-28-07-seq-gfs/seqrw/gfs/readwrite50/4k/readwrite-iodepth-2-numjobs-2",
        "write_lat_log" : "./fio-bench-07-04-2022--20-28-07-seq-gfs/seqrw/gfs/readwrite50/4k/readwrite-iodepth-2-numjobs-2",
        "write_iops_log" : "./fio-bench-07-04-2022--20-28-07-seq-gfs/seqrw/gfs/readwrite50/4k/readwrite-iodepth-2-numjobs-2",
        "log_avg_msec" : "500"
      },
      "read" : {
        "io_bytes" : 52006912,
        "io_kbytes" : 50788,
        "bw_bytes" : 2222897,
        "bw" : 2170,
        "iops" : 542.699607,
        "runtime" : 23396,
        "total_ios" : 12697,
        "short_ios" : 0,
        "drop_ios" : 0,
        "slat_ns" : {
          "min" : 3492,
          "max" : 33244,
          "mean" : 8248.663936,
          "stddev" : 1533.464751,
          "N" : 12697
        },
        "clat_ns" : {
          "min" : 1186816,
          "max" : 49362397,
          "mean" : 2839908.543593,
          "stddev" : 1210323.370487,
          "N" : 12697,
          "percentile" : {
            "1.000000" : 1236992,
            "5.000000" : 1466368,
            "10.000000" : 1482752,
            "20.000000" : 1744896,
            "30.000000" : 2023424,
            "40.000000" : 2441216,
            "50.000000" : 2736128,
            "60.000000" : 3031040,
            "70.000000" : 3325952,
            "80.000000" : 3653632,
            "90.000000" : 4292608,
            "95.000000" : 4947968,
            "99.000000" : 5996544,
            "99.500000" : 6193152,
            "99.900000" : 9502720,
            "99.950000" : 13041664,
            "99.990000" : 18743296
          }
        },
        "lat_ns" : {
          "min" : 1195964,
          "max" : 49374619,
          "mean" : 2850959.840120,
          "stddev" : 1210327.170293,
          "N" : 12697
        },
        "bw_min" : 1705,
        "bw_max" : 3075,
        "bw_agg" : 100.000000,
        "bw_mean" : 2214.435771,
        "bw_dev" : 113.529095,
        "bw_samples" : 90,
        "iops_min" : 426,
        "iops_max" : 768,
        "iops_mean" : 553.498024,
        "iops_stddev" : 28.343959,
        "iops_samples" : 90
      },
      "write" : {
        "io_bytes" : 52850688,
        "io_kbytes" : 51612,
        "bw_bytes" : 2258962,
        "bw" : 2206,
        "iops" : 551.504531,
        "runtime" : 23396,
        "total_ios" : 12903,
        "short_ios" : 0,
        "drop_ios" : 0,
        "slat_ns" : {
          "min" : 16413,
          "max" : 3022877,
          "mean" : 45517.380144,
          "stddev" : 47028.138307,
          "N" : 12903
        },
        "clat_ns" : {
          "min" : 2477695,
          "max" : 55616210,
          "mean" : 4214131.162675,
          "stddev" : 1485655.070015,
          "N" : 12903,
          "percentile" : {
            "1.000000" : 2670592,
            "5.000000" : 2736128,
            "10.000000" : 2899968,
            "20.000000" : 2965504,
            "30.000000" : 3227648,
            "40.000000" : 3555328,
            "50.000000" : 4046848,
            "60.000000" : 4423680,
            "70.000000" : 4685824,
            "80.000000" : 5210112,
            "90.000000" : 5996544,
            "95.000000" : 6389760,
            "99.000000" : 7241728,
            "99.500000" : 7503872,
            "99.900000" : 11993088,
            "99.950000" : 17694720,
            "99.990000" : 46399488
          }
        },
        "lat_ns" : {
          "min" : 2512685,
          "max" : 55651829,
          "mean" : 4262568.294660,
          "stddev" : 1491106.466993,
          "N" : 12903
        },
        "bw_min" : 2000,
        "bw_max" : 2666,
        "bw_agg" : 100.000000,
        "bw_mean" : 2253.673913,
        "bw_dev" : 64.775464,
        "bw_samples" : 90,
        "iops_min" : 500,
        "iops_max" : 666,
        "iops_mean" : 563.296443,
        "iops_stddev" : 16.157937,
        "iops_samples" : 90
      },
      "trim" : {
        "io_bytes" : 0,
        "io_kbytes" : 0,
        "bw_bytes" : 0,
        "bw" : 0,
        "iops" : 0.000000,
        "runtime" : 0,
        "total_ios" : 0,
        "short_ios" : 0,
        "drop_ios" : 0,
        "slat_ns" : {
          "min" : 0,
          "max" : 0,
          "mean" : 0.000000,
          "stddev" : 0.000000,
          "N" : 0
        },
        "clat_ns" : {
          "min" : 0,
          "max" : 0,
          "mean" : 0.000000,
          "stddev" : 0.000000,
          "N" : 0
        },
        "lat_ns" : {
          "min" : 0,
          "max" : 0,
          "mean" : 0.000000,
          "stddev" : 0.000000,
          "N" : 0
        },
        "bw_min" : 0,
        "bw_max" : 0,
        "bw_agg" : 0.000000,
        "bw_mean" : 0.000000,
        "bw_dev" : 0.000000,
        "bw_samples" : 0,
        "iops_min" : 0,
        "iops_max" : 0,
        "iops_mean" : 0.000000,
        "iops_stddev" : 0.000000,
        "iops_samples" : 0
      },
      "sync" : {
        "total_ios" : 0,
        "lat_ns" : {
          "min" : 0,
          "max" : 0,
          "mean" : 0.000000,
          "stddev" : 0.000000,
          "N" : 0
        }
      },
      "job_runtime" : 45708,
      "usr_cpu" : 0.844491,
      "sys_cpu" : 1.080774,
      "ctx" : 37602,
      "majf" : 0,
      "minf" : 79,
      "iodepth_level" : {
        "1" : 0.100000,
        "2" : 99.992188,
        "4" : 0.000000,
        "8" : 0.000000,
        "16" : 0.000000,
        "32" : 0.000000,
        ">=64" : 0.000000
      },
      "iodepth_submit" : {
        "0" : 0.000000,
        "4" : 100.000000,
        "8" : 0.000000,
        "16" : 0.000000,
        "32" : 0.000000,
        "64" : 0.000000,
        ">=64" : 0.000000
      },
      "iodepth_complete" : {
        "0" : 0.000000,
        "4" : 100.000000,
        "8" : 0.000000,
        "16" : 0.000000,
        "32" : 0.000000,
        "64" : 0.000000,
        ">=64" : 0.000000
      },
      "latency_ns" : {
        "2" : 0.000000,
        "4" : 0.000000,
        "10" : 0.000000,
        "20" : 0.000000,
        "50" : 0.000000,
        "100" : 0.000000,
        "250" : 0.000000,
        "500" : 0.000000,
        "750" : 0.000000,
        "1000" : 0.000000
      },
      "latency_us" : {
        "2" : 0.000000,
        "4" : 0.000000,
        "10" : 0.000000,
        "20" : 0.000000,
        "50" : 0.000000,
        "100" : 0.000000,
        "250" : 0.000000,
        "500" : 0.000000,
        "750" : 0.000000,
        "1000" : 0.000000
      },
      "latency_ms" : {
        "2" : 14.347656,
        "4" : 53.972656,
        "10" : 31.570312,
        "20" : 0.085938,
        "50" : 0.019531,
        "100" : 0.010000,
        "250" : 0.000000,
        "500" : 0.000000,
        "750" : 0.000000,
        "1000" : 0.000000,
        "2000" : 0.000000,
        ">=2000" : 0.000000
      },
      "latency_depth" : 2,
      "latency_target" : 0,
      "latency_percentile" : 100.000000,
      "latency_window" : 0
    }
  ]
}
