{
  "fio version" : "fio-3.29-112-gc3773",
  "timestamp" : 1649374081,
  "timestamp_ms" : 1649374081470,
  "time" : "Thu Apr  7 23:28:01 2022",
  "global options" : {
    "size" : "50M",
    "runtime" : "60",
    "rwmixread" : "50",
    "directory" : "/mnt/gfs"
  },
  "jobs" : [
    {
      "jobname" : "iotest",
      "groupid" : 0,
      "error" : 0,
      "eta" : 0,
      "elapsed" : 61,
      "job options" : {
        "rw" : "readwrite",
        "bs" : "4k",
        "ioengine" : "libaio",
        "iodepth" : "32",
        "numjobs" : "8",
        "direct" : "1",
        "group_reporting" : "1",
        "invalidate" : "1",
        "loops" : "1",
        "write_bw_log" : "./fio-bench-07-04-2022--20-28-07-seq-gfs/seqrw/gfs/readwrite50/4k/readwrite-iodepth-32-numjobs-8",
        "write_lat_log" : "./fio-bench-07-04-2022--20-28-07-seq-gfs/seqrw/gfs/readwrite50/4k/readwrite-iodepth-32-numjobs-8",
        "write_iops_log" : "./fio-bench-07-04-2022--20-28-07-seq-gfs/seqrw/gfs/readwrite50/4k/readwrite-iodepth-32-numjobs-8",
        "log_avg_msec" : "500"
      },
      "read" : {
        "io_bytes" : 158154752,
        "io_kbytes" : 154448,
        "bw_bytes" : 2634244,
        "bw" : 2572,
        "iops" : 643.126020,
        "runtime" : 60038,
        "total_ios" : 38612,
        "short_ios" : 0,
        "drop_ios" : 0,
        "slat_ns" : {
          "min" : 2933,
          "max" : 135580816,
          "mean" : 6059710.694473,
          "stddev" : 2779200.739795,
          "N" : 38612
        },
        "clat_ns" : {
          "min" : 6740610,
          "max" : 352048609,
          "mean" : 186367797.602403,
          "stddev" : 18985047.189172,
          "N" : 38612,
          "percentile" : {
            "1.000000" : 131596288,
            "5.000000" : 154140672,
            "10.000000" : 164626432,
            "20.000000" : 173015040,
            "30.000000" : 179306496,
            "40.000000" : 183500800,
            "50.000000" : 187695104,
            "60.000000" : 191889408,
            "70.000000" : 196083712,
            "80.000000" : 200278016,
            "90.000000" : 206569472,
            "95.000000" : 210763776,
            "99.000000" : 221249536,
            "99.500000" : 225443840,
            "99.900000" : 308281344,
            "99.950000" : 320864256,
            "99.990000" : 341835776
          }
        },
        "lat_ns" : {
          "min" : 10666959,
          "max" : 357522225,
          "mean" : 192430591.220735,
          "stddev" : 19161547.483347,
          "N" : 38612
        },
        "bw_min" : 1408,
        "bw_max" : 3520,
        "bw_agg" : 99.708303,
        "bw_mean" : 2565.800000,
        "bw_dev" : 43.706081,
        "bw_samples" : 960,
        "iops_min" : 352,
        "iops_max" : 880,
        "iops_mean" : 641.450000,
        "iops_stddev" : 10.926520,
        "iops_samples" : 960
      },
      "write" : {
        "io_bytes" : 159633408,
        "io_kbytes" : 155892,
        "bw_bytes" : 2658872,
        "bw" : 2596,
        "iops" : 649.138879,
        "runtime" : 60038,
        "total_ios" : 38973,
        "short_ios" : 0,
        "drop_ios" : 0,
        "slat_ns" : {
          "min" : 60412,
          "max" : 130417855,
          "mean" : 6284173.110205,
          "stddev" : 2202829.393830,
          "N" : 38973
        },
        "clat_ns" : {
          "min" : 4187067,
          "max" : 415676360,
          "mean" : 196905957.205912,
          "stddev" : 19155928.101397,
          "N" : 38973,
          "percentile" : {
            "1.000000" : 160432128,
            "5.000000" : 170917888,
            "10.000000" : 177209344,
            "20.000000" : 183500800,
            "30.000000" : 187695104,
            "40.000000" : 191889408,
            "50.000000" : 196083712,
            "60.000000" : 198180864,
            "70.000000" : 202375168,
            "80.000000" : 208666624,
            "90.000000" : 217055232,
            "95.000000" : 227540992,
            "99.000000" : 258998272,
            "99.500000" : 270532608,
            "99.900000" : 316669952,
            "99.950000" : 341835776,
            "99.990000" : 367001600
          }
        },
        "lat_ns" : {
          "min" : 8010119,
          "max" : 423339228,
          "mean" : 203193229.995073,
          "stddev" : 19315191.489480,
          "N" : 38973
        },
        "bw_min" : 1712,
        "bw_max" : 3296,
        "bw_agg" : 99.709050,
        "bw_mean" : 2589.666667,
        "bw_dev" : 35.069209,
        "bw_samples" : 960,
        "iops_min" : 428,
        "iops_max" : 824,
        "iops_mean" : 647.416667,
        "iops_stddev" : 8.771107,
        "iops_samples" : 960
      },
      "trim" : {
        "io_bytes" : 0,
        "io_kbytes" : 0,
        "bw_bytes" : 0,
        "bw" : 0,
        "iops" : 0.000000,
        "runtime" : 0,
        "total_ios" : 0,
        "short_ios" : 0,
        "drop_ios" : 0,
        "slat_ns" : {
          "min" : 0,
          "max" : 0,
          "mean" : 0.000000,
          "stddev" : 0.000000,
          "N" : 0
        },
        "clat_ns" : {
          "min" : 0,
          "max" : 0,
          "mean" : 0.000000,
          "stddev" : 0.000000,
          "N" : 0
        },
        "lat_ns" : {
          "min" : 0,
          "max" : 0,
          "mean" : 0.000000,
          "stddev" : 0.000000,
          "N" : 0
        },
        "bw_min" : 0,
        "bw_max" : 0,
        "bw_agg" : 0.000000,
        "bw_mean" : 0.000000,
        "bw_dev" : 0.000000,
        "bw_samples" : 0,
        "iops_min" : 0,
        "iops_max" : 0,
        "iops_mean" : 0.000000,
        "iops_stddev" : 0.000000,
        "iops_samples" : 0
      },
      "sync" : {
        "total_ios" : 0,
        "lat_ns" : {
          "min" : 0,
          "max" : 0,
          "mean" : 0.000000,
          "stddev" : 0.000000,
          "N" : 0
        }
      },
      "job_runtime" : 480215,
      "usr_cpu" : 0.218444,
      "sys_cpu" : 0.337141,
      "ctx" : 116630,
      "majf" : 0,
      "minf" : 312,
      "iodepth_level" : {
        "1" : 0.100000,
        "2" : 0.100000,
        "4" : 0.100000,
        "8" : 0.100000,
        "16" : 0.164980,
        "32" : 99.680351,
        ">=64" : 0.000000
      },
      "iodepth_submit" : {
        "0" : 0.000000,
        "4" : 100.000000,
        "8" : 0.000000,
        "16" : 0.000000,
        "32" : 0.000000,
        "64" : 0.000000,
        ">=64" : 0.000000
      },
      "iodepth_complete" : {
        "0" : 0.000000,
        "4" : 99.989657,
        "8" : 0.000000,
        "16" : 0.000000,
        "32" : 0.100000,
        "64" : 0.000000,
        ">=64" : 0.000000
      },
      "latency_ns" : {
        "2" : 0.000000,
        "4" : 0.000000,
        "10" : 0.000000,
        "20" : 0.000000,
        "50" : 0.000000,
        "100" : 0.000000,
        "250" : 0.000000,
        "500" : 0.000000,
        "750" : 0.000000,
        "1000" : 0.000000
      },
      "latency_us" : {
        "2" : 0.000000,
        "4" : 0.000000,
        "10" : 0.000000,
        "20" : 0.000000,
        "50" : 0.000000,
        "100" : 0.000000,
        "250" : 0.000000,
        "500" : 0.000000,
        "750" : 0.000000,
        "1000" : 0.000000
      },
      "latency_ms" : {
        "2" : 0.000000,
        "4" : 0.000000,
        "10" : 0.010000,
        "20" : 0.010000,
        "50" : 0.046401,
        "100" : 0.082490,
        "250" : 98.891538,
        "500" : 0.973126,
        "750" : 0.000000,
        "1000" : 0.000000,
        "2000" : 0.000000,
        ">=2000" : 0.000000
      },
      "latency_depth" : 32,
      "latency_target" : 0,
      "latency_percentile" : 100.000000,
      "latency_window" : 0
    }
  ]
}
