{
  "fio version" : "fio-3.29-112-gc3773",
  "timestamp" : 1649370060,
  "timestamp_ms" : 1649370060680,
  "time" : "Thu Apr  7 22:21:00 2022",
  "global options" : {
    "size" : "50M",
    "runtime" : "60",
    "rwmixread" : "50",
    "directory" : "/mnt/gfs"
  },
  "jobs" : [
    {
      "jobname" : "iotest",
      "groupid" : 0,
      "error" : 0,
      "eta" : 0,
      "elapsed" : 30,
      "job options" : {
        "rw" : "readwrite",
        "bs" : "4k",
        "ioengine" : "libaio",
        "iodepth" : "1",
        "numjobs" : "1",
        "direct" : "1",
        "group_reporting" : "1",
        "invalidate" : "1",
        "loops" : "1",
        "write_bw_log" : "./fio-bench-07-04-2022--20-28-07-seq-gfs/seqrw/gfs/readwrite50/4k/readwrite-iodepth-1-numjobs-1",
        "write_lat_log" : "./fio-bench-07-04-2022--20-28-07-seq-gfs/seqrw/gfs/readwrite50/4k/readwrite-iodepth-1-numjobs-1",
        "write_iops_log" : "./fio-bench-07-04-2022--20-28-07-seq-gfs/seqrw/gfs/readwrite50/4k/readwrite-iodepth-1-numjobs-1",
        "log_avg_msec" : "500"
      },
      "read" : {
        "io_bytes" : 26136576,
        "io_kbytes" : 25524,
        "bw_bytes" : 903910,
        "bw" : 882,
        "iops" : 220.681307,
        "runtime" : 28915,
        "total_ios" : 6381,
        "short_ios" : 0,
        "drop_ios" : 0,
        "slat_ns" : {
          "min" : 6355,
          "max" : 330141,
          "mean" : 7627.588309,
          "stddev" : 4320.426776,
          "N" : 6381
        },
        "clat_ns" : {
          "min" : 1140023,
          "max" : 32259384,
          "mean" : 1523978.140887,
          "stddev" : 538858.276497,
          "N" : 6381,
          "percentile" : {
            "1.000000" : 1384448,
            "5.000000" : 1417216,
            "10.000000" : 1433600,
            "20.000000" : 1466368,
            "30.000000" : 1482752,
            "40.000000" : 1499136,
            "50.000000" : 1515520,
            "60.000000" : 1531904,
            "70.000000" : 1531904,
            "80.000000" : 1548288,
            "90.000000" : 1564672,
            "95.000000" : 1581056,
            "99.000000" : 1761280,
            "99.500000" : 1826816,
            "99.900000" : 2179072,
            "99.950000" : 4554752,
            "99.990000" : 32374784
          }
        },
        "lat_ns" : {
          "min" : 1233541,
          "max" : 32271536,
          "mean" : 1534416.450556,
          "stddev" : 538906.264582,
          "N" : 6381
        },
        "bw_min" : 688,
        "bw_max" : 1136,
        "bw_agg" : 99.917912,
        "bw_mean" : 882.052632,
        "bw_dev" : 92.775155,
        "bw_samples" : 57,
        "iops_min" : 172,
        "iops_max" : 284,
        "iops_mean" : 220.491228,
        "iops_stddev" : 23.189532,
        "iops_samples" : 57
      },
      "write" : {
        "io_bytes" : 26292224,
        "io_kbytes" : 25676,
        "bw_bytes" : 909293,
        "bw" : 887,
        "iops" : 221.995504,
        "runtime" : 28915,
        "total_ios" : 6419,
        "short_ios" : 0,
        "drop_ios" : 0,
        "slat_ns" : {
          "min" : 22001,
          "max" : 4690697,
          "mean" : 32689.589500,
          "stddev" : 58625.015502,
          "N" : 6419
        },
        "clat_ns" : {
          "min" : 2620105,
          "max" : 10834586,
          "mean" : 2928006.001558,
          "stddev" : 275307.257499,
          "N" : 6419,
          "percentile" : {
            "1.000000" : 2801664,
            "5.000000" : 2834432,
            "10.000000" : 2834432,
            "20.000000" : 2867200,
            "30.000000" : 2899968,
            "40.000000" : 2899968,
            "50.000000" : 2932736,
            "60.000000" : 2932736,
            "70.000000" : 2932736,
            "80.000000" : 2965504,
            "90.000000" : 2965504,
            "95.000000" : 2998272,
            "99.000000" : 3096576,
            "99.500000" : 3194880,
            "99.900000" : 8978432,
            "99.950000" : 10158080,
            "99.990000" : 10813440
          }
        },
        "lat_ns" : {
          "min" : 2659566,
          "max" : 10869087,
          "mean" : 2963458.252999,
          "stddev" : 282039.563763,
          "N" : 6419
        },
        "bw_min" : 768,
        "bw_max" : 992,
        "bw_agg" : 100.000000,
        "bw_mean" : 888.789474,
        "bw_dev" : 49.506398,
        "bw_samples" : 57,
        "iops_min" : 192,
        "iops_max" : 248,
        "iops_mean" : 222.175439,
        "iops_stddev" : 12.382480,
        "iops_samples" : 57
      },
      "trim" : {
        "io_bytes" : 0,
        "io_kbytes" : 0,
        "bw_bytes" : 0,
        "bw" : 0,
        "iops" : 0.000000,
        "runtime" : 0,
        "total_ios" : 0,
        "short_ios" : 0,
        "drop_ios" : 0,
        "slat_ns" : {
          "min" : 0,
          "max" : 0,
          "mean" : 0.000000,
          "stddev" : 0.000000,
          "N" : 0
        },
        "clat_ns" : {
          "min" : 0,
          "max" : 0,
          "mean" : 0.000000,
          "stddev" : 0.000000,
          "N" : 0
        },
        "lat_ns" : {
          "min" : 0,
          "max" : 0,
          "mean" : 0.000000,
          "stddev" : 0.000000,
          "N" : 0
        },
        "bw_min" : 0,
        "bw_max" : 0,
        "bw_agg" : 0.000000,
        "bw_mean" : 0.000000,
        "bw_dev" : 0.000000,
        "bw_samples" : 0,
        "iops_min" : 0,
        "iops_max" : 0,
        "iops_mean" : 0.000000,
        "iops_stddev" : 0.000000,
        "iops_samples" : 0
      },
      "sync" : {
        "total_ios" : 0,
        "lat_ns" : {
          "min" : 0,
          "max" : 0,
          "mean" : 0.000000,
          "stddev" : 0.000000,
          "N" : 0
        }
      },
      "job_runtime" : 28914,
      "usr_cpu" : 0.148717,
      "sys_cpu" : 1.262364,
      "ctx" : 19258,
      "majf" : 0,
      "minf" : 38,
      "iodepth_level" : {
        "1" : 100.000000,
        "2" : 0.000000,
        "4" : 0.000000,
        "8" : 0.000000,
        "16" : 0.000000,
        "32" : 0.000000,
        ">=64" : 0.000000
      },
      "iodepth_submit" : {
        "0" : 0.000000,
        "4" : 100.000000,
        "8" : 0.000000,
        "16" : 0.000000,
        "32" : 0.000000,
        "64" : 0.000000,
        ">=64" : 0.000000
      },
      "iodepth_complete" : {
        "0" : 0.000000,
        "4" : 100.000000,
        "8" : 0.000000,
        "16" : 0.000000,
        "32" : 0.000000,
        "64" : 0.000000,
        ">=64" : 0.000000
      },
      "latency_ns" : {
        "2" : 0.000000,
        "4" : 0.000000,
        "10" : 0.000000,
        "20" : 0.000000,
        "50" : 0.000000,
        "100" : 0.000000,
        "250" : 0.000000,
        "500" : 0.000000,
        "750" : 0.000000,
        "1000" : 0.000000
      },
      "latency_us" : {
        "2" : 0.000000,
        "4" : 0.000000,
        "10" : 0.000000,
        "20" : 0.000000,
        "50" : 0.000000,
        "100" : 0.000000,
        "250" : 0.000000,
        "500" : 0.000000,
        "750" : 0.000000,
        "1000" : 0.000000
      },
      "latency_ms" : {
        "2" : 49.781250,
        "4" : 50.078125,
        "10" : 0.085938,
        "20" : 0.039062,
        "50" : 0.015625,
        "100" : 0.000000,
        "250" : 0.000000,
        "500" : 0.000000,
        "750" : 0.000000,
        "1000" : 0.000000,
        "2000" : 0.000000,
        ">=2000" : 0.000000
      },
      "latency_depth" : 1,
      "latency_target" : 0,
      "latency_percentile" : 100.000000,
      "latency_window" : 0
    }
  ]
}
