{
  "fio version" : "fio-3.29-112-gc3773",
  "timestamp" : 1649374021,
  "timestamp_ms" : 1649374021180,
  "time" : "Thu Apr  7 23:27:01 2022",
  "global options" : {
    "size" : "50M",
    "runtime" : "60",
    "rwmixread" : "50",
    "directory" : "/mnt/gfs"
  },
  "jobs" : [
    {
      "jobname" : "iotest",
      "groupid" : 0,
      "error" : 0,
      "eta" : 0,
      "elapsed" : 41,
      "job options" : {
        "rw" : "readwrite",
        "bs" : "4k",
        "ioengine" : "libaio",
        "iodepth" : "32",
        "numjobs" : "4",
        "direct" : "1",
        "group_reporting" : "1",
        "invalidate" : "1",
        "loops" : "1",
        "write_bw_log" : "./fio-bench-07-04-2022--20-28-07-seq-gfs/seqrw/gfs/readwrite50/4k/readwrite-iodepth-32-numjobs-4",
        "write_lat_log" : "./fio-bench-07-04-2022--20-28-07-seq-gfs/seqrw/gfs/readwrite50/4k/readwrite-iodepth-32-numjobs-4",
        "write_iops_log" : "./fio-bench-07-04-2022--20-28-07-seq-gfs/seqrw/gfs/readwrite50/4k/readwrite-iodepth-32-numjobs-4",
        "log_avg_msec" : "500"
      },
      "read" : {
        "io_bytes" : 104062976,
        "io_kbytes" : 101624,
        "bw_bytes" : 2607506,
        "bw" : 2546,
        "iops" : 636.598261,
        "runtime" : 39909,
        "total_ios" : 25406,
        "short_ios" : 0,
        "drop_ios" : 0,
        "slat_ns" : {
          "min" : 3073,
          "max" : 14586043,
          "mean" : 2734443.958474,
          "stddev" : 1719293.284660,
          "N" : 25406
        },
        "clat_ns" : {
          "min" : 6758071,
          "max" : 158614398,
          "mean" : 93743277.528182,
          "stddev" : 13993923.432014,
          "N" : 25406,
          "percentile" : {
            "1.000000" : 44302336,
            "5.000000" : 70778880,
            "10.000000" : 79167488,
            "20.000000" : 85458944,
            "30.000000" : 89653248,
            "40.000000" : 92798976,
            "50.000000" : 94896128,
            "60.000000" : 98041856,
            "70.000000" : 100139008,
            "80.000000" : 104333312,
            "90.000000" : 108527616,
            "95.000000" : 112721920,
            "99.000000" : 121110528,
            "99.500000" : 123207680,
            "99.900000" : 130547712,
            "99.950000" : 137363456,
            "99.990000" : 156237824
          }
        },
        "lat_ns" : {
          "min" : 9196516,
          "max" : 162120161,
          "mean" : 96480729.540148,
          "stddev" : 14444553.202304,
          "N" : 25406
        },
        "bw_min" : 1920,
        "bw_max" : 4456,
        "bw_agg" : 100.000000,
        "bw_mean" : 2571.957695,
        "bw_dev" : 104.378056,
        "bw_samples" : 310,
        "iops_min" : 480,
        "iops_max" : 1114,
        "iops_mean" : 642.847435,
        "iops_stddev" : 26.097323,
        "iops_samples" : 310
      },
      "write" : {
        "io_bytes" : 105652224,
        "io_kbytes" : 103176,
        "bw_bytes" : 2647328,
        "bw" : 2585,
        "iops" : 646.320379,
        "runtime" : 39909,
        "total_ios" : 25794,
        "short_ios" : 0,
        "drop_ios" : 0,
        "slat_ns" : {
          "min" : 18020,
          "max" : 23696795,
          "mean" : 3032920.646817,
          "stddev" : 1738393.889199,
          "N" : 25794
        },
        "clat_ns" : {
          "min" : 3732957,
          "max" : 166870218,
          "mean" : 96149130.186943,
          "stddev" : 14183669.356102,
          "N" : 25794,
          "percentile" : {
            "1.000000" : 45350912,
            "5.000000" : 73924608,
            "10.000000" : 82313216,
            "20.000000" : 88604672,
            "30.000000" : 91750400,
            "40.000000" : 94896128,
            "50.000000" : 96993280,
            "60.000000" : 100139008,
            "70.000000" : 103284736,
            "80.000000" : 106430464,
            "90.000000" : 111673344,
            "95.000000" : 115867648,
            "99.000000" : 124256256,
            "99.500000" : 127401984,
            "99.900000" : 135266304,
            "99.950000" : 145752064,
            "99.990000" : 162529280
          }
        },
        "lat_ns" : {
          "min" : 6746547,
          "max" : 173365196,
          "mean" : 99185062.158990,
          "stddev" : 14656260.314449,
          "N" : 25794
        },
        "bw_min" : 2176,
        "bw_max" : 4144,
        "bw_agg" : 100.000000,
        "bw_mean" : 2616.647235,
        "bw_dev" : 85.346393,
        "bw_samples" : 310,
        "iops_min" : 544,
        "iops_max" : 1036,
        "iops_mean" : 654.016656,
        "iops_stddev" : 21.342414,
        "iops_samples" : 310
      },
      "trim" : {
        "io_bytes" : 0,
        "io_kbytes" : 0,
        "bw_bytes" : 0,
        "bw" : 0,
        "iops" : 0.000000,
        "runtime" : 0,
        "total_ios" : 0,
        "short_ios" : 0,
        "drop_ios" : 0,
        "slat_ns" : {
          "min" : 0,
          "max" : 0,
          "mean" : 0.000000,
          "stddev" : 0.000000,
          "N" : 0
        },
        "clat_ns" : {
          "min" : 0,
          "max" : 0,
          "mean" : 0.000000,
          "stddev" : 0.000000,
          "N" : 0
        },
        "lat_ns" : {
          "min" : 0,
          "max" : 0,
          "mean" : 0.000000,
          "stddev" : 0.000000,
          "N" : 0
        },
        "bw_min" : 0,
        "bw_max" : 0,
        "bw_agg" : 0.000000,
        "bw_mean" : 0.000000,
        "bw_dev" : 0.000000,
        "bw_samples" : 0,
        "iops_min" : 0,
        "iops_max" : 0,
        "iops_mean" : 0.000000,
        "iops_stddev" : 0.000000,
        "iops_samples" : 0
      },
      "sync" : {
        "total_ios" : 0,
        "lat_ns" : {
          "min" : 0,
          "max" : 0,
          "mean" : 0.000000,
          "stddev" : 0.000000,
          "N" : 0
        }
      },
      "job_runtime" : 156622,
      "usr_cpu" : 0.349887,
      "sys_cpu" : 0.764260,
      "ctx" : 80381,
      "majf" : 0,
      "minf" : 156,
      "iodepth_level" : {
        "1" : 0.100000,
        "2" : 0.100000,
        "4" : 0.100000,
        "8" : 0.100000,
        "16" : 0.125000,
        "32" : 99.757812,
        ">=64" : 0.000000
      },
      "iodepth_submit" : {
        "0" : 0.000000,
        "4" : 100.000000,
        "8" : 0.000000,
        "16" : 0.000000,
        "32" : 0.000000,
        "64" : 0.000000,
        ">=64" : 0.000000
      },
      "iodepth_complete" : {
        "0" : 0.000000,
        "4" : 99.992169,
        "8" : 0.000000,
        "16" : 0.000000,
        "32" : 0.100000,
        "64" : 0.000000,
        ">=64" : 0.000000
      },
      "latency_ns" : {
        "2" : 0.000000,
        "4" : 0.000000,
        "10" : 0.000000,
        "20" : 0.000000,
        "50" : 0.000000,
        "100" : 0.000000,
        "250" : 0.000000,
        "500" : 0.000000,
        "750" : 0.000000,
        "1000" : 0.000000
      },
      "latency_us" : {
        "2" : 0.000000,
        "4" : 0.000000,
        "10" : 0.000000,
        "20" : 0.000000,
        "50" : 0.000000,
        "100" : 0.000000,
        "250" : 0.000000,
        "500" : 0.000000,
        "750" : 0.000000,
        "1000" : 0.000000
      },
      "latency_ms" : {
        "2" : 0.000000,
        "4" : 0.010000,
        "10" : 0.010000,
        "20" : 0.023438,
        "50" : 2.041016,
        "100" : 62.574219,
        "250" : 35.351562,
        "500" : 0.000000,
        "750" : 0.000000,
        "1000" : 0.000000,
        "2000" : 0.000000,
        ">=2000" : 0.000000
      },
      "latency_depth" : 32,
      "latency_target" : 0,
      "latency_percentile" : 100.000000,
      "latency_window" : 0
    }
  ]
}
