{
  "fio version" : "fio-3.29-112-gc3773",
  "timestamp" : 1649374514,
  "timestamp_ms" : 1649374514155,
  "time" : "Thu Apr  7 23:35:14 2022",
  "global options" : {
    "size" : "50M",
    "runtime" : "60",
    "rwmixread" : "50",
    "directory" : "/mnt/gfs"
  },
  "jobs" : [
    {
      "jobname" : "iotest",
      "groupid" : 0,
      "error" : 0,
      "eta" : 0,
      "elapsed" : 61,
      "job options" : {
        "rw" : "readwrite",
        "bs" : "4k",
        "ioengine" : "libaio",
        "iodepth" : "64",
        "numjobs" : "32",
        "direct" : "1",
        "group_reporting" : "1",
        "invalidate" : "1",
        "loops" : "1",
        "write_bw_log" : "./fio-bench-07-04-2022--20-28-07-seq-gfs/seqrw/gfs/readwrite50/4k/readwrite-iodepth-64-numjobs-32",
        "write_lat_log" : "./fio-bench-07-04-2022--20-28-07-seq-gfs/seqrw/gfs/readwrite50/4k/readwrite-iodepth-64-numjobs-32",
        "write_iops_log" : "./fio-bench-07-04-2022--20-28-07-seq-gfs/seqrw/gfs/readwrite50/4k/readwrite-iodepth-64-numjobs-32",
        "log_avg_msec" : "500"
      },
      "read" : {
        "io_bytes" : 160374784,
        "io_kbytes" : 156616,
        "bw_bytes" : 2670020,
        "bw" : 2607,
        "iops" : 651.860484,
        "runtime" : 60065,
        "total_ios" : 39154,
        "short_ios" : 0,
        "drop_ios" : 0,
        "slat_ns" : {
          "min" : 2724,
          "max" : 88314747,
          "mean" : 24247264.891250,
          "stddev" : 6210479.765757,
          "N" : 39154
        },
        "clat_ns" : {
          "min" : 2805322,
          "max" : 1746126768,
          "mean" : 1516092468.506053,
          "stddev" : 149387112.239509,
          "N" : 39154,
          "percentile" : {
            "1.000000" : 599785472,
            "5.000000" : 1417674752,
            "10.000000" : 1451229184,
            "20.000000" : 1484783616,
            "30.000000" : 1501560832,
            "40.000000" : 1518338048,
            "50.000000" : 1535115264,
            "60.000000" : 1551892480,
            "70.000000" : 1568669696,
            "80.000000" : 1585446912,
            "90.000000" : 1602224128,
            "95.000000" : 1619001344,
            "99.000000" : 1669332992,
            "99.500000" : 1669332992,
            "99.900000" : 1702887424,
            "99.950000" : 1702887424,
            "99.990000" : 1736441856
          }
        },
        "lat_ns" : {
          "min" : 28572285,
          "max" : 1770812584,
          "mean" : 1540343689.385197,
          "stddev" : 149637129.316856,
          "N" : 39154
        },
        "bw_min" : 991,
        "bw_max" : 4128,
        "bw_agg" : 99.752961,
        "bw_mean" : 2601.792126,
        "bw_dev" : 18.535481,
        "bw_samples" : 3750,
        "iops_min" : 247,
        "iops_max" : 1032,
        "iops_mean" : 650.396803,
        "iops_stddev" : 4.635326,
        "iops_samples" : 3750
      },
      "write" : {
        "io_bytes" : 159830016,
        "io_kbytes" : 156084,
        "bw_bytes" : 2660950,
        "bw" : 2598,
        "iops" : 649.646217,
        "runtime" : 60065,
        "total_ios" : 39021,
        "short_ios" : 0,
        "drop_ios" : 0,
        "slat_ns" : {
          "min" : 66419,
          "max" : 89553246,
          "mean" : 24847562.538018,
          "stddev" : 5462433.764628,
          "N" : 39021
        },
        "clat_ns" : {
          "min" : 4066799,
          "max" : 1781899354,
          "mean" : 1541495559.063914,
          "stddev" : 151986074.869040,
          "N" : 39021,
          "percentile" : {
            "1.000000" : 616562688,
            "5.000000" : 1468006400,
            "10.000000" : 1484783616,
            "20.000000" : 1518338048,
            "30.000000" : 1535115264,
            "40.000000" : 1551892480,
            "50.000000" : 1551892480,
            "60.000000" : 1568669696,
            "70.000000" : 1585446912,
            "80.000000" : 1602224128,
            "90.000000" : 1635778560,
            "95.000000" : 1652555776,
            "99.000000" : 1702887424,
            "99.500000" : 1719664640,
            "99.900000" : 1736441856,
            "99.950000" : 1753219072,
            "99.990000" : 1769996288
          }
        },
        "lat_ns" : {
          "min" : 30519325,
          "max" : 1813850704,
          "mean" : 1566347106.164860,
          "stddev" : 152123962.210961,
          "N" : 39021
        },
        "bw_min" : 1192,
        "bw_max" : 4039,
        "bw_agg" : 99.977527,
        "bw_mean" : 2598.973696,
        "bw_dev" : 17.947116,
        "bw_samples" : 3743,
        "iops_min" : 298,
        "iops_max" : 1009,
        "iops_mean" : 649.692087,
        "iops_stddev" : 4.485517,
        "iops_samples" : 3743
      },
      "trim" : {
        "io_bytes" : 0,
        "io_kbytes" : 0,
        "bw_bytes" : 0,
        "bw" : 0,
        "iops" : 0.000000,
        "runtime" : 0,
        "total_ios" : 0,
        "short_ios" : 0,
        "drop_ios" : 0,
        "slat_ns" : {
          "min" : 0,
          "max" : 0,
          "mean" : 0.000000,
          "stddev" : 0.000000,
          "N" : 0
        },
        "clat_ns" : {
          "min" : 0,
          "max" : 0,
          "mean" : 0.000000,
          "stddev" : 0.000000,
          "N" : 0
        },
        "lat_ns" : {
          "min" : 0,
          "max" : 0,
          "mean" : 0.000000,
          "stddev" : 0.000000,
          "N" : 0
        },
        "bw_min" : 0,
        "bw_max" : 0,
        "bw_agg" : 0.000000,
        "bw_mean" : 0.000000,
        "bw_dev" : 0.000000,
        "bw_samples" : 0,
        "iops_min" : 0,
        "iops_max" : 0,
        "iops_mean" : 0.000000,
        "iops_stddev" : 0.000000,
        "iops_samples" : 0
      },
      "sync" : {
        "total_ios" : 0,
        "lat_ns" : {
          "min" : 0,
          "max" : 0,
          "mean" : 0.000000,
          "stddev" : 0.000000,
          "N" : 0
        }
      },
      "job_runtime" : 1921295,
      "usr_cpu" : 0.067715,
      "sys_cpu" : 0.091345,
      "ctx" : 117336,
      "majf" : 0,
      "minf" : 1340,
      "iodepth_level" : {
        "1" : 0.100000,
        "2" : 0.100000,
        "4" : 0.163735,
        "8" : 0.327470,
        "16" : 0.654941,
        "32" : 1.309882,
        ">=64" : 97.421170
      },
      "iodepth_submit" : {
        "0" : 0.000000,
        "4" : 100.000000,
        "8" : 0.000000,
        "16" : 0.000000,
        "32" : 0.000000,
        "64" : 0.000000,
        ">=64" : 0.000000
      },
      "iodepth_complete" : {
        "0" : 0.000000,
        "4" : 99.958000,
        "8" : 0.000000,
        "16" : 0.000000,
        "32" : 0.000000,
        "64" : 0.100000,
        ">=64" : 0.000000
      },
      "latency_ns" : {
        "2" : 0.000000,
        "4" : 0.000000,
        "10" : 0.000000,
        "20" : 0.000000,
        "50" : 0.000000,
        "100" : 0.000000,
        "250" : 0.000000,
        "500" : 0.000000,
        "750" : 0.000000,
        "1000" : 0.000000
      },
      "latency_us" : {
        "2" : 0.000000,
        "4" : 0.000000,
        "10" : 0.000000,
        "20" : 0.000000,
        "50" : 0.000000,
        "100" : 0.000000,
        "250" : 0.000000,
        "500" : 0.000000,
        "750" : 0.000000,
        "1000" : 0.000000
      },
      "latency_ms" : {
        "2" : 0.000000,
        "4" : 0.010000,
        "10" : 0.010000,
        "20" : 0.019188,
        "50" : 0.037096,
        "100" : 0.084426,
        "250" : 0.250720,
        "500" : 0.408059,
        "750" : 0.417013,
        "1000" : 0.427247,
        "2000" : 98.352414,
        ">=2000" : 0.000000
      },
      "latency_depth" : 64,
      "latency_target" : 0,
      "latency_percentile" : 100.000000,
      "latency_window" : 0
    }
  ]
}
