{
  "fio version" : "fio-3.29-112-gc3773",
  "timestamp" : 1649374292,
  "timestamp_ms" : 1649374292942,
  "time" : "Thu Apr  7 23:31:32 2022",
  "global options" : {
    "size" : "50M",
    "runtime" : "60",
    "rwmixread" : "50",
    "directory" : "/mnt/gfs"
  },
  "jobs" : [
    {
      "jobname" : "iotest",
      "groupid" : 0,
      "error" : 0,
      "eta" : 0,
      "elapsed" : 21,
      "job options" : {
        "rw" : "readwrite",
        "bs" : "4k",
        "ioengine" : "libaio",
        "iodepth" : "64",
        "numjobs" : "2",
        "direct" : "1",
        "group_reporting" : "1",
        "invalidate" : "1",
        "loops" : "1",
        "write_bw_log" : "./fio-bench-07-04-2022--20-28-07-seq-gfs/seqrw/gfs/readwrite50/4k/readwrite-iodepth-64-numjobs-2",
        "write_lat_log" : "./fio-bench-07-04-2022--20-28-07-seq-gfs/seqrw/gfs/readwrite50/4k/readwrite-iodepth-64-numjobs-2",
        "write_iops_log" : "./fio-bench-07-04-2022--20-28-07-seq-gfs/seqrw/gfs/readwrite50/4k/readwrite-iodepth-64-numjobs-2",
        "log_avg_msec" : "500"
      },
      "read" : {
        "io_bytes" : 52006912,
        "io_kbytes" : 50788,
        "bw_bytes" : 2620391,
        "bw" : 2558,
        "iops" : 639.744042,
        "runtime" : 19847,
        "total_ios" : 12697,
        "short_ios" : 0,
        "drop_ios" : 0,
        "slat_ns" : {
          "min" : 2794,
          "max" : 10090766,
          "mean" : 1415767.015437,
          "stddev" : 1159181.102416,
          "N" : 12697
        },
        "clat_ns" : {
          "min" : 14029197,
          "max" : 130865040,
          "mean" : 95313451.086005,
          "stddev" : 11106079.318931,
          "N" : 12697,
          "percentile" : {
            "1.000000" : 63700992,
            "5.000000" : 80216064,
            "10.000000" : 83361792,
            "20.000000" : 87556096,
            "30.000000" : 90701824,
            "40.000000" : 92798976,
            "50.000000" : 95944704,
            "60.000000" : 98041856,
            "70.000000" : 101187584,
            "80.000000" : 104333312,
            "90.000000" : 108527616,
            "95.000000" : 111673344,
            "99.000000" : 117964800,
            "99.500000" : 120061952,
            "99.900000" : 126353408,
            "99.950000" : 127401984,
            "99.990000" : 129499136
          }
        },
        "lat_ns" : {
          "min" : 14051267,
          "max" : 132010510,
          "mean" : 96732763.034890,
          "stddev" : 11186690.307300,
          "N" : 12697
        },
        "bw_min" : 1904,
        "bw_max" : 3064,
        "bw_agg" : 99.453860,
        "bw_mean" : 2545.333333,
        "bw_dev" : 122.851870,
        "bw_samples" : 78,
        "iops_min" : 476,
        "iops_max" : 766,
        "iops_mean" : 636.205128,
        "iops_stddev" : 30.727097,
        "iops_samples" : 78
      },
      "write" : {
        "io_bytes" : 52850688,
        "io_kbytes" : 51612,
        "bw_bytes" : 2662905,
        "bw" : 2600,
        "iops" : 650.123444,
        "runtime" : 19847,
        "total_ios" : 12903,
        "short_ios" : 0,
        "drop_ios" : 0,
        "slat_ns" : {
          "min" : 29543,
          "max" : 8600837,
          "mean" : 1647753.937456,
          "stddev" : 1221813.654373,
          "N" : 12903
        },
        "clat_ns" : {
          "min" : 16503540,
          "max" : 247856280,
          "mean" : 99569453.438580,
          "stddev" : 11310351.564316,
          "N" : 12903,
          "percentile" : {
            "1.000000" : 74973184,
            "5.000000" : 83361792,
            "10.000000" : 86507520,
            "20.000000" : 90701824,
            "30.000000" : 93847552,
            "40.000000" : 96993280,
            "50.000000" : 99090432,
            "60.000000" : 102236160,
            "70.000000" : 104333312,
            "80.000000" : 107479040,
            "90.000000" : 112721920,
            "95.000000" : 115867648,
            "99.000000" : 122159104,
            "99.500000" : 125304832,
            "99.900000" : 189792256,
            "99.950000" : 229638144,
            "99.990000" : 248512512
          }
        },
        "lat_ns" : {
          "min" : 17279200,
          "max" : 249121877,
          "mean" : 101220244.947454,
          "stddev" : 11383316.114119,
          "N" : 12903
        },
        "bw_min" : 2144,
        "bw_max" : 2904,
        "bw_agg" : 99.519585,
        "bw_mean" : 2588.820513,
        "bw_dev" : 67.482626,
        "bw_samples" : 78,
        "iops_min" : 536,
        "iops_max" : 726,
        "iops_mean" : 647.076923,
        "iops_stddev" : 16.867271,
        "iops_samples" : 78
      },
      "trim" : {
        "io_bytes" : 0,
        "io_kbytes" : 0,
        "bw_bytes" : 0,
        "bw" : 0,
        "iops" : 0.000000,
        "runtime" : 0,
        "total_ios" : 0,
        "short_ios" : 0,
        "drop_ios" : 0,
        "slat_ns" : {
          "min" : 0,
          "max" : 0,
          "mean" : 0.000000,
          "stddev" : 0.000000,
          "N" : 0
        },
        "clat_ns" : {
          "min" : 0,
          "max" : 0,
          "mean" : 0.000000,
          "stddev" : 0.000000,
          "N" : 0
        },
        "lat_ns" : {
          "min" : 0,
          "max" : 0,
          "mean" : 0.000000,
          "stddev" : 0.000000,
          "N" : 0
        },
        "bw_min" : 0,
        "bw_max" : 0,
        "bw_agg" : 0.000000,
        "bw_mean" : 0.000000,
        "bw_dev" : 0.000000,
        "bw_samples" : 0,
        "iops_min" : 0,
        "iops_max" : 0,
        "iops_mean" : 0.000000,
        "iops_stddev" : 0.000000,
        "iops_samples" : 0
      },
      "sync" : {
        "total_ios" : 0,
        "lat_ns" : {
          "min" : 0,
          "max" : 0,
          "mean" : 0.000000,
          "stddev" : 0.000000,
          "N" : 0
        }
      },
      "job_runtime" : 39659,
      "usr_cpu" : 0.784185,
      "sys_cpu" : 1.389344,
      "ctx" : 38184,
      "majf" : 0,
      "minf" : 79,
      "iodepth_level" : {
        "1" : 0.100000,
        "2" : 0.100000,
        "4" : 0.100000,
        "8" : 0.100000,
        "16" : 0.125000,
        "32" : 0.250000,
        ">=64" : 99.507812
      },
      "iodepth_submit" : {
        "0" : 0.000000,
        "4" : 100.000000,
        "8" : 0.000000,
        "16" : 0.000000,
        "32" : 0.000000,
        "64" : 0.000000,
        ">=64" : 0.000000
      },
      "iodepth_complete" : {
        "0" : 0.000000,
        "4" : 99.992149,
        "8" : 0.000000,
        "16" : 0.000000,
        "32" : 0.000000,
        "64" : 0.100000,
        ">=64" : 0.000000
      },
      "latency_ns" : {
        "2" : 0.000000,
        "4" : 0.000000,
        "10" : 0.000000,
        "20" : 0.000000,
        "50" : 0.000000,
        "100" : 0.000000,
        "250" : 0.000000,
        "500" : 0.000000,
        "750" : 0.000000,
        "1000" : 0.000000
      },
      "latency_us" : {
        "2" : 0.000000,
        "4" : 0.000000,
        "10" : 0.000000,
        "20" : 0.000000,
        "50" : 0.000000,
        "100" : 0.000000,
        "250" : 0.000000,
        "500" : 0.000000,
        "750" : 0.000000,
        "1000" : 0.000000
      },
      "latency_ms" : {
        "2" : 0.000000,
        "4" : 0.000000,
        "10" : 0.000000,
        "20" : 0.066406,
        "50" : 0.437500,
        "100" : 59.183594,
        "250" : 40.312500,
        "500" : 0.000000,
        "750" : 0.000000,
        "1000" : 0.000000,
        "2000" : 0.000000,
        ">=2000" : 0.000000
      },
      "latency_depth" : 64,
      "latency_target" : 0,
      "latency_percentile" : 100.000000,
      "latency_window" : 0
    }
  ]
}
