{
  "fio version" : "fio-3.29-112-gc3773",
  "timestamp" : 1649373769,
  "timestamp_ms" : 1649373769551,
  "time" : "Thu Apr  7 23:22:49 2022",
  "global options" : {
    "size" : "50M",
    "runtime" : "60",
    "rwmixread" : "50",
    "directory" : "/mnt/gfs"
  },
  "jobs" : [
    {
      "jobname" : "iotest",
      "groupid" : 0,
      "error" : 0,
      "eta" : 0,
      "elapsed" : 61,
      "job options" : {
        "rw" : "readwrite",
        "bs" : "4k",
        "ioengine" : "libaio",
        "iodepth" : "16",
        "numjobs" : "8",
        "direct" : "1",
        "group_reporting" : "1",
        "invalidate" : "1",
        "loops" : "1",
        "write_bw_log" : "./fio-bench-07-04-2022--20-28-07-seq-gfs/seqrw/gfs/readwrite50/4k/readwrite-iodepth-16-numjobs-8",
        "write_lat_log" : "./fio-bench-07-04-2022--20-28-07-seq-gfs/seqrw/gfs/readwrite50/4k/readwrite-iodepth-16-numjobs-8",
        "write_iops_log" : "./fio-bench-07-04-2022--20-28-07-seq-gfs/seqrw/gfs/readwrite50/4k/readwrite-iodepth-16-numjobs-8",
        "log_avg_msec" : "500"
      },
      "read" : {
        "io_bytes" : 158433280,
        "io_kbytes" : 154720,
        "bw_bytes" : 2638971,
        "bw" : 2577,
        "iops" : 644.280099,
        "runtime" : 60036,
        "total_ios" : 38680,
        "short_ios" : 0,
        "drop_ios" : 0,
        "slat_ns" : {
          "min" : 2864,
          "max" : 26233441,
          "mean" : 5955640.744907,
          "stddev" : 2198297.191626,
          "N" : 38680
        },
        "clat_ns" : {
          "min" : 4504357,
          "max" : 193730305,
          "mean" : 87363206.187875,
          "stddev" : 13692352.984272,
          "N" : 38680,
          "percentile" : {
            "1.000000" : 48496640,
            "5.000000" : 62128128,
            "10.000000" : 69730304,
            "20.000000" : 77070336,
            "30.000000" : 82313216,
            "40.000000" : 85458944,
            "50.000000" : 88604672,
            "60.000000" : 91750400,
            "70.000000" : 94896128,
            "80.000000" : 98041856,
            "90.000000" : 103284736,
            "95.000000" : 107479040,
            "99.000000" : 115867648,
            "99.500000" : 120061952,
            "99.900000" : 133693440,
            "99.950000" : 152043520,
            "99.990000" : 191889408
          }
        },
        "lat_ns" : {
          "min" : 4510224,
          "max" : 202966981,
          "mean" : 93321927.370579,
          "stddev" : 13938148.534959,
          "N" : 38680
        },
        "bw_min" : 1648,
        "bw_max" : 3496,
        "bw_agg" : 99.878930,
        "bw_mean" : 2574.933333,
        "bw_dev" : 45.029916,
        "bw_samples" : 960,
        "iops_min" : 412,
        "iops_max" : 874,
        "iops_mean" : 643.733333,
        "iops_stddev" : 11.257479,
        "iops_samples" : 960
      },
      "write" : {
        "io_bytes" : 160108544,
        "io_kbytes" : 156356,
        "bw_bytes" : 2666875,
        "bw" : 2604,
        "iops" : 651.092678,
        "runtime" : 60036,
        "total_ios" : 39089,
        "short_ios" : 0,
        "drop_ios" : 0,
        "slat_ns" : {
          "min" : 27238,
          "max" : 23238428,
          "mean" : 6212886.790299,
          "stddev" : 2124634.900278,
          "N" : 39089
        },
        "clat_ns" : {
          "min" : 8010959,
          "max" : 196408307,
          "mean" : 97915091.769603,
          "stddev" : 13256043.173131,
          "N" : 39089,
          "percentile" : {
            "1.000000" : 71827456,
            "5.000000" : 79167488,
            "10.000000" : 83361792,
            "20.000000" : 87556096,
            "30.000000" : 90701824,
            "40.000000" : 93847552,
            "50.000000" : 95944704,
            "60.000000" : 99090432,
            "70.000000" : 102236160,
            "80.000000" : 107479040,
            "90.000000" : 114819072,
            "95.000000" : 122159104,
            "99.000000" : 139460608,
            "99.500000" : 145752064,
            "99.900000" : 156237824,
            "99.950000" : 164626432,
            "99.990000" : 189792256
          }
        },
        "lat_ns" : {
          "min" : 15518080,
          "max" : 203660996,
          "mean" : 104131076.296938,
          "stddev" : 13467112.029025,
          "N" : 39089
        },
        "bw_min" : 1936,
        "bw_max" : 3280,
        "bw_agg" : 99.870598,
        "bw_mean" : 2601.266667,
        "bw_dev" : 32.464109,
        "bw_samples" : 960,
        "iops_min" : 484,
        "iops_max" : 820,
        "iops_mean" : 650.316667,
        "iops_stddev" : 8.116027,
        "iops_samples" : 960
      },
      "trim" : {
        "io_bytes" : 0,
        "io_kbytes" : 0,
        "bw_bytes" : 0,
        "bw" : 0,
        "iops" : 0.000000,
        "runtime" : 0,
        "total_ios" : 0,
        "short_ios" : 0,
        "drop_ios" : 0,
        "slat_ns" : {
          "min" : 0,
          "max" : 0,
          "mean" : 0.000000,
          "stddev" : 0.000000,
          "N" : 0
        },
        "clat_ns" : {
          "min" : 0,
          "max" : 0,
          "mean" : 0.000000,
          "stddev" : 0.000000,
          "N" : 0
        },
        "lat_ns" : {
          "min" : 0,
          "max" : 0,
          "mean" : 0.000000,
          "stddev" : 0.000000,
          "N" : 0
        },
        "bw_min" : 0,
        "bw_max" : 0,
        "bw_agg" : 0.000000,
        "bw_mean" : 0.000000,
        "bw_dev" : 0.000000,
        "bw_samples" : 0,
        "iops_min" : 0,
        "iops_max" : 0,
        "iops_mean" : 0.000000,
        "iops_stddev" : 0.000000,
        "iops_samples" : 0
      },
      "sync" : {
        "total_ios" : 0,
        "lat_ns" : {
          "min" : 0,
          "max" : 0,
          "mean" : 0.000000,
          "stddev" : 0.000000,
          "N" : 0
        }
      },
      "job_runtime" : 480217,
      "usr_cpu" : 0.193662,
      "sys_cpu" : 0.366084,
      "ctx" : 118704,
      "majf" : 0,
      "minf" : 331,
      "iodepth_level" : {
        "1" : 0.100000,
        "2" : 0.100000,
        "4" : 0.100000,
        "8" : 0.100000,
        "16" : 99.845697,
        "32" : 0.000000,
        ">=64" : 0.000000
      },
      "iodepth_submit" : {
        "0" : 0.000000,
        "4" : 100.000000,
        "8" : 0.000000,
        "16" : 0.000000,
        "32" : 0.000000,
        "64" : 0.000000,
        ">=64" : 0.000000
      },
      "iodepth_complete" : {
        "0" : 0.000000,
        "4" : 99.989698,
        "8" : 0.000000,
        "16" : 0.100000,
        "32" : 0.000000,
        "64" : 0.000000,
        ">=64" : 0.000000
      },
      "latency_ns" : {
        "2" : 0.000000,
        "4" : 0.000000,
        "10" : 0.000000,
        "20" : 0.000000,
        "50" : 0.000000,
        "100" : 0.000000,
        "250" : 0.000000,
        "500" : 0.000000,
        "750" : 0.000000,
        "1000" : 0.000000
      },
      "latency_us" : {
        "2" : 0.000000,
        "4" : 0.000000,
        "10" : 0.000000,
        "20" : 0.000000,
        "50" : 0.000000,
        "100" : 0.000000,
        "250" : 0.000000,
        "500" : 0.000000,
        "750" : 0.000000,
        "1000" : 0.000000
      },
      "latency_ms" : {
        "2" : 0.000000,
        "4" : 0.000000,
        "10" : 0.010000,
        "20" : 0.010000,
        "50" : 0.622356,
        "100" : 72.870938,
        "250" : 26.495133,
        "500" : 0.000000,
        "750" : 0.000000,
        "1000" : 0.000000,
        "2000" : 0.000000,
        ">=2000" : 0.000000
      },
      "latency_depth" : 16,
      "latency_target" : 0,
      "latency_percentile" : 100.000000,
      "latency_window" : 0
    }
  ]
}
