{
  "fio version" : "fio-3.29-112-gc3773",
  "timestamp" : 1649373981,
  "timestamp_ms" : 1649373981025,
  "time" : "Thu Apr  7 23:26:21 2022",
  "global options" : {
    "size" : "50M",
    "runtime" : "60",
    "rwmixread" : "50",
    "directory" : "/mnt/gfs"
  },
  "jobs" : [
    {
      "jobname" : "iotest",
      "groupid" : 0,
      "error" : 0,
      "eta" : 0,
      "elapsed" : 20,
      "job options" : {
        "rw" : "readwrite",
        "bs" : "4k",
        "ioengine" : "libaio",
        "iodepth" : "32",
        "numjobs" : "2",
        "direct" : "1",
        "group_reporting" : "1",
        "invalidate" : "1",
        "loops" : "1",
        "write_bw_log" : "./fio-bench-07-04-2022--20-28-07-seq-gfs/seqrw/gfs/readwrite50/4k/readwrite-iodepth-32-numjobs-2",
        "write_lat_log" : "./fio-bench-07-04-2022--20-28-07-seq-gfs/seqrw/gfs/readwrite50/4k/readwrite-iodepth-32-numjobs-2",
        "write_iops_log" : "./fio-bench-07-04-2022--20-28-07-seq-gfs/seqrw/gfs/readwrite50/4k/readwrite-iodepth-32-numjobs-2",
        "log_avg_msec" : "500"
      },
      "read" : {
        "io_bytes" : 52006912,
        "io_kbytes" : 50788,
        "bw_bytes" : 2621316,
        "bw" : 2559,
        "iops" : 639.969758,
        "runtime" : 19840,
        "total_ios" : 12697,
        "short_ios" : 0,
        "drop_ios" : 0,
        "slat_ns" : {
          "min" : 2933,
          "max" : 619564,
          "mean" : 8338.584232,
          "stddev" : 5816.768438,
          "N" : 12697
        },
        "clat_ns" : {
          "min" : 3257476,
          "max" : 88079464,
          "mean" : 48033257.098212,
          "stddev" : 8941527.028763,
          "N" : 12697,
          "percentile" : {
            "1.000000" : 24248320,
            "5.000000" : 34340864,
            "10.000000" : 37486592,
            "20.000000" : 40632320,
            "30.000000" : 43253760,
            "40.000000" : 45875200,
            "50.000000" : 47972352,
            "60.000000" : 50069504,
            "70.000000" : 52690944,
            "80.000000" : 55312384,
            "90.000000" : 59506688,
            "95.000000" : 62128128,
            "99.000000" : 67633152,
            "99.500000" : 70778880,
            "99.900000" : 76021760,
            "99.950000" : 77070336,
            "99.990000" : 82313216
          }
        },
        "lat_ns" : {
          "min" : 3269768,
          "max" : 88090779,
          "mean" : 48044372.987792,
          "stddev" : 8941255.233380,
          "N" : 12697
        },
        "bw_min" : 2000,
        "bw_max" : 3272,
        "bw_agg" : 99.653151,
        "bw_mean" : 2551.615385,
        "bw_dev" : 138.337161,
        "bw_samples" : 78,
        "iops_min" : 500,
        "iops_max" : 818,
        "iops_mean" : 637.743590,
        "iops_stddev" : 34.558863,
        "iops_samples" : 78
      },
      "write" : {
        "io_bytes" : 52850688,
        "io_kbytes" : 51612,
        "bw_bytes" : 2663845,
        "bw" : 2601,
        "iops" : 650.352823,
        "runtime" : 19840,
        "total_ios" : 12903,
        "short_ios" : 0,
        "drop_ios" : 0,
        "slat_ns" : {
          "min" : 17530,
          "max" : 8236545,
          "mean" : 67717.030303,
          "stddev" : 112931.014303,
          "N" : 12903
        },
        "clat_ns" : {
          "min" : 8514095,
          "max" : 88712717,
          "mean" : 50837526.313803,
          "stddev" : 8820925.682191,
          "N" : 12903,
          "percentile" : {
            "1.000000" : 29229056,
            "5.000000" : 36962304,
            "10.000000" : 40108032,
            "20.000000" : 43778048,
            "30.000000" : 46399488,
            "40.000000" : 48496640,
            "50.000000" : 50593792,
            "60.000000" : 53215232,
            "70.000000" : 55312384,
            "80.000000" : 58458112,
            "90.000000" : 62128128,
            "95.000000" : 64749568,
            "99.000000" : 70778880,
            "99.500000" : 73924608,
            "99.900000" : 81264640,
            "99.950000" : 82313216,
            "99.990000" : 88604672
          }
        },
        "lat_ns" : {
          "min" : 8549645,
          "max" : 88946686,
          "mean" : 50908198.235682,
          "stddev" : 8822709.188675,
          "N" : 12903
        },
        "bw_min" : 2472,
        "bw_max" : 2696,
        "bw_agg" : 99.868874,
        "bw_mean" : 2598.564103,
        "bw_dev" : 19.640051,
        "bw_samples" : 78,
        "iops_min" : 618,
        "iops_max" : 674,
        "iops_mean" : 649.487179,
        "iops_stddev" : 4.905229,
        "iops_samples" : 78
      },
      "trim" : {
        "io_bytes" : 0,
        "io_kbytes" : 0,
        "bw_bytes" : 0,
        "bw" : 0,
        "iops" : 0.000000,
        "runtime" : 0,
        "total_ios" : 0,
        "short_ios" : 0,
        "drop_ios" : 0,
        "slat_ns" : {
          "min" : 0,
          "max" : 0,
          "mean" : 0.000000,
          "stddev" : 0.000000,
          "N" : 0
        },
        "clat_ns" : {
          "min" : 0,
          "max" : 0,
          "mean" : 0.000000,
          "stddev" : 0.000000,
          "N" : 0
        },
        "lat_ns" : {
          "min" : 0,
          "max" : 0,
          "mean" : 0.000000,
          "stddev" : 0.000000,
          "N" : 0
        },
        "bw_min" : 0,
        "bw_max" : 0,
        "bw_agg" : 0.000000,
        "bw_mean" : 0.000000,
        "bw_dev" : 0.000000,
        "bw_samples" : 0,
        "iops_min" : 0,
        "iops_max" : 0,
        "iops_mean" : 0.000000,
        "iops_stddev" : 0.000000,
        "iops_samples" : 0
      },
      "sync" : {
        "total_ios" : 0,
        "lat_ns" : {
          "min" : 0,
          "max" : 0,
          "mean" : 0.000000,
          "stddev" : 0.000000,
          "N" : 0
        }
      },
      "job_runtime" : 39602,
      "usr_cpu" : 0.838341,
      "sys_cpu" : 1.373668,
      "ctx" : 36927,
      "majf" : 0,
      "minf" : 79,
      "iodepth_level" : {
        "1" : 0.100000,
        "2" : 0.100000,
        "4" : 0.100000,
        "8" : 0.100000,
        "16" : 0.125000,
        "32" : 99.757812,
        ">=64" : 0.000000
      },
      "iodepth_submit" : {
        "0" : 0.000000,
        "4" : 100.000000,
        "8" : 0.000000,
        "16" : 0.000000,
        "32" : 0.000000,
        "64" : 0.000000,
        ">=64" : 0.000000
      },
      "iodepth_complete" : {
        "0" : 0.000000,
        "4" : 99.992169,
        "8" : 0.000000,
        "16" : 0.000000,
        "32" : 0.100000,
        "64" : 0.000000,
        ">=64" : 0.000000
      },
      "latency_ns" : {
        "2" : 0.000000,
        "4" : 0.000000,
        "10" : 0.000000,
        "20" : 0.000000,
        "50" : 0.000000,
        "100" : 0.000000,
        "250" : 0.000000,
        "500" : 0.000000,
        "750" : 0.000000,
        "1000" : 0.000000
      },
      "latency_us" : {
        "2" : 0.000000,
        "4" : 0.000000,
        "10" : 0.000000,
        "20" : 0.000000,
        "50" : 0.000000,
        "100" : 0.000000,
        "250" : 0.000000,
        "500" : 0.000000,
        "750" : 0.000000,
        "1000" : 0.000000
      },
      "latency_ms" : {
        "2" : 0.000000,
        "4" : 0.015625,
        "10" : 0.117188,
        "20" : 0.277344,
        "50" : 52.179688,
        "100" : 47.410156,
        "250" : 0.000000,
        "500" : 0.000000,
        "750" : 0.000000,
        "1000" : 0.000000,
        "2000" : 0.000000,
        ">=2000" : 0.000000
      },
      "latency_depth" : 32,
      "latency_target" : 0,
      "latency_percentile" : 100.000000,
      "latency_window" : 0
    }
  ]
}
