{
  "fio version" : "fio-3.29-112-gc3773",
  "timestamp" : 1649373518,
  "timestamp_ms" : 1649373518232,
  "time" : "Thu Apr  7 23:18:38 2022",
  "global options" : {
    "size" : "50M",
    "runtime" : "60",
    "rwmixread" : "50",
    "directory" : "/mnt/gfs"
  },
  "jobs" : [
    {
      "jobname" : "iotest",
      "groupid" : 0,
      "error" : 0,
      "eta" : 0,
      "elapsed" : 61,
      "job options" : {
        "rw" : "readwrite",
        "bs" : "4k",
        "ioengine" : "libaio",
        "iodepth" : "8",
        "numjobs" : "16",
        "direct" : "1",
        "group_reporting" : "1",
        "invalidate" : "1",
        "loops" : "1",
        "write_bw_log" : "./fio-bench-07-04-2022--20-28-07-seq-gfs/seqrw/gfs/readwrite50/4k/readwrite-iodepth-8-numjobs-16",
        "write_lat_log" : "./fio-bench-07-04-2022--20-28-07-seq-gfs/seqrw/gfs/readwrite50/4k/readwrite-iodepth-8-numjobs-16",
        "write_iops_log" : "./fio-bench-07-04-2022--20-28-07-seq-gfs/seqrw/gfs/readwrite50/4k/readwrite-iodepth-8-numjobs-16",
        "log_avg_msec" : "500"
      },
      "read" : {
        "io_bytes" : 159363072,
        "io_kbytes" : 155628,
        "bw_bytes" : 2653397,
        "bw" : 2591,
        "iops" : 647.802198,
        "runtime" : 60060,
        "total_ios" : 38907,
        "short_ios" : 0,
        "drop_ios" : 0,
        "slat_ns" : {
          "min" : 3353,
          "max" : 37279090,
          "mean" : 11425317.192819,
          "stddev" : 3431090.016137,
          "N" : 38907
        },
        "clat_ns" : {
          "min" : 3232195,
          "max" : 154426893,
          "mean" : 82809400.062714,
          "stddev" : 15808095.275342,
          "N" : 38907,
          "percentile" : {
            "1.000000" : 39059456,
            "5.000000" : 56885248,
            "10.000000" : 64225280,
            "20.000000" : 70778880,
            "30.000000" : 76021760,
            "40.000000" : 79167488,
            "50.000000" : 83361792,
            "60.000000" : 86507520,
            "70.000000" : 89653248,
            "80.000000" : 94896128,
            "90.000000" : 102236160,
            "95.000000" : 108527616,
            "99.000000" : 121110528,
            "99.500000" : 125304832,
            "99.900000" : 133693440,
            "99.950000" : 137363456,
            "99.990000" : 145752064
          }
        },
        "lat_ns" : {
          "min" : 9975951,
          "max" : 164402774,
          "mean" : 94238016.136813,
          "stddev" : 16273397.374598,
          "N" : 38907
        },
        "bw_min" : 1456,
        "bw_max" : 3888,
        "bw_agg" : 99.914788,
        "bw_mean" : 2589.733333,
        "bw_dev" : 29.759744,
        "bw_samples" : 1920,
        "iops_min" : 364,
        "iops_max" : 972,
        "iops_mean" : 647.433333,
        "iops_stddev" : 7.439936,
        "iops_samples" : 1920
      },
      "write" : {
        "io_bytes" : 160362496,
        "io_kbytes" : 156604,
        "bw_bytes" : 2670038,
        "bw" : 2607,
        "iops" : 651.864802,
        "runtime" : 60060,
        "total_ios" : 39151,
        "short_ios" : 0,
        "drop_ios" : 0,
        "slat_ns" : {
          "min" : 24514,
          "max" : 45501181,
          "mean" : 11843866.991699,
          "stddev" : 3130114.313417,
          "N" : 39151
        },
        "clat_ns" : {
          "min" : 4278839,
          "max" : 187217700,
          "mean" : 90710600.640699,
          "stddev" : 15134832.628846,
          "N" : 39151,
          "percentile" : {
            "1.000000" : 61079552,
            "5.000000" : 69730304,
            "10.000000" : 72876032,
            "20.000000" : 78118912,
            "30.000000" : 82313216,
            "40.000000" : 85458944,
            "50.000000" : 88604672,
            "60.000000" : 92798976,
            "70.000000" : 96993280,
            "80.000000" : 102236160,
            "90.000000" : 110624768,
            "95.000000" : 119013376,
            "99.000000" : 133693440,
            "99.500000" : 139460608,
            "99.900000" : 154140672,
            "99.950000" : 158334976,
            "99.990000" : 166723584
          }
        },
        "lat_ns" : {
          "min" : 15632205,
          "max" : 194992456,
          "mean" : 102557802.676228,
          "stddev" : 15515033.389932,
          "N" : 39151
        },
        "bw_min" : 1704,
        "bw_max" : 3536,
        "bw_agg" : 99.905694,
        "bw_mean" : 2605.666667,
        "bw_dev" : 23.476350,
        "bw_samples" : 1920,
        "iops_min" : 426,
        "iops_max" : 884,
        "iops_mean" : 651.416667,
        "iops_stddev" : 5.869087,
        "iops_samples" : 1920
      },
      "trim" : {
        "io_bytes" : 0,
        "io_kbytes" : 0,
        "bw_bytes" : 0,
        "bw" : 0,
        "iops" : 0.000000,
        "runtime" : 0,
        "total_ios" : 0,
        "short_ios" : 0,
        "drop_ios" : 0,
        "slat_ns" : {
          "min" : 0,
          "max" : 0,
          "mean" : 0.000000,
          "stddev" : 0.000000,
          "N" : 0
        },
        "clat_ns" : {
          "min" : 0,
          "max" : 0,
          "mean" : 0.000000,
          "stddev" : 0.000000,
          "N" : 0
        },
        "lat_ns" : {
          "min" : 0,
          "max" : 0,
          "mean" : 0.000000,
          "stddev" : 0.000000,
          "N" : 0
        },
        "bw_min" : 0,
        "bw_max" : 0,
        "bw_agg" : 0.000000,
        "bw_mean" : 0.000000,
        "bw_dev" : 0.000000,
        "bw_samples" : 0,
        "iops_min" : 0,
        "iops_max" : 0,
        "iops_mean" : 0.000000,
        "iops_stddev" : 0.000000,
        "iops_samples" : 0
      },
      "sync" : {
        "total_ios" : 0,
        "lat_ns" : {
          "min" : 0,
          "max" : 0,
          "mean" : 0.000000,
          "stddev" : 0.000000,
          "N" : 0
        }
      },
      "job_runtime" : 960599,
      "usr_cpu" : 0.124610,
      "sys_cpu" : 0.171143,
      "ctx" : 126268,
      "majf" : 0,
      "minf" : 654,
      "iodepth_level" : {
        "1" : 0.100000,
        "2" : 0.100000,
        "4" : 0.100000,
        "8" : 99.856517,
        "16" : 0.000000,
        "32" : 0.000000,
        ">=64" : 0.000000
      },
      "iodepth_submit" : {
        "0" : 0.000000,
        "4" : 100.000000,
        "8" : 0.000000,
        "16" : 0.000000,
        "32" : 0.000000,
        "64" : 0.000000,
        ">=64" : 0.000000
      },
      "iodepth_complete" : {
        "0" : 0.000000,
        "4" : 99.979477,
        "8" : 0.100000,
        "16" : 0.000000,
        "32" : 0.000000,
        "64" : 0.000000,
        ">=64" : 0.000000
      },
      "latency_ns" : {
        "2" : 0.000000,
        "4" : 0.000000,
        "10" : 0.000000,
        "20" : 0.000000,
        "50" : 0.000000,
        "100" : 0.000000,
        "250" : 0.000000,
        "500" : 0.000000,
        "750" : 0.000000,
        "1000" : 0.000000
      },
      "latency_us" : {
        "2" : 0.000000,
        "4" : 0.000000,
        "10" : 0.000000,
        "20" : 0.000000,
        "50" : 0.000000,
        "100" : 0.000000,
        "250" : 0.000000,
        "500" : 0.000000,
        "750" : 0.000000,
        "1000" : 0.000000
      },
      "latency_ms" : {
        "2" : 0.000000,
        "4" : 0.010000,
        "10" : 0.010000,
        "20" : 0.024341,
        "50" : 1.366932,
        "100" : 80.777114,
        "250" : 17.825207,
        "500" : 0.000000,
        "750" : 0.000000,
        "1000" : 0.000000,
        "2000" : 0.000000,
        ">=2000" : 0.000000
      },
      "latency_depth" : 8,
      "latency_target" : 0,
      "latency_percentile" : 100.000000,
      "latency_window" : 0
    }
  ]
}
