{
  "fio version" : "fio-3.29-112-gc3773",
  "timestamp" : 1649373024,
  "timestamp_ms" : 1649373024100,
  "time" : "Thu Apr  7 23:10:24 2022",
  "global options" : {
    "size" : "50M",
    "runtime" : "60",
    "rwmixread" : "50",
    "directory" : "/mnt/gfs"
  },
  "jobs" : [
    {
      "jobname" : "iotest",
      "groupid" : 0,
      "error" : 0,
      "eta" : 0,
      "elapsed" : 12,
      "job options" : {
        "rw" : "readwrite",
        "bs" : "4k",
        "ioengine" : "libaio",
        "iodepth" : "4",
        "numjobs" : "1",
        "direct" : "1",
        "group_reporting" : "1",
        "invalidate" : "1",
        "loops" : "1",
        "write_bw_log" : "./fio-bench-07-04-2022--20-28-07-seq-gfs/seqrw/gfs/readwrite50/4k/readwrite-iodepth-4-numjobs-1",
        "write_lat_log" : "./fio-bench-07-04-2022--20-28-07-seq-gfs/seqrw/gfs/readwrite50/4k/readwrite-iodepth-4-numjobs-1",
        "write_iops_log" : "./fio-bench-07-04-2022--20-28-07-seq-gfs/seqrw/gfs/readwrite50/4k/readwrite-iodepth-4-numjobs-1",
        "log_avg_msec" : "500"
      },
      "read" : {
        "io_bytes" : 26136576,
        "io_kbytes" : 25524,
        "bw_bytes" : 2224957,
        "bw" : 2172,
        "iops" : 543.202520,
        "runtime" : 11747,
        "total_ios" : 6381,
        "short_ios" : 0,
        "drop_ios" : 0,
        "slat_ns" : {
          "min" : 3492,
          "max" : 29194,
          "mean" : 7948.703651,
          "stddev" : 1495.348039,
          "N" : 6381
        },
        "clat_ns" : {
          "min" : 1166073,
          "max" : 33116999,
          "mean" : 3087522.887635,
          "stddev" : 1419530.018085,
          "N" : 6381,
          "percentile" : {
            "1.000000" : 1187840,
            "5.000000" : 1449984,
            "10.000000" : 1499136,
            "20.000000" : 1941504,
            "30.000000" : 2342912,
            "40.000000" : 2736128,
            "50.000000" : 3031040,
            "60.000000" : 3325952,
            "70.000000" : 3620864,
            "80.000000" : 3948544,
            "90.000000" : 4489216,
            "95.000000" : 5013504,
            "99.000000" : 5996544,
            "99.500000" : 7110656,
            "99.900000" : 20840448,
            "99.950000" : 21364736,
            "99.990000" : 33161216
          }
        },
        "lat_ns" : {
          "min" : 1177178,
          "max" : 33127965,
          "mean" : 3098208.828083,
          "stddev" : 1419617.754915,
          "N" : 6381
        },
        "bw_min" : 1904,
        "bw_max" : 2549,
        "bw_agg" : 99.962741,
        "bw_mean" : 2172.913043,
        "bw_dev" : 149.215803,
        "bw_samples" : 23,
        "iops_min" : 476,
        "iops_max" : 637,
        "iops_mean" : 543.217391,
        "iops_stddev" : 37.275335,
        "iops_samples" : 23
      },
      "write" : {
        "io_bytes" : 26292224,
        "io_kbytes" : 25676,
        "bw_bytes" : 2238207,
        "bw" : 2185,
        "iops" : 546.437388,
        "runtime" : 11747,
        "total_ios" : 6419,
        "short_ios" : 0,
        "drop_ios" : 0,
        "slat_ns" : {
          "min" : 17809,
          "max" : 4171630,
          "mean" : 48810.705717,
          "stddev" : 67286.674523,
          "N" : 6419
        },
        "clat_ns" : {
          "min" : 2439911,
          "max" : 35097632,
          "mean" : 4171535.852781,
          "stddev" : 1402549.663019,
          "N" : 6419,
          "percentile" : {
            "1.000000" : 2605056,
            "5.000000" : 2670592,
            "10.000000" : 2736128,
            "20.000000" : 2965504,
            "30.000000" : 3260416,
            "40.000000" : 3719168,
            "50.000000" : 4014080,
            "60.000000" : 4423680,
            "70.000000" : 4685824,
            "80.000000" : 5079040,
            "90.000000" : 5931008,
            "95.000000" : 6258688,
            "99.000000" : 6979584,
            "99.500000" : 7372800,
            "99.900000" : 18743296,
            "99.950000" : 23986176,
            "99.990000" : 34865152
          }
        },
        "lat_ns" : {
          "min" : 2471270,
          "max" : 35133740,
          "mean" : 4223232.413460,
          "stddev" : 1406127.746012,
          "N" : 6419
        },
        "bw_min" : 1912,
        "bw_max" : 2276,
        "bw_agg" : 100.000000,
        "bw_mean" : 2186.434783,
        "bw_dev" : 73.605722,
        "bw_samples" : 23,
        "iops_min" : 478,
        "iops_max" : 569,
        "iops_mean" : 546.608696,
        "iops_stddev" : 18.401431,
        "iops_samples" : 23
      },
      "trim" : {
        "io_bytes" : 0,
        "io_kbytes" : 0,
        "bw_bytes" : 0,
        "bw" : 0,
        "iops" : 0.000000,
        "runtime" : 0,
        "total_ios" : 0,
        "short_ios" : 0,
        "drop_ios" : 0,
        "slat_ns" : {
          "min" : 0,
          "max" : 0,
          "mean" : 0.000000,
          "stddev" : 0.000000,
          "N" : 0
        },
        "clat_ns" : {
          "min" : 0,
          "max" : 0,
          "mean" : 0.000000,
          "stddev" : 0.000000,
          "N" : 0
        },
        "lat_ns" : {
          "min" : 0,
          "max" : 0,
          "mean" : 0.000000,
          "stddev" : 0.000000,
          "N" : 0
        },
        "bw_min" : 0,
        "bw_max" : 0,
        "bw_agg" : 0.000000,
        "bw_mean" : 0.000000,
        "bw_dev" : 0.000000,
        "bw_samples" : 0,
        "iops_min" : 0,
        "iops_max" : 0,
        "iops_mean" : 0.000000,
        "iops_stddev" : 0.000000,
        "iops_samples" : 0
      },
      "sync" : {
        "total_ios" : 0,
        "lat_ns" : {
          "min" : 0,
          "max" : 0,
          "mean" : 0.000000,
          "stddev" : 0.000000,
          "N" : 0
        }
      },
      "job_runtime" : 11746,
      "usr_cpu" : 1.540950,
      "sys_cpu" : 2.043249,
      "ctx" : 17585,
      "majf" : 0,
      "minf" : 38,
      "iodepth_level" : {
        "1" : 0.100000,
        "2" : 0.100000,
        "4" : 99.976562,
        "8" : 0.000000,
        "16" : 0.000000,
        "32" : 0.000000,
        ">=64" : 0.000000
      },
      "iodepth_submit" : {
        "0" : 0.000000,
        "4" : 100.000000,
        "8" : 0.000000,
        "16" : 0.000000,
        "32" : 0.000000,
        "64" : 0.000000,
        ">=64" : 0.000000
      },
      "iodepth_complete" : {
        "0" : 0.000000,
        "4" : 100.000000,
        "8" : 0.000000,
        "16" : 0.000000,
        "32" : 0.000000,
        "64" : 0.000000,
        ">=64" : 0.000000
      },
      "latency_ns" : {
        "2" : 0.000000,
        "4" : 0.000000,
        "10" : 0.000000,
        "20" : 0.000000,
        "50" : 0.000000,
        "100" : 0.000000,
        "250" : 0.000000,
        "500" : 0.000000,
        "750" : 0.000000,
        "1000" : 0.000000
      },
      "latency_us" : {
        "2" : 0.000000,
        "4" : 0.000000,
        "10" : 0.000000,
        "20" : 0.000000,
        "50" : 0.000000,
        "100" : 0.000000,
        "250" : 0.000000,
        "500" : 0.000000,
        "750" : 0.000000,
        "1000" : 0.000000
      },
      "latency_ms" : {
        "2" : 11.039062,
        "4" : 54.617188,
        "10" : 34.070312,
        "20" : 0.171875,
        "50" : 0.101562,
        "100" : 0.000000,
        "250" : 0.000000,
        "500" : 0.000000,
        "750" : 0.000000,
        "1000" : 0.000000,
        "2000" : 0.000000,
        ">=2000" : 0.000000
      },
      "latency_depth" : 4,
      "latency_target" : 0,
      "latency_percentile" : 100.000000,
      "latency_window" : 0
    }
  ]
}
