{
  "fio version" : "fio-3.29-112-gc3773",
  "timestamp" : 1649373669,
  "timestamp_ms" : 1649373669408,
  "time" : "Thu Apr  7 23:21:09 2022",
  "global options" : {
    "size" : "50M",
    "runtime" : "60",
    "rwmixread" : "50",
    "directory" : "/mnt/gfs"
  },
  "jobs" : [
    {
      "jobname" : "iotest",
      "groupid" : 0,
      "error" : 0,
      "eta" : 0,
      "elapsed" : 20,
      "job options" : {
        "rw" : "readwrite",
        "bs" : "4k",
        "ioengine" : "libaio",
        "iodepth" : "16",
        "numjobs" : "2",
        "direct" : "1",
        "group_reporting" : "1",
        "invalidate" : "1",
        "loops" : "1",
        "write_bw_log" : "./fio-bench-07-04-2022--20-28-07-seq-gfs/seqrw/gfs/readwrite50/4k/readwrite-iodepth-16-numjobs-2",
        "write_lat_log" : "./fio-bench-07-04-2022--20-28-07-seq-gfs/seqrw/gfs/readwrite50/4k/readwrite-iodepth-16-numjobs-2",
        "write_iops_log" : "./fio-bench-07-04-2022--20-28-07-seq-gfs/seqrw/gfs/readwrite50/4k/readwrite-iodepth-16-numjobs-2",
        "log_avg_msec" : "500"
      },
      "read" : {
        "io_bytes" : 52006912,
        "io_kbytes" : 50788,
        "bw_bytes" : 2621712,
        "bw" : 2560,
        "iops" : 640.066542,
        "runtime" : 19837,
        "total_ios" : 12697,
        "short_ios" : 0,
        "drop_ios" : 0,
        "slat_ns" : {
          "min" : 3073,
          "max" : 59645,
          "mean" : 8205.835867,
          "stddev" : 1875.268099,
          "N" : 12697
        },
        "clat_ns" : {
          "min" : 3734635,
          "max" : 45501453,
          "mean" : 23325102.096243,
          "stddev" : 6127603.275435,
          "N" : 12697,
          "percentile" : {
            "1.000000" : 9240576,
            "5.000000" : 13041664,
            "10.000000" : 15269888,
            "20.000000" : 17956864,
            "30.000000" : 20316160,
            "40.000000" : 21626880,
            "50.000000" : 23461888,
            "60.000000" : 25034752,
            "70.000000" : 26607616,
            "80.000000" : 28442624,
            "90.000000" : 31326208,
            "95.000000" : 33423360,
            "99.000000" : 36962304,
            "99.500000" : 38535168,
            "99.900000" : 41680896,
            "99.950000" : 43253760,
            "99.990000" : 45350912
          }
        },
        "lat_ns" : {
          "min" : 3745739,
          "max" : 45513116,
          "mean" : 23336118.013153,
          "stddev" : 6127549.524340,
          "N" : 12697
        },
        "bw_min" : 2080,
        "bw_max" : 3168,
        "bw_agg" : 99.755274,
        "bw_mean" : 2554.717949,
        "bw_dev" : 133.070428,
        "bw_samples" : 78,
        "iops_min" : 520,
        "iops_max" : 792,
        "iops_mean" : 638.512821,
        "iops_stddev" : 33.219800,
        "iops_samples" : 78
      },
      "write" : {
        "io_bytes" : 52850688,
        "io_kbytes" : 51612,
        "bw_bytes" : 2664248,
        "bw" : 2601,
        "iops" : 650.451177,
        "runtime" : 19837,
        "total_ios" : 12903,
        "short_ios" : 0,
        "drop_ios" : 0,
        "slat_ns" : {
          "min" : 16622,
          "max" : 6629005,
          "mean" : 64998.158568,
          "stddev" : 93761.114617,
          "N" : 12903
        },
        "clat_ns" : {
          "min" : 5013082,
          "max" : 52919458,
          "mean" : 26031469.575525,
          "stddev" : 6141478.809402,
          "N" : 12903,
          "percentile" : {
            "1.000000" : 10944512,
            "5.000000" : 15794176,
            "10.000000" : 17956864,
            "20.000000" : 20840448,
            "30.000000" : 22937600,
            "40.000000" : 24510464,
            "50.000000" : 26083328,
            "60.000000" : 27656192,
            "70.000000" : 29229056,
            "80.000000" : 31326208,
            "90.000000" : 33816576,
            "95.000000" : 35913728,
            "99.000000" : 39583744,
            "99.500000" : 41156608,
            "99.900000" : 45875200,
            "99.950000" : 46923776,
            "99.990000" : 52690944
          }
        },
        "lat_ns" : {
          "min" : 5043952,
          "max" : 54649362,
          "mean" : 26099458.343099,
          "stddev" : 6144400.481913,
          "N" : 12903
        },
        "bw_min" : 2448,
        "bw_max" : 2658,
        "bw_agg" : 99.969072,
        "bw_mean" : 2601.230769,
        "bw_dev" : 17.627061,
        "bw_samples" : 78,
        "iops_min" : 612,
        "iops_max" : 664,
        "iops_mean" : 650.153846,
        "iops_stddev" : 4.389616,
        "iops_samples" : 78
      },
      "trim" : {
        "io_bytes" : 0,
        "io_kbytes" : 0,
        "bw_bytes" : 0,
        "bw" : 0,
        "iops" : 0.000000,
        "runtime" : 0,
        "total_ios" : 0,
        "short_ios" : 0,
        "drop_ios" : 0,
        "slat_ns" : {
          "min" : 0,
          "max" : 0,
          "mean" : 0.000000,
          "stddev" : 0.000000,
          "N" : 0
        },
        "clat_ns" : {
          "min" : 0,
          "max" : 0,
          "mean" : 0.000000,
          "stddev" : 0.000000,
          "N" : 0
        },
        "lat_ns" : {
          "min" : 0,
          "max" : 0,
          "mean" : 0.000000,
          "stddev" : 0.000000,
          "N" : 0
        },
        "bw_min" : 0,
        "bw_max" : 0,
        "bw_agg" : 0.000000,
        "bw_mean" : 0.000000,
        "bw_dev" : 0.000000,
        "bw_samples" : 0,
        "iops_min" : 0,
        "iops_max" : 0,
        "iops_mean" : 0.000000,
        "iops_stddev" : 0.000000,
        "iops_samples" : 0
      },
      "sync" : {
        "total_ios" : 0,
        "lat_ns" : {
          "min" : 0,
          "max" : 0,
          "mean" : 0.000000,
          "stddev" : 0.000000,
          "N" : 0
        }
      },
      "job_runtime" : 39583,
      "usr_cpu" : 0.818533,
      "sys_cpu" : 1.389485,
      "ctx" : 36916,
      "majf" : 0,
      "minf" : 81,
      "iodepth_level" : {
        "1" : 0.100000,
        "2" : 0.100000,
        "4" : 0.100000,
        "8" : 0.100000,
        "16" : 99.882812,
        "32" : 0.000000,
        ">=64" : 0.000000
      },
      "iodepth_submit" : {
        "0" : 0.000000,
        "4" : 100.000000,
        "8" : 0.000000,
        "16" : 0.000000,
        "32" : 0.000000,
        "64" : 0.000000,
        ">=64" : 0.000000
      },
      "iodepth_complete" : {
        "0" : 0.000000,
        "4" : 99.992179,
        "8" : 0.000000,
        "16" : 0.100000,
        "32" : 0.000000,
        "64" : 0.000000,
        ">=64" : 0.000000
      },
      "latency_ns" : {
        "2" : 0.000000,
        "4" : 0.000000,
        "10" : 0.000000,
        "20" : 0.000000,
        "50" : 0.000000,
        "100" : 0.000000,
        "250" : 0.000000,
        "500" : 0.000000,
        "750" : 0.000000,
        "1000" : 0.000000
      },
      "latency_us" : {
        "2" : 0.000000,
        "4" : 0.000000,
        "10" : 0.000000,
        "20" : 0.000000,
        "50" : 0.000000,
        "100" : 0.000000,
        "250" : 0.000000,
        "500" : 0.000000,
        "750" : 0.000000,
        "1000" : 0.000000
      },
      "latency_ms" : {
        "2" : 0.000000,
        "4" : 0.010000,
        "10" : 1.062500,
        "20" : 21.644531,
        "50" : 77.273438,
        "100" : 0.011719,
        "250" : 0.000000,
        "500" : 0.000000,
        "750" : 0.000000,
        "1000" : 0.000000,
        "2000" : 0.000000,
        ">=2000" : 0.000000
      },
      "latency_depth" : 16,
      "latency_target" : 0,
      "latency_percentile" : 100.000000,
      "latency_window" : 0
    }
  ]
}
