{
  "fio version" : "fio-3.29-112-gc3773",
  "timestamp" : 1649374141,
  "timestamp_ms" : 1649374141808,
  "time" : "Thu Apr  7 23:29:01 2022",
  "global options" : {
    "size" : "50M",
    "runtime" : "60",
    "rwmixread" : "50",
    "directory" : "/mnt/gfs"
  },
  "jobs" : [
    {
      "jobname" : "iotest",
      "groupid" : 0,
      "error" : 0,
      "eta" : 0,
      "elapsed" : 61,
      "job options" : {
        "rw" : "readwrite",
        "bs" : "4k",
        "ioengine" : "libaio",
        "iodepth" : "32",
        "numjobs" : "16",
        "direct" : "1",
        "group_reporting" : "1",
        "invalidate" : "1",
        "loops" : "1",
        "write_bw_log" : "./fio-bench-07-04-2022--20-28-07-seq-gfs/seqrw/gfs/readwrite50/4k/readwrite-iodepth-32-numjobs-16",
        "write_lat_log" : "./fio-bench-07-04-2022--20-28-07-seq-gfs/seqrw/gfs/readwrite50/4k/readwrite-iodepth-32-numjobs-16",
        "write_iops_log" : "./fio-bench-07-04-2022--20-28-07-seq-gfs/seqrw/gfs/readwrite50/4k/readwrite-iodepth-32-numjobs-16",
        "log_avg_msec" : "500"
      },
      "read" : {
        "io_bytes" : 159199232,
        "io_kbytes" : 155468,
        "bw_bytes" : 2650493,
        "bw" : 2588,
        "iops" : 647.093101,
        "runtime" : 60064,
        "total_ios" : 38867,
        "short_ios" : 0,
        "drop_ios" : 0,
        "slat_ns" : {
          "min" : 3911,
          "max" : 34783081,
          "mean" : 12130102.100291,
          "stddev" : 3518293.128298,
          "N" : 38867
        },
        "clat_ns" : {
          "min" : 3209285,
          "max" : 469398904,
          "mean" : 376765255.823372,
          "stddev" : 27629290.375324,
          "N" : 38867,
          "percentile" : {
            "1.000000" : 308281344,
            "5.000000" : 337641472,
            "10.000000" : 350224384,
            "20.000000" : 358612992,
            "30.000000" : 367001600,
            "40.000000" : 375390208,
            "50.000000" : 379584512,
            "60.000000" : 383778816,
            "70.000000" : 387973120,
            "80.000000" : 396361728,
            "90.000000" : 404750336,
            "95.000000" : 413138944,
            "99.000000" : 425721856,
            "99.500000" : 429916160,
            "99.900000" : 442499072,
            "99.950000" : 446693376,
            "99.990000" : 463470592
          }
        },
        "lat_ns" : {
          "min" : 16232625,
          "max" : 480943001,
          "mean" : 388898650.601436,
          "stddev" : 27927998.527144,
          "N" : 38867
        },
        "bw_min" : 503,
        "bw_max" : 3656,
        "bw_agg" : 99.444745,
        "bw_mean" : 2574.125000,
        "bw_dev" : 28.717349,
        "bw_samples" : 1920,
        "iops_min" : 125,
        "iops_max" : 914,
        "iops_mean" : 643.525000,
        "iops_stddev" : 7.181193,
        "iops_samples" : 1920
      },
      "write" : {
        "io_bytes" : 159756288,
        "io_kbytes" : 156012,
        "bw_bytes" : 2659767,
        "bw" : 2597,
        "iops" : 649.357352,
        "runtime" : 60064,
        "total_ios" : 39003,
        "short_ios" : 0,
        "drop_ios" : 0,
        "slat_ns" : {
          "min" : 73613,
          "max" : 41830434,
          "mean" : 12497126.866574,
          "stddev" : 3213123.013165,
          "N" : 39003
        },
        "clat_ns" : {
          "min" : 3980685,
          "max" : 512738752,
          "mean" : 385871191.105787,
          "stddev" : 28333349.060891,
          "N" : 39003,
          "percentile" : {
            "1.000000" : 329252864,
            "5.000000" : 350224384,
            "10.000000" : 358612992,
            "20.000000" : 367001600,
            "30.000000" : 375390208,
            "40.000000" : 379584512,
            "50.000000" : 383778816,
            "60.000000" : 392167424,
            "70.000000" : 396361728,
            "80.000000" : 404750336,
            "90.000000" : 417333248,
            "95.000000" : 425721856,
            "99.000000" : 450887680,
            "99.500000" : 459276288,
            "99.900000" : 476053504,
            "99.950000" : 484442112,
            "99.990000" : 501219328
          }
        },
        "lat_ns" : {
          "min" : 15463531,
          "max" : 525923356,
          "mean" : 398371771.600851,
          "stddev" : 28563195.080843,
          "N" : 39003
        },
        "bw_min" : 719,
        "bw_max" : 3536,
        "bw_agg" : 99.444500,
        "bw_mean" : 2583.258333,
        "bw_dev" : 27.030446,
        "bw_samples" : 1920,
        "iops_min" : 179,
        "iops_max" : 884,
        "iops_mean" : 645.808333,
        "iops_stddev" : 6.759109,
        "iops_samples" : 1920
      },
      "trim" : {
        "io_bytes" : 0,
        "io_kbytes" : 0,
        "bw_bytes" : 0,
        "bw" : 0,
        "iops" : 0.000000,
        "runtime" : 0,
        "total_ios" : 0,
        "short_ios" : 0,
        "drop_ios" : 0,
        "slat_ns" : {
          "min" : 0,
          "max" : 0,
          "mean" : 0.000000,
          "stddev" : 0.000000,
          "N" : 0
        },
        "clat_ns" : {
          "min" : 0,
          "max" : 0,
          "mean" : 0.000000,
          "stddev" : 0.000000,
          "N" : 0
        },
        "lat_ns" : {
          "min" : 0,
          "max" : 0,
          "mean" : 0.000000,
          "stddev" : 0.000000,
          "N" : 0
        },
        "bw_min" : 0,
        "bw_max" : 0,
        "bw_agg" : 0.000000,
        "bw_mean" : 0.000000,
        "bw_dev" : 0.000000,
        "bw_samples" : 0,
        "iops_min" : 0,
        "iops_max" : 0,
        "iops_mean" : 0.000000,
        "iops_stddev" : 0.000000,
        "iops_samples" : 0
      },
      "sync" : {
        "total_ios" : 0,
        "lat_ns" : {
          "min" : 0,
          "max" : 0,
          "mean" : 0.000000,
          "stddev" : 0.000000,
          "N" : 0
        }
      },
      "job_runtime" : 960568,
      "usr_cpu" : 0.115140,
      "sys_cpu" : 0.173023,
      "ctx" : 117018,
      "majf" : 0,
      "minf" : 637,
      "iodepth_level" : {
        "1" : 0.100000,
        "2" : 0.100000,
        "4" : 0.100000,
        "8" : 0.164377,
        "16" : 0.328753,
        "32" : 99.363041,
        ">=64" : 0.000000
      },
      "iodepth_submit" : {
        "0" : 0.000000,
        "4" : 100.000000,
        "8" : 0.000000,
        "16" : 0.000000,
        "32" : 0.000000,
        "64" : 0.000000,
        ">=64" : 0.000000
      },
      "iodepth_complete" : {
        "0" : 0.000000,
        "4" : 99.979325,
        "8" : 0.000000,
        "16" : 0.000000,
        "32" : 0.100000,
        "64" : 0.000000,
        ">=64" : 0.000000
      },
      "latency_ns" : {
        "2" : 0.000000,
        "4" : 0.000000,
        "10" : 0.000000,
        "20" : 0.000000,
        "50" : 0.000000,
        "100" : 0.000000,
        "250" : 0.000000,
        "500" : 0.000000,
        "750" : 0.000000,
        "1000" : 0.000000
      },
      "latency_us" : {
        "2" : 0.000000,
        "4" : 0.000000,
        "10" : 0.000000,
        "20" : 0.000000,
        "50" : 0.000000,
        "100" : 0.000000,
        "250" : 0.000000,
        "500" : 0.000000,
        "750" : 0.000000,
        "1000" : 0.000000
      },
      "latency_ms" : {
        "2" : 0.000000,
        "4" : 0.010000,
        "10" : 0.010000,
        "20" : 0.011558,
        "50" : 0.028252,
        "100" : 0.092462,
        "250" : 0.258123,
        "500" : 99.601901,
        "750" : 0.010000,
        "1000" : 0.000000,
        "2000" : 0.000000,
        ">=2000" : 0.000000
      },
      "latency_depth" : 32,
      "latency_target" : 0,
      "latency_percentile" : 100.000000,
      "latency_window" : 0
    }
  ]
}
