{
  "fio version" : "fio-3.29-112-gc3773",
  "timestamp" : 1649372891,
  "timestamp_ms" : 1649372891252,
  "time" : "Thu Apr  7 23:08:11 2022",
  "global options" : {
    "size" : "50M",
    "runtime" : "60",
    "rwmixread" : "50",
    "directory" : "/mnt/gfs"
  },
  "jobs" : [
    {
      "jobname" : "iotest",
      "groupid" : 0,
      "error" : 0,
      "eta" : 0,
      "elapsed" : 61,
      "job options" : {
        "rw" : "readwrite",
        "bs" : "4k",
        "ioengine" : "libaio",
        "iodepth" : "2",
        "numjobs" : "16",
        "direct" : "1",
        "group_reporting" : "1",
        "invalidate" : "1",
        "loops" : "1",
        "write_bw_log" : "./fio-bench-07-04-2022--20-28-07-seq-gfs/seqrw/gfs/readwrite50/4k/readwrite-iodepth-2-numjobs-16",
        "write_lat_log" : "./fio-bench-07-04-2022--20-28-07-seq-gfs/seqrw/gfs/readwrite50/4k/readwrite-iodepth-2-numjobs-16",
        "write_iops_log" : "./fio-bench-07-04-2022--20-28-07-seq-gfs/seqrw/gfs/readwrite50/4k/readwrite-iodepth-2-numjobs-16",
        "log_avg_msec" : "500"
      },
      "read" : {
        "io_bytes" : 159952896,
        "io_kbytes" : 156204,
        "bw_bytes" : 2664638,
        "bw" : 2602,
        "iops" : 650.546412,
        "runtime" : 60028,
        "total_ios" : 39051,
        "short_ios" : 0,
        "drop_ios" : 0,
        "slat_ns" : {
          "min" : 3212,
          "max" : 53848,
          "mean" : 8703.470103,
          "stddev" : 1680.034213,
          "N" : 39051
        },
        "clat_ns" : {
          "min" : 2201543,
          "max" : 124556285,
          "mean" : 21095720.299531,
          "stddev" : 10128491.862204,
          "N" : 39051,
          "percentile" : {
            "1.000000" : 3948544,
            "5.000000" : 6258688,
            "10.000000" : 8585216,
            "20.000000" : 11468800,
            "30.000000" : 14221312,
            "40.000000" : 16908288,
            "50.000000" : 20054016,
            "60.000000" : 23724032,
            "70.000000" : 26869760,
            "80.000000" : 30801920,
            "90.000000" : 34865152,
            "95.000000" : 38010880,
            "99.000000" : 44826624,
            "99.500000" : 46923776,
            "99.900000" : 51642368,
            "99.950000" : 53739520,
            "99.990000" : 60555264
          }
        },
        "lat_ns" : {
          "min" : 2210412,
          "max" : 124567320,
          "mean" : 21107244.959771,
          "stddev" : 10128617.420576,
          "N" : 39051
        },
        "bw_min" : 1424,
        "bw_max" : 4088,
        "bw_agg" : 99.992870,
        "bw_mean" : 2602.466667,
        "bw_dev" : 33.426029,
        "bw_samples" : 1920,
        "iops_min" : 356,
        "iops_max" : 1022,
        "iops_mean" : 650.633333,
        "iops_stddev" : 8.356436,
        "iops_samples" : 1920
      },
      "write" : {
        "io_bytes" : 160743424,
        "io_kbytes" : 156976,
        "bw_bytes" : 2677807,
        "bw" : 2615,
        "iops" : 653.761578,
        "runtime" : 60028,
        "total_ios" : 39244,
        "short_ios" : 0,
        "drop_ios" : 0,
        "slat_ns" : {
          "min" : 16273,
          "max" : 6742773,
          "mean" : 53834.739451,
          "stddev" : 93476.398491,
          "N" : 39244
        },
        "clat_ns" : {
          "min" : 4593612,
          "max" : 102618457,
          "mean" : 27858436.685659,
          "stddev" : 10377894.826996,
          "N" : 39244,
          "percentile" : {
            "1.000000" : 7962624,
            "5.000000" : 11075584,
            "10.000000" : 13697024,
            "20.000000" : 17432576,
            "30.000000" : 21364736,
            "40.000000" : 25296896,
            "50.000000" : 28442624,
            "60.000000" : 31588352,
            "70.000000" : 34340864,
            "80.000000" : 36962304,
            "90.000000" : 41156608,
            "95.000000" : 44302336,
            "99.000000" : 50069504,
            "99.500000" : 52166656,
            "99.900000" : 56360960,
            "99.950000" : 58982400,
            "99.990000" : 76021760
          }
        },
        "lat_ns" : {
          "min" : 4625390,
          "max" : 102654215,
          "mean" : 27915260.919070,
          "stddev" : 10378491.553993,
          "N" : 39244
        },
        "bw_min" : 1760,
        "bw_max" : 3464,
        "bw_agg" : 99.998245,
        "bw_mean" : 2615.000000,
        "bw_dev" : 21.028143,
        "bw_samples" : 1920,
        "iops_min" : 440,
        "iops_max" : 866,
        "iops_mean" : 653.750000,
        "iops_stddev" : 5.257036,
        "iops_samples" : 1920
      },
      "trim" : {
        "io_bytes" : 0,
        "io_kbytes" : 0,
        "bw_bytes" : 0,
        "bw" : 0,
        "iops" : 0.000000,
        "runtime" : 0,
        "total_ios" : 0,
        "short_ios" : 0,
        "drop_ios" : 0,
        "slat_ns" : {
          "min" : 0,
          "max" : 0,
          "mean" : 0.000000,
          "stddev" : 0.000000,
          "N" : 0
        },
        "clat_ns" : {
          "min" : 0,
          "max" : 0,
          "mean" : 0.000000,
          "stddev" : 0.000000,
          "N" : 0
        },
        "lat_ns" : {
          "min" : 0,
          "max" : 0,
          "mean" : 0.000000,
          "stddev" : 0.000000,
          "N" : 0
        },
        "bw_min" : 0,
        "bw_max" : 0,
        "bw_agg" : 0.000000,
        "bw_mean" : 0.000000,
        "bw_dev" : 0.000000,
        "bw_samples" : 0,
        "iops_min" : 0,
        "iops_max" : 0,
        "iops_mean" : 0.000000,
        "iops_stddev" : 0.000000,
        "iops_samples" : 0
      },
      "sync" : {
        "total_ios" : 0,
        "lat_ns" : {
          "min" : 0,
          "max" : 0,
          "mean" : 0.000000,
          "stddev" : 0.000000,
          "N" : 0
        }
      },
      "job_runtime" : 960285,
      "usr_cpu" : 0.104448,
      "sys_cpu" : 0.187548,
      "ctx" : 117290,
      "majf" : 0,
      "minf" : 634,
      "iodepth_level" : {
        "1" : 0.100000,
        "2" : 99.979564,
        "4" : 0.000000,
        "8" : 0.000000,
        "16" : 0.000000,
        "32" : 0.000000,
        ">=64" : 0.000000
      },
      "iodepth_submit" : {
        "0" : 0.000000,
        "4" : 100.000000,
        "8" : 0.000000,
        "16" : 0.000000,
        "32" : 0.000000,
        "64" : 0.000000,
        ">=64" : 0.000000
      },
      "iodepth_complete" : {
        "0" : 0.000000,
        "4" : 100.000000,
        "8" : 0.000000,
        "16" : 0.000000,
        "32" : 0.000000,
        "64" : 0.000000,
        ">=64" : 0.000000
      },
      "latency_ns" : {
        "2" : 0.000000,
        "4" : 0.000000,
        "10" : 0.000000,
        "20" : 0.000000,
        "50" : 0.000000,
        "100" : 0.000000,
        "250" : 0.000000,
        "500" : 0.000000,
        "750" : 0.000000,
        "1000" : 0.000000
      },
      "latency_us" : {
        "2" : 0.000000,
        "4" : 0.000000,
        "10" : 0.000000,
        "20" : 0.000000,
        "50" : 0.000000,
        "100" : 0.000000,
        "250" : 0.000000,
        "500" : 0.000000,
        "750" : 0.000000,
        "1000" : 0.000000
      },
      "latency_ms" : {
        "2" : 0.000000,
        "4" : 0.572195,
        "10" : 9.164059,
        "20" : 28.640398,
        "50" : 61.040935,
        "100" : 0.579858,
        "250" : 0.010000,
        "500" : 0.000000,
        "750" : 0.000000,
        "1000" : 0.000000,
        "2000" : 0.000000,
        ">=2000" : 0.000000
      },
      "latency_depth" : 2,
      "latency_target" : 0,
      "latency_percentile" : 100.000000,
      "latency_window" : 0
    }
  ]
}
