{
  "fio version" : "fio-3.29-112-gc3773",
  "timestamp" : 1649370250,
  "timestamp_ms" : 1649370250603,
  "time" : "Thu Apr  7 22:24:10 2022",
  "global options" : {
    "size" : "50M",
    "runtime" : "60",
    "rwmixread" : "50",
    "directory" : "/mnt/gfs"
  },
  "jobs" : [
    {
      "jobname" : "iotest",
      "groupid" : 0,
      "error" : 0,
      "eta" : 0,
      "elapsed" : 48,
      "job options" : {
        "rw" : "readwrite",
        "bs" : "4k",
        "ioengine" : "libaio",
        "iodepth" : "1",
        "numjobs" : "4",
        "direct" : "1",
        "group_reporting" : "1",
        "invalidate" : "1",
        "loops" : "1",
        "write_bw_log" : "./fio-bench-07-04-2022--20-28-07-seq-gfs/seqrw/gfs/readwrite50/4k/readwrite-iodepth-1-numjobs-4",
        "write_lat_log" : "./fio-bench-07-04-2022--20-28-07-seq-gfs/seqrw/gfs/readwrite50/4k/readwrite-iodepth-1-numjobs-4",
        "write_iops_log" : "./fio-bench-07-04-2022--20-28-07-seq-gfs/seqrw/gfs/readwrite50/4k/readwrite-iodepth-1-numjobs-4",
        "log_avg_msec" : "500"
      },
      "read" : {
        "io_bytes" : 104062976,
        "io_kbytes" : 101624,
        "bw_bytes" : 2213917,
        "bw" : 2162,
        "iops" : 540.507191,
        "runtime" : 47004,
        "total_ios" : 25406,
        "short_ios" : 0,
        "drop_ios" : 0,
        "slat_ns" : {
          "min" : 3772,
          "max" : 88349,
          "mean" : 8309.564709,
          "stddev" : 1573.976843,
          "N" : 25406
        },
        "clat_ns" : {
          "min" : 1181788,
          "max" : 59647165,
          "mean" : 2772709.158781,
          "stddev" : 1338899.330158,
          "N" : 25406,
          "percentile" : {
            "1.000000" : 1368064,
            "5.000000" : 1482752,
            "10.000000" : 1531904,
            "20.000000" : 1744896,
            "30.000000" : 1974272,
            "40.000000" : 2244608,
            "50.000000" : 2703360,
            "60.000000" : 2998272,
            "70.000000" : 3227648,
            "80.000000" : 3489792,
            "90.000000" : 4046848,
            "95.000000" : 4751360,
            "99.000000" : 5996544,
            "99.500000" : 6651904,
            "99.900000" : 11468800,
            "99.950000" : 18743296,
            "99.990000" : 52166656
          }
        },
        "lat_ns" : {
          "min" : 1193242,
          "max" : 59655616,
          "mean" : 2783789.761474,
          "stddev" : 1338927.690430,
          "N" : 25406
        },
        "bw_min" : 1592,
        "bw_max" : 3089,
        "bw_agg" : 100.000000,
        "bw_mean" : 2184.712124,
        "bw_dev" : 69.102064,
        "bw_samples" : 370,
        "iops_min" : 398,
        "iops_max" : 772,
        "iops_mean" : 546.102373,
        "iops_stddev" : 17.265445,
        "iops_samples" : 370
      },
      "write" : {
        "io_bytes" : 105652224,
        "io_kbytes" : 103176,
        "bw_bytes" : 2247728,
        "bw" : 2195,
        "iops" : 548.761808,
        "runtime" : 47004,
        "total_ios" : 25794,
        "short_ios" : 0,
        "drop_ios" : 0,
        "slat_ns" : {
          "min" : 17530,
          "max" : 11375926,
          "mean" : 46118.853532,
          "stddev" : 110604.448715,
          "N" : 25794
        },
        "clat_ns" : {
          "min" : 2488104,
          "max" : 57071061,
          "mean" : 4396519.694619,
          "stddev" : 1515335.502457,
          "N" : 25794,
          "percentile" : {
            "1.000000" : 2703360,
            "5.000000" : 2834432,
            "10.000000" : 2965504,
            "20.000000" : 2998272,
            "30.000000" : 3227648,
            "40.000000" : 3850240,
            "50.000000" : 4227072,
            "60.000000" : 4489216,
            "70.000000" : 4751360,
            "80.000000" : 5537792,
            "90.000000" : 6258688,
            "95.000000" : 7307264,
            "99.000000" : 8454144,
            "99.500000" : 8978432,
            "99.900000" : 11862016,
            "99.950000" : 16908288,
            "99.990000" : 32899072
          }
        },
        "lat_ns" : {
          "min" : 2523863,
          "max" : 57109265,
          "mean" : 4445553.182252,
          "stddev" : 1523288.915209,
          "N" : 25794
        },
        "bw_min" : 1672,
        "bw_max" : 2768,
        "bw_agg" : 100.000000,
        "bw_mean" : 2219.729196,
        "bw_dev" : 53.533444,
        "bw_samples" : 370,
        "iops_min" : 418,
        "iops_max" : 692,
        "iops_mean" : 554.829553,
        "iops_stddev" : 13.372069,
        "iops_samples" : 370
      },
      "trim" : {
        "io_bytes" : 0,
        "io_kbytes" : 0,
        "bw_bytes" : 0,
        "bw" : 0,
        "iops" : 0.000000,
        "runtime" : 0,
        "total_ios" : 0,
        "short_ios" : 0,
        "drop_ios" : 0,
        "slat_ns" : {
          "min" : 0,
          "max" : 0,
          "mean" : 0.000000,
          "stddev" : 0.000000,
          "N" : 0
        },
        "clat_ns" : {
          "min" : 0,
          "max" : 0,
          "mean" : 0.000000,
          "stddev" : 0.000000,
          "N" : 0
        },
        "lat_ns" : {
          "min" : 0,
          "max" : 0,
          "mean" : 0.000000,
          "stddev" : 0.000000,
          "N" : 0
        },
        "bw_min" : 0,
        "bw_max" : 0,
        "bw_agg" : 0.000000,
        "bw_mean" : 0.000000,
        "bw_dev" : 0.000000,
        "bw_samples" : 0,
        "iops_min" : 0,
        "iops_max" : 0,
        "iops_mean" : 0.000000,
        "iops_stddev" : 0.000000,
        "iops_samples" : 0
      },
      "sync" : {
        "total_ios" : 0,
        "lat_ns" : {
          "min" : 0,
          "max" : 0,
          "mean" : 0.000000,
          "stddev" : 0.000000,
          "N" : 0
        }
      },
      "job_runtime" : 185824,
      "usr_cpu" : 0.358404,
      "sys_cpu" : 0.589805,
      "ctx" : 77064,
      "majf" : 0,
      "minf" : 159,
      "iodepth_level" : {
        "1" : 100.000000,
        "2" : 0.000000,
        "4" : 0.000000,
        "8" : 0.000000,
        "16" : 0.000000,
        "32" : 0.000000,
        ">=64" : 0.000000
      },
      "iodepth_submit" : {
        "0" : 0.000000,
        "4" : 100.000000,
        "8" : 0.000000,
        "16" : 0.000000,
        "32" : 0.000000,
        "64" : 0.000000,
        ">=64" : 0.000000
      },
      "iodepth_complete" : {
        "0" : 0.000000,
        "4" : 100.000000,
        "8" : 0.000000,
        "16" : 0.000000,
        "32" : 0.000000,
        "64" : 0.000000,
        ">=64" : 0.000000
      },
      "latency_ns" : {
        "2" : 0.000000,
        "4" : 0.000000,
        "10" : 0.000000,
        "20" : 0.000000,
        "50" : 0.000000,
        "100" : 0.000000,
        "250" : 0.000000,
        "500" : 0.000000,
        "750" : 0.000000,
        "1000" : 0.000000
      },
      "latency_us" : {
        "2" : 0.000000,
        "4" : 0.000000,
        "10" : 0.000000,
        "20" : 0.000000,
        "50" : 0.000000,
        "100" : 0.000000,
        "250" : 0.000000,
        "500" : 0.000000,
        "750" : 0.000000,
        "1000" : 0.000000
      },
      "latency_ms" : {
        "2" : 15.910156,
        "4" : 50.693359,
        "10" : 33.267578,
        "20" : 0.093750,
        "50" : 0.027344,
        "100" : 0.010000,
        "250" : 0.000000,
        "500" : 0.000000,
        "750" : 0.000000,
        "1000" : 0.000000,
        "2000" : 0.000000,
        ">=2000" : 0.000000
      },
      "latency_depth" : 1,
      "latency_target" : 0,
      "latency_percentile" : 100.000000,
      "latency_window" : 0
    }
  ]
}
