{
  "fio version" : "fio-3.29-112-gc3773",
  "timestamp" : 1649373578,
  "timestamp_ms" : 1649373578598,
  "time" : "Thu Apr  7 23:19:38 2022",
  "global options" : {
    "size" : "50M",
    "runtime" : "60",
    "rwmixread" : "50",
    "directory" : "/mnt/gfs"
  },
  "jobs" : [
    {
      "jobname" : "iotest",
      "groupid" : 0,
      "error" : 0,
      "eta" : 0,
      "elapsed" : 61,
      "job options" : {
        "rw" : "readwrite",
        "bs" : "4k",
        "ioengine" : "libaio",
        "iodepth" : "8",
        "numjobs" : "32",
        "direct" : "1",
        "group_reporting" : "1",
        "invalidate" : "1",
        "loops" : "1",
        "write_bw_log" : "./fio-bench-07-04-2022--20-28-07-seq-gfs/seqrw/gfs/readwrite50/4k/readwrite-iodepth-8-numjobs-32",
        "write_lat_log" : "./fio-bench-07-04-2022--20-28-07-seq-gfs/seqrw/gfs/readwrite50/4k/readwrite-iodepth-8-numjobs-32",
        "write_iops_log" : "./fio-bench-07-04-2022--20-28-07-seq-gfs/seqrw/gfs/readwrite50/4k/readwrite-iodepth-8-numjobs-32",
        "log_avg_msec" : "500"
      },
      "read" : {
        "io_bytes" : 160395264,
        "io_kbytes" : 156636,
        "bw_bytes" : 2670672,
        "bw" : 2608,
        "iops" : 652.019714,
        "runtime" : 60058,
        "total_ios" : 39159,
        "short_ios" : 0,
        "drop_ios" : 0,
        "slat_ns" : {
          "min" : 2654,
          "max" : 77851968,
          "mean" : 24203814.788963,
          "stddev" : 6046614.537076,
          "N" : 39159
        },
        "clat_ns" : {
          "min" : 3758032,
          "max" : 270235271,
          "mean" : 160689351.521387,
          "stddev" : 26722102.633002,
          "N" : 39159,
          "percentile" : {
            "1.000000" : 71827456,
            "5.000000" : 103284736,
            "10.000000" : 123207680,
            "20.000000" : 145752064,
            "30.000000" : 154140672,
            "40.000000" : 162529280,
            "50.000000" : 166723584,
            "60.000000" : 170917888,
            "70.000000" : 175112192,
            "80.000000" : 179306496,
            "90.000000" : 185597952,
            "95.000000" : 193986560,
            "99.000000" : 208666624,
            "99.500000" : 212860928,
            "99.900000" : 225443840,
            "99.950000" : 229638144,
            "99.990000" : 242221056
          }
        },
        "lat_ns" : {
          "min" : 21776021,
          "max" : 299146299,
          "mean" : 184897036.321637,
          "stddev" : 27705757.163866,
          "N" : 39159
        },
        "bw_min" : 992,
        "bw_max" : 4128,
        "bw_agg" : 99.805292,
        "bw_mean" : 2603.455182,
        "bw_dev" : 18.672677,
        "bw_samples" : 3838,
        "iops_min" : 248,
        "iops_max" : 1032,
        "iops_mean" : 650.838796,
        "iops_stddev" : 4.669170,
        "iops_samples" : 3838
      },
      "write" : {
        "io_bytes" : 159821824,
        "io_kbytes" : 156076,
        "bw_bytes" : 2661124,
        "bw" : 2598,
        "iops" : 649.688634,
        "runtime" : 60058,
        "total_ios" : 39019,
        "short_ios" : 0,
        "drop_ios" : 0,
        "slat_ns" : {
          "min" : 62438,
          "max" : 79400146,
          "mean" : 24738330.994336,
          "stddev" : 5314839.227777,
          "N" : 39019
        },
        "clat_ns" : {
          "min" : 4887717,
          "max" : 855760149,
          "mean" : 183165746.021528,
          "stddev" : 35776765.299353,
          "N" : 39019,
          "percentile" : {
            "1.000000" : 135266304,
            "5.000000" : 149946368,
            "10.000000" : 156237824,
            "20.000000" : 164626432,
            "30.000000" : 168820736,
            "40.000000" : 173015040,
            "50.000000" : 177209344,
            "60.000000" : 181403648,
            "70.000000" : 187695104,
            "80.000000" : 198180864,
            "90.000000" : 219152384,
            "95.000000" : 238026752,
            "99.000000" : 270532608,
            "99.500000" : 287309824,
            "99.900000" : 692060160,
            "99.950000" : 759169024,
            "99.990000" : 801112064
          }
        },
        "lat_ns" : {
          "min" : 23604191,
          "max" : 887011845,
          "mean" : 207907982.803609,
          "stddev" : 36190177.221209,
          "N" : 39019
        },
        "bw_min" : 1096,
        "bw_max" : 4040,
        "bw_agg" : 99.817070,
        "bw_mean" : 2594.378361,
        "bw_dev" : 17.559763,
        "bw_samples" : 3838,
        "iops_min" : 274,
        "iops_max" : 1010,
        "iops_mean" : 648.569538,
        "iops_stddev" : 4.391125,
        "iops_samples" : 3838
      },
      "trim" : {
        "io_bytes" : 0,
        "io_kbytes" : 0,
        "bw_bytes" : 0,
        "bw" : 0,
        "iops" : 0.000000,
        "runtime" : 0,
        "total_ios" : 0,
        "short_ios" : 0,
        "drop_ios" : 0,
        "slat_ns" : {
          "min" : 0,
          "max" : 0,
          "mean" : 0.000000,
          "stddev" : 0.000000,
          "N" : 0
        },
        "clat_ns" : {
          "min" : 0,
          "max" : 0,
          "mean" : 0.000000,
          "stddev" : 0.000000,
          "N" : 0
        },
        "lat_ns" : {
          "min" : 0,
          "max" : 0,
          "mean" : 0.000000,
          "stddev" : 0.000000,
          "N" : 0
        },
        "bw_min" : 0,
        "bw_max" : 0,
        "bw_agg" : 0.000000,
        "bw_mean" : 0.000000,
        "bw_dev" : 0.000000,
        "bw_samples" : 0,
        "iops_min" : 0,
        "iops_max" : 0,
        "iops_mean" : 0.000000,
        "iops_stddev" : 0.000000,
        "iops_samples" : 0
      },
      "sync" : {
        "total_ios" : 0,
        "lat_ns" : {
          "min" : 0,
          "max" : 0,
          "mean" : 0.000000,
          "stddev" : 0.000000,
          "N" : 0
        }
      },
      "job_runtime" : 1921024,
      "usr_cpu" : 0.070379,
      "sys_cpu" : 0.089327,
      "ctx" : 117441,
      "majf" : 0,
      "minf" : 1265,
      "iodepth_level" : {
        "1" : 0.100000,
        "2" : 0.100000,
        "4" : 0.163729,
        "8" : 99.713474,
        "16" : 0.000000,
        "32" : 0.000000,
        ">=64" : 0.000000
      },
      "iodepth_submit" : {
        "0" : 0.000000,
        "4" : 100.000000,
        "8" : 0.000000,
        "16" : 0.000000,
        "32" : 0.000000,
        "64" : 0.000000,
        ">=64" : 0.000000
      },
      "iodepth_complete" : {
        "0" : 0.000000,
        "4" : 99.958967,
        "8" : 0.100000,
        "16" : 0.000000,
        "32" : 0.000000,
        "64" : 0.000000,
        ">=64" : 0.000000
      },
      "latency_ns" : {
        "2" : 0.000000,
        "4" : 0.000000,
        "10" : 0.000000,
        "20" : 0.000000,
        "50" : 0.000000,
        "100" : 0.000000,
        "250" : 0.000000,
        "500" : 0.000000,
        "750" : 0.000000,
        "1000" : 0.000000
      },
      "latency_us" : {
        "2" : 0.000000,
        "4" : 0.000000,
        "10" : 0.000000,
        "20" : 0.000000,
        "50" : 0.000000,
        "100" : 0.000000,
        "250" : 0.000000,
        "500" : 0.000000,
        "750" : 0.000000,
        "1000" : 0.000000
      },
      "latency_ms" : {
        "2" : 0.000000,
        "4" : 0.010000,
        "10" : 0.025583,
        "20" : 0.010000,
        "50" : 0.130471,
        "100" : 2.031262,
        "250" : 96.371102,
        "500" : 1.336693,
        "750" : 0.070352,
        "1000" : 0.030699,
        "2000" : 0.000000,
        ">=2000" : 0.000000
      },
      "latency_depth" : 8,
      "latency_target" : 0,
      "latency_percentile" : 100.000000,
      "latency_window" : 0
    }
  ]
}
