{
  "fio version" : "fio-3.29-112-gc3773",
  "timestamp" : 1649373012,
  "timestamp_ms" : 1649373012116,
  "time" : "Thu Apr  7 23:10:12 2022",
  "global options" : {
    "size" : "50M",
    "runtime" : "60",
    "rwmixread" : "50",
    "directory" : "/mnt/gfs"
  },
  "jobs" : [
    {
      "jobname" : "iotest",
      "groupid" : 0,
      "error" : 0,
      "eta" : 0,
      "elapsed" : 61,
      "job options" : {
        "rw" : "readwrite",
        "bs" : "4k",
        "ioengine" : "libaio",
        "iodepth" : "2",
        "numjobs" : "64",
        "direct" : "1",
        "group_reporting" : "1",
        "invalidate" : "1",
        "loops" : "1",
        "write_bw_log" : "./fio-bench-07-04-2022--20-28-07-seq-gfs/seqrw/gfs/readwrite50/4k/readwrite-iodepth-2-numjobs-64",
        "write_lat_log" : "./fio-bench-07-04-2022--20-28-07-seq-gfs/seqrw/gfs/readwrite50/4k/readwrite-iodepth-2-numjobs-64",
        "write_iops_log" : "./fio-bench-07-04-2022--20-28-07-seq-gfs/seqrw/gfs/readwrite50/4k/readwrite-iodepth-2-numjobs-64",
        "log_avg_msec" : "500"
      },
      "read" : {
        "io_bytes" : 160157696,
        "io_kbytes" : 156404,
        "bw_bytes" : 2664897,
        "bw" : 2602,
        "iops" : 650.609827,
        "runtime" : 60099,
        "total_ios" : 39101,
        "short_ios" : 0,
        "drop_ios" : 0,
        "slat_ns" : {
          "min" : 2863,
          "max" : 121289174,
          "mean" : 37154558.135853,
          "stddev" : 9290926.227006,
          "N" : 39101
        },
        "clat_ns" : {
          "min" : 2483562,
          "max" : 220896349,
          "mean" : 51116453.694177,
          "stddev" : 21581757.607623,
          "N" : 39101,
          "percentile" : {
            "1.000000" : 9764864,
            "5.000000" : 23986176,
            "10.000000" : 30015488,
            "20.000000" : 33816576,
            "30.000000" : 36962304,
            "40.000000" : 39583744,
            "50.000000" : 43253760,
            "60.000000" : 51118080,
            "70.000000" : 64749568,
            "80.000000" : 73924608,
            "90.000000" : 82313216,
            "95.000000" : 89653248,
            "99.000000" : 102236160,
            "99.500000" : 107479040,
            "99.900000" : 120061952,
            "99.950000" : 128450560,
            "99.990000" : 154140672
          }
        },
        "lat_ns" : {
          "min" : 3096491,
          "max" : 258372571,
          "mean" : 88275377.355157,
          "stddev" : 23541728.796790,
          "N" : 39101
        },
        "bw_min" : 662,
        "bw_max" : 4976,
        "bw_agg" : 100.000000,
        "bw_mean" : 2611.581466,
        "bw_dev" : 14.182093,
        "bw_samples" : 7649,
        "iops_min" : 164,
        "iops_max" : 1244,
        "iops_mean" : 652.405708,
        "iops_stddev" : 3.547033,
        "iops_samples" : 7649
      },
      "write" : {
        "io_bytes" : 160481280,
        "io_kbytes" : 156720,
        "bw_bytes" : 2670282,
        "bw" : 2607,
        "iops" : 651.924325,
        "runtime" : 60099,
        "total_ios" : 39180,
        "short_ios" : 0,
        "drop_ios" : 0,
        "slat_ns" : {
          "min" : 25701,
          "max" : 133525256,
          "mean" : 38193770.997269,
          "stddev" : 8016752.712755,
          "N" : 39180
        },
        "clat_ns" : {
          "min" : 3754816,
          "max" : 709758899,
          "mean" : 69828257.600102,
          "stddev" : 29586350.419813,
          "N" : 39180,
          "percentile" : {
            "1.000000" : 28180480,
            "5.000000" : 33423360,
            "10.000000" : 35913728,
            "20.000000" : 40632320,
            "30.000000" : 50593792,
            "40.000000" : 66846720,
            "50.000000" : 72876032,
            "60.000000" : 78118912,
            "70.000000" : 83361792,
            "80.000000" : 88604672,
            "90.000000" : 98041856,
            "95.000000" : 106430464,
            "99.000000" : 126353408,
            "99.500000" : 137363456,
            "99.900000" : 425721856,
            "99.950000" : 467664896,
            "99.990000" : 574619648
          }
        },
        "lat_ns" : {
          "min" : 13478841,
          "max" : 745235561,
          "mean" : 108026418.290276,
          "stddev" : 30602892.780140,
          "N" : 39180
        },
        "bw_min" : 816,
        "bw_max" : 4479,
        "bw_agg" : 100.000000,
        "bw_mean" : 2609.662115,
        "bw_dev" : 11.905960,
        "bw_samples" : 7670,
        "iops_min" : 204,
        "iops_max" : 1119,
        "iops_mean" : 651.926821,
        "iops_stddev" : 2.977978,
        "iops_samples" : 7670
      },
      "trim" : {
        "io_bytes" : 0,
        "io_kbytes" : 0,
        "bw_bytes" : 0,
        "bw" : 0,
        "iops" : 0.000000,
        "runtime" : 0,
        "total_ios" : 0,
        "short_ios" : 0,
        "drop_ios" : 0,
        "slat_ns" : {
          "min" : 0,
          "max" : 0,
          "mean" : 0.000000,
          "stddev" : 0.000000,
          "N" : 0
        },
        "clat_ns" : {
          "min" : 0,
          "max" : 0,
          "mean" : 0.000000,
          "stddev" : 0.000000,
          "N" : 0
        },
        "lat_ns" : {
          "min" : 0,
          "max" : 0,
          "mean" : 0.000000,
          "stddev" : 0.000000,
          "N" : 0
        },
        "bw_min" : 0,
        "bw_max" : 0,
        "bw_agg" : 0.000000,
        "bw_mean" : 0.000000,
        "bw_dev" : 0.000000,
        "bw_samples" : 0,
        "iops_min" : 0,
        "iops_max" : 0,
        "iops_mean" : 0.000000,
        "iops_stddev" : 0.000000,
        "iops_samples" : 0
      },
      "sync" : {
        "total_ios" : 0,
        "lat_ns" : {
          "min" : 0,
          "max" : 0,
          "mean" : 0.000000,
          "stddev" : 0.000000,
          "N" : 0
        }
      },
      "job_runtime" : 3844088,
      "usr_cpu" : 0.044536,
      "sys_cpu" : 0.048932,
      "ctx" : 155023,
      "majf" : 0,
      "minf" : 2632,
      "iodepth_level" : {
        "1" : 0.100000,
        "2" : 99.918243,
        "4" : 0.000000,
        "8" : 0.000000,
        "16" : 0.000000,
        "32" : 0.000000,
        ">=64" : 0.000000
      },
      "iodepth_submit" : {
        "0" : 0.000000,
        "4" : 100.000000,
        "8" : 0.000000,
        "16" : 0.000000,
        "32" : 0.000000,
        "64" : 0.000000,
        ">=64" : 0.000000
      },
      "iodepth_complete" : {
        "0" : 0.000000,
        "4" : 100.000000,
        "8" : 0.000000,
        "16" : 0.000000,
        "32" : 0.000000,
        "64" : 0.000000,
        ">=64" : 0.000000
      },
      "latency_ns" : {
        "2" : 0.000000,
        "4" : 0.000000,
        "10" : 0.000000,
        "20" : 0.000000,
        "50" : 0.000000,
        "100" : 0.000000,
        "250" : 0.000000,
        "500" : 0.000000,
        "750" : 0.000000,
        "1000" : 0.000000
      },
      "latency_us" : {
        "2" : 0.000000,
        "4" : 0.000000,
        "10" : 0.000000,
        "20" : 0.000000,
        "50" : 0.000000,
        "100" : 0.000000,
        "250" : 0.000000,
        "500" : 0.000000,
        "750" : 0.000000,
        "1000" : 0.000000
      },
      "latency_ms" : {
        "2" : 0.000000,
        "4" : 0.093254,
        "10" : 0.509702,
        "20" : 1.423078,
        "50" : 42.444527,
        "100" : 50.613814,
        "250" : 4.805764,
        "500" : 0.097086,
        "750" : 0.012774,
        "1000" : 0.000000,
        "2000" : 0.000000,
        ">=2000" : 0.000000
      },
      "latency_depth" : 2,
      "latency_target" : 0,
      "latency_percentile" : 100.000000,
      "latency_window" : 0
    }
  ]
}
