{
  "fio version" : "fio-3.29-112-gc3773",
  "timestamp" : 1649374272,
  "timestamp_ms" : 1649374272845,
  "time" : "Thu Apr  7 23:31:12 2022",
  "global options" : {
    "size" : "50M",
    "runtime" : "60",
    "rwmixread" : "50",
    "directory" : "/mnt/gfs"
  },
  "jobs" : [
    {
      "jobname" : "iotest",
      "groupid" : 0,
      "error" : 0,
      "eta" : 0,
      "elapsed" : 11,
      "job options" : {
        "rw" : "readwrite",
        "bs" : "4k",
        "ioengine" : "libaio",
        "iodepth" : "64",
        "numjobs" : "1",
        "direct" : "1",
        "group_reporting" : "1",
        "invalidate" : "1",
        "loops" : "1",
        "write_bw_log" : "./fio-bench-07-04-2022--20-28-07-seq-gfs/seqrw/gfs/readwrite50/4k/readwrite-iodepth-64-numjobs-1",
        "write_lat_log" : "./fio-bench-07-04-2022--20-28-07-seq-gfs/seqrw/gfs/readwrite50/4k/readwrite-iodepth-64-numjobs-1",
        "write_iops_log" : "./fio-bench-07-04-2022--20-28-07-seq-gfs/seqrw/gfs/readwrite50/4k/readwrite-iodepth-64-numjobs-1",
        "log_avg_msec" : "500"
      },
      "read" : {
        "io_bytes" : 26136576,
        "io_kbytes" : 25524,
        "bw_bytes" : 2635532,
        "bw" : 2573,
        "iops" : 643.440557,
        "runtime" : 9917,
        "total_ios" : 6381,
        "short_ios" : 0,
        "drop_ios" : 0,
        "slat_ns" : {
          "min" : 3352,
          "max" : 1904368,
          "mean" : 8498.982291,
          "stddev" : 23830.987019,
          "N" : 6381
        },
        "clat_ns" : {
          "min" : 12071400,
          "max" : 74776331,
          "mean" : 48761198.082275,
          "stddev" : 7127604.006787,
          "N" : 6381,
          "percentile" : {
            "1.000000" : 31326208,
            "5.000000" : 36962304,
            "10.000000" : 39583744,
            "20.000000" : 42729472,
            "30.000000" : 45350912,
            "40.000000" : 47448064,
            "50.000000" : 49020928,
            "60.000000" : 51118080,
            "70.000000" : 52690944,
            "80.000000" : 54788096,
            "90.000000" : 57409536,
            "95.000000" : 60030976,
            "99.000000" : 63700992,
            "99.500000" : 65273856,
            "99.900000" : 69730304,
            "99.950000" : 72876032,
            "99.990000" : 74973184
          }
        },
        "lat_ns" : {
          "min" : 12081457,
          "max" : 74785061,
          "mean" : 48772515.333960,
          "stddev" : 7126762.229588,
          "N" : 6381
        },
        "bw_min" : 2248,
        "bw_max" : 2909,
        "bw_agg" : 99.193332,
        "bw_mean" : 2553.157895,
        "bw_dev" : 214.112188,
        "bw_samples" : 19,
        "iops_min" : 562,
        "iops_max" : 727,
        "iops_mean" : 638.263158,
        "iops_stddev" : 53.506845,
        "iops_samples" : 19
      },
      "write" : {
        "io_bytes" : 26292224,
        "io_kbytes" : 25676,
        "bw_bytes" : 2651227,
        "bw" : 2589,
        "iops" : 647.272361,
        "runtime" : 9917,
        "total_ios" : 6419,
        "short_ios" : 0,
        "drop_ios" : 0,
        "slat_ns" : {
          "min" : 17949,
          "max" : 6820369,
          "mean" : 73688.544477,
          "stddev" : 102470.245726,
          "N" : 6419
        },
        "clat_ns" : {
          "min" : 26209899,
          "max" : 76769816,
          "mean" : 50262617.140520,
          "stddev" : 6852886.107259,
          "N" : 6419,
          "percentile" : {
            "1.000000" : 33816576,
            "5.000000" : 38535168,
            "10.000000" : 41156608,
            "20.000000" : 44302336,
            "30.000000" : 46923776,
            "40.000000" : 49020928,
            "50.000000" : 50593792,
            "60.000000" : 52166656,
            "70.000000" : 54263808,
            "80.000000" : 55836672,
            "90.000000" : 58982400,
            "95.000000" : 61079552,
            "99.000000" : 64749568,
            "99.500000" : 66846720,
            "99.900000" : 71827456,
            "99.950000" : 73924608,
            "99.990000" : 77070336
          }
        },
        "lat_ns" : {
          "min" : 26335264,
          "max" : 76854743,
          "mean" : 50339282.884873,
          "stddev" : 6856675.412833,
          "N" : 6419
        },
        "bw_min" : 2376,
        "bw_max" : 2656,
        "bw_agg" : 99.687579,
        "bw_mean" : 2581.000000,
        "bw_dev" : 59.769929,
        "bw_samples" : 19,
        "iops_min" : 594,
        "iops_max" : 664,
        "iops_mean" : 645.210526,
        "iops_stddev" : 14.935338,
        "iops_samples" : 19
      },
      "trim" : {
        "io_bytes" : 0,
        "io_kbytes" : 0,
        "bw_bytes" : 0,
        "bw" : 0,
        "iops" : 0.000000,
        "runtime" : 0,
        "total_ios" : 0,
        "short_ios" : 0,
        "drop_ios" : 0,
        "slat_ns" : {
          "min" : 0,
          "max" : 0,
          "mean" : 0.000000,
          "stddev" : 0.000000,
          "N" : 0
        },
        "clat_ns" : {
          "min" : 0,
          "max" : 0,
          "mean" : 0.000000,
          "stddev" : 0.000000,
          "N" : 0
        },
        "lat_ns" : {
          "min" : 0,
          "max" : 0,
          "mean" : 0.000000,
          "stddev" : 0.000000,
          "N" : 0
        },
        "bw_min" : 0,
        "bw_max" : 0,
        "bw_agg" : 0.000000,
        "bw_mean" : 0.000000,
        "bw_dev" : 0.000000,
        "bw_samples" : 0,
        "iops_min" : 0,
        "iops_max" : 0,
        "iops_mean" : 0.000000,
        "iops_stddev" : 0.000000,
        "iops_samples" : 0
      },
      "sync" : {
        "total_ios" : 0,
        "lat_ns" : {
          "min" : 0,
          "max" : 0,
          "mean" : 0.000000,
          "stddev" : 0.000000,
          "N" : 0
        }
      },
      "job_runtime" : 9916,
      "usr_cpu" : 1.734570,
      "sys_cpu" : 2.611940,
      "ctx" : 17540,
      "majf" : 0,
      "minf" : 38,
      "iodepth_level" : {
        "1" : 0.100000,
        "2" : 0.100000,
        "4" : 0.100000,
        "8" : 0.100000,
        "16" : 0.125000,
        "32" : 0.250000,
        ">=64" : 99.507812
      },
      "iodepth_submit" : {
        "0" : 0.000000,
        "4" : 100.000000,
        "8" : 0.000000,
        "16" : 0.000000,
        "32" : 0.000000,
        "64" : 0.000000,
        ">=64" : 0.000000
      },
      "iodepth_complete" : {
        "0" : 0.000000,
        "4" : 99.992149,
        "8" : 0.000000,
        "16" : 0.000000,
        "32" : 0.000000,
        "64" : 0.100000,
        ">=64" : 0.000000
      },
      "latency_ns" : {
        "2" : 0.000000,
        "4" : 0.000000,
        "10" : 0.000000,
        "20" : 0.000000,
        "50" : 0.000000,
        "100" : 0.000000,
        "250" : 0.000000,
        "500" : 0.000000,
        "750" : 0.000000,
        "1000" : 0.000000
      },
      "latency_us" : {
        "2" : 0.000000,
        "4" : 0.000000,
        "10" : 0.000000,
        "20" : 0.000000,
        "50" : 0.000000,
        "100" : 0.000000,
        "250" : 0.000000,
        "500" : 0.000000,
        "750" : 0.000000,
        "1000" : 0.000000
      },
      "latency_ms" : {
        "2" : 0.000000,
        "4" : 0.000000,
        "10" : 0.000000,
        "20" : 0.039062,
        "50" : 50.171875,
        "100" : 49.789062,
        "250" : 0.000000,
        "500" : 0.000000,
        "750" : 0.000000,
        "1000" : 0.000000,
        "2000" : 0.000000,
        ">=2000" : 0.000000
      },
      "latency_depth" : 64,
      "latency_target" : 0,
      "latency_percentile" : 100.000000,
      "latency_window" : 0
    }
  ]
}
