{
  "fio version" : "fio-3.29-112-gc3773",
  "timestamp" : 1649373397,
  "timestamp_ms" : 1649373397598,
  "time" : "Thu Apr  7 23:16:37 2022",
  "global options" : {
    "size" : "50M",
    "runtime" : "60",
    "rwmixread" : "50",
    "directory" : "/mnt/gfs"
  },
  "jobs" : [
    {
      "jobname" : "iotest",
      "groupid" : 0,
      "error" : 0,
      "eta" : 0,
      "elapsed" : 40,
      "job options" : {
        "rw" : "readwrite",
        "bs" : "4k",
        "ioengine" : "libaio",
        "iodepth" : "8",
        "numjobs" : "4",
        "direct" : "1",
        "group_reporting" : "1",
        "invalidate" : "1",
        "loops" : "1",
        "write_bw_log" : "./fio-bench-07-04-2022--20-28-07-seq-gfs/seqrw/gfs/readwrite50/4k/readwrite-iodepth-8-numjobs-4",
        "write_lat_log" : "./fio-bench-07-04-2022--20-28-07-seq-gfs/seqrw/gfs/readwrite50/4k/readwrite-iodepth-8-numjobs-4",
        "write_iops_log" : "./fio-bench-07-04-2022--20-28-07-seq-gfs/seqrw/gfs/readwrite50/4k/readwrite-iodepth-8-numjobs-4",
        "log_avg_msec" : "500"
      },
      "read" : {
        "io_bytes" : 104062976,
        "io_kbytes" : 101624,
        "bw_bytes" : 2624406,
        "bw" : 2562,
        "iops" : 640.724301,
        "runtime" : 39652,
        "total_ios" : 25406,
        "short_ios" : 0,
        "drop_ios" : 0,
        "slat_ns" : {
          "min" : 3213,
          "max" : 62718,
          "mean" : 8196.112729,
          "stddev" : 1801.031407,
          "N" : 25406
        },
        "clat_ns" : {
          "min" : 1431471,
          "max" : 97086126,
          "mean" : 19860042.812328,
          "stddev" : 11064792.711848,
          "N" : 25406,
          "percentile" : {
            "1.000000" : 4489216,
            "5.000000" : 6717440,
            "10.000000" : 8716288,
            "20.000000" : 10944512,
            "30.000000" : 12779520,
            "40.000000" : 14483456,
            "50.000000" : 16711680,
            "60.000000" : 19267584,
            "70.000000" : 22675456,
            "80.000000" : 28704768,
            "90.000000" : 37486592,
            "95.000000" : 42729472,
            "99.000000" : 50593792,
            "99.500000" : 53739520,
            "99.900000" : 61079552,
            "99.950000" : 65273856,
            "99.990000" : 95944704
          }
        },
        "lat_ns" : {
          "min" : 1442925,
          "max" : 97094158,
          "mean" : 19871016.622294,
          "stddev" : 11064818.815933,
          "N" : 25406
        },
        "bw_min" : 1816,
        "bw_max" : 5208,
        "bw_agg" : 100.000000,
        "bw_mean" : 2973.025091,
        "bw_dev" : 296.552408,
        "bw_samples" : 275,
        "iops_min" : 454,
        "iops_max" : 1302,
        "iops_mean" : 743.105793,
        "iops_stddev" : 74.116907,
        "iops_samples" : 275
      },
      "write" : {
        "io_bytes" : 105652224,
        "io_kbytes" : 103176,
        "bw_bytes" : 2664486,
        "bw" : 2602,
        "iops" : 650.509432,
        "runtime" : 39652,
        "total_ios" : 25794,
        "short_ios" : 0,
        "drop_ios" : 0,
        "slat_ns" : {
          "min" : 16203,
          "max" : 8276010,
          "mean" : 60802.637862,
          "stddev" : 85898.905595,
          "N" : 25794
        },
        "clat_ns" : {
          "min" : 2732688,
          "max" : 89521522,
          "mean" : 23305759.030627,
          "stddev" : 11608520.141239,
          "N" : 25794,
          "percentile" : {
            "1.000000" : 5537792,
            "5.000000" : 8978432,
            "10.000000" : 10944512,
            "20.000000" : 13434880,
            "30.000000" : 15663104,
            "40.000000" : 17956864,
            "50.000000" : 20578304,
            "60.000000" : 23461888,
            "70.000000" : 27131904,
            "80.000000" : 32899072,
            "90.000000" : 41680896,
            "95.000000" : 46399488,
            "99.000000" : 54263808,
            "99.500000" : 56885248,
            "99.900000" : 62652416,
            "99.950000" : 64749568,
            "99.990000" : 83361792
          }
        },
        "lat_ns" : {
          "min" : 2769635,
          "max" : 89586265,
          "mean" : 23369534.313484,
          "stddev" : 11610463.350631,
          "N" : 25794
        },
        "bw_min" : 2400,
        "bw_max" : 4905,
        "bw_agg" : 100.000000,
        "bw_mean" : 3025.627394,
        "bw_dev" : 279.638679,
        "bw_samples" : 275,
        "iops_min" : 600,
        "iops_max" : 1226,
        "iops_mean" : 756.297669,
        "iops_stddev" : 69.884560,
        "iops_samples" : 275
      },
      "trim" : {
        "io_bytes" : 0,
        "io_kbytes" : 0,
        "bw_bytes" : 0,
        "bw" : 0,
        "iops" : 0.000000,
        "runtime" : 0,
        "total_ios" : 0,
        "short_ios" : 0,
        "drop_ios" : 0,
        "slat_ns" : {
          "min" : 0,
          "max" : 0,
          "mean" : 0.000000,
          "stddev" : 0.000000,
          "N" : 0
        },
        "clat_ns" : {
          "min" : 0,
          "max" : 0,
          "mean" : 0.000000,
          "stddev" : 0.000000,
          "N" : 0
        },
        "lat_ns" : {
          "min" : 0,
          "max" : 0,
          "mean" : 0.000000,
          "stddev" : 0.000000,
          "N" : 0
        },
        "bw_min" : 0,
        "bw_max" : 0,
        "bw_agg" : 0.000000,
        "bw_mean" : 0.000000,
        "bw_dev" : 0.000000,
        "bw_samples" : 0,
        "iops_min" : 0,
        "iops_max" : 0,
        "iops_mean" : 0.000000,
        "iops_stddev" : 0.000000,
        "iops_samples" : 0
      },
      "sync" : {
        "total_ios" : 0,
        "lat_ns" : {
          "min" : 0,
          "max" : 0,
          "mean" : 0.000000,
          "stddev" : 0.000000,
          "N" : 0
        }
      },
      "job_runtime" : 138517,
      "usr_cpu" : 0.451208,
      "sys_cpu" : 0.812175,
      "ctx" : 75069,
      "majf" : 0,
      "minf" : 148,
      "iodepth_level" : {
        "1" : 0.100000,
        "2" : 0.100000,
        "4" : 0.100000,
        "8" : 99.945312,
        "16" : 0.000000,
        "32" : 0.000000,
        ">=64" : 0.000000
      },
      "iodepth_submit" : {
        "0" : 0.000000,
        "4" : 100.000000,
        "8" : 0.000000,
        "16" : 0.000000,
        "32" : 0.000000,
        "64" : 0.000000,
        ">=64" : 0.000000
      },
      "iodepth_complete" : {
        "0" : 0.000000,
        "4" : 99.992184,
        "8" : 0.100000,
        "16" : 0.000000,
        "32" : 0.000000,
        "64" : 0.000000,
        ">=64" : 0.000000
      },
      "latency_ns" : {
        "2" : 0.000000,
        "4" : 0.000000,
        "10" : 0.000000,
        "20" : 0.000000,
        "50" : 0.000000,
        "100" : 0.000000,
        "250" : 0.000000,
        "500" : 0.000000,
        "750" : 0.000000,
        "1000" : 0.000000
      },
      "latency_us" : {
        "2" : 0.000000,
        "4" : 0.000000,
        "10" : 0.000000,
        "20" : 0.000000,
        "50" : 0.000000,
        "100" : 0.000000,
        "250" : 0.000000,
        "500" : 0.000000,
        "750" : 0.000000,
        "1000" : 0.000000
      },
      "latency_ms" : {
        "2" : 0.010000,
        "4" : 0.382812,
        "10" : 10.949219,
        "20" : 43.984375,
        "50" : 42.730469,
        "100" : 1.951172,
        "250" : 0.000000,
        "500" : 0.000000,
        "750" : 0.000000,
        "1000" : 0.000000,
        "2000" : 0.000000,
        ">=2000" : 0.000000
      },
      "latency_depth" : 8,
      "latency_target" : 0,
      "latency_percentile" : 100.000000,
      "latency_window" : 0
    }
  ]
}
