{
  "fio version" : "fio-3.29-112-gc3773",
  "timestamp" : 1649373649,
  "timestamp_ms" : 1649373649325,
  "time" : "Thu Apr  7 23:20:49 2022",
  "global options" : {
    "size" : "50M",
    "runtime" : "60",
    "rwmixread" : "50",
    "directory" : "/mnt/gfs"
  },
  "jobs" : [
    {
      "jobname" : "iotest",
      "groupid" : 0,
      "error" : 0,
      "eta" : 0,
      "elapsed" : 11,
      "job options" : {
        "rw" : "readwrite",
        "bs" : "4k",
        "ioengine" : "libaio",
        "iodepth" : "16",
        "numjobs" : "1",
        "direct" : "1",
        "group_reporting" : "1",
        "invalidate" : "1",
        "loops" : "1",
        "write_bw_log" : "./fio-bench-07-04-2022--20-28-07-seq-gfs/seqrw/gfs/readwrite50/4k/readwrite-iodepth-16-numjobs-1",
        "write_lat_log" : "./fio-bench-07-04-2022--20-28-07-seq-gfs/seqrw/gfs/readwrite50/4k/readwrite-iodepth-16-numjobs-1",
        "write_iops_log" : "./fio-bench-07-04-2022--20-28-07-seq-gfs/seqrw/gfs/readwrite50/4k/readwrite-iodepth-16-numjobs-1",
        "log_avg_msec" : "500"
      },
      "read" : {
        "io_bytes" : 26136576,
        "io_kbytes" : 25524,
        "bw_bytes" : 2623627,
        "bw" : 2562,
        "iops" : 640.534029,
        "runtime" : 9962,
        "total_ios" : 6381,
        "short_ios" : 0,
        "drop_ios" : 0,
        "slat_ns" : {
          "min" : 3282,
          "max" : 39949,
          "mean" : 7931.871807,
          "stddev" : 1923.149106,
          "N" : 6381
        },
        "clat_ns" : {
          "min" : 1853454,
          "max" : 35373040,
          "mean" : 11801735.355587,
          "stddev" : 3378028.994677,
          "N" : 6381,
          "percentile" : {
            "1.000000" : 4489216,
            "5.000000" : 5734400,
            "10.000000" : 7241728,
            "20.000000" : 8978432,
            "30.000000" : 10158080,
            "40.000000" : 11206656,
            "50.000000" : 11993088,
            "60.000000" : 12648448,
            "70.000000" : 13565952,
            "80.000000" : 14483456,
            "90.000000" : 15925248,
            "95.000000" : 17170432,
            "99.000000" : 19267584,
            "99.500000" : 20578304,
            "99.900000" : 26345472,
            "99.950000" : 32112640,
            "99.990000" : 35389440
          }
        },
        "lat_ns" : {
          "min" : 1863162,
          "max" : 35384145,
          "mean" : 11812405.972575,
          "stddev" : 3377944.756982,
          "N" : 6381
        },
        "bw_min" : 2240,
        "bw_max" : 2856,
        "bw_agg" : 99.487313,
        "bw_mean" : 2549.578947,
        "bw_dev" : 191.587901,
        "bw_samples" : 19,
        "iops_min" : 560,
        "iops_max" : 714,
        "iops_mean" : 637.368421,
        "iops_stddev" : 47.897124,
        "iops_samples" : 19
      },
      "write" : {
        "io_bytes" : 26292224,
        "io_kbytes" : 25676,
        "bw_bytes" : 2639251,
        "bw" : 2577,
        "iops" : 644.348524,
        "runtime" : 9962,
        "total_ios" : 6419,
        "short_ios" : 0,
        "drop_ios" : 0,
        "slat_ns" : {
          "min" : 18229,
          "max" : 5786647,
          "mean" : 64245.410033,
          "stddev" : 95386.326312,
          "N" : 6419
        },
        "clat_ns" : {
          "min" : 3762291,
          "max" : 37835581,
          "mean" : 13000822.892195,
          "stddev" : 3469854.975589,
          "N" : 6419,
          "percentile" : {
            "1.000000" : 4751360,
            "5.000000" : 6717440,
            "10.000000" : 8454144,
            "20.000000" : 10158080,
            "30.000000" : 11206656,
            "40.000000" : 12255232,
            "50.000000" : 13172736,
            "60.000000" : 13959168,
            "70.000000" : 14876672,
            "80.000000" : 15925248,
            "90.000000" : 17170432,
            "95.000000" : 18481152,
            "99.000000" : 20578304,
            "99.500000" : 21889024,
            "99.900000" : 24248320,
            "99.950000" : 25034752,
            "99.990000" : 38010880
          }
        },
        "lat_ns" : {
          "min" : 3796025,
          "max" : 37923651,
          "mean" : 13068076.582801,
          "stddev" : 3472568.734440,
          "N" : 6419
        },
        "bw_min" : 2488,
        "bw_max" : 2600,
        "bw_agg" : 99.984731,
        "bw_mean" : 2577.368421,
        "bw_dev" : 29.088391,
        "bw_samples" : 19,
        "iops_min" : 622,
        "iops_max" : 650,
        "iops_mean" : 644.315789,
        "iops_stddev" : 7.257583,
        "iops_samples" : 19
      },
      "trim" : {
        "io_bytes" : 0,
        "io_kbytes" : 0,
        "bw_bytes" : 0,
        "bw" : 0,
        "iops" : 0.000000,
        "runtime" : 0,
        "total_ios" : 0,
        "short_ios" : 0,
        "drop_ios" : 0,
        "slat_ns" : {
          "min" : 0,
          "max" : 0,
          "mean" : 0.000000,
          "stddev" : 0.000000,
          "N" : 0
        },
        "clat_ns" : {
          "min" : 0,
          "max" : 0,
          "mean" : 0.000000,
          "stddev" : 0.000000,
          "N" : 0
        },
        "lat_ns" : {
          "min" : 0,
          "max" : 0,
          "mean" : 0.000000,
          "stddev" : 0.000000,
          "N" : 0
        },
        "bw_min" : 0,
        "bw_max" : 0,
        "bw_agg" : 0.000000,
        "bw_mean" : 0.000000,
        "bw_dev" : 0.000000,
        "bw_samples" : 0,
        "iops_min" : 0,
        "iops_max" : 0,
        "iops_mean" : 0.000000,
        "iops_stddev" : 0.000000,
        "iops_samples" : 0
      },
      "sync" : {
        "total_ios" : 0,
        "lat_ns" : {
          "min" : 0,
          "max" : 0,
          "mean" : 0.000000,
          "stddev" : 0.000000,
          "N" : 0
        }
      },
      "job_runtime" : 9961,
      "usr_cpu" : 1.525951,
      "sys_cpu" : 2.680454,
      "ctx" : 17086,
      "majf" : 0,
      "minf" : 40,
      "iodepth_level" : {
        "1" : 0.100000,
        "2" : 0.100000,
        "4" : 0.100000,
        "8" : 0.100000,
        "16" : 99.882812,
        "32" : 0.000000,
        ">=64" : 0.000000
      },
      "iodepth_submit" : {
        "0" : 0.000000,
        "4" : 100.000000,
        "8" : 0.000000,
        "16" : 0.000000,
        "32" : 0.000000,
        "64" : 0.000000,
        ">=64" : 0.000000
      },
      "iodepth_complete" : {
        "0" : 0.000000,
        "4" : 99.992179,
        "8" : 0.000000,
        "16" : 0.100000,
        "32" : 0.000000,
        "64" : 0.000000,
        ">=64" : 0.000000
      },
      "latency_ns" : {
        "2" : 0.000000,
        "4" : 0.000000,
        "10" : 0.000000,
        "20" : 0.000000,
        "50" : 0.000000,
        "100" : 0.000000,
        "250" : 0.000000,
        "500" : 0.000000,
        "750" : 0.000000,
        "1000" : 0.000000
      },
      "latency_us" : {
        "2" : 0.000000,
        "4" : 0.000000,
        "10" : 0.000000,
        "20" : 0.000000,
        "50" : 0.000000,
        "100" : 0.000000,
        "250" : 0.000000,
        "500" : 0.000000,
        "750" : 0.000000,
        "1000" : 0.000000
      },
      "latency_ms" : {
        "2" : 0.010000,
        "4" : 0.234375,
        "10" : 23.445312,
        "20" : 75.195312,
        "50" : 1.117188,
        "100" : 0.000000,
        "250" : 0.000000,
        "500" : 0.000000,
        "750" : 0.000000,
        "1000" : 0.000000,
        "2000" : 0.000000,
        ">=2000" : 0.000000
      },
      "latency_depth" : 16,
      "latency_target" : 0,
      "latency_percentile" : 100.000000,
      "latency_window" : 0
    }
  ]
}
