{
  "fio version" : "fio-3.29-112-gc3773",
  "timestamp" : 1649372951,
  "timestamp_ms" : 1649372951610,
  "time" : "Thu Apr  7 23:09:11 2022",
  "global options" : {
    "size" : "50M",
    "runtime" : "60",
    "rwmixread" : "50",
    "directory" : "/mnt/gfs"
  },
  "jobs" : [
    {
      "jobname" : "iotest",
      "groupid" : 0,
      "error" : 0,
      "eta" : 0,
      "elapsed" : 61,
      "job options" : {
        "rw" : "readwrite",
        "bs" : "4k",
        "ioengine" : "libaio",
        "iodepth" : "2",
        "numjobs" : "32",
        "direct" : "1",
        "group_reporting" : "1",
        "invalidate" : "1",
        "loops" : "1",
        "write_bw_log" : "./fio-bench-07-04-2022--20-28-07-seq-gfs/seqrw/gfs/readwrite50/4k/readwrite-iodepth-2-numjobs-32",
        "write_lat_log" : "./fio-bench-07-04-2022--20-28-07-seq-gfs/seqrw/gfs/readwrite50/4k/readwrite-iodepth-2-numjobs-32",
        "write_iops_log" : "./fio-bench-07-04-2022--20-28-07-seq-gfs/seqrw/gfs/readwrite50/4k/readwrite-iodepth-2-numjobs-32",
        "log_avg_msec" : "500"
      },
      "read" : {
        "io_bytes" : 160059392,
        "io_kbytes" : 156308,
        "bw_bytes" : 2665879,
        "bw" : 2603,
        "iops" : 650.849434,
        "runtime" : 60040,
        "total_ios" : 39077,
        "short_ios" : 0,
        "drop_ios" : 0,
        "slat_ns" : {
          "min" : 3771,
          "max" : 78641,
          "mean" : 9331.307240,
          "stddev" : 1862.160045,
          "N" : 39077
        },
        "clat_ns" : {
          "min" : 2440819,
          "max" : 168068695,
          "mean" : 37084913.453745,
          "stddev" : 18291586.788986,
          "N" : 39077,
          "percentile" : {
            "1.000000" : 7241728,
            "5.000000" : 13434880,
            "10.000000" : 17170432,
            "20.000000" : 22413312,
            "30.000000" : 26345472,
            "40.000000" : 29753344,
            "50.000000" : 32899072,
            "60.000000" : 36962304,
            "70.000000" : 41680896,
            "80.000000" : 50593792,
            "90.000000" : 67633152,
            "95.000000" : 73924608,
            "99.000000" : 84410368,
            "99.500000" : 86507520,
            "99.900000" : 93847552,
            "99.950000" : 95944704,
            "99.990000" : 120061952
          }
        },
        "lat_ns" : {
          "min" : 2453530,
          "max" : 168082314,
          "mean" : 37097092.352560,
          "stddev" : 18291740.174938,
          "N" : 39077
        },
        "bw_min" : 864,
        "bw_max" : 4632,
        "bw_agg" : 99.984733,
        "bw_mean" : 2603.408333,
        "bw_dev" : 23.543074,
        "bw_samples" : 3840,
        "iops_min" : 216,
        "iops_max" : 1158,
        "iops_mean" : 650.808333,
        "iops_stddev" : 5.886048,
        "iops_samples" : 3840
      },
      "write" : {
        "io_bytes" : 161013760,
        "io_kbytes" : 157240,
        "bw_bytes" : 2681774,
        "bw" : 2618,
        "iops" : 654.730180,
        "runtime" : 60040,
        "total_ios" : 39310,
        "short_ios" : 0,
        "drop_ios" : 0,
        "slat_ns" : {
          "min" : 16552,
          "max" : 10712910,
          "mean" : 57496.606283,
          "stddev" : 148981.127262,
          "N" : 39310
        },
        "clat_ns" : {
          "min" : 9995848,
          "max" : 457699923,
          "mean" : 60755273.599313,
          "stddev" : 20843075.156669,
          "N" : 39310,
          "percentile" : {
            "1.000000" : 22937600,
            "5.000000" : 29491200,
            "10.000000" : 33161216,
            "20.000000" : 39583744,
            "30.000000" : 46923776,
            "40.000000" : 59506688,
            "50.000000" : 65273856,
            "60.000000" : 69730304,
            "70.000000" : 72876032,
            "80.000000" : 77070336,
            "90.000000" : 82313216,
            "95.000000" : 86507520,
            "99.000000" : 92798976,
            "99.500000" : 95944704,
            "99.900000" : 125304832,
            "99.950000" : 375390208,
            "99.990000" : 438304768
          }
        },
        "lat_ns" : {
          "min" : 10029511,
          "max" : 457743714,
          "mean" : 60815866.803282,
          "stddev" : 20843562.933448,
          "N" : 39310
        },
        "bw_min" : 1359,
        "bw_max" : 3776,
        "bw_agg" : 99.964874,
        "bw_mean" : 2618.008333,
        "bw_dev" : 14.359044,
        "bw_samples" : 3840,
        "iops_min" : 339,
        "iops_max" : 944,
        "iops_mean" : 654.458333,
        "iops_stddev" : 3.591037,
        "iops_samples" : 3840
      },
      "trim" : {
        "io_bytes" : 0,
        "io_kbytes" : 0,
        "bw_bytes" : 0,
        "bw" : 0,
        "iops" : 0.000000,
        "runtime" : 0,
        "total_ios" : 0,
        "short_ios" : 0,
        "drop_ios" : 0,
        "slat_ns" : {
          "min" : 0,
          "max" : 0,
          "mean" : 0.000000,
          "stddev" : 0.000000,
          "N" : 0
        },
        "clat_ns" : {
          "min" : 0,
          "max" : 0,
          "mean" : 0.000000,
          "stddev" : 0.000000,
          "N" : 0
        },
        "lat_ns" : {
          "min" : 0,
          "max" : 0,
          "mean" : 0.000000,
          "stddev" : 0.000000,
          "N" : 0
        },
        "bw_min" : 0,
        "bw_max" : 0,
        "bw_agg" : 0.000000,
        "bw_mean" : 0.000000,
        "bw_dev" : 0.000000,
        "bw_samples" : 0,
        "iops_min" : 0,
        "iops_max" : 0,
        "iops_mean" : 0.000000,
        "iops_stddev" : 0.000000,
        "iops_samples" : 0
      },
      "sync" : {
        "total_ios" : 0,
        "lat_ns" : {
          "min" : 0,
          "max" : 0,
          "mean" : 0.000000,
          "stddev" : 0.000000,
          "N" : 0
        }
      },
      "job_runtime" : 1920799,
      "usr_cpu" : 0.065962,
      "sys_cpu" : 0.093867,
      "ctx" : 117728,
      "majf" : 0,
      "minf" : 1305,
      "iodepth_level" : {
        "1" : 0.100000,
        "2" : 99.959177,
        "4" : 0.000000,
        "8" : 0.000000,
        "16" : 0.000000,
        "32" : 0.000000,
        ">=64" : 0.000000
      },
      "iodepth_submit" : {
        "0" : 0.000000,
        "4" : 100.000000,
        "8" : 0.000000,
        "16" : 0.000000,
        "32" : 0.000000,
        "64" : 0.000000,
        ">=64" : 0.000000
      },
      "iodepth_complete" : {
        "0" : 0.000000,
        "4" : 100.000000,
        "8" : 0.000000,
        "16" : 0.000000,
        "32" : 0.000000,
        "64" : 0.000000,
        ">=64" : 0.000000
      },
      "latency_ns" : {
        "2" : 0.000000,
        "4" : 0.000000,
        "10" : 0.000000,
        "20" : 0.000000,
        "50" : 0.000000,
        "100" : 0.000000,
        "250" : 0.000000,
        "500" : 0.000000,
        "750" : 0.000000,
        "1000" : 0.000000
      },
      "latency_us" : {
        "2" : 0.000000,
        "4" : 0.000000,
        "10" : 0.000000,
        "20" : 0.000000,
        "50" : 0.000000,
        "100" : 0.000000,
        "250" : 0.000000,
        "500" : 0.000000,
        "750" : 0.000000,
        "1000" : 0.000000
      },
      "latency_ms" : {
        "2" : 0.000000,
        "4" : 0.072716,
        "10" : 1.236174,
        "20" : 6.480666,
        "50" : 48.043681,
        "100" : 44.064705,
        "250" : 0.061235,
        "500" : 0.040823,
        "750" : 0.000000,
        "1000" : 0.000000,
        "2000" : 0.000000,
        ">=2000" : 0.000000
      },
      "latency_depth" : 2,
      "latency_target" : 0,
      "latency_percentile" : 100.000000,
      "latency_window" : 0
    }
  ]
}
