{
  "fio version" : "fio-3.29-112-gc3773",
  "timestamp" : 1649373337,
  "timestamp_ms" : 1649373337493,
  "time" : "Thu Apr  7 23:15:37 2022",
  "global options" : {
    "size" : "50M",
    "runtime" : "60",
    "rwmixread" : "50",
    "directory" : "/mnt/gfs"
  },
  "jobs" : [
    {
      "jobname" : "iotest",
      "groupid" : 0,
      "error" : 0,
      "eta" : 0,
      "elapsed" : 11,
      "job options" : {
        "rw" : "readwrite",
        "bs" : "4k",
        "ioengine" : "libaio",
        "iodepth" : "8",
        "numjobs" : "1",
        "direct" : "1",
        "group_reporting" : "1",
        "invalidate" : "1",
        "loops" : "1",
        "write_bw_log" : "./fio-bench-07-04-2022--20-28-07-seq-gfs/seqrw/gfs/readwrite50/4k/readwrite-iodepth-8-numjobs-1",
        "write_lat_log" : "./fio-bench-07-04-2022--20-28-07-seq-gfs/seqrw/gfs/readwrite50/4k/readwrite-iodepth-8-numjobs-1",
        "write_iops_log" : "./fio-bench-07-04-2022--20-28-07-seq-gfs/seqrw/gfs/readwrite50/4k/readwrite-iodepth-8-numjobs-1",
        "log_avg_msec" : "500"
      },
      "read" : {
        "io_bytes" : 26136576,
        "io_kbytes" : 25524,
        "bw_bytes" : 2536546,
        "bw" : 2477,
        "iops" : 619.274068,
        "runtime" : 10304,
        "total_ios" : 6381,
        "short_ios" : 0,
        "drop_ios" : 0,
        "slat_ns" : {
          "min" : 3213,
          "max" : 80248,
          "mean" : 8103.713211,
          "stddev" : 1952.100779,
          "N" : 6381
        },
        "clat_ns" : {
          "min" : 1679129,
          "max" : 62732769,
          "mean" : 5955295.246670,
          "stddev" : 2587669.627190,
          "N" : 6381,
          "percentile" : {
            "1.000000" : 2473984,
            "5.000000" : 2965504,
            "10.000000" : 3260416,
            "20.000000" : 3981312,
            "30.000000" : 4620288,
            "40.000000" : 5275648,
            "50.000000" : 5865472,
            "60.000000" : 6389760,
            "70.000000" : 6979584,
            "80.000000" : 7634944,
            "90.000000" : 8454144,
            "95.000000" : 9371648,
            "99.000000" : 11075584,
            "99.500000" : 12255232,
            "99.900000" : 34340864,
            "99.950000" : 59506688,
            "99.990000" : 62652416
          }
        },
        "lat_ns" : {
          "min" : 1691212,
          "max" : 62745131,
          "mean" : 5966138.486131,
          "stddev" : 2587722.594871,
          "N" : 6381
        },
        "bw_min" : 1992,
        "bw_max" : 2920,
        "bw_agg" : 99.794287,
        "bw_mean" : 2472.450000,
        "bw_dev" : 202.378092,
        "bw_samples" : 20,
        "iops_min" : 498,
        "iops_max" : 730,
        "iops_mean" : 618.100000,
        "iops_stddev" : 50.580733,
        "iops_samples" : 20
      },
      "write" : {
        "io_bytes" : 26292224,
        "io_kbytes" : 25676,
        "bw_bytes" : 2551652,
        "bw" : 2491,
        "iops" : 622.961957,
        "runtime" : 10304,
        "total_ios" : 6419,
        "short_ios" : 0,
        "drop_ios" : 0,
        "slat_ns" : {
          "min" : 19346,
          "max" : 13848805,
          "mean" : 53706.603832,
          "stddev" : 177690.043639,
          "N" : 6419
        },
        "clat_ns" : {
          "min" : 2439006,
          "max" : 64021624,
          "mean" : 6835860.624864,
          "stddev" : 2962353.438575,
          "N" : 6419,
          "percentile" : {
            "1.000000" : 2736128,
            "5.000000" : 3227648,
            "10.000000" : 3784704,
            "20.000000" : 4751360,
            "30.000000" : 5472256,
            "40.000000" : 6062080,
            "50.000000" : 6651904,
            "60.000000" : 7241728,
            "70.000000" : 7897088,
            "80.000000" : 8716288,
            "90.000000" : 9764864,
            "95.000000" : 10682368,
            "99.000000" : 12517376,
            "99.500000" : 13959168,
            "99.900000" : 51118080,
            "99.950000" : 62652416,
            "99.990000" : 64225280
          }
        },
        "lat_ns" : {
          "min" : 2489012,
          "max" : 64056684,
          "mean" : 6892545.592460,
          "stddev" : 2968547.723485,
          "N" : 6419
        },
        "bw_min" : 2224,
        "bw_max" : 2560,
        "bw_agg" : 99.925852,
        "bw_mean" : 2490.900000,
        "bw_dev" : 86.346243,
        "bw_samples" : 20,
        "iops_min" : 556,
        "iops_max" : 640,
        "iops_mean" : 622.700000,
        "iops_stddev" : 21.575083,
        "iops_samples" : 20
      },
      "trim" : {
        "io_bytes" : 0,
        "io_kbytes" : 0,
        "bw_bytes" : 0,
        "bw" : 0,
        "iops" : 0.000000,
        "runtime" : 0,
        "total_ios" : 0,
        "short_ios" : 0,
        "drop_ios" : 0,
        "slat_ns" : {
          "min" : 0,
          "max" : 0,
          "mean" : 0.000000,
          "stddev" : 0.000000,
          "N" : 0
        },
        "clat_ns" : {
          "min" : 0,
          "max" : 0,
          "mean" : 0.000000,
          "stddev" : 0.000000,
          "N" : 0
        },
        "lat_ns" : {
          "min" : 0,
          "max" : 0,
          "mean" : 0.000000,
          "stddev" : 0.000000,
          "N" : 0
        },
        "bw_min" : 0,
        "bw_max" : 0,
        "bw_agg" : 0.000000,
        "bw_mean" : 0.000000,
        "bw_dev" : 0.000000,
        "bw_samples" : 0,
        "iops_min" : 0,
        "iops_max" : 0,
        "iops_mean" : 0.000000,
        "iops_stddev" : 0.000000,
        "iops_samples" : 0
      },
      "sync" : {
        "total_ios" : 0,
        "lat_ns" : {
          "min" : 0,
          "max" : 0,
          "mean" : 0.000000,
          "stddev" : 0.000000,
          "N" : 0
        }
      },
      "job_runtime" : 10303,
      "usr_cpu" : 1.174415,
      "sys_cpu" : 2.950597,
      "ctx" : 17448,
      "majf" : 0,
      "minf" : 40,
      "iodepth_level" : {
        "1" : 0.100000,
        "2" : 0.100000,
        "4" : 0.100000,
        "8" : 99.945312,
        "16" : 0.000000,
        "32" : 0.000000,
        ">=64" : 0.000000
      },
      "iodepth_submit" : {
        "0" : 0.000000,
        "4" : 100.000000,
        "8" : 0.000000,
        "16" : 0.000000,
        "32" : 0.000000,
        "64" : 0.000000,
        ">=64" : 0.000000
      },
      "iodepth_complete" : {
        "0" : 0.000000,
        "4" : 99.992184,
        "8" : 0.100000,
        "16" : 0.000000,
        "32" : 0.000000,
        "64" : 0.000000,
        ">=64" : 0.000000
      },
      "latency_ns" : {
        "2" : 0.000000,
        "4" : 0.000000,
        "10" : 0.000000,
        "20" : 0.000000,
        "50" : 0.000000,
        "100" : 0.000000,
        "250" : 0.000000,
        "500" : 0.000000,
        "750" : 0.000000,
        "1000" : 0.000000
      },
      "latency_us" : {
        "2" : 0.000000,
        "4" : 0.000000,
        "10" : 0.000000,
        "20" : 0.000000,
        "50" : 0.000000,
        "100" : 0.000000,
        "250" : 0.000000,
        "500" : 0.000000,
        "750" : 0.000000,
        "1000" : 0.000000
      },
      "latency_ms" : {
        "2" : 0.062500,
        "4" : 16.554688,
        "10" : 77.945312,
        "20" : 5.187500,
        "50" : 0.164062,
        "100" : 0.085938,
        "250" : 0.000000,
        "500" : 0.000000,
        "750" : 0.000000,
        "1000" : 0.000000,
        "2000" : 0.000000,
        ">=2000" : 0.000000
      },
      "latency_depth" : 8,
      "latency_target" : 0,
      "latency_percentile" : 100.000000,
      "latency_window" : 0
    }
  ]
}
