{
  "fio version" : "fio-3.29-112-gc3773",
  "timestamp" : 1649373357,
  "timestamp_ms" : 1649373357698,
  "time" : "Thu Apr  7 23:15:57 2022",
  "global options" : {
    "size" : "50M",
    "runtime" : "60",
    "rwmixread" : "50",
    "directory" : "/mnt/gfs"
  },
  "jobs" : [
    {
      "jobname" : "iotest",
      "groupid" : 0,
      "error" : 0,
      "eta" : 0,
      "elapsed" : 21,
      "job options" : {
        "rw" : "readwrite",
        "bs" : "4k",
        "ioengine" : "libaio",
        "iodepth" : "8",
        "numjobs" : "2",
        "direct" : "1",
        "group_reporting" : "1",
        "invalidate" : "1",
        "loops" : "1",
        "write_bw_log" : "./fio-bench-07-04-2022--20-28-07-seq-gfs/seqrw/gfs/readwrite50/4k/readwrite-iodepth-8-numjobs-2",
        "write_lat_log" : "./fio-bench-07-04-2022--20-28-07-seq-gfs/seqrw/gfs/readwrite50/4k/readwrite-iodepth-8-numjobs-2",
        "write_iops_log" : "./fio-bench-07-04-2022--20-28-07-seq-gfs/seqrw/gfs/readwrite50/4k/readwrite-iodepth-8-numjobs-2",
        "log_avg_msec" : "500"
      },
      "read" : {
        "io_bytes" : 52006912,
        "io_kbytes" : 50788,
        "bw_bytes" : 2606209,
        "bw" : 2545,
        "iops" : 636.281634,
        "runtime" : 19955,
        "total_ios" : 12697,
        "short_ios" : 0,
        "drop_ios" : 0,
        "slat_ns" : {
          "min" : 3073,
          "max" : 59645,
          "mean" : 8152.001024,
          "stddev" : 1846.836113,
          "N" : 12697
        },
        "clat_ns" : {
          "min" : 1729905,
          "max" : 79233315,
          "mean" : 11255731.535245,
          "stddev" : 4000960.166619,
          "N" : 12697,
          "percentile" : {
            "1.000000" : 3719168,
            "5.000000" : 5013504,
            "10.000000" : 6062080,
            "20.000000" : 7897088,
            "30.000000" : 8978432,
            "40.000000" : 10158080,
            "50.000000" : 11206656,
            "60.000000" : 12255232,
            "70.000000" : 13172736,
            "80.000000" : 14483456,
            "90.000000" : 16187392,
            "95.000000" : 17694720,
            "99.000000" : 20578304,
            "99.500000" : 21626880,
            "99.900000" : 24248320,
            "99.950000" : 26607616,
            "99.990000" : 76021760
          }
        },
        "lat_ns" : {
          "min" : 1740381,
          "max" : 79245747,
          "mean" : 11266689.868788,
          "stddev" : 4000887.451768,
          "N" : 12697
        },
        "bw_min" : 2082,
        "bw_max" : 3104,
        "bw_agg" : 99.837887,
        "bw_mean" : 2541.641026,
        "bw_dev" : 135.278906,
        "bw_samples" : 78,
        "iops_min" : 520,
        "iops_max" : 776,
        "iops_mean" : 635.282051,
        "iops_stddev" : 33.835511,
        "iops_samples" : 78
      },
      "write" : {
        "io_bytes" : 52850688,
        "io_kbytes" : 51612,
        "bw_bytes" : 2648493,
        "bw" : 2586,
        "iops" : 646.604861,
        "runtime" : 19955,
        "total_ios" : 12903,
        "short_ios" : 0,
        "drop_ios" : 0,
        "slat_ns" : {
          "min" : 16553,
          "max" : 1767199,
          "mean" : 59285.851817,
          "stddev" : 52913.137023,
          "N" : 12903
        },
        "clat_ns" : {
          "min" : 2723400,
          "max" : 84243815,
          "mean" : 13490750.366194,
          "stddev" : 4657058.077483,
          "N" : 12903,
          "percentile" : {
            "1.000000" : 4227072,
            "5.000000" : 5996544,
            "10.000000" : 7307264,
            "20.000000" : 9371648,
            "30.000000" : 10944512,
            "40.000000" : 12255232,
            "50.000000" : 13565952,
            "60.000000" : 14745600,
            "70.000000" : 15925248,
            "80.000000" : 17432576,
            "90.000000" : 19267584,
            "95.000000" : 20840448,
            "99.000000" : 23724032,
            "99.500000" : 25034752,
            "99.900000" : 30277632,
            "99.950000" : 33816576,
            "99.990000" : 82313216
          }
        },
        "lat_ns" : {
          "min" : 2759368,
          "max" : 84388247,
          "mean" : 13553032.206231,
          "stddev" : 4661401.928755,
          "N" : 12903
        },
        "bw_min" : 2384,
        "bw_max" : 2786,
        "bw_agg" : 99.983802,
        "bw_mean" : 2586.974359,
        "bw_dev" : 32.214648,
        "bw_samples" : 78,
        "iops_min" : 596,
        "iops_max" : 696,
        "iops_mean" : 646.615385,
        "iops_stddev" : 8.052773,
        "iops_samples" : 78
      },
      "trim" : {
        "io_bytes" : 0,
        "io_kbytes" : 0,
        "bw_bytes" : 0,
        "bw" : 0,
        "iops" : 0.000000,
        "runtime" : 0,
        "total_ios" : 0,
        "short_ios" : 0,
        "drop_ios" : 0,
        "slat_ns" : {
          "min" : 0,
          "max" : 0,
          "mean" : 0.000000,
          "stddev" : 0.000000,
          "N" : 0
        },
        "clat_ns" : {
          "min" : 0,
          "max" : 0,
          "mean" : 0.000000,
          "stddev" : 0.000000,
          "N" : 0
        },
        "lat_ns" : {
          "min" : 0,
          "max" : 0,
          "mean" : 0.000000,
          "stddev" : 0.000000,
          "N" : 0
        },
        "bw_min" : 0,
        "bw_max" : 0,
        "bw_agg" : 0.000000,
        "bw_mean" : 0.000000,
        "bw_dev" : 0.000000,
        "bw_samples" : 0,
        "iops_min" : 0,
        "iops_max" : 0,
        "iops_mean" : 0.000000,
        "iops_stddev" : 0.000000,
        "iops_samples" : 0
      },
      "sync" : {
        "total_ios" : 0,
        "lat_ns" : {
          "min" : 0,
          "max" : 0,
          "mean" : 0.000000,
          "stddev" : 0.000000,
          "N" : 0
        }
      },
      "job_runtime" : 39770,
      "usr_cpu" : 0.897662,
      "sys_cpu" : 1.297460,
      "ctx" : 37090,
      "majf" : 0,
      "minf" : 79,
      "iodepth_level" : {
        "1" : 0.100000,
        "2" : 0.100000,
        "4" : 0.100000,
        "8" : 99.945312,
        "16" : 0.000000,
        "32" : 0.000000,
        ">=64" : 0.000000
      },
      "iodepth_submit" : {
        "0" : 0.000000,
        "4" : 100.000000,
        "8" : 0.000000,
        "16" : 0.000000,
        "32" : 0.000000,
        "64" : 0.000000,
        ">=64" : 0.000000
      },
      "iodepth_complete" : {
        "0" : 0.000000,
        "4" : 99.992184,
        "8" : 0.100000,
        "16" : 0.000000,
        "32" : 0.000000,
        "64" : 0.000000,
        ">=64" : 0.000000
      },
      "latency_ns" : {
        "2" : 0.000000,
        "4" : 0.000000,
        "10" : 0.000000,
        "20" : 0.000000,
        "50" : 0.000000,
        "100" : 0.000000,
        "250" : 0.000000,
        "500" : 0.000000,
        "750" : 0.000000,
        "1000" : 0.000000
      },
      "latency_us" : {
        "2" : 0.000000,
        "4" : 0.000000,
        "10" : 0.000000,
        "20" : 0.000000,
        "50" : 0.000000,
        "100" : 0.000000,
        "250" : 0.000000,
        "500" : 0.000000,
        "750" : 0.000000,
        "1000" : 0.000000
      },
      "latency_ms" : {
        "2" : 0.010000,
        "4" : 1.148438,
        "10" : 30.421875,
        "20" : 64.011719,
        "50" : 4.378906,
        "100" : 0.031250,
        "250" : 0.000000,
        "500" : 0.000000,
        "750" : 0.000000,
        "1000" : 0.000000,
        "2000" : 0.000000,
        ">=2000" : 0.000000
      },
      "latency_depth" : 8,
      "latency_target" : 0,
      "latency_percentile" : 100.000000,
      "latency_window" : 0
    }
  ]
}
