{
  "fio version" : "fio-3.29-112-gc3773",
  "timestamp" : 1649374333,
  "timestamp_ms" : 1649374333132,
  "time" : "Thu Apr  7 23:32:13 2022",
  "global options" : {
    "size" : "50M",
    "runtime" : "60",
    "rwmixread" : "50",
    "directory" : "/mnt/gfs"
  },
  "jobs" : [
    {
      "jobname" : "iotest",
      "groupid" : 0,
      "error" : 0,
      "eta" : 0,
      "elapsed" : 41,
      "job options" : {
        "rw" : "readwrite",
        "bs" : "4k",
        "ioengine" : "libaio",
        "iodepth" : "64",
        "numjobs" : "4",
        "direct" : "1",
        "group_reporting" : "1",
        "invalidate" : "1",
        "loops" : "1",
        "write_bw_log" : "./fio-bench-07-04-2022--20-28-07-seq-gfs/seqrw/gfs/readwrite50/4k/readwrite-iodepth-64-numjobs-4",
        "write_lat_log" : "./fio-bench-07-04-2022--20-28-07-seq-gfs/seqrw/gfs/readwrite50/4k/readwrite-iodepth-64-numjobs-4",
        "write_iops_log" : "./fio-bench-07-04-2022--20-28-07-seq-gfs/seqrw/gfs/readwrite50/4k/readwrite-iodepth-64-numjobs-4",
        "log_avg_msec" : "500"
      },
      "read" : {
        "io_bytes" : 104062976,
        "io_kbytes" : 101624,
        "bw_bytes" : 2605874,
        "bw" : 2544,
        "iops" : 636.199730,
        "runtime" : 39934,
        "total_ios" : 25406,
        "short_ios" : 0,
        "drop_ios" : 0,
        "slat_ns" : {
          "min" : 3073,
          "max" : 46834993,
          "mean" : 2977365.210620,
          "stddev" : 1744317.624162,
          "N" : 25406
        },
        "clat_ns" : {
          "min" : 15943202,
          "max" : 254509376,
          "mean" : 194982940.611824,
          "stddev" : 15958556.570675,
          "N" : 25406,
          "percentile" : {
            "1.000000" : 158334976,
            "5.000000" : 170917888,
            "10.000000" : 177209344,
            "20.000000" : 183500800,
            "30.000000" : 187695104,
            "40.000000" : 191889408,
            "50.000000" : 196083712,
            "60.000000" : 200278016,
            "70.000000" : 202375168,
            "80.000000" : 206569472,
            "90.000000" : 212860928,
            "95.000000" : 217055232,
            "99.000000" : 227540992,
            "99.500000" : 231735296,
            "99.900000" : 240123904,
            "99.950000" : 242221056,
            "99.990000" : 246415360
          }
        },
        "lat_ns" : {
          "min" : 15952002,
          "max" : 255710091,
          "mean" : 197963321.008620,
          "stddev" : 16037528.405474,
          "N" : 25406
        },
        "bw_min" : 1512,
        "bw_max" : 3057,
        "bw_agg" : 99.261284,
        "bw_mean" : 2526.987342,
        "bw_dev" : 66.293557,
        "bw_samples" : 316,
        "iops_min" : 378,
        "iops_max" : 764,
        "iops_mean" : 631.594937,
        "iops_stddev" : 16.559690,
        "iops_samples" : 316
      },
      "write" : {
        "io_bytes" : 105652224,
        "io_kbytes" : 103176,
        "bw_bytes" : 2645670,
        "bw" : 2583,
        "iops" : 645.915761,
        "runtime" : 39934,
        "total_ios" : 25794,
        "short_ios" : 0,
        "drop_ios" : 0,
        "slat_ns" : {
          "min" : 67956,
          "max" : 42632143,
          "mean" : 3224424.217415,
          "stddev" : 1716214.440163,
          "N" : 25794
        },
        "clat_ns" : {
          "min" : 10275497,
          "max" : 254271077,
          "mean" : 197347351.888811,
          "stddev" : 15907097.405578,
          "N" : 25794,
          "percentile" : {
            "1.000000" : 160432128,
            "5.000000" : 173015040,
            "10.000000" : 179306496,
            "20.000000" : 185597952,
            "30.000000" : 189792256,
            "40.000000" : 193986560,
            "50.000000" : 198180864,
            "60.000000" : 202375168,
            "70.000000" : 204472320,
            "80.000000" : 208666624,
            "90.000000" : 214958080,
            "95.000000" : 219152384,
            "99.000000" : 229638144,
            "99.500000" : 231735296,
            "99.900000" : 240123904,
            "99.950000" : 242221056,
            "99.990000" : 250609664
          }
        },
        "lat_ns" : {
          "min" : 12788602,
          "max" : 257526109,
          "mean" : 200574807.931263,
          "stddev" : 16012120.189354,
          "N" : 25794
        },
        "bw_min" : 1744,
        "bw_max" : 3104,
        "bw_agg" : 99.587326,
        "bw_mean" : 2573.367089,
        "bw_dev" : 53.165904,
        "bw_samples" : 316,
        "iops_min" : 436,
        "iops_max" : 776,
        "iops_mean" : 643.189873,
        "iops_stddev" : 13.293696,
        "iops_samples" : 316
      },
      "trim" : {
        "io_bytes" : 0,
        "io_kbytes" : 0,
        "bw_bytes" : 0,
        "bw" : 0,
        "iops" : 0.000000,
        "runtime" : 0,
        "total_ios" : 0,
        "short_ios" : 0,
        "drop_ios" : 0,
        "slat_ns" : {
          "min" : 0,
          "max" : 0,
          "mean" : 0.000000,
          "stddev" : 0.000000,
          "N" : 0
        },
        "clat_ns" : {
          "min" : 0,
          "max" : 0,
          "mean" : 0.000000,
          "stddev" : 0.000000,
          "N" : 0
        },
        "lat_ns" : {
          "min" : 0,
          "max" : 0,
          "mean" : 0.000000,
          "stddev" : 0.000000,
          "N" : 0
        },
        "bw_min" : 0,
        "bw_max" : 0,
        "bw_agg" : 0.000000,
        "bw_mean" : 0.000000,
        "bw_dev" : 0.000000,
        "bw_samples" : 0,
        "iops_min" : 0,
        "iops_max" : 0,
        "iops_mean" : 0.000000,
        "iops_stddev" : 0.000000,
        "iops_samples" : 0
      },
      "sync" : {
        "total_ios" : 0,
        "lat_ns" : {
          "min" : 0,
          "max" : 0,
          "mean" : 0.000000,
          "stddev" : 0.000000,
          "N" : 0
        }
      },
      "job_runtime" : 159680,
      "usr_cpu" : 0.425225,
      "sys_cpu" : 0.668211,
      "ctx" : 76966,
      "majf" : 0,
      "minf" : 168,
      "iodepth_level" : {
        "1" : 0.100000,
        "2" : 0.100000,
        "4" : 0.100000,
        "8" : 0.100000,
        "16" : 0.125000,
        "32" : 0.250000,
        ">=64" : 99.507812
      },
      "iodepth_submit" : {
        "0" : 0.000000,
        "4" : 100.000000,
        "8" : 0.000000,
        "16" : 0.000000,
        "32" : 0.000000,
        "64" : 0.000000,
        ">=64" : 0.000000
      },
      "iodepth_complete" : {
        "0" : 0.000000,
        "4" : 99.992149,
        "8" : 0.000000,
        "16" : 0.000000,
        "32" : 0.000000,
        "64" : 0.100000,
        ">=64" : 0.000000
      },
      "latency_ns" : {
        "2" : 0.000000,
        "4" : 0.000000,
        "10" : 0.000000,
        "20" : 0.000000,
        "50" : 0.000000,
        "100" : 0.000000,
        "250" : 0.000000,
        "500" : 0.000000,
        "750" : 0.000000,
        "1000" : 0.000000
      },
      "latency_us" : {
        "2" : 0.000000,
        "4" : 0.000000,
        "10" : 0.000000,
        "20" : 0.000000,
        "50" : 0.000000,
        "100" : 0.000000,
        "250" : 0.000000,
        "500" : 0.000000,
        "750" : 0.000000,
        "1000" : 0.000000
      },
      "latency_ms" : {
        "2" : 0.000000,
        "4" : 0.000000,
        "10" : 0.000000,
        "20" : 0.017578,
        "50" : 0.097656,
        "100" : 0.152344,
        "250" : 99.722656,
        "500" : 0.010000,
        "750" : 0.000000,
        "1000" : 0.000000,
        "2000" : 0.000000,
        ">=2000" : 0.000000
      },
      "latency_depth" : 64,
      "latency_target" : 0,
      "latency_percentile" : 100.000000,
      "latency_window" : 0
    }
  ]
}
