{
  "fio version" : "fio-3.29-112-gc3773",
  "timestamp" : 1649372770,
  "timestamp_ms" : 1649372770667,
  "time" : "Thu Apr  7 23:06:10 2022",
  "global options" : {
    "size" : "50M",
    "runtime" : "60",
    "rwmixread" : "50",
    "directory" : "/mnt/gfs"
  },
  "jobs" : [
    {
      "jobname" : "iotest",
      "groupid" : 0,
      "error" : 0,
      "eta" : 0,
      "elapsed" : 43,
      "job options" : {
        "rw" : "readwrite",
        "bs" : "4k",
        "ioengine" : "libaio",
        "iodepth" : "2",
        "numjobs" : "4",
        "direct" : "1",
        "group_reporting" : "1",
        "invalidate" : "1",
        "loops" : "1",
        "write_bw_log" : "./fio-bench-07-04-2022--20-28-07-seq-gfs/seqrw/gfs/readwrite50/4k/readwrite-iodepth-2-numjobs-4",
        "write_lat_log" : "./fio-bench-07-04-2022--20-28-07-seq-gfs/seqrw/gfs/readwrite50/4k/readwrite-iodepth-2-numjobs-4",
        "write_iops_log" : "./fio-bench-07-04-2022--20-28-07-seq-gfs/seqrw/gfs/readwrite50/4k/readwrite-iodepth-2-numjobs-4",
        "log_avg_msec" : "500"
      },
      "read" : {
        "io_bytes" : 104062976,
        "io_kbytes" : 101624,
        "bw_bytes" : 2486095,
        "bw" : 2427,
        "iops" : 606.956854,
        "runtime" : 41858,
        "total_ios" : 25406,
        "short_ios" : 0,
        "drop_ios" : 0,
        "slat_ns" : {
          "min" : 3492,
          "max" : 140731,
          "mean" : 8307.572739,
          "stddev" : 1750.314239,
          "N" : 25406
        },
        "clat_ns" : {
          "min" : 1194149,
          "max" : 74310181,
          "mean" : 4794663.869598,
          "stddev" : 2503784.318679,
          "N" : 25406,
          "percentile" : {
            "1.000000" : 1466368,
            "5.000000" : 2007040,
            "10.000000" : 2473984,
            "20.000000" : 2867200,
            "30.000000" : 3227648,
            "40.000000" : 3686400,
            "50.000000" : 4227072,
            "60.000000" : 4751360,
            "70.000000" : 5472256,
            "80.000000" : 6717440,
            "90.000000" : 8028160,
            "95.000000" : 9240576,
            "99.000000" : 12255232,
            "99.500000" : 13172736,
            "99.900000" : 19005440,
            "99.950000" : 22151168,
            "99.990000" : 43778048
          }
        },
        "lat_ns" : {
          "min" : 1205323,
          "max" : 74322613,
          "mean" : 4805741.271038,
          "stddev" : 2503766.369545,
          "N" : 25406
        },
        "bw_min" : 1808,
        "bw_max" : 4544,
        "bw_agg" : 100.000000,
        "bw_mean" : 2665.534947,
        "bw_dev" : 180.079541,
        "bw_samples" : 305,
        "iops_min" : 452,
        "iops_max" : 1136,
        "iops_mean" : 666.258744,
        "iops_stddev" : 45.003960,
        "iops_samples" : 305
      },
      "write" : {
        "io_bytes" : 105652224,
        "io_kbytes" : 103176,
        "bw_bytes" : 2524062,
        "bw" : 2464,
        "iops" : 616.226289,
        "runtime" : 41858,
        "total_ios" : 25794,
        "short_ios" : 0,
        "drop_ios" : 0,
        "slat_ns" : {
          "min" : 14387,
          "max" : 10236731,
          "mean" : 50744.136854,
          "stddev" : 162283.267725,
          "N" : 25794
        },
        "clat_ns" : {
          "min" : 2555639,
          "max" : 44502620,
          "mean" : 7075033.767620,
          "stddev" : 3266904.067716,
          "N" : 25794,
          "percentile" : {
            "1.000000" : 2736128,
            "5.000000" : 2965504,
            "10.000000" : 3489792,
            "20.000000" : 4227072,
            "30.000000" : 4751360,
            "40.000000" : 5537792,
            "50.000000" : 6455296,
            "60.000000" : 7438336,
            "70.000000" : 8454144,
            "80.000000" : 9502720,
            "90.000000" : 11730944,
            "95.000000" : 13434880,
            "99.000000" : 16711680,
            "99.500000" : 17694720,
            "99.900000" : 21102592,
            "99.950000" : 22151168,
            "99.990000" : 39059456
          }
        },
        "lat_ns" : {
          "min" : 2590210,
          "max" : 44541732,
          "mean" : 7128711.535202,
          "stddev" : 3274579.622252,
          "N" : 25794
        },
        "bw_min" : 2184,
        "bw_max" : 4160,
        "bw_agg" : 100.000000,
        "bw_mean" : 2709.009566,
        "bw_dev" : 161.278700,
        "bw_samples" : 305,
        "iops_min" : 546,
        "iops_max" : 1040,
        "iops_mean" : 677.133423,
        "iops_stddev" : 40.303339,
        "iops_samples" : 305
      },
      "trim" : {
        "io_bytes" : 0,
        "io_kbytes" : 0,
        "bw_bytes" : 0,
        "bw" : 0,
        "iops" : 0.000000,
        "runtime" : 0,
        "total_ios" : 0,
        "short_ios" : 0,
        "drop_ios" : 0,
        "slat_ns" : {
          "min" : 0,
          "max" : 0,
          "mean" : 0.000000,
          "stddev" : 0.000000,
          "N" : 0
        },
        "clat_ns" : {
          "min" : 0,
          "max" : 0,
          "mean" : 0.000000,
          "stddev" : 0.000000,
          "N" : 0
        },
        "lat_ns" : {
          "min" : 0,
          "max" : 0,
          "mean" : 0.000000,
          "stddev" : 0.000000,
          "N" : 0
        },
        "bw_min" : 0,
        "bw_max" : 0,
        "bw_agg" : 0.000000,
        "bw_mean" : 0.000000,
        "bw_dev" : 0.000000,
        "bw_samples" : 0,
        "iops_min" : 0,
        "iops_max" : 0,
        "iops_mean" : 0.000000,
        "iops_stddev" : 0.000000,
        "iops_samples" : 0
      },
      "sync" : {
        "total_ios" : 0,
        "lat_ns" : {
          "min" : 0,
          "max" : 0,
          "mean" : 0.000000,
          "stddev" : 0.000000,
          "N" : 0
        }
      },
      "job_runtime" : 153206,
      "usr_cpu" : 0.470608,
      "sys_cpu" : 0.681435,
      "ctx" : 76302,
      "majf" : 0,
      "minf" : 159,
      "iodepth_level" : {
        "1" : 0.100000,
        "2" : 99.992188,
        "4" : 0.000000,
        "8" : 0.000000,
        "16" : 0.000000,
        "32" : 0.000000,
        ">=64" : 0.000000
      },
      "iodepth_submit" : {
        "0" : 0.000000,
        "4" : 100.000000,
        "8" : 0.000000,
        "16" : 0.000000,
        "32" : 0.000000,
        "64" : 0.000000,
        ">=64" : 0.000000
      },
      "iodepth_complete" : {
        "0" : 0.000000,
        "4" : 100.000000,
        "8" : 0.000000,
        "16" : 0.000000,
        "32" : 0.000000,
        "64" : 0.000000,
        ">=64" : 0.000000
      },
      "latency_ns" : {
        "2" : 0.000000,
        "4" : 0.000000,
        "10" : 0.000000,
        "20" : 0.000000,
        "50" : 0.000000,
        "100" : 0.000000,
        "250" : 0.000000,
        "500" : 0.000000,
        "750" : 0.000000,
        "1000" : 0.000000
      },
      "latency_us" : {
        "2" : 0.000000,
        "4" : 0.000000,
        "10" : 0.000000,
        "20" : 0.000000,
        "50" : 0.000000,
        "100" : 0.000000,
        "250" : 0.000000,
        "500" : 0.000000,
        "750" : 0.000000,
        "1000" : 0.000000
      },
      "latency_ms" : {
        "2" : 2.462891,
        "4" : 29.966797,
        "10" : 57.675781,
        "20" : 9.781250,
        "50" : 0.109375,
        "100" : 0.010000,
        "250" : 0.000000,
        "500" : 0.000000,
        "750" : 0.000000,
        "1000" : 0.000000,
        "2000" : 0.000000,
        ">=2000" : 0.000000
      },
      "latency_depth" : 2,
      "latency_target" : 0,
      "latency_percentile" : 100.000000,
      "latency_window" : 0
    }
  ]
}
