{
  "fio version" : "fio-3.29-112-gc3773",
  "timestamp" : 1649373890,
  "timestamp_ms" : 1649373890270,
  "time" : "Thu Apr  7 23:24:50 2022",
  "global options" : {
    "size" : "50M",
    "runtime" : "60",
    "rwmixread" : "50",
    "directory" : "/mnt/gfs"
  },
  "jobs" : [
    {
      "jobname" : "iotest",
      "groupid" : 0,
      "error" : 0,
      "eta" : 0,
      "elapsed" : 61,
      "job options" : {
        "rw" : "readwrite",
        "bs" : "4k",
        "ioengine" : "libaio",
        "iodepth" : "16",
        "numjobs" : "32",
        "direct" : "1",
        "group_reporting" : "1",
        "invalidate" : "1",
        "loops" : "1",
        "write_bw_log" : "./fio-bench-07-04-2022--20-28-07-seq-gfs/seqrw/gfs/readwrite50/4k/readwrite-iodepth-16-numjobs-32",
        "write_lat_log" : "./fio-bench-07-04-2022--20-28-07-seq-gfs/seqrw/gfs/readwrite50/4k/readwrite-iodepth-16-numjobs-32",
        "write_iops_log" : "./fio-bench-07-04-2022--20-28-07-seq-gfs/seqrw/gfs/readwrite50/4k/readwrite-iodepth-16-numjobs-32",
        "log_avg_msec" : "500"
      },
      "read" : {
        "io_bytes" : 160169984,
        "io_kbytes" : 156416,
        "bw_bytes" : 2666699,
        "bw" : 2604,
        "iops" : 651.049731,
        "runtime" : 60063,
        "total_ios" : 39104,
        "short_ios" : 0,
        "drop_ios" : 0,
        "slat_ns" : {
          "min" : 3912,
          "max" : 105381930,
          "mean" : 24263889.917272,
          "stddev" : 6487651.061806,
          "N" : 39104
        },
        "clat_ns" : {
          "min" : 3029095,
          "max" : 629624052,
          "mean" : 356716792.208061,
          "stddev" : 36339806.104884,
          "N" : 39104,
          "percentile" : {
            "1.000000" : 254803968,
            "5.000000" : 291504128,
            "10.000000" : 312475648,
            "20.000000" : 333447168,
            "30.000000" : 346030080,
            "40.000000" : 354418688,
            "50.000000" : 362807296,
            "60.000000" : 367001600,
            "70.000000" : 375390208,
            "80.000000" : 383778816,
            "90.000000" : 396361728,
            "95.000000" : 404750336,
            "99.000000" : 425721856,
            "99.500000" : 438304768,
            "99.900000" : 459276288,
            "99.950000" : 476053504,
            "99.990000" : 497025024
          }
        },
        "lat_ns" : {
          "min" : 30724665,
          "max" : 662194139,
          "mean" : 380984562.797719,
          "stddev" : 37181712.005388,
          "N" : 39104
        },
        "bw_min" : 725,
        "bw_max" : 4144,
        "bw_agg" : 99.493194,
        "bw_mean" : 2591.994118,
        "bw_dev" : 19.023962,
        "bw_samples" : 3838,
        "iops_min" : 179,
        "iops_max" : 1036,
        "iops_mean" : 647.956863,
        "iops_stddev" : 4.757604,
        "iops_samples" : 3838
      },
      "write" : {
        "io_bytes" : 159596544,
        "io_kbytes" : 155856,
        "bw_bytes" : 2657152,
        "bw" : 2594,
        "iops" : 648.718845,
        "runtime" : 60063,
        "total_ios" : 38964,
        "short_ios" : 0,
        "drop_ios" : 0,
        "slat_ns" : {
          "min" : 70820,
          "max" : 105793854,
          "mean" : 24900341.706113,
          "stddev" : 5601670.302844,
          "N" : 38964
        },
        "clat_ns" : {
          "min" : 4165346,
          "max" : 582555711,
          "mean" : 379630638.272328,
          "stddev" : 36785788.388131,
          "N" : 38964,
          "percentile" : {
            "1.000000" : 308281344,
            "5.000000" : 333447168,
            "10.000000" : 341835776,
            "20.000000" : 354418688,
            "30.000000" : 362807296,
            "40.000000" : 371195904,
            "50.000000" : 375390208,
            "60.000000" : 383778816,
            "70.000000" : 392167424,
            "80.000000" : 404750336,
            "90.000000" : 425721856,
            "95.000000" : 442499072,
            "99.000000" : 480247808,
            "99.500000" : 488636416,
            "99.900000" : 513802240,
            "99.950000" : 526385152,
            "99.990000" : 549453824
          }
        },
        "lat_ns" : {
          "min" : 29748001,
          "max" : 612591041,
          "mean" : 404534902.390668,
          "stddev" : 37210602.633517,
          "N" : 38964
        },
        "bw_min" : 828,
        "bw_max" : 3992,
        "bw_agg" : 99.388217,
        "bw_mean" : 2579.758333,
        "bw_dev" : 18.358661,
        "bw_samples" : 3840,
        "iops_min" : 204,
        "iops_max" : 998,
        "iops_mean" : 644.908333,
        "iops_stddev" : 4.591474,
        "iops_samples" : 3840
      },
      "trim" : {
        "io_bytes" : 0,
        "io_kbytes" : 0,
        "bw_bytes" : 0,
        "bw" : 0,
        "iops" : 0.000000,
        "runtime" : 0,
        "total_ios" : 0,
        "short_ios" : 0,
        "drop_ios" : 0,
        "slat_ns" : {
          "min" : 0,
          "max" : 0,
          "mean" : 0.000000,
          "stddev" : 0.000000,
          "N" : 0
        },
        "clat_ns" : {
          "min" : 0,
          "max" : 0,
          "mean" : 0.000000,
          "stddev" : 0.000000,
          "N" : 0
        },
        "lat_ns" : {
          "min" : 0,
          "max" : 0,
          "mean" : 0.000000,
          "stddev" : 0.000000,
          "N" : 0
        },
        "bw_min" : 0,
        "bw_max" : 0,
        "bw_agg" : 0.000000,
        "bw_mean" : 0.000000,
        "bw_dev" : 0.000000,
        "bw_samples" : 0,
        "iops_min" : 0,
        "iops_max" : 0,
        "iops_mean" : 0.000000,
        "iops_stddev" : 0.000000,
        "iops_samples" : 0
      },
      "sync" : {
        "total_ios" : 0,
        "lat_ns" : {
          "min" : 0,
          "max" : 0,
          "mean" : 0.000000,
          "stddev" : 0.000000,
          "N" : 0
        }
      },
      "job_runtime" : 1921284,
      "usr_cpu" : 0.069901,
      "sys_cpu" : 0.088170,
      "ctx" : 117172,
      "majf" : 0,
      "minf" : 1326,
      "iodepth_level" : {
        "1" : 0.100000,
        "2" : 0.100000,
        "4" : 0.163960,
        "8" : 0.327919,
        "16" : 99.385151,
        "32" : 0.000000,
        ">=64" : 0.000000
      },
      "iodepth_submit" : {
        "0" : 0.000000,
        "4" : 100.000000,
        "8" : 0.000000,
        "16" : 0.000000,
        "32" : 0.000000,
        "64" : 0.000000,
        ">=64" : 0.000000
      },
      "iodepth_complete" : {
        "0" : 0.000000,
        "4" : 99.958774,
        "8" : 0.000000,
        "16" : 0.100000,
        "32" : 0.000000,
        "64" : 0.000000,
        ">=64" : 0.000000
      },
      "latency_ns" : {
        "2" : 0.000000,
        "4" : 0.000000,
        "10" : 0.000000,
        "20" : 0.000000,
        "50" : 0.000000,
        "100" : 0.000000,
        "250" : 0.000000,
        "500" : 0.000000,
        "750" : 0.000000,
        "1000" : 0.000000
      },
      "latency_us" : {
        "2" : 0.000000,
        "4" : 0.000000,
        "10" : 0.000000,
        "20" : 0.000000,
        "50" : 0.000000,
        "100" : 0.000000,
        "250" : 0.000000,
        "500" : 0.000000,
        "750" : 0.000000,
        "1000" : 0.000000
      },
      "latency_ms" : {
        "2" : 0.000000,
        "4" : 0.010000,
        "10" : 0.010000,
        "20" : 0.010000,
        "50" : 0.044833,
        "100" : 0.084542,
        "250" : 0.472665,
        "500" : 99.260901,
        "750" : 0.122970,
        "1000" : 0.000000,
        "2000" : 0.000000,
        ">=2000" : 0.000000
      },
      "latency_depth" : 16,
      "latency_target" : 0,
      "latency_percentile" : 100.000000,
      "latency_window" : 0
    }
  ]
}
