{
  "fio version" : "fio-3.29-112-gc3773",
  "timestamp" : 1649374453,
  "timestamp_ms" : 1649374453777,
  "time" : "Thu Apr  7 23:34:13 2022",
  "global options" : {
    "size" : "50M",
    "runtime" : "60",
    "rwmixread" : "50",
    "directory" : "/mnt/gfs"
  },
  "jobs" : [
    {
      "jobname" : "iotest",
      "groupid" : 0,
      "error" : 0,
      "eta" : 0,
      "elapsed" : 61,
      "job options" : {
        "rw" : "readwrite",
        "bs" : "4k",
        "ioengine" : "libaio",
        "iodepth" : "64",
        "numjobs" : "16",
        "direct" : "1",
        "group_reporting" : "1",
        "invalidate" : "1",
        "loops" : "1",
        "write_bw_log" : "./fio-bench-07-04-2022--20-28-07-seq-gfs/seqrw/gfs/readwrite50/4k/readwrite-iodepth-64-numjobs-16",
        "write_lat_log" : "./fio-bench-07-04-2022--20-28-07-seq-gfs/seqrw/gfs/readwrite50/4k/readwrite-iodepth-64-numjobs-16",
        "write_iops_log" : "./fio-bench-07-04-2022--20-28-07-seq-gfs/seqrw/gfs/readwrite50/4k/readwrite-iodepth-64-numjobs-16",
        "log_avg_msec" : "500"
      },
      "read" : {
        "io_bytes" : 159084544,
        "io_kbytes" : 155356,
        "bw_bytes" : 2648760,
        "bw" : 2586,
        "iops" : 646.669997,
        "runtime" : 60060,
        "total_ios" : 38839,
        "short_ios" : 0,
        "drop_ios" : 0,
        "slat_ns" : {
          "min" : 3911,
          "max" : 41540869,
          "mean" : 12136573.768403,
          "stddev" : 3496266.958686,
          "N" : 38839
        },
        "clat_ns" : {
          "min" : 3196434,
          "max" : 902147443,
          "mean" : 767417845.157033,
          "stddev" : 56787935.337802,
          "N" : 38839,
          "percentile" : {
            "1.000000" : 599785472,
            "5.000000" : 717225984,
            "10.000000" : 734003200,
            "20.000000" : 750780416,
            "30.000000" : 759169024,
            "40.000000" : 767557632,
            "50.000000" : 775946240,
            "60.000000" : 784334848,
            "70.000000" : 784334848,
            "80.000000" : 792723456,
            "90.000000" : 809500672,
            "95.000000" : 817889280,
            "99.000000" : 843055104,
            "99.500000" : 851443712,
            "99.900000" : 868220928,
            "99.950000" : 876609536,
            "99.990000" : 893386752
          }
        },
        "lat_ns" : {
          "min" : 14489730,
          "max" : 916958443,
          "mean" : 779557709.079096,
          "stddev" : 56974172.248946,
          "N" : 38839
        },
        "bw_min" : 1120,
        "bw_max" : 3752,
        "bw_agg" : 99.587128,
        "bw_mean" : 2576.403361,
        "bw_dev" : 27.257040,
        "bw_samples" : 1904,
        "iops_min" : 280,
        "iops_max" : 938,
        "iops_mean" : 644.100840,
        "iops_stddev" : 6.814260,
        "iops_samples" : 1904
      },
      "write" : {
        "io_bytes" : 159641600,
        "io_kbytes" : 155900,
        "bw_bytes" : 2658035,
        "bw" : 2595,
        "iops" : 648.934399,
        "runtime" : 60060,
        "total_ios" : 38975,
        "short_ios" : 0,
        "drop_ios" : 0,
        "slat_ns" : {
          "min" : 69422,
          "max" : 42548750,
          "mean" : 12508445.179064,
          "stddev" : 3191551.219443,
          "N" : 38975
        },
        "clat_ns" : {
          "min" : 4985703,
          "max" : 915747943,
          "mean" : 778275263.213187,
          "stddev" : 58343455.635909,
          "N" : 38975,
          "percentile" : {
            "1.000000" : 624951296,
            "5.000000" : 725614592,
            "10.000000" : 742391808,
            "20.000000" : 759169024,
            "30.000000" : 767557632,
            "40.000000" : 775946240,
            "50.000000" : 784334848,
            "60.000000" : 792723456,
            "70.000000" : 801112064,
            "80.000000" : 809500672,
            "90.000000" : 817889280,
            "95.000000" : 834666496,
            "99.000000" : 859832320,
            "99.500000" : 868220928,
            "99.900000" : 893386752,
            "99.950000" : 893386752,
            "99.990000" : 910163968
          }
        },
        "lat_ns" : {
          "min" : 17501085,
          "max" : 928707237,
          "mean" : 790787033.619987,
          "stddev" : 58431251.466490,
          "N" : 38975
        },
        "bw_min" : 1328,
        "bw_max" : 3592,
        "bw_agg" : 99.624873,
        "bw_mean" : 2586.285714,
        "bw_dev" : 26.364399,
        "bw_samples" : 1904,
        "iops_min" : 332,
        "iops_max" : 898,
        "iops_mean" : 646.571429,
        "iops_stddev" : 6.591100,
        "iops_samples" : 1904
      },
      "trim" : {
        "io_bytes" : 0,
        "io_kbytes" : 0,
        "bw_bytes" : 0,
        "bw" : 0,
        "iops" : 0.000000,
        "runtime" : 0,
        "total_ios" : 0,
        "short_ios" : 0,
        "drop_ios" : 0,
        "slat_ns" : {
          "min" : 0,
          "max" : 0,
          "mean" : 0.000000,
          "stddev" : 0.000000,
          "N" : 0
        },
        "clat_ns" : {
          "min" : 0,
          "max" : 0,
          "mean" : 0.000000,
          "stddev" : 0.000000,
          "N" : 0
        },
        "lat_ns" : {
          "min" : 0,
          "max" : 0,
          "mean" : 0.000000,
          "stddev" : 0.000000,
          "N" : 0
        },
        "bw_min" : 0,
        "bw_max" : 0,
        "bw_agg" : 0.000000,
        "bw_mean" : 0.000000,
        "bw_dev" : 0.000000,
        "bw_samples" : 0,
        "iops_min" : 0,
        "iops_max" : 0,
        "iops_mean" : 0.000000,
        "iops_stddev" : 0.000000,
        "iops_samples" : 0
      },
      "sync" : {
        "total_ios" : 0,
        "lat_ns" : {
          "min" : 0,
          "max" : 0,
          "mean" : 0.000000,
          "stddev" : 0.000000,
          "N" : 0
        }
      },
      "job_runtime" : 960556,
      "usr_cpu" : 0.118994,
      "sys_cpu" : 0.170422,
      "ctx" : 116916,
      "majf" : 0,
      "minf" : 651,
      "iodepth_level" : {
        "1" : 0.100000,
        "2" : 0.100000,
        "4" : 0.100000,
        "8" : 0.164495,
        "16" : 0.328990,
        "32" : 0.657979,
        ">=64" : 98.704603
      },
      "iodepth_submit" : {
        "0" : 0.000000,
        "4" : 100.000000,
        "8" : 0.000000,
        "16" : 0.000000,
        "32" : 0.000000,
        "64" : 0.000000,
        ">=64" : 0.000000
      },
      "iodepth_complete" : {
        "0" : 0.000000,
        "4" : 99.979173,
        "8" : 0.000000,
        "16" : 0.000000,
        "32" : 0.000000,
        "64" : 0.100000,
        ">=64" : 0.000000
      },
      "latency_ns" : {
        "2" : 0.000000,
        "4" : 0.000000,
        "10" : 0.000000,
        "20" : 0.000000,
        "50" : 0.000000,
        "100" : 0.000000,
        "250" : 0.000000,
        "500" : 0.000000,
        "750" : 0.000000,
        "1000" : 0.000000
      },
      "latency_us" : {
        "2" : 0.000000,
        "4" : 0.000000,
        "10" : 0.000000,
        "20" : 0.000000,
        "50" : 0.000000,
        "100" : 0.000000,
        "250" : 0.000000,
        "500" : 0.000000,
        "750" : 0.000000,
        "1000" : 0.000000
      },
      "latency_ms" : {
        "2" : 0.000000,
        "4" : 0.010000,
        "10" : 0.010000,
        "20" : 0.011566,
        "50" : 0.026987,
        "100" : 0.079677,
        "250" : 0.253168,
        "500" : 0.439510,
        "750" : 16.977665,
        "1000" : 82.207572,
        "2000" : 0.000000,
        ">=2000" : 0.000000
      },
      "latency_depth" : 64,
      "latency_target" : 0,
      "latency_percentile" : 100.000000,
      "latency_window" : 0
    }
  ]
}
