{
  "fio version" : "fio-3.29-112-gc3773",
  "timestamp" : 1649373326,
  "timestamp_ms" : 1649373326941,
  "time" : "Thu Apr  7 23:15:26 2022",
  "global options" : {
    "size" : "50M",
    "runtime" : "60",
    "rwmixread" : "50",
    "directory" : "/mnt/gfs"
  },
  "jobs" : [
    {
      "jobname" : "iotest",
      "groupid" : 0,
      "error" : 0,
      "eta" : 0,
      "elapsed" : 61,
      "job options" : {
        "rw" : "readwrite",
        "bs" : "4k",
        "ioengine" : "libaio",
        "iodepth" : "4",
        "numjobs" : "64",
        "direct" : "1",
        "group_reporting" : "1",
        "invalidate" : "1",
        "loops" : "1",
        "write_bw_log" : "./fio-bench-07-04-2022--20-28-07-seq-gfs/seqrw/gfs/readwrite50/4k/readwrite-iodepth-4-numjobs-64",
        "write_lat_log" : "./fio-bench-07-04-2022--20-28-07-seq-gfs/seqrw/gfs/readwrite50/4k/readwrite-iodepth-4-numjobs-64",
        "write_iops_log" : "./fio-bench-07-04-2022--20-28-07-seq-gfs/seqrw/gfs/readwrite50/4k/readwrite-iodepth-4-numjobs-64",
        "log_avg_msec" : "500"
      },
      "read" : {
        "io_bytes" : 159404032,
        "io_kbytes" : 155668,
        "bw_bytes" : 2652092,
        "bw" : 2589,
        "iops" : 647.483570,
        "runtime" : 60105,
        "total_ios" : 38917,
        "short_ios" : 0,
        "drop_ios" : 0,
        "slat_ns" : {
          "min" : 2864,
          "max" : 163328861,
          "mean" : 48569160.287586,
          "stddev" : 11833036.500970,
          "N" : 38917
        },
        "clat_ns" : {
          "min" : 3998357,
          "max" : 309735199,
          "mean" : 144435228.681656,
          "stddev" : 21564605.902387,
          "N" : 38917,
          "percentile" : {
            "1.000000" : 85458944,
            "5.000000" : 99090432,
            "10.000000" : 122159104,
            "20.000000" : 135266304,
            "30.000000" : 139460608,
            "40.000000" : 143654912,
            "50.000000" : 145752064,
            "60.000000" : 149946368,
            "70.000000" : 152043520,
            "80.000000" : 156237824,
            "90.000000" : 162529280,
            "95.000000" : 173015040,
            "99.000000" : 204472320,
            "99.500000" : 210763776,
            "99.900000" : 238026752,
            "99.950000" : 252706816,
            "99.990000" : 267386880
          }
        },
        "lat_ns" : {
          "min" : 16905001,
          "max" : 356519100,
          "mean" : 193008827.714212,
          "stddev" : 25982940.517312,
          "N" : 38917
        },
        "bw_min" : 670,
        "bw_max" : 4807,
        "bw_agg" : 99.963953,
        "bw_mean" : 2589.945345,
        "bw_dev" : 13.227890,
        "bw_samples" : 7666,
        "iops_min" : 166,
        "iops_max" : 1201,
        "iops_mean" : 647.041848,
        "iops_stddev" : 3.308776,
        "iops_samples" : 7666
      },
      "write" : {
        "io_bytes" : 160149504,
        "io_kbytes" : 156396,
        "bw_bytes" : 2664495,
        "bw" : 2602,
        "iops" : 650.511605,
        "runtime" : 60105,
        "total_ios" : 39099,
        "short_ios" : 0,
        "drop_ios" : 0,
        "slat_ns" : {
          "min" : 62158,
          "max" : 161841316,
          "mean" : 49700958.443234,
          "stddev" : 9587022.025412,
          "N" : 39099
        },
        "clat_ns" : {
          "min" : 4225272,
          "max" : 314733830,
          "mean" : 151054504.918310,
          "stddev" : 20923930.781037,
          "N" : 39099,
          "percentile" : {
            "1.000000" : 93847552,
            "5.000000" : 125304832,
            "10.000000" : 132644864,
            "20.000000" : 139460608,
            "30.000000" : 143654912,
            "40.000000" : 145752064,
            "50.000000" : 149946368,
            "60.000000" : 152043520,
            "70.000000" : 156237824,
            "80.000000" : 160432128,
            "90.000000" : 170917888,
            "95.000000" : 193986560,
            "99.000000" : 214958080,
            "99.500000" : 223346688,
            "99.900000" : 254803968,
            "99.950000" : 261095424,
            "99.990000" : 283115520
          }
        },
        "lat_ns" : {
          "min" : 51017064,
          "max" : 366257317,
          "mean" : 200759966.761631,
          "stddev" : 22908822.922505,
          "N" : 39099
        },
        "bw_min" : 742,
        "bw_max" : 4664,
        "bw_agg" : 99.959805,
        "bw_mean" : 2601.342997,
        "bw_dev" : 12.598261,
        "bw_samples" : 7670,
        "iops_min" : 184,
        "iops_max" : 1166,
        "iops_mean" : 649.891317,
        "iops_stddev" : 3.150775,
        "iops_samples" : 7670
      },
      "trim" : {
        "io_bytes" : 0,
        "io_kbytes" : 0,
        "bw_bytes" : 0,
        "bw" : 0,
        "iops" : 0.000000,
        "runtime" : 0,
        "total_ios" : 0,
        "short_ios" : 0,
        "drop_ios" : 0,
        "slat_ns" : {
          "min" : 0,
          "max" : 0,
          "mean" : 0.000000,
          "stddev" : 0.000000,
          "N" : 0
        },
        "clat_ns" : {
          "min" : 0,
          "max" : 0,
          "mean" : 0.000000,
          "stddev" : 0.000000,
          "N" : 0
        },
        "lat_ns" : {
          "min" : 0,
          "max" : 0,
          "mean" : 0.000000,
          "stddev" : 0.000000,
          "N" : 0
        },
        "bw_min" : 0,
        "bw_max" : 0,
        "bw_agg" : 0.000000,
        "bw_mean" : 0.000000,
        "bw_dev" : 0.000000,
        "bw_samples" : 0,
        "iops_min" : 0,
        "iops_max" : 0,
        "iops_mean" : 0.000000,
        "iops_stddev" : 0.000000,
        "iops_samples" : 0
      },
      "sync" : {
        "total_ios" : 0,
        "lat_ns" : {
          "min" : 0,
          "max" : 0,
          "mean" : 0.000000,
          "stddev" : 0.000000,
          "N" : 0
        }
      },
      "job_runtime" : 3843781,
      "usr_cpu" : 0.039805,
      "sys_cpu" : 0.046283,
      "ctx" : 117842,
      "majf" : 0,
      "minf" : 2728,
      "iodepth_level" : {
        "1" : 0.100000,
        "2" : 0.164069,
        "4" : 99.753897,
        "8" : 0.000000,
        "16" : 0.000000,
        "32" : 0.000000,
        ">=64" : 0.000000
      },
      "iodepth_submit" : {
        "0" : 0.000000,
        "4" : 100.000000,
        "8" : 0.000000,
        "16" : 0.000000,
        "32" : 0.000000,
        "64" : 0.000000,
        ">=64" : 0.000000
      },
      "iodepth_complete" : {
        "0" : 0.000000,
        "4" : 100.000000,
        "8" : 0.000000,
        "16" : 0.000000,
        "32" : 0.000000,
        "64" : 0.000000,
        ">=64" : 0.000000
      },
      "latency_ns" : {
        "2" : 0.000000,
        "4" : 0.000000,
        "10" : 0.000000,
        "20" : 0.000000,
        "50" : 0.000000,
        "100" : 0.000000,
        "250" : 0.000000,
        "500" : 0.000000,
        "750" : 0.000000,
        "1000" : 0.000000
      },
      "latency_us" : {
        "2" : 0.000000,
        "4" : 0.000000,
        "10" : 0.000000,
        "20" : 0.000000,
        "50" : 0.000000,
        "100" : 0.000000,
        "250" : 0.000000,
        "500" : 0.000000,
        "750" : 0.000000,
        "1000" : 0.000000
      },
      "latency_ms" : {
        "2" : 0.000000,
        "4" : 0.010000,
        "10" : 0.012818,
        "20" : 0.026918,
        "50" : 0.098698,
        "100" : 3.622334,
        "250" : 96.130281,
        "500" : 0.107670,
        "750" : 0.000000,
        "1000" : 0.000000,
        "2000" : 0.000000,
        ">=2000" : 0.000000
      },
      "latency_depth" : 4,
      "latency_target" : 0,
      "latency_percentile" : 100.000000,
      "latency_window" : 0
    }
  ]
}
