{
  "fio version" : "fio-3.29-112-gc3773",
  "timestamp" : 1649374393,
  "timestamp_ms" : 1649374393431,
  "time" : "Thu Apr  7 23:33:13 2022",
  "global options" : {
    "size" : "50M",
    "runtime" : "60",
    "rwmixread" : "50",
    "directory" : "/mnt/gfs"
  },
  "jobs" : [
    {
      "jobname" : "iotest",
      "groupid" : 0,
      "error" : 0,
      "eta" : 0,
      "elapsed" : 61,
      "job options" : {
        "rw" : "readwrite",
        "bs" : "4k",
        "ioengine" : "libaio",
        "iodepth" : "64",
        "numjobs" : "8",
        "direct" : "1",
        "group_reporting" : "1",
        "invalidate" : "1",
        "loops" : "1",
        "write_bw_log" : "./fio-bench-07-04-2022--20-28-07-seq-gfs/seqrw/gfs/readwrite50/4k/readwrite-iodepth-64-numjobs-8",
        "write_lat_log" : "./fio-bench-07-04-2022--20-28-07-seq-gfs/seqrw/gfs/readwrite50/4k/readwrite-iodepth-64-numjobs-8",
        "write_iops_log" : "./fio-bench-07-04-2022--20-28-07-seq-gfs/seqrw/gfs/readwrite50/4k/readwrite-iodepth-64-numjobs-8",
        "log_avg_msec" : "500"
      },
      "read" : {
        "io_bytes" : 158363648,
        "io_kbytes" : 154652,
        "bw_bytes" : 2637943,
        "bw" : 2576,
        "iops" : 644.029117,
        "runtime" : 60033,
        "total_ios" : 38663,
        "short_ios" : 0,
        "drop_ios" : 0,
        "slat_ns" : {
          "min" : 3073,
          "max" : 23554036,
          "mean" : 6033970.566562,
          "stddev" : 2206842.998671,
          "N" : 38663
        },
        "clat_ns" : {
          "min" : 4921099,
          "max" : 457753431,
          "mean" : 382612528.645139,
          "stddev" : 27427164.786576,
          "N" : 38663,
          "percentile" : {
            "1.000000" : 312475648,
            "5.000000" : 341835776,
            "10.000000" : 354418688,
            "20.000000" : 367001600,
            "30.000000" : 375390208,
            "40.000000" : 379584512,
            "50.000000" : 383778816,
            "60.000000" : 392167424,
            "70.000000" : 396361728,
            "80.000000" : 400556032,
            "90.000000" : 408944640,
            "95.000000" : 417333248,
            "99.000000" : 429916160,
            "99.500000" : 434110464,
            "99.900000" : 442499072,
            "99.950000" : 446693376,
            "99.990000" : 450887680
          }
        },
        "lat_ns" : {
          "min" : 11445759,
          "max" : 462219793,
          "mean" : 388649590.092052,
          "stddev" : 27528537.295176,
          "N" : 38663
        },
        "bw_min" : 488,
        "bw_max" : 3336,
        "bw_agg" : 99.413217,
        "bw_mean" : 2561.733333,
        "bw_dev" : 45.548082,
        "bw_samples" : 960,
        "iops_min" : 122,
        "iops_max" : 834,
        "iops_mean" : 640.433333,
        "iops_stddev" : 11.387020,
        "iops_samples" : 960
      },
      "write" : {
        "io_bytes" : 159952896,
        "io_kbytes" : 156204,
        "bw_bytes" : 2664416,
        "bw" : 2601,
        "iops" : 650.492229,
        "runtime" : 60033,
        "total_ios" : 39051,
        "short_ios" : 0,
        "drop_ios" : 0,
        "slat_ns" : {
          "min" : 47911,
          "max" : 23989288,
          "mean" : 6288953.841336,
          "stddev" : 2143159.532383,
          "N" : 39051
        },
        "clat_ns" : {
          "min" : 12523902,
          "max" : 525876522,
          "mean" : 393601480.990628,
          "stddev" : 28018175.902785,
          "N" : 39051,
          "percentile" : {
            "1.000000" : 341835776,
            "5.000000" : 358612992,
            "10.000000" : 367001600,
            "20.000000" : 375390208,
            "30.000000" : 383778816,
            "40.000000" : 387973120,
            "50.000000" : 392167424,
            "60.000000" : 396361728,
            "70.000000" : 404750336,
            "80.000000" : 413138944,
            "90.000000" : 421527552,
            "95.000000" : 434110464,
            "99.000000" : 459276288,
            "99.500000" : 471859200,
            "99.900000" : 497025024,
            "99.950000" : 509607936,
            "99.990000" : 517996544
          }
        },
        "lat_ns" : {
          "min" : 20881901,
          "max" : 532299004,
          "mean" : 399893537.735628,
          "stddev" : 28083285.599521,
          "N" : 39051
        },
        "bw_min" : 632,
        "bw_max" : 3376,
        "bw_agg" : 99.347850,
        "bw_mean" : 2585.200000,
        "bw_dev" : 42.528443,
        "bw_samples" : 960,
        "iops_min" : 158,
        "iops_max" : 844,
        "iops_mean" : 646.300000,
        "iops_stddev" : 10.632111,
        "iops_samples" : 960
      },
      "trim" : {
        "io_bytes" : 0,
        "io_kbytes" : 0,
        "bw_bytes" : 0,
        "bw" : 0,
        "iops" : 0.000000,
        "runtime" : 0,
        "total_ios" : 0,
        "short_ios" : 0,
        "drop_ios" : 0,
        "slat_ns" : {
          "min" : 0,
          "max" : 0,
          "mean" : 0.000000,
          "stddev" : 0.000000,
          "N" : 0
        },
        "clat_ns" : {
          "min" : 0,
          "max" : 0,
          "mean" : 0.000000,
          "stddev" : 0.000000,
          "N" : 0
        },
        "lat_ns" : {
          "min" : 0,
          "max" : 0,
          "mean" : 0.000000,
          "stddev" : 0.000000,
          "N" : 0
        },
        "bw_min" : 0,
        "bw_max" : 0,
        "bw_agg" : 0.000000,
        "bw_mean" : 0.000000,
        "bw_dev" : 0.000000,
        "bw_samples" : 0,
        "iops_min" : 0,
        "iops_max" : 0,
        "iops_mean" : 0.000000,
        "iops_stddev" : 0.000000,
        "iops_samples" : 0
      },
      "sync" : {
        "total_ios" : 0,
        "lat_ns" : {
          "min" : 0,
          "max" : 0,
          "mean" : 0.000000,
          "stddev" : 0.000000,
          "N" : 0
        }
      },
      "job_runtime" : 480199,
      "usr_cpu" : 0.204707,
      "sys_cpu" : 0.352770,
      "ctx" : 116889,
      "majf" : 0,
      "minf" : 333,
      "iodepth_level" : {
        "1" : 0.100000,
        "2" : 0.100000,
        "4" : 0.100000,
        "8" : 0.100000,
        "16" : 0.164706,
        "32" : 0.329413,
        ">=64" : 99.351468
      },
      "iodepth_submit" : {
        "0" : 0.000000,
        "4" : 100.000000,
        "8" : 0.000000,
        "16" : 0.000000,
        "32" : 0.000000,
        "64" : 0.000000,
        ">=64" : 0.000000
      },
      "iodepth_complete" : {
        "0" : 0.000000,
        "4" : 99.989640,
        "8" : 0.000000,
        "16" : 0.000000,
        "32" : 0.000000,
        "64" : 0.100000,
        ">=64" : 0.000000
      },
      "latency_ns" : {
        "2" : 0.000000,
        "4" : 0.000000,
        "10" : 0.000000,
        "20" : 0.000000,
        "50" : 0.000000,
        "100" : 0.000000,
        "250" : 0.000000,
        "500" : 0.000000,
        "750" : 0.000000,
        "1000" : 0.000000
      },
      "latency_us" : {
        "2" : 0.000000,
        "4" : 0.000000,
        "10" : 0.000000,
        "20" : 0.000000,
        "50" : 0.000000,
        "100" : 0.000000,
        "250" : 0.000000,
        "500" : 0.000000,
        "750" : 0.000000,
        "1000" : 0.000000
      },
      "latency_ms" : {
        "2" : 0.000000,
        "4" : 0.000000,
        "10" : 0.010000,
        "20" : 0.010000,
        "50" : 0.048897,
        "100" : 0.077206,
        "250" : 0.239339,
        "500" : 99.584373,
        "750" : 0.043750,
        "1000" : 0.000000,
        "2000" : 0.000000,
        ">=2000" : 0.000000
      },
      "latency_depth" : 64,
      "latency_target" : 0,
      "latency_percentile" : 100.000000,
      "latency_window" : 0
    }
  ]
}
