{
  "fio version" : "fio-3.29-112-gc3773",
  "timestamp" : 1649370130,
  "timestamp_ms" : 1649370130268,
  "time" : "Thu Apr  7 22:22:10 2022",
  "global options" : {
    "size" : "50M",
    "runtime" : "60",
    "rwmixread" : "50",
    "directory" : "/mnt/gfs"
  },
  "jobs" : [
    {
      "jobname" : "iotest",
      "groupid" : 0,
      "error" : 0,
      "eta" : 0,
      "elapsed" : 33,
      "job options" : {
        "rw" : "readwrite",
        "bs" : "4k",
        "ioengine" : "libaio",
        "iodepth" : "1",
        "numjobs" : "2",
        "direct" : "1",
        "group_reporting" : "1",
        "invalidate" : "1",
        "loops" : "1",
        "write_bw_log" : "./fio-bench-07-04-2022--20-28-07-seq-gfs/seqrw/gfs/readwrite50/4k/readwrite-iodepth-1-numjobs-2",
        "write_lat_log" : "./fio-bench-07-04-2022--20-28-07-seq-gfs/seqrw/gfs/readwrite50/4k/readwrite-iodepth-1-numjobs-2",
        "write_iops_log" : "./fio-bench-07-04-2022--20-28-07-seq-gfs/seqrw/gfs/readwrite50/4k/readwrite-iodepth-1-numjobs-2",
        "log_avg_msec" : "500"
      },
      "read" : {
        "io_bytes" : 52006912,
        "io_kbytes" : 50788,
        "bw_bytes" : 1592763,
        "bw" : 1555,
        "iops" : 388.858263,
        "runtime" : 32652,
        "total_ios" : 12697,
        "short_ios" : 0,
        "drop_ios" : 0,
        "slat_ns" : {
          "min" : 4819,
          "max" : 139752,
          "mean" : 8242.870363,
          "stddev" : 1920.637033,
          "N" : 12697
        },
        "clat_ns" : {
          "min" : 1169706,
          "max" : 31131300,
          "mean" : 1782561.980232,
          "stddev" : 543720.009291,
          "N" : 12697,
          "percentile" : {
            "1.000000" : 1384448,
            "5.000000" : 1449984,
            "10.000000" : 1482752,
            "20.000000" : 1499136,
            "30.000000" : 1531904,
            "40.000000" : 1564672,
            "50.000000" : 1630208,
            "60.000000" : 1679360,
            "70.000000" : 1744896,
            "80.000000" : 1843200,
            "90.000000" : 2801664,
            "95.000000" : 2899968,
            "99.000000" : 3096576,
            "99.500000" : 3227648,
            "99.900000" : 3358720,
            "99.950000" : 7241728,
            "99.990000" : 13172736
          }
        },
        "lat_ns" : {
          "min" : 1180322,
          "max" : 31142125,
          "mean" : 1793583.161770,
          "stddev" : 543589.450301,
          "N" : 12697
        },
        "bw_min" : 1225,
        "bw_max" : 1880,
        "bw_agg" : 100.000000,
        "bw_mean" : 1570.994872,
        "bw_dev" : 72.664180,
        "bw_samples" : 128,
        "iops_min" : 306,
        "iops_max" : 470,
        "iops_mean" : 392.694017,
        "iops_stddev" : 18.170520,
        "iops_samples" : 128
      },
      "write" : {
        "io_bytes" : 52850688,
        "io_kbytes" : 51612,
        "bw_bytes" : 1618604,
        "bw" : 1580,
        "iops" : 395.167218,
        "runtime" : 32652,
        "total_ios" : 12903,
        "short_ios" : 0,
        "drop_ios" : 0,
        "slat_ns" : {
          "min" : 18788,
          "max" : 5834282,
          "mean" : 38056.274665,
          "stddev" : 59080.321330,
          "N" : 12903
        },
        "clat_ns" : {
          "min" : 2640219,
          "max" : 56283955,
          "mean" : 3183456.621716,
          "stddev" : 773039.815615,
          "N" : 12903,
          "percentile" : {
            "1.000000" : 2703360,
            "5.000000" : 2736128,
            "10.000000" : 2768896,
            "20.000000" : 2899968,
            "30.000000" : 2932736,
            "40.000000" : 2965504,
            "50.000000" : 2965504,
            "60.000000" : 2998272,
            "70.000000" : 3096576,
            "80.000000" : 3227648,
            "90.000000" : 4227072,
            "95.000000" : 4292608,
            "99.000000" : 4489216,
            "99.500000" : 4685824,
            "99.900000" : 8847360,
            "99.950000" : 11075584,
            "99.990000" : 29753344
          }
        },
        "lat_ns" : {
          "min" : 2672207,
          "max" : 56322298,
          "mean" : 3224400.589553,
          "stddev" : 777949.020085,
          "N" : 12903
        },
        "bw_min" : 1368,
        "bw_max" : 1785,
        "bw_agg" : 100.000000,
        "bw_mean" : 1598.751648,
        "bw_dev" : 45.119233,
        "bw_samples" : 128,
        "iops_min" : 342,
        "iops_max" : 446,
        "iops_mean" : 399.633211,
        "iops_stddev" : 11.281182,
        "iops_samples" : 128
      },
      "trim" : {
        "io_bytes" : 0,
        "io_kbytes" : 0,
        "bw_bytes" : 0,
        "bw" : 0,
        "iops" : 0.000000,
        "runtime" : 0,
        "total_ios" : 0,
        "short_ios" : 0,
        "drop_ios" : 0,
        "slat_ns" : {
          "min" : 0,
          "max" : 0,
          "mean" : 0.000000,
          "stddev" : 0.000000,
          "N" : 0
        },
        "clat_ns" : {
          "min" : 0,
          "max" : 0,
          "mean" : 0.000000,
          "stddev" : 0.000000,
          "N" : 0
        },
        "lat_ns" : {
          "min" : 0,
          "max" : 0,
          "mean" : 0.000000,
          "stddev" : 0.000000,
          "N" : 0
        },
        "bw_min" : 0,
        "bw_max" : 0,
        "bw_agg" : 0.000000,
        "bw_mean" : 0.000000,
        "bw_dev" : 0.000000,
        "bw_samples" : 0,
        "iops_min" : 0,
        "iops_max" : 0,
        "iops_mean" : 0.000000,
        "iops_stddev" : 0.000000,
        "iops_samples" : 0
      },
      "sync" : {
        "total_ios" : 0,
        "lat_ns" : {
          "min" : 0,
          "max" : 0,
          "mean" : 0.000000,
          "stddev" : 0.000000,
          "N" : 0
        }
      },
      "job_runtime" : 64589,
      "usr_cpu" : 0.537243,
      "sys_cpu" : 0.820573,
      "ctx" : 38549,
      "majf" : 0,
      "minf" : 82,
      "iodepth_level" : {
        "1" : 100.000000,
        "2" : 0.000000,
        "4" : 0.000000,
        "8" : 0.000000,
        "16" : 0.000000,
        "32" : 0.000000,
        ">=64" : 0.000000
      },
      "iodepth_submit" : {
        "0" : 0.000000,
        "4" : 100.000000,
        "8" : 0.000000,
        "16" : 0.000000,
        "32" : 0.000000,
        "64" : 0.000000,
        ">=64" : 0.000000
      },
      "iodepth_complete" : {
        "0" : 0.000000,
        "4" : 100.000000,
        "8" : 0.000000,
        "16" : 0.000000,
        "32" : 0.000000,
        "64" : 0.000000,
        ">=64" : 0.000000
      },
      "latency_ns" : {
        "2" : 0.000000,
        "4" : 0.000000,
        "10" : 0.000000,
        "20" : 0.000000,
        "50" : 0.000000,
        "100" : 0.000000,
        "250" : 0.000000,
        "500" : 0.000000,
        "750" : 0.000000,
        "1000" : 0.000000
      },
      "latency_us" : {
        "2" : 0.000000,
        "4" : 0.000000,
        "10" : 0.000000,
        "20" : 0.000000,
        "50" : 0.000000,
        "100" : 0.000000,
        "250" : 0.000000,
        "500" : 0.000000,
        "750" : 0.000000,
        "1000" : 0.000000
      },
      "latency_ms" : {
        "2" : 43.082031,
        "4" : 49.320312,
        "10" : 7.562500,
        "20" : 0.023438,
        "50" : 0.010000,
        "100" : 0.010000,
        "250" : 0.000000,
        "500" : 0.000000,
        "750" : 0.000000,
        "1000" : 0.000000,
        "2000" : 0.000000,
        ">=2000" : 0.000000
      },
      "latency_depth" : 1,
      "latency_target" : 0,
      "latency_percentile" : 100.000000,
      "latency_window" : 0
    }
  ]
}
