{
  "fio version" : "fio-3.29-112-gc3773",
  "timestamp" : 1649374202,
  "timestamp_ms" : 1649374202186,
  "time" : "Thu Apr  7 23:30:02 2022",
  "global options" : {
    "size" : "50M",
    "runtime" : "60",
    "rwmixread" : "50",
    "directory" : "/mnt/gfs"
  },
  "jobs" : [
    {
      "jobname" : "iotest",
      "groupid" : 0,
      "error" : 0,
      "eta" : 0,
      "elapsed" : 61,
      "job options" : {
        "rw" : "readwrite",
        "bs" : "4k",
        "ioengine" : "libaio",
        "iodepth" : "32",
        "numjobs" : "32",
        "direct" : "1",
        "group_reporting" : "1",
        "invalidate" : "1",
        "loops" : "1",
        "write_bw_log" : "./fio-bench-07-04-2022--20-28-07-seq-gfs/seqrw/gfs/readwrite50/4k/readwrite-iodepth-32-numjobs-32",
        "write_lat_log" : "./fio-bench-07-04-2022--20-28-07-seq-gfs/seqrw/gfs/readwrite50/4k/readwrite-iodepth-32-numjobs-32",
        "write_iops_log" : "./fio-bench-07-04-2022--20-28-07-seq-gfs/seqrw/gfs/readwrite50/4k/readwrite-iodepth-32-numjobs-32",
        "log_avg_msec" : "500"
      },
      "read" : {
        "io_bytes" : 160432128,
        "io_kbytes" : 156672,
        "bw_bytes" : 2671153,
        "bw" : 2608,
        "iops" : 652.136994,
        "runtime" : 60061,
        "total_ios" : 39168,
        "short_ios" : 0,
        "drop_ios" : 0,
        "slat_ns" : {
          "min" : 3003,
          "max" : 78806186,
          "mean" : 24238510.955780,
          "stddev" : 6156769.544140,
          "N" : 39168
        },
        "clat_ns" : {
          "min" : 4102209,
          "max" : 930186537,
          "mean" : 745313785.911203,
          "stddev" : 63517656.505168,
          "N" : 39168,
          "percentile" : {
            "1.000000" : 501219328,
            "5.000000" : 675282944,
            "10.000000" : 692060160,
            "20.000000" : 717225984,
            "30.000000" : 734003200,
            "40.000000" : 742391808,
            "50.000000" : 750780416,
            "60.000000" : 759169024,
            "70.000000" : 767557632,
            "80.000000" : 784334848,
            "90.000000" : 801112064,
            "95.000000" : 809500672,
            "99.000000" : 834666496,
            "99.500000" : 843055104,
            "99.900000" : 868220928,
            "99.950000" : 876609536,
            "99.990000" : 918552576
          }
        },
        "lat_ns" : {
          "min" : 26626923,
          "max" : 958907167,
          "mean" : 769556220.007761,
          "stddev" : 63991796.260772,
          "N" : 39168
        },
        "bw_min" : 1008,
        "bw_max" : 4048,
        "bw_agg" : 99.595643,
        "bw_mean" : 2598.554622,
        "bw_dev" : 18.365505,
        "bw_samples" : 3808,
        "iops_min" : 252,
        "iops_max" : 1012,
        "iops_mean" : 649.563025,
        "iops_stddev" : 4.590661,
        "iops_samples" : 3808
      },
      "write" : {
        "io_bytes" : 159801344,
        "io_kbytes" : 156056,
        "bw_bytes" : 2660650,
        "bw" : 2598,
        "iops" : 649.572934,
        "runtime" : 60061,
        "total_ios" : 39014,
        "short_ios" : 0,
        "drop_ios" : 0,
        "slat_ns" : {
          "min" : 69841,
          "max" : 96303990,
          "mean" : 24850461.429666,
          "stddev" : 5382192.860211,
          "N" : 39014
        },
        "clat_ns" : {
          "min" : 4009180,
          "max" : 1190177634,
          "mean" : 768995831.058210,
          "stddev" : 64307212.774622,
          "N" : 39014,
          "percentile" : {
            "1.000000" : 616562688,
            "5.000000" : 708837376,
            "10.000000" : 725614592,
            "20.000000" : 742391808,
            "30.000000" : 750780416,
            "40.000000" : 759169024,
            "50.000000" : 767557632,
            "60.000000" : 775946240,
            "70.000000" : 792723456,
            "80.000000" : 801112064,
            "90.000000" : 826277888,
            "95.000000" : 843055104,
            "99.000000" : 893386752,
            "99.500000" : 910163968,
            "99.900000" : 1019215872,
            "99.950000" : 1052770304,
            "99.990000" : 1115684864
          }
        },
        "lat_ns" : {
          "min" : 26522020,
          "max" : 1211966916,
          "mean" : 793850257.620700,
          "stddev" : 64586714.145640,
          "N" : 39014
        },
        "bw_min" : 1128,
        "bw_max" : 4016,
        "bw_agg" : 99.603931,
        "bw_mean" : 2588.672269,
        "bw_dev" : 18.276851,
        "bw_samples" : 3808,
        "iops_min" : 282,
        "iops_max" : 1004,
        "iops_mean" : 647.092437,
        "iops_stddev" : 4.569870,
        "iops_samples" : 3808
      },
      "trim" : {
        "io_bytes" : 0,
        "io_kbytes" : 0,
        "bw_bytes" : 0,
        "bw" : 0,
        "iops" : 0.000000,
        "runtime" : 0,
        "total_ios" : 0,
        "short_ios" : 0,
        "drop_ios" : 0,
        "slat_ns" : {
          "min" : 0,
          "max" : 0,
          "mean" : 0.000000,
          "stddev" : 0.000000,
          "N" : 0
        },
        "clat_ns" : {
          "min" : 0,
          "max" : 0,
          "mean" : 0.000000,
          "stddev" : 0.000000,
          "N" : 0
        },
        "lat_ns" : {
          "min" : 0,
          "max" : 0,
          "mean" : 0.000000,
          "stddev" : 0.000000,
          "N" : 0
        },
        "bw_min" : 0,
        "bw_max" : 0,
        "bw_agg" : 0.000000,
        "bw_mean" : 0.000000,
        "bw_dev" : 0.000000,
        "bw_samples" : 0,
        "iops_min" : 0,
        "iops_max" : 0,
        "iops_mean" : 0.000000,
        "iops_stddev" : 0.000000,
        "iops_samples" : 0
      },
      "sync" : {
        "total_ios" : 0,
        "lat_ns" : {
          "min" : 0,
          "max" : 0,
          "mean" : 0.000000,
          "stddev" : 0.000000,
          "N" : 0
        }
      },
      "job_runtime" : 1921115,
      "usr_cpu" : 0.068346,
      "sys_cpu" : 0.091301,
      "ctx" : 117337,
      "majf" : 0,
      "minf" : 1353,
      "iodepth_level" : {
        "1" : 0.100000,
        "2" : 0.100000,
        "4" : 0.163721,
        "8" : 0.327441,
        "16" : 0.654882,
        "32" : 98.731166,
        ">=64" : 0.000000
      },
      "iodepth_submit" : {
        "0" : 0.000000,
        "4" : 100.000000,
        "8" : 0.000000,
        "16" : 0.000000,
        "32" : 0.000000,
        "64" : 0.000000,
        ">=64" : 0.000000
      },
      "iodepth_complete" : {
        "0" : 0.000000,
        "4" : 99.958561,
        "8" : 0.000000,
        "16" : 0.000000,
        "32" : 0.100000,
        "64" : 0.000000,
        ">=64" : 0.000000
      },
      "latency_ns" : {
        "2" : 0.000000,
        "4" : 0.000000,
        "10" : 0.000000,
        "20" : 0.000000,
        "50" : 0.000000,
        "100" : 0.000000,
        "250" : 0.000000,
        "500" : 0.000000,
        "750" : 0.000000,
        "1000" : 0.000000
      },
      "latency_us" : {
        "2" : 0.000000,
        "4" : 0.000000,
        "10" : 0.000000,
        "20" : 0.000000,
        "50" : 0.000000,
        "100" : 0.000000,
        "250" : 0.000000,
        "500" : 0.000000,
        "750" : 0.000000,
        "1000" : 0.000000
      },
      "latency_ms" : {
        "2" : 0.000000,
        "4" : 0.000000,
        "10" : 0.010233,
        "20" : 0.014070,
        "50" : 0.037093,
        "100" : 0.084418,
        "250" : 0.244302,
        "500" : 0.507790,
        "750" : 37.958865,
        "1000" : 61.079277,
        "2000" : 0.063953,
        ">=2000" : 0.000000
      },
      "latency_depth" : 32,
      "latency_target" : 0,
      "latency_percentile" : 100.000000,
      "latency_window" : 0
    }
  ]
}
