{
  "fio version" : "fio-3.29-112-gc3773",
  "timestamp" : 1649373266,
  "timestamp_ms" : 1649373266445,
  "time" : "Thu Apr  7 23:14:26 2022",
  "global options" : {
    "size" : "50M",
    "runtime" : "60",
    "rwmixread" : "50",
    "directory" : "/mnt/gfs"
  },
  "jobs" : [
    {
      "jobname" : "iotest",
      "groupid" : 0,
      "error" : 0,
      "eta" : 0,
      "elapsed" : 61,
      "job options" : {
        "rw" : "readwrite",
        "bs" : "4k",
        "ioengine" : "libaio",
        "iodepth" : "4",
        "numjobs" : "32",
        "direct" : "1",
        "group_reporting" : "1",
        "invalidate" : "1",
        "loops" : "1",
        "write_bw_log" : "./fio-bench-07-04-2022--20-28-07-seq-gfs/seqrw/gfs/readwrite50/4k/readwrite-iodepth-4-numjobs-32",
        "write_lat_log" : "./fio-bench-07-04-2022--20-28-07-seq-gfs/seqrw/gfs/readwrite50/4k/readwrite-iodepth-4-numjobs-32",
        "write_iops_log" : "./fio-bench-07-04-2022--20-28-07-seq-gfs/seqrw/gfs/readwrite50/4k/readwrite-iodepth-4-numjobs-32",
        "log_avg_msec" : "500"
      },
      "read" : {
        "io_bytes" : 160358400,
        "io_kbytes" : 156600,
        "bw_bytes" : 2669881,
        "bw" : 2607,
        "iops" : 651.826446,
        "runtime" : 60062,
        "total_ios" : 39150,
        "short_ios" : 0,
        "drop_ios" : 0,
        "slat_ns" : {
          "min" : 3142,
          "max" : 80799596,
          "mean" : 22589025.312567,
          "stddev" : 5744077.310736,
          "N" : 39150
        },
        "clat_ns" : {
          "min" : 2502980,
          "max" : 145085858,
          "mean" : 63469409.199566,
          "stddev" : 19140223.359696,
          "N" : 39150,
          "percentile" : {
            "1.000000" : 19267584,
            "5.000000" : 29491200,
            "10.000000" : 39059456,
            "20.000000" : 45875200,
            "30.000000" : 53215232,
            "40.000000" : 60555264,
            "50.000000" : 65273856,
            "60.000000" : 69730304,
            "70.000000" : 72876032,
            "80.000000" : 78118912,
            "90.000000" : 86507520,
            "95.000000" : 94896128,
            "99.000000" : 108527616,
            "99.500000" : 112721920,
            "99.900000" : 125304832,
            "99.950000" : 128450560,
            "99.990000" : 135266304
          }
        },
        "lat_ns" : {
          "min" : 7301233,
          "max" : 165582042,
          "mean" : 86062309.604496,
          "stddev" : 20138831.675321,
          "N" : 39150
        },
        "bw_min" : 1112,
        "bw_max" : 4256,
        "bw_agg" : 99.949923,
        "bw_mean" : 2606.150000,
        "bw_dev" : 19.781849,
        "bw_samples" : 3840,
        "iops_min" : 278,
        "iops_max" : 1064,
        "iops_mean" : 651.500000,
        "iops_stddev" : 4.946371,
        "iops_samples" : 3840
      },
      "write" : {
        "io_bytes" : 160186368,
        "io_kbytes" : 156432,
        "bw_bytes" : 2667016,
        "bw" : 2604,
        "iops" : 651.127169,
        "runtime" : 60062,
        "total_ios" : 39108,
        "short_ios" : 0,
        "drop_ios" : 0,
        "slat_ns" : {
          "min" : 38483,
          "max" : 73594950,
          "mean" : 23251502.226475,
          "stddev" : 5181702.914562,
          "N" : 39108
        },
        "clat_ns" : {
          "min" : 4259006,
          "max" : 180937192,
          "mean" : 87014519.092283,
          "stddev" : 19223400.725834,
          "N" : 39108,
          "percentile" : {
            "1.000000" : 51642368,
            "5.000000" : 61079552,
            "10.000000" : 64749568,
            "20.000000" : 69730304,
            "30.000000" : 74973184,
            "40.000000" : 79167488,
            "50.000000" : 84410368,
            "60.000000" : 89653248,
            "70.000000" : 95944704,
            "80.000000" : 103284736,
            "90.000000" : 113770496,
            "95.000000" : 122159104,
            "99.000000" : 137363456,
            "99.500000" : 143654912,
            "99.900000" : 154140672,
            "99.950000" : 156237824,
            "99.990000" : 166723584
          }
        },
        "lat_ns" : {
          "min" : 28470758,
          "max" : 205108297,
          "mean" : 110269934.972614,
          "stddev" : 19862176.197184,
          "N" : 39108
        },
        "bw_min" : 1288,
        "bw_max" : 3888,
        "bw_agg" : 99.903713,
        "bw_mean" : 2602.616667,
        "bw_dev" : 16.340184,
        "bw_samples" : 3840,
        "iops_min" : 322,
        "iops_max" : 972,
        "iops_mean" : 650.616667,
        "iops_stddev" : 4.086256,
        "iops_samples" : 3840
      },
      "trim" : {
        "io_bytes" : 0,
        "io_kbytes" : 0,
        "bw_bytes" : 0,
        "bw" : 0,
        "iops" : 0.000000,
        "runtime" : 0,
        "total_ios" : 0,
        "short_ios" : 0,
        "drop_ios" : 0,
        "slat_ns" : {
          "min" : 0,
          "max" : 0,
          "mean" : 0.000000,
          "stddev" : 0.000000,
          "N" : 0
        },
        "clat_ns" : {
          "min" : 0,
          "max" : 0,
          "mean" : 0.000000,
          "stddev" : 0.000000,
          "N" : 0
        },
        "lat_ns" : {
          "min" : 0,
          "max" : 0,
          "mean" : 0.000000,
          "stddev" : 0.000000,
          "N" : 0
        },
        "bw_min" : 0,
        "bw_max" : 0,
        "bw_agg" : 0.000000,
        "bw_mean" : 0.000000,
        "bw_dev" : 0.000000,
        "bw_samples" : 0,
        "iops_min" : 0,
        "iops_max" : 0,
        "iops_mean" : 0.000000,
        "iops_stddev" : 0.000000,
        "iops_samples" : 0
      },
      "sync" : {
        "total_ios" : 0,
        "lat_ns" : {
          "min" : 0,
          "max" : 0,
          "mean" : 0.000000,
          "stddev" : 0.000000,
          "N" : 0
        }
      },
      "job_runtime" : 1921359,
      "usr_cpu" : 0.069690,
      "sys_cpu" : 0.094048,
      "ctx" : 131723,
      "majf" : 0,
      "minf" : 1330,
      "iodepth_level" : {
        "1" : 0.100000,
        "2" : 0.100000,
        "4" : 99.877329,
        "8" : 0.000000,
        "16" : 0.000000,
        "32" : 0.000000,
        ">=64" : 0.000000
      },
      "iodepth_submit" : {
        "0" : 0.000000,
        "4" : 100.000000,
        "8" : 0.000000,
        "16" : 0.000000,
        "32" : 0.000000,
        "64" : 0.000000,
        ">=64" : 0.000000
      },
      "iodepth_complete" : {
        "0" : 0.000000,
        "4" : 100.000000,
        "8" : 0.000000,
        "16" : 0.000000,
        "32" : 0.000000,
        "64" : 0.000000,
        ">=64" : 0.000000
      },
      "latency_ns" : {
        "2" : 0.000000,
        "4" : 0.000000,
        "10" : 0.000000,
        "20" : 0.000000,
        "50" : 0.000000,
        "100" : 0.000000,
        "250" : 0.000000,
        "500" : 0.000000,
        "750" : 0.000000,
        "1000" : 0.000000
      },
      "latency_us" : {
        "2" : 0.000000,
        "4" : 0.000000,
        "10" : 0.000000,
        "20" : 0.000000,
        "50" : 0.000000,
        "100" : 0.000000,
        "250" : 0.000000,
        "500" : 0.000000,
        "750" : 0.000000,
        "1000" : 0.000000
      },
      "latency_ms" : {
        "2" : 0.000000,
        "4" : 0.010000,
        "10" : 0.033223,
        "20" : 0.581410,
        "50" : 12.665798,
        "100" : 73.068568,
        "250" : 13.644611,
        "500" : 0.000000,
        "750" : 0.000000,
        "1000" : 0.000000,
        "2000" : 0.000000,
        ">=2000" : 0.000000
      },
      "latency_depth" : 4,
      "latency_target" : 0,
      "latency_percentile" : 100.000000,
      "latency_window" : 0
    }
  ]
}
