{
  "fio version" : "fio-3.29-112-gc3773",
  "timestamp" : 1649372704,
  "timestamp_ms" : 1649372704924,
  "time" : "Thu Apr  7 23:05:04 2022",
  "global options" : {
    "size" : "50M",
    "runtime" : "60",
    "rwmixread" : "50",
    "directory" : "/mnt/gfs"
  },
  "jobs" : [
    {
      "jobname" : "iotest",
      "groupid" : 0,
      "error" : 0,
      "eta" : 0,
      "elapsed" : 18,
      "job options" : {
        "rw" : "readwrite",
        "bs" : "4k",
        "ioengine" : "libaio",
        "iodepth" : "2",
        "numjobs" : "1",
        "direct" : "1",
        "group_reporting" : "1",
        "invalidate" : "1",
        "loops" : "1",
        "write_bw_log" : "./fio-bench-07-04-2022--20-28-07-seq-gfs/seqrw/gfs/readwrite50/4k/readwrite-iodepth-2-numjobs-1",
        "write_lat_log" : "./fio-bench-07-04-2022--20-28-07-seq-gfs/seqrw/gfs/readwrite50/4k/readwrite-iodepth-2-numjobs-1",
        "write_iops_log" : "./fio-bench-07-04-2022--20-28-07-seq-gfs/seqrw/gfs/readwrite50/4k/readwrite-iodepth-2-numjobs-1",
        "log_avg_msec" : "500"
      },
      "read" : {
        "io_bytes" : 26136576,
        "io_kbytes" : 25524,
        "bw_bytes" : 1548650,
        "bw" : 1512,
        "iops" : 378.088523,
        "runtime" : 16877,
        "total_ios" : 6381,
        "short_ios" : 0,
        "drop_ios" : 0,
        "slat_ns" : {
          "min" : 4261,
          "max" : 79060,
          "mean" : 7518.731547,
          "stddev" : 2167.830992,
          "N" : 6381
        },
        "clat_ns" : {
          "min" : 1094485,
          "max" : 17042988,
          "mean" : 1882068.945306,
          "stddev" : 715231.929029,
          "N" : 6381,
          "percentile" : {
            "1.000000" : 1220608,
            "5.000000" : 1236992,
            "10.000000" : 1236992,
            "20.000000" : 1302528,
            "30.000000" : 1384448,
            "40.000000" : 1515520,
            "50.000000" : 1679360,
            "60.000000" : 1941504,
            "70.000000" : 2039808,
            "80.000000" : 2146304,
            "90.000000" : 3162112,
            "95.000000" : 3227648,
            "99.000000" : 3293184,
            "99.500000" : 3325952,
            "99.900000" : 4489216,
            "99.950000" : 9633792,
            "99.990000" : 17170432
          }
        },
        "lat_ns" : {
          "min" : 1103914,
          "max" : 17066525,
          "mean" : 1892343.661652,
          "stddev" : 714867.139699,
          "N" : 6381
        },
        "bw_min" : 1368,
        "bw_max" : 1816,
        "bw_agg" : 99.976625,
        "bw_mean" : 1512.242424,
        "bw_dev" : 102.833005,
        "bw_samples" : 33,
        "iops_min" : 342,
        "iops_max" : 454,
        "iops_mean" : 378.000000,
        "iops_stddev" : 25.666126,
        "iops_samples" : 33
      },
      "write" : {
        "io_bytes" : 26292224,
        "io_kbytes" : 25676,
        "bw_bytes" : 1557873,
        "bw" : 1521,
        "iops" : 380.340108,
        "runtime" : 16877,
        "total_ios" : 6419,
        "short_ios" : 0,
        "drop_ios" : 0,
        "slat_ns" : {
          "min" : 19695,
          "max" : 6661547,
          "mean" : 58533.743262,
          "stddev" : 122253.586364,
          "N" : 6419
        },
        "clat_ns" : {
          "min" : 2455556,
          "max" : 43498788,
          "mean" : 3299446.596666,
          "stddev" : 932258.687531,
          "N" : 6419,
          "percentile" : {
            "1.000000" : 2670592,
            "5.000000" : 2670592,
            "10.000000" : 2703360,
            "20.000000" : 2736128,
            "30.000000" : 2965504,
            "40.000000" : 3063808,
            "50.000000" : 3227648,
            "60.000000" : 3293184,
            "70.000000" : 3391488,
            "80.000000" : 3620864,
            "90.000000" : 4014080,
            "95.000000" : 4489216,
            "99.000000" : 4554752,
            "99.500000" : 4620288,
            "99.900000" : 10682368,
            "99.950000" : 23986176,
            "99.990000" : 43253760
          }
        },
        "lat_ns" : {
          "min" : 2491175,
          "max" : 43575893,
          "mean" : 3360858.417511,
          "stddev" : 959451.585146,
          "N" : 6419
        },
        "bw_min" : 1370,
        "bw_max" : 1640,
        "bw_agg" : 99.976314,
        "bw_mean" : 1521.909091,
        "bw_dev" : 61.268040,
        "bw_samples" : 33,
        "iops_min" : 342,
        "iops_max" : 410,
        "iops_mean" : 380.424242,
        "iops_stddev" : 15.376586,
        "iops_samples" : 33
      },
      "trim" : {
        "io_bytes" : 0,
        "io_kbytes" : 0,
        "bw_bytes" : 0,
        "bw" : 0,
        "iops" : 0.000000,
        "runtime" : 0,
        "total_ios" : 0,
        "short_ios" : 0,
        "drop_ios" : 0,
        "slat_ns" : {
          "min" : 0,
          "max" : 0,
          "mean" : 0.000000,
          "stddev" : 0.000000,
          "N" : 0
        },
        "clat_ns" : {
          "min" : 0,
          "max" : 0,
          "mean" : 0.000000,
          "stddev" : 0.000000,
          "N" : 0
        },
        "lat_ns" : {
          "min" : 0,
          "max" : 0,
          "mean" : 0.000000,
          "stddev" : 0.000000,
          "N" : 0
        },
        "bw_min" : 0,
        "bw_max" : 0,
        "bw_agg" : 0.000000,
        "bw_mean" : 0.000000,
        "bw_dev" : 0.000000,
        "bw_samples" : 0,
        "iops_min" : 0,
        "iops_max" : 0,
        "iops_mean" : 0.000000,
        "iops_stddev" : 0.000000,
        "iops_samples" : 0
      },
      "sync" : {
        "total_ios" : 0,
        "lat_ns" : {
          "min" : 0,
          "max" : 0,
          "mean" : 0.000000,
          "stddev" : 0.000000,
          "N" : 0
        }
      },
      "job_runtime" : 16876,
      "usr_cpu" : 0.954018,
      "sys_cpu" : 1.398436,
      "ctx" : 16576,
      "majf" : 0,
      "minf" : 39,
      "iodepth_level" : {
        "1" : 0.100000,
        "2" : 99.992188,
        "4" : 0.000000,
        "8" : 0.000000,
        "16" : 0.000000,
        "32" : 0.000000,
        ">=64" : 0.000000
      },
      "iodepth_submit" : {
        "0" : 0.000000,
        "4" : 100.000000,
        "8" : 0.000000,
        "16" : 0.000000,
        "32" : 0.000000,
        "64" : 0.000000,
        ">=64" : 0.000000
      },
      "iodepth_complete" : {
        "0" : 0.000000,
        "4" : 100.000000,
        "8" : 0.000000,
        "16" : 0.000000,
        "32" : 0.000000,
        "64" : 0.000000,
        ">=64" : 0.000000
      },
      "latency_ns" : {
        "2" : 0.000000,
        "4" : 0.000000,
        "10" : 0.000000,
        "20" : 0.000000,
        "50" : 0.000000,
        "100" : 0.000000,
        "250" : 0.000000,
        "500" : 0.000000,
        "750" : 0.000000,
        "1000" : 0.000000
      },
      "latency_us" : {
        "2" : 0.000000,
        "4" : 0.000000,
        "10" : 0.000000,
        "20" : 0.000000,
        "50" : 0.000000,
        "100" : 0.000000,
        "250" : 0.000000,
        "500" : 0.000000,
        "750" : 0.000000,
        "1000" : 0.000000
      },
      "latency_ms" : {
        "2" : 33.039062,
        "4" : 62.039062,
        "10" : 4.835938,
        "20" : 0.054688,
        "50" : 0.031250,
        "100" : 0.000000,
        "250" : 0.000000,
        "500" : 0.000000,
        "750" : 0.000000,
        "1000" : 0.000000,
        "2000" : 0.000000,
        ">=2000" : 0.000000
      },
      "latency_depth" : 2,
      "latency_target" : 0,
      "latency_percentile" : 100.000000,
      "latency_window" : 0
    }
  ]
}
