{
  "fio version" : "fio-3.29-112-gc3773",
  "timestamp" : 1649372830,
  "timestamp_ms" : 1649372830938,
  "time" : "Thu Apr  7 23:07:10 2022",
  "global options" : {
    "size" : "50M",
    "runtime" : "60",
    "rwmixread" : "50",
    "directory" : "/mnt/gfs"
  },
  "jobs" : [
    {
      "jobname" : "iotest",
      "groupid" : 0,
      "error" : 0,
      "eta" : 0,
      "elapsed" : 61,
      "job options" : {
        "rw" : "readwrite",
        "bs" : "4k",
        "ioengine" : "libaio",
        "iodepth" : "2",
        "numjobs" : "8",
        "direct" : "1",
        "group_reporting" : "1",
        "invalidate" : "1",
        "loops" : "1",
        "write_bw_log" : "./fio-bench-07-04-2022--20-28-07-seq-gfs/seqrw/gfs/readwrite50/4k/readwrite-iodepth-2-numjobs-8",
        "write_lat_log" : "./fio-bench-07-04-2022--20-28-07-seq-gfs/seqrw/gfs/readwrite50/4k/readwrite-iodepth-2-numjobs-8",
        "write_iops_log" : "./fio-bench-07-04-2022--20-28-07-seq-gfs/seqrw/gfs/readwrite50/4k/readwrite-iodepth-2-numjobs-8",
        "log_avg_msec" : "500"
      },
      "read" : {
        "io_bytes" : 157700096,
        "io_kbytes" : 154004,
        "bw_bytes" : 2627765,
        "bw" : 2566,
        "iops" : 641.544332,
        "runtime" : 60013,
        "total_ios" : 38501,
        "short_ios" : 0,
        "drop_ios" : 0,
        "slat_ns" : {
          "min" : 3142,
          "max" : 492243,
          "mean" : 8371.685982,
          "stddev" : 2954.463138,
          "N" : 38501
        },
        "clat_ns" : {
          "min" : 1650214,
          "max" : 55010755,
          "mean" : 10145451.134152,
          "stddev" : 4482916.331690,
          "N" : 38501,
          "percentile" : {
            "1.000000" : 2736128,
            "5.000000" : 3751936,
            "10.000000" : 4554752,
            "20.000000" : 5996544,
            "30.000000" : 7503872,
            "40.000000" : 8716288,
            "50.000000" : 9502720,
            "60.000000" : 10682368,
            "70.000000" : 12386304,
            "80.000000" : 13959168,
            "90.000000" : 16187392,
            "95.000000" : 17956864,
            "99.000000" : 21626880,
            "99.500000" : 22937600,
            "99.900000" : 31588352,
            "99.950000" : 39583744,
            "99.990000" : 47448064
          }
        },
        "lat_ns" : {
          "min" : 1662226,
          "max" : 55021999,
          "mean" : 10156611.000156,
          "stddev" : 4482917.998892,
          "N" : 38501
        },
        "bw_min" : 1544,
        "bw_max" : 3600,
        "bw_agg" : 99.993112,
        "bw_mean" : 2566.408333,
        "bw_dev" : 50.164611,
        "bw_samples" : 960,
        "iops_min" : 386,
        "iops_max" : 900,
        "iops_mean" : 641.600000,
        "iops_stddev" : 12.540606,
        "iops_samples" : 960
      },
      "write" : {
        "io_bytes" : 159731712,
        "io_kbytes" : 155988,
        "bw_bytes" : 2661618,
        "bw" : 2599,
        "iops" : 649.809208,
        "runtime" : 60013,
        "total_ios" : 38997,
        "short_ios" : 0,
        "drop_ios" : 0,
        "slat_ns" : {
          "min" : 16483,
          "max" : 11515388,
          "mean" : 55204.077262,
          "stddev" : 153073.310758,
          "N" : 38997
        },
        "clat_ns" : {
          "min" : 3742733,
          "max" : 49742965,
          "mean" : 14517655.977075,
          "stddev" : 4627264.455094,
          "N" : 38997,
          "percentile" : {
            "1.000000" : 6324224,
            "5.000000" : 7700480,
            "10.000000" : 8454144,
            "20.000000" : 10158080,
            "30.000000" : 11730944,
            "40.000000" : 13041664,
            "50.000000" : 14221312,
            "60.000000" : 15532032,
            "70.000000" : 16908288,
            "80.000000" : 18219008,
            "90.000000" : 20840448,
            "95.000000" : 22413312,
            "99.000000" : 26083328,
            "99.500000" : 27131904,
            "99.900000" : 30277632,
            "99.950000" : 33423360,
            "99.990000" : 44826624
          }
        },
        "lat_ns" : {
          "min" : 3777863,
          "max" : 51452194,
          "mean" : 14575817.266533,
          "stddev" : 4630968.135096,
          "N" : 38997
        },
        "bw_min" : 2104,
        "bw_max" : 3128,
        "bw_agg" : 99.990908,
        "bw_mean" : 2599.066667,
        "bw_dev" : 26.430115,
        "bw_samples" : 960,
        "iops_min" : 526,
        "iops_max" : 782,
        "iops_mean" : 649.766667,
        "iops_stddev" : 6.607529,
        "iops_samples" : 960
      },
      "trim" : {
        "io_bytes" : 0,
        "io_kbytes" : 0,
        "bw_bytes" : 0,
        "bw" : 0,
        "iops" : 0.000000,
        "runtime" : 0,
        "total_ios" : 0,
        "short_ios" : 0,
        "drop_ios" : 0,
        "slat_ns" : {
          "min" : 0,
          "max" : 0,
          "mean" : 0.000000,
          "stddev" : 0.000000,
          "N" : 0
        },
        "clat_ns" : {
          "min" : 0,
          "max" : 0,
          "mean" : 0.000000,
          "stddev" : 0.000000,
          "N" : 0
        },
        "lat_ns" : {
          "min" : 0,
          "max" : 0,
          "mean" : 0.000000,
          "stddev" : 0.000000,
          "N" : 0
        },
        "bw_min" : 0,
        "bw_max" : 0,
        "bw_agg" : 0.000000,
        "bw_mean" : 0.000000,
        "bw_dev" : 0.000000,
        "bw_samples" : 0,
        "iops_min" : 0,
        "iops_max" : 0,
        "iops_mean" : 0.000000,
        "iops_stddev" : 0.000000,
        "iops_samples" : 0
      },
      "sync" : {
        "total_ios" : 0,
        "lat_ns" : {
          "min" : 0,
          "max" : 0,
          "mean" : 0.000000,
          "stddev" : 0.000000,
          "N" : 0
        }
      },
      "job_runtime" : 480071,
      "usr_cpu" : 0.201845,
      "sys_cpu" : 0.355156,
      "ctx" : 115909,
      "majf" : 0,
      "minf" : 315,
      "iodepth_level" : {
        "1" : 0.100000,
        "2" : 99.989677,
        "4" : 0.000000,
        "8" : 0.000000,
        "16" : 0.000000,
        "32" : 0.000000,
        ">=64" : 0.000000
      },
      "iodepth_submit" : {
        "0" : 0.000000,
        "4" : 100.000000,
        "8" : 0.000000,
        "16" : 0.000000,
        "32" : 0.000000,
        "64" : 0.000000,
        ">=64" : 0.000000
      },
      "iodepth_complete" : {
        "0" : 0.000000,
        "4" : 100.000000,
        "8" : 0.000000,
        "16" : 0.000000,
        "32" : 0.000000,
        "64" : 0.000000,
        ">=64" : 0.000000
      },
      "latency_ns" : {
        "2" : 0.000000,
        "4" : 0.000000,
        "10" : 0.000000,
        "20" : 0.000000,
        "50" : 0.000000,
        "100" : 0.000000,
        "250" : 0.000000,
        "500" : 0.000000,
        "750" : 0.000000,
        "1000" : 0.000000
      },
      "latency_us" : {
        "2" : 0.000000,
        "4" : 0.000000,
        "10" : 0.000000,
        "20" : 0.000000,
        "50" : 0.000000,
        "100" : 0.000000,
        "250" : 0.000000,
        "500" : 0.000000,
        "750" : 0.000000,
        "1000" : 0.000000
      },
      "latency_ms" : {
        "2" : 0.010000,
        "4" : 3.149759,
        "10" : 33.873132,
        "20" : 55.539498,
        "50" : 7.433740,
        "100" : 0.010000,
        "250" : 0.000000,
        "500" : 0.000000,
        "750" : 0.000000,
        "1000" : 0.000000,
        "2000" : 0.000000,
        ">=2000" : 0.000000
      },
      "latency_depth" : 2,
      "latency_target" : 0,
      "latency_percentile" : 100.000000,
      "latency_window" : 0
    }
  ]
}
