{
  "fio version" : "fio-3.29-112-gc3773",
  "timestamp" : 1649374262,
  "timestamp_ms" : 1649374262689,
  "time" : "Thu Apr  7 23:31:02 2022",
  "global options" : {
    "size" : "50M",
    "runtime" : "60",
    "rwmixread" : "50",
    "directory" : "/mnt/gfs"
  },
  "jobs" : [
    {
      "jobname" : "iotest",
      "groupid" : 0,
      "error" : 0,
      "eta" : 0,
      "elapsed" : 61,
      "job options" : {
        "rw" : "readwrite",
        "bs" : "4k",
        "ioengine" : "libaio",
        "iodepth" : "32",
        "numjobs" : "64",
        "direct" : "1",
        "group_reporting" : "1",
        "invalidate" : "1",
        "loops" : "1",
        "write_bw_log" : "./fio-bench-07-04-2022--20-28-07-seq-gfs/seqrw/gfs/readwrite50/4k/readwrite-iodepth-32-numjobs-64",
        "write_lat_log" : "./fio-bench-07-04-2022--20-28-07-seq-gfs/seqrw/gfs/readwrite50/4k/readwrite-iodepth-32-numjobs-64",
        "write_iops_log" : "./fio-bench-07-04-2022--20-28-07-seq-gfs/seqrw/gfs/readwrite50/4k/readwrite-iodepth-32-numjobs-64",
        "log_avg_msec" : "500"
      },
      "read" : {
        "io_bytes" : 159371264,
        "io_kbytes" : 155636,
        "bw_bytes" : 2651415,
        "bw" : 2589,
        "iops" : 647.318161,
        "runtime" : 60108,
        "total_ios" : 38909,
        "short_ios" : 0,
        "drop_ios" : 0,
        "slat_ns" : {
          "min" : 2654,
          "max" : 155141658,
          "mean" : 48670914.159989,
          "stddev" : 11697550.879112,
          "N" : 38909
        },
        "clat_ns" : {
          "min" : 3162562,
          "max" : 1830580977,
          "mean" : 1504191169.903107,
          "stddev" : 154863836.370826,
          "N" : 38909,
          "percentile" : {
            "1.000000" : 574619648,
            "5.000000" : 1400897536,
            "10.000000" : 1434451968,
            "20.000000" : 1468006400,
            "30.000000" : 1484783616,
            "40.000000" : 1501560832,
            "50.000000" : 1518338048,
            "60.000000" : 1535115264,
            "70.000000" : 1551892480,
            "80.000000" : 1568669696,
            "90.000000" : 1602224128,
            "95.000000" : 1619001344,
            "99.000000" : 1669332992,
            "99.500000" : 1686110208,
            "99.900000" : 1736441856,
            "99.950000" : 1769996288,
            "99.990000" : 1786773504
          }
        },
        "lat_ns" : {
          "min" : 48981990,
          "max" : 1886172834,
          "mean" : 1552866662.728032,
          "stddev" : 155768523.572281,
          "N" : 38909
        },
        "bw_min" : 688,
        "bw_max" : 4726,
        "bw_agg" : 99.757752,
        "bw_mean" : 2583.661731,
        "bw_dev" : 13.063730,
        "bw_samples" : 7487,
        "iops_min" : 166,
        "iops_max" : 1180,
        "iops_mean" : 644.376016,
        "iops_stddev" : 3.270218,
        "iops_samples" : 7487
      },
      "write" : {
        "io_bytes" : 160083968,
        "io_kbytes" : 156332,
        "bw_bytes" : 2663272,
        "bw" : 2600,
        "iops" : 650.212950,
        "runtime" : 60108,
        "total_ios" : 39083,
        "short_ios" : 0,
        "drop_ios" : 0,
        "slat_ns" : {
          "min" : 68095,
          "max" : 151657756,
          "mean" : 49786850.080393,
          "stddev" : 9519162.285899,
          "N" : 39083
        },
        "clat_ns" : {
          "min" : 4028806,
          "max" : 1895943447,
          "mean" : 1513206757.597190,
          "stddev" : 151324116.963492,
          "N" : 39083,
          "percentile" : {
            "1.000000" : 616562688,
            "5.000000" : 1417674752,
            "10.000000" : 1451229184,
            "20.000000" : 1484783616,
            "30.000000" : 1501560832,
            "40.000000" : 1518338048,
            "50.000000" : 1535115264,
            "60.000000" : 1551892480,
            "70.000000" : 1568669696,
            "80.000000" : 1585446912,
            "90.000000" : 1619001344,
            "95.000000" : 1635778560,
            "99.000000" : 1686110208,
            "99.500000" : 1702887424,
            "99.900000" : 1753219072,
            "99.950000" : 1769996288,
            "99.990000" : 1837105152
          }
        },
        "lat_ns" : {
          "min" : 49764773,
          "max" : 1939730279,
          "mean" : 1562998253.468848,
          "stddev" : 151878499.476241,
          "N" : 39083
        },
        "bw_min" : 641,
        "bw_max" : 4656,
        "bw_agg" : 100.000000,
        "bw_mean" : 2604.911246,
        "bw_dev" : 12.912084,
        "bw_samples" : 7475,
        "iops_min" : 155,
        "iops_max" : 1164,
        "iops_mean" : 649.710324,
        "iops_stddev" : 3.232449,
        "iops_samples" : 7475
      },
      "trim" : {
        "io_bytes" : 0,
        "io_kbytes" : 0,
        "bw_bytes" : 0,
        "bw" : 0,
        "iops" : 0.000000,
        "runtime" : 0,
        "total_ios" : 0,
        "short_ios" : 0,
        "drop_ios" : 0,
        "slat_ns" : {
          "min" : 0,
          "max" : 0,
          "mean" : 0.000000,
          "stddev" : 0.000000,
          "N" : 0
        },
        "clat_ns" : {
          "min" : 0,
          "max" : 0,
          "mean" : 0.000000,
          "stddev" : 0.000000,
          "N" : 0
        },
        "lat_ns" : {
          "min" : 0,
          "max" : 0,
          "mean" : 0.000000,
          "stddev" : 0.000000,
          "N" : 0
        },
        "bw_min" : 0,
        "bw_max" : 0,
        "bw_agg" : 0.000000,
        "bw_mean" : 0.000000,
        "bw_dev" : 0.000000,
        "bw_samples" : 0,
        "iops_min" : 0,
        "iops_max" : 0,
        "iops_mean" : 0.000000,
        "iops_stddev" : 0.000000,
        "iops_samples" : 0
      },
      "sync" : {
        "total_ios" : 0,
        "lat_ns" : {
          "min" : 0,
          "max" : 0,
          "mean" : 0.000000,
          "stddev" : 0.000000,
          "N" : 0
        }
      },
      "job_runtime" : 3843857,
      "usr_cpu" : 0.042379,
      "sys_cpu" : 0.044096,
      "ctx" : 117288,
      "majf" : 0,
      "minf" : 2677,
      "iodepth_level" : {
        "1" : 0.100000,
        "2" : 0.164119,
        "4" : 0.328239,
        "8" : 0.656478,
        "16" : 1.312955,
        "32" : 97.456149,
        ">=64" : 0.000000
      },
      "iodepth_submit" : {
        "0" : 0.000000,
        "4" : 100.000000,
        "8" : 0.000000,
        "16" : 0.000000,
        "32" : 0.000000,
        "64" : 0.000000,
        ">=64" : 0.000000
      },
      "iodepth_complete" : {
        "0" : 0.000000,
        "4" : 99.915869,
        "8" : 0.000000,
        "16" : 0.000000,
        "32" : 0.100000,
        "64" : 0.000000,
        ">=64" : 0.000000
      },
      "latency_ns" : {
        "2" : 0.000000,
        "4" : 0.000000,
        "10" : 0.000000,
        "20" : 0.000000,
        "50" : 0.000000,
        "100" : 0.000000,
        "250" : 0.000000,
        "500" : 0.000000,
        "750" : 0.000000,
        "1000" : 0.000000
      },
      "latency_us" : {
        "2" : 0.000000,
        "4" : 0.000000,
        "10" : 0.000000,
        "20" : 0.000000,
        "50" : 0.000000,
        "100" : 0.000000,
        "250" : 0.000000,
        "500" : 0.000000,
        "750" : 0.000000,
        "1000" : 0.000000
      },
      "latency_ms" : {
        "2" : 0.000000,
        "4" : 0.010000,
        "10" : 0.016668,
        "20" : 0.016668,
        "50" : 0.019233,
        "100" : 0.084624,
        "250" : 0.262847,
        "500" : 0.434660,
        "750" : 0.432096,
        "1000" : 0.432096,
        "2000" : 98.297261,
        ">=2000" : 0.000000
      },
      "latency_depth" : 32,
      "latency_target" : 0,
      "latency_percentile" : 100.000000,
      "latency_window" : 0
    }
  ]
}
