{
  "fio version" : "fio-3.29-112-gc3773",
  "timestamp" : 1649373639,
  "timestamp_ms" : 1649373639117,
  "time" : "Thu Apr  7 23:20:39 2022",
  "global options" : {
    "size" : "50M",
    "runtime" : "60",
    "rwmixread" : "50",
    "directory" : "/mnt/gfs"
  },
  "jobs" : [
    {
      "jobname" : "iotest",
      "groupid" : 0,
      "error" : 0,
      "eta" : 0,
      "elapsed" : 61,
      "job options" : {
        "rw" : "readwrite",
        "bs" : "4k",
        "ioengine" : "libaio",
        "iodepth" : "8",
        "numjobs" : "64",
        "direct" : "1",
        "group_reporting" : "1",
        "invalidate" : "1",
        "loops" : "1",
        "write_bw_log" : "./fio-bench-07-04-2022--20-28-07-seq-gfs/seqrw/gfs/readwrite50/4k/readwrite-iodepth-8-numjobs-64",
        "write_lat_log" : "./fio-bench-07-04-2022--20-28-07-seq-gfs/seqrw/gfs/readwrite50/4k/readwrite-iodepth-8-numjobs-64",
        "write_iops_log" : "./fio-bench-07-04-2022--20-28-07-seq-gfs/seqrw/gfs/readwrite50/4k/readwrite-iodepth-8-numjobs-64",
        "log_avg_msec" : "500"
      },
      "read" : {
        "io_bytes" : 159195136,
        "io_kbytes" : 155464,
        "bw_bytes" : 2648264,
        "bw" : 2586,
        "iops" : 646.548999,
        "runtime" : 60113,
        "total_ios" : 38866,
        "short_ios" : 0,
        "drop_ios" : 0,
        "slat_ns" : {
          "min" : 2794,
          "max" : 158402119,
          "mean" : 48594740.270571,
          "stddev" : 12187865.410123,
          "N" : 38866
        },
        "clat_ns" : {
          "min" : 3327109,
          "max" : 555468472,
          "mean" : 340548585.164900,
          "stddev" : 34644709.243580,
          "N" : 38866,
          "percentile" : {
            "1.000000" : 242221056,
            "5.000000" : 283115520,
            "10.000000" : 295698432,
            "20.000000" : 316669952,
            "30.000000" : 329252864,
            "40.000000" : 337641472,
            "50.000000" : 341835776,
            "60.000000" : 350224384,
            "70.000000" : 354418688,
            "80.000000" : 362807296,
            "90.000000" : 375390208,
            "95.000000" : 392167424,
            "99.000000" : 421527552,
            "99.500000" : 429916160,
            "99.900000" : 455081984,
            "99.950000" : 467664896,
            "99.990000" : 522190848
          }
        },
        "lat_ns" : {
          "min" : 55041662,
          "max" : 613488595,
          "mean" : 389147811.572763,
          "stddev" : 37799550.540135,
          "N" : 38866
        },
        "bw_min" : 574,
        "bw_max" : 4720,
        "bw_agg" : 99.760447,
        "bw_mean" : 2580.208355,
        "bw_dev" : 13.167576,
        "bw_samples" : 7658,
        "iops_min" : 136,
        "iops_max" : 1180,
        "iops_mean" : 644.136428,
        "iops_stddev" : 3.297274,
        "iops_samples" : 7658
      },
      "write" : {
        "io_bytes" : 160059392,
        "io_kbytes" : 156308,
        "bw_bytes" : 2662641,
        "bw" : 2600,
        "iops" : 650.059055,
        "runtime" : 60113,
        "total_ios" : 39077,
        "short_ios" : 0,
        "drop_ios" : 0,
        "slat_ns" : {
          "min" : 53848,
          "max" : 150616954,
          "mean" : 49929721.651125,
          "stddev" : 10113130.478666,
          "N" : 39077
        },
        "clat_ns" : {
          "min" : 6728529,
          "max" : 620046859,
          "mean" : 347956246.263557,
          "stddev" : 34648221.055220,
          "N" : 39077,
          "percentile" : {
            "1.000000" : 265289728,
            "5.000000" : 295698432,
            "10.000000" : 308281344,
            "20.000000" : 329252864,
            "30.000000" : 337641472,
            "40.000000" : 341835776,
            "50.000000" : 346030080,
            "60.000000" : 354418688,
            "70.000000" : 358612992,
            "80.000000" : 371195904,
            "90.000000" : 387973120,
            "95.000000" : 404750336,
            "99.000000" : 434110464,
            "99.500000" : 446693376,
            "99.900000" : 476053504,
            "99.950000" : 484442112,
            "99.990000" : 522190848
          }
        },
        "lat_ns" : {
          "min" : 57030049,
          "max" : 673320973,
          "mean" : 397890507.751005,
          "stddev" : 36036559.222517,
          "N" : 39077
        },
        "bw_min" : 606,
        "bw_max" : 4672,
        "bw_agg" : 99.567910,
        "bw_mean" : 2589.743420,
        "bw_dev" : 12.878666,
        "bw_samples" : 7670,
        "iops_min" : 144,
        "iops_max" : 1168,
        "iops_mean" : 646.509329,
        "iops_stddev" : 3.225466,
        "iops_samples" : 7670
      },
      "trim" : {
        "io_bytes" : 0,
        "io_kbytes" : 0,
        "bw_bytes" : 0,
        "bw" : 0,
        "iops" : 0.000000,
        "runtime" : 0,
        "total_ios" : 0,
        "short_ios" : 0,
        "drop_ios" : 0,
        "slat_ns" : {
          "min" : 0,
          "max" : 0,
          "mean" : 0.000000,
          "stddev" : 0.000000,
          "N" : 0
        },
        "clat_ns" : {
          "min" : 0,
          "max" : 0,
          "mean" : 0.000000,
          "stddev" : 0.000000,
          "N" : 0
        },
        "lat_ns" : {
          "min" : 0,
          "max" : 0,
          "mean" : 0.000000,
          "stddev" : 0.000000,
          "N" : 0
        },
        "bw_min" : 0,
        "bw_max" : 0,
        "bw_agg" : 0.000000,
        "bw_mean" : 0.000000,
        "bw_dev" : 0.000000,
        "bw_samples" : 0,
        "iops_min" : 0,
        "iops_max" : 0,
        "iops_mean" : 0.000000,
        "iops_stddev" : 0.000000,
        "iops_samples" : 0
      },
      "sync" : {
        "total_ios" : 0,
        "lat_ns" : {
          "min" : 0,
          "max" : 0,
          "mean" : 0.000000,
          "stddev" : 0.000000,
          "N" : 0
        }
      },
      "job_runtime" : 3844094,
      "usr_cpu" : 0.039593,
      "sys_cpu" : 0.046045,
      "ctx" : 117167,
      "majf" : 0,
      "minf" : 2609,
      "iodepth_level" : {
        "1" : 0.100000,
        "2" : 0.164223,
        "4" : 0.328445,
        "8" : 99.425221,
        "16" : 0.000000,
        "32" : 0.000000,
        ">=64" : 0.000000
      },
      "iodepth_submit" : {
        "0" : 0.000000,
        "4" : 100.000000,
        "8" : 0.000000,
        "16" : 0.000000,
        "32" : 0.000000,
        "64" : 0.000000,
        ">=64" : 0.000000
      },
      "iodepth_complete" : {
        "0" : 0.000000,
        "4" : 99.917482,
        "8" : 0.100000,
        "16" : 0.000000,
        "32" : 0.000000,
        "64" : 0.000000,
        ">=64" : 0.000000
      },
      "latency_ns" : {
        "2" : 0.000000,
        "4" : 0.000000,
        "10" : 0.000000,
        "20" : 0.000000,
        "50" : 0.000000,
        "100" : 0.000000,
        "250" : 0.000000,
        "500" : 0.000000,
        "750" : 0.000000,
        "1000" : 0.000000
      },
      "latency_us" : {
        "2" : 0.000000,
        "4" : 0.000000,
        "10" : 0.000000,
        "20" : 0.000000,
        "50" : 0.000000,
        "100" : 0.000000,
        "250" : 0.000000,
        "500" : 0.000000,
        "750" : 0.000000,
        "1000" : 0.000000
      },
      "latency_ms" : {
        "2" : 0.000000,
        "4" : 0.010000,
        "10" : 0.010264,
        "20" : 0.023094,
        "50" : 0.016679,
        "100" : 0.082111,
        "250" : 0.814698,
        "500" : 99.027494,
        "750" : 0.024377,
        "1000" : 0.000000,
        "2000" : 0.000000,
        ">=2000" : 0.000000
      },
      "latency_depth" : 8,
      "latency_target" : 0,
      "latency_percentile" : 100.000000,
      "latency_window" : 0
    }
  ]
}
