{
  "fio version" : "fio-3.29-112-gc3773",
  "timestamp" : 1649373709,
  "timestamp_ms" : 1649373709260,
  "time" : "Thu Apr  7 23:21:49 2022",
  "global options" : {
    "size" : "50M",
    "runtime" : "60",
    "rwmixread" : "50",
    "directory" : "/mnt/gfs"
  },
  "jobs" : [
    {
      "jobname" : "iotest",
      "groupid" : 0,
      "error" : 0,
      "eta" : 0,
      "elapsed" : 40,
      "job options" : {
        "rw" : "readwrite",
        "bs" : "4k",
        "ioengine" : "libaio",
        "iodepth" : "16",
        "numjobs" : "4",
        "direct" : "1",
        "group_reporting" : "1",
        "invalidate" : "1",
        "loops" : "1",
        "write_bw_log" : "./fio-bench-07-04-2022--20-28-07-seq-gfs/seqrw/gfs/readwrite50/4k/readwrite-iodepth-16-numjobs-4",
        "write_lat_log" : "./fio-bench-07-04-2022--20-28-07-seq-gfs/seqrw/gfs/readwrite50/4k/readwrite-iodepth-16-numjobs-4",
        "write_iops_log" : "./fio-bench-07-04-2022--20-28-07-seq-gfs/seqrw/gfs/readwrite50/4k/readwrite-iodepth-16-numjobs-4",
        "log_avg_msec" : "500"
      },
      "read" : {
        "io_bytes" : 104062976,
        "io_kbytes" : 101624,
        "bw_bytes" : 2627322,
        "bw" : 2565,
        "iops" : 641.436074,
        "runtime" : 39608,
        "total_ios" : 25406,
        "short_ios" : 0,
        "drop_ios" : 0,
        "slat_ns" : {
          "min" : 3213,
          "max" : 67816,
          "mean" : 8309.875620,
          "stddev" : 1928.362922,
          "N" : 25406
        },
        "clat_ns" : {
          "min" : 4240287,
          "max" : 111217547,
          "mean" : 41328648.724908,
          "stddev" : 20457071.082241,
          "N" : 25406,
          "percentile" : {
            "1.000000" : 12910592,
            "5.000000" : 18219008,
            "10.000000" : 21102592,
            "20.000000" : 24510464,
            "30.000000" : 27394048,
            "40.000000" : 31064064,
            "50.000000" : 34865152,
            "60.000000" : 39583744,
            "70.000000" : 45350912,
            "80.000000" : 61603840,
            "90.000000" : 74973184,
            "95.000000" : 82313216,
            "99.000000" : 92798976,
            "99.500000" : 96993280,
            "99.900000" : 103284736,
            "99.950000" : 105381888,
            "99.990000" : 110624768
          }
        },
        "lat_ns" : {
          "min" : 4250134,
          "max" : 111226766,
          "mean" : 41339732.567071,
          "stddev" : 20457159.393324,
          "N" : 25406
        },
        "bw_min" : 1760,
        "bw_max" : 5272,
        "bw_agg" : 100.000000,
        "bw_mean" : 2987.717228,
        "bw_dev" : 299.573871,
        "bw_samples" : 276,
        "iops_min" : 440,
        "iops_max" : 1318,
        "iops_mean" : 746.813988,
        "iops_stddev" : 74.878796,
        "iops_samples" : 276
      },
      "write" : {
        "io_bytes" : 105652224,
        "io_kbytes" : 103176,
        "bw_bytes" : 2667446,
        "bw" : 2604,
        "iops" : 651.232074,
        "runtime" : 39608,
        "total_ios" : 25794,
        "short_ios" : 0,
        "drop_ios" : 0,
        "slat_ns" : {
          "min" : 16413,
          "max" : 15122569,
          "mean" : 68622.553191,
          "stddev" : 172732.483561,
          "N" : 25794
        },
        "clat_ns" : {
          "min" : 4263963,
          "max" : 113949816,
          "mean" : 45005320.275956,
          "stddev" : 21081671.252729,
          "N" : 25794,
          "percentile" : {
            "1.000000" : 15138816,
            "5.000000" : 20578304,
            "10.000000" : 23461888,
            "20.000000" : 27131904,
            "30.000000" : 30539776,
            "40.000000" : 34865152,
            "50.000000" : 39059456,
            "60.000000" : 43778048,
            "70.000000" : 50069504,
            "80.000000" : 66322432,
            "90.000000" : 79167488,
            "95.000000" : 86507520,
            "99.000000" : 98041856,
            "99.500000" : 101187584,
            "99.900000" : 107479040,
            "99.950000" : 108527616,
            "99.990000" : 111673344
          }
        },
        "lat_ns" : {
          "min" : 4303283,
          "max" : 114034674,
          "mean" : 45076889.482670,
          "stddev" : 21080786.179139,
          "N" : 25794
        },
        "bw_min" : 2384,
        "bw_max" : 4649,
        "bw_agg" : 100.000000,
        "bw_mean" : 3037.669384,
        "bw_dev" : 280.092677,
        "bw_samples" : 276,
        "iops_min" : 596,
        "iops_max" : 1162,
        "iops_mean" : 759.312594,
        "iops_stddev" : 70.007440,
        "iops_samples" : 276
      },
      "trim" : {
        "io_bytes" : 0,
        "io_kbytes" : 0,
        "bw_bytes" : 0,
        "bw" : 0,
        "iops" : 0.000000,
        "runtime" : 0,
        "total_ios" : 0,
        "short_ios" : 0,
        "drop_ios" : 0,
        "slat_ns" : {
          "min" : 0,
          "max" : 0,
          "mean" : 0.000000,
          "stddev" : 0.000000,
          "N" : 0
        },
        "clat_ns" : {
          "min" : 0,
          "max" : 0,
          "mean" : 0.000000,
          "stddev" : 0.000000,
          "N" : 0
        },
        "lat_ns" : {
          "min" : 0,
          "max" : 0,
          "mean" : 0.000000,
          "stddev" : 0.000000,
          "N" : 0
        },
        "bw_min" : 0,
        "bw_max" : 0,
        "bw_agg" : 0.000000,
        "bw_mean" : 0.000000,
        "bw_dev" : 0.000000,
        "bw_samples" : 0,
        "iops_min" : 0,
        "iops_max" : 0,
        "iops_mean" : 0.000000,
        "iops_stddev" : 0.000000,
        "iops_samples" : 0
      },
      "sync" : {
        "total_ios" : 0,
        "lat_ns" : {
          "min" : 0,
          "max" : 0,
          "mean" : 0.000000,
          "stddev" : 0.000000,
          "N" : 0
        }
      },
      "job_runtime" : 138354,
      "usr_cpu" : 0.410541,
      "sys_cpu" : 0.868063,
      "ctx" : 74854,
      "majf" : 0,
      "minf" : 160,
      "iodepth_level" : {
        "1" : 0.100000,
        "2" : 0.100000,
        "4" : 0.100000,
        "8" : 0.100000,
        "16" : 99.882812,
        "32" : 0.000000,
        ">=64" : 0.000000
      },
      "iodepth_submit" : {
        "0" : 0.000000,
        "4" : 100.000000,
        "8" : 0.000000,
        "16" : 0.000000,
        "32" : 0.000000,
        "64" : 0.000000,
        ">=64" : 0.000000
      },
      "iodepth_complete" : {
        "0" : 0.000000,
        "4" : 99.992179,
        "8" : 0.000000,
        "16" : 0.100000,
        "32" : 0.000000,
        "64" : 0.000000,
        ">=64" : 0.000000
      },
      "latency_ns" : {
        "2" : 0.000000,
        "4" : 0.000000,
        "10" : 0.000000,
        "20" : 0.000000,
        "50" : 0.000000,
        "100" : 0.000000,
        "250" : 0.000000,
        "500" : 0.000000,
        "750" : 0.000000,
        "1000" : 0.000000
      },
      "latency_us" : {
        "2" : 0.000000,
        "4" : 0.000000,
        "10" : 0.000000,
        "20" : 0.000000,
        "50" : 0.000000,
        "100" : 0.000000,
        "250" : 0.000000,
        "500" : 0.000000,
        "750" : 0.000000,
        "1000" : 0.000000
      },
      "latency_ms" : {
        "2" : 0.000000,
        "4" : 0.000000,
        "10" : 0.281250,
        "20" : 5.896484,
        "50" : 65.724609,
        "100" : 27.679688,
        "250" : 0.417969,
        "500" : 0.000000,
        "750" : 0.000000,
        "1000" : 0.000000,
        "2000" : 0.000000,
        ">=2000" : 0.000000
      },
      "latency_depth" : 16,
      "latency_target" : 0,
      "latency_percentile" : 100.000000,
      "latency_window" : 0
    }
  ]
}
