{
  "fio version" : "fio-3.29-112-gc3773",
  "timestamp" : 1649373829,
  "timestamp_ms" : 1649373829879,
  "time" : "Thu Apr  7 23:23:49 2022",
  "global options" : {
    "size" : "50M",
    "runtime" : "60",
    "rwmixread" : "50",
    "directory" : "/mnt/gfs"
  },
  "jobs" : [
    {
      "jobname" : "iotest",
      "groupid" : 0,
      "error" : 0,
      "eta" : 0,
      "elapsed" : 61,
      "job options" : {
        "rw" : "readwrite",
        "bs" : "4k",
        "ioengine" : "libaio",
        "iodepth" : "16",
        "numjobs" : "16",
        "direct" : "1",
        "group_reporting" : "1",
        "invalidate" : "1",
        "loops" : "1",
        "write_bw_log" : "./fio-bench-07-04-2022--20-28-07-seq-gfs/seqrw/gfs/readwrite50/4k/readwrite-iodepth-16-numjobs-16",
        "write_lat_log" : "./fio-bench-07-04-2022--20-28-07-seq-gfs/seqrw/gfs/readwrite50/4k/readwrite-iodepth-16-numjobs-16",
        "write_iops_log" : "./fio-bench-07-04-2022--20-28-07-seq-gfs/seqrw/gfs/readwrite50/4k/readwrite-iodepth-16-numjobs-16",
        "log_avg_msec" : "500"
      },
      "read" : {
        "io_bytes" : 159080448,
        "io_kbytes" : 155352,
        "bw_bytes" : 2648868,
        "bw" : 2586,
        "iops" : 646.696417,
        "runtime" : 60056,
        "total_ios" : 38838,
        "short_ios" : 0,
        "drop_ios" : 0,
        "slat_ns" : {
          "min" : 3352,
          "max" : 37555023,
          "mean" : 12128003.240460,
          "stddev" : 3633414.607078,
          "N" : 38838
        },
        "clat_ns" : {
          "min" : 2943399,
          "max" : 242999406,
          "mean" : 180778568.267882,
          "stddev" : 18911634.094499,
          "N" : 38838,
          "percentile" : {
            "1.000000" : 119013376,
            "5.000000" : 152043520,
            "10.000000" : 160432128,
            "20.000000" : 168820736,
            "30.000000" : 175112192,
            "40.000000" : 177209344,
            "50.000000" : 181403648,
            "60.000000" : 185597952,
            "70.000000" : 189792256,
            "80.000000" : 196083712,
            "90.000000" : 202375168,
            "95.000000" : 206569472,
            "99.000000" : 217055232,
            "99.500000" : 221249536,
            "99.900000" : 227540992,
            "99.950000" : 231735296,
            "99.990000" : 238026752
          }
        },
        "lat_ns" : {
          "min" : 17038458,
          "max" : 255966113,
          "mean" : 192909822.433338,
          "stddev" : 19409690.847055,
          "N" : 38838
        },
        "bw_min" : 1374,
        "bw_max" : 3776,
        "bw_agg" : 99.737699,
        "bw_mean" : 2580.650000,
        "bw_dev" : 28.791454,
        "bw_samples" : 1920,
        "iops_min" : 342,
        "iops_max" : 944,
        "iops_mean" : 645.150000,
        "iops_stddev" : 7.199633,
        "iops_samples" : 1920
      },
      "write" : {
        "io_bytes" : 159604736,
        "io_kbytes" : 155864,
        "bw_bytes" : 2657598,
        "bw" : 2595,
        "iops" : 648.827761,
        "runtime" : 60056,
        "total_ios" : 38966,
        "short_ios" : 0,
        "drop_ios" : 0,
        "slat_ns" : {
          "min" : 64813,
          "max" : 45029531,
          "mean" : 12463785.417851,
          "stddev" : 3330866.711001,
          "N" : 38966
        },
        "clat_ns" : {
          "min" : 4205296,
          "max" : 583156575,
          "mean" : 189228476.400067,
          "stddev" : 25177740.536855,
          "N" : 38966,
          "percentile" : {
            "1.000000" : 152043520,
            "5.000000" : 162529280,
            "10.000000" : 168820736,
            "20.000000" : 175112192,
            "30.000000" : 179306496,
            "40.000000" : 183500800,
            "50.000000" : 187695104,
            "60.000000" : 191889408,
            "70.000000" : 196083712,
            "80.000000" : 200278016,
            "90.000000" : 208666624,
            "95.000000" : 219152384,
            "99.000000" : 252706816,
            "99.500000" : 337641472,
            "99.900000" : 467664896,
            "99.950000" : 497025024,
            "99.990000" : 574619648
          }
        },
        "lat_ns" : {
          "min" : 18263898,
          "max" : 595867586,
          "mean" : 201695538.952112,
          "stddev" : 25409008.027824,
          "N" : 38966
        },
        "bw_min" : 1432,
        "bw_max" : 3624,
        "bw_agg" : 99.756848,
        "bw_mean" : 2589.383333,
        "bw_dev" : 25.543475,
        "bw_samples" : 1920,
        "iops_min" : 358,
        "iops_max" : 906,
        "iops_mean" : 647.333333,
        "iops_stddev" : 6.387082,
        "iops_samples" : 1920
      },
      "trim" : {
        "io_bytes" : 0,
        "io_kbytes" : 0,
        "bw_bytes" : 0,
        "bw" : 0,
        "iops" : 0.000000,
        "runtime" : 0,
        "total_ios" : 0,
        "short_ios" : 0,
        "drop_ios" : 0,
        "slat_ns" : {
          "min" : 0,
          "max" : 0,
          "mean" : 0.000000,
          "stddev" : 0.000000,
          "N" : 0
        },
        "clat_ns" : {
          "min" : 0,
          "max" : 0,
          "mean" : 0.000000,
          "stddev" : 0.000000,
          "N" : 0
        },
        "lat_ns" : {
          "min" : 0,
          "max" : 0,
          "mean" : 0.000000,
          "stddev" : 0.000000,
          "N" : 0
        },
        "bw_min" : 0,
        "bw_max" : 0,
        "bw_agg" : 0.000000,
        "bw_mean" : 0.000000,
        "bw_dev" : 0.000000,
        "bw_samples" : 0,
        "iops_min" : 0,
        "iops_max" : 0,
        "iops_mean" : 0.000000,
        "iops_stddev" : 0.000000,
        "iops_samples" : 0
      },
      "sync" : {
        "total_ios" : 0,
        "lat_ns" : {
          "min" : 0,
          "max" : 0,
          "mean" : 0.000000,
          "stddev" : 0.000000,
          "N" : 0
        }
      },
      "job_runtime" : 960520,
      "usr_cpu" : 0.115146,
      "sys_cpu" : 0.172615,
      "ctx" : 116949,
      "majf" : 0,
      "minf" : 665,
      "iodepth_level" : {
        "1" : 0.100000,
        "2" : 0.100000,
        "4" : 0.100000,
        "8" : 0.164516,
        "16" : 99.691533,
        "32" : 0.000000,
        ">=64" : 0.000000
      },
      "iodepth_submit" : {
        "0" : 0.000000,
        "4" : 100.000000,
        "8" : 0.000000,
        "16" : 0.000000,
        "32" : 0.000000,
        "64" : 0.000000,
        ">=64" : 0.000000
      },
      "iodepth_complete" : {
        "0" : 0.000000,
        "4" : 99.979376,
        "8" : 0.000000,
        "16" : 0.100000,
        "32" : 0.000000,
        "64" : 0.000000,
        ">=64" : 0.000000
      },
      "latency_ns" : {
        "2" : 0.000000,
        "4" : 0.000000,
        "10" : 0.000000,
        "20" : 0.000000,
        "50" : 0.000000,
        "100" : 0.000000,
        "250" : 0.000000,
        "500" : 0.000000,
        "750" : 0.000000,
        "1000" : 0.000000
      },
      "latency_us" : {
        "2" : 0.000000,
        "4" : 0.000000,
        "10" : 0.000000,
        "20" : 0.000000,
        "50" : 0.000000,
        "100" : 0.000000,
        "250" : 0.000000,
        "500" : 0.000000,
        "750" : 0.000000,
        "1000" : 0.000000
      },
      "latency_ms" : {
        "2" : 0.000000,
        "4" : 0.010000,
        "10" : 0.010000,
        "20" : 0.012853,
        "50" : 0.052697,
        "100" : 0.259627,
        "250" : 99.117012,
        "500" : 0.530821,
        "750" : 0.023135,
        "1000" : 0.000000,
        "2000" : 0.000000,
        ">=2000" : 0.000000
      },
      "latency_depth" : 16,
      "latency_target" : 0,
      "latency_percentile" : 100.000000,
      "latency_window" : 0
    }
  ]
}
