{
  "fio version" : "fio-3.29-112-gc3773",
  "timestamp" : 1649373950,
  "timestamp_ms" : 1649373950789,
  "time" : "Thu Apr  7 23:25:50 2022",
  "global options" : {
    "size" : "50M",
    "runtime" : "60",
    "rwmixread" : "50",
    "directory" : "/mnt/gfs"
  },
  "jobs" : [
    {
      "jobname" : "iotest",
      "groupid" : 0,
      "error" : 0,
      "eta" : 0,
      "elapsed" : 61,
      "job options" : {
        "rw" : "readwrite",
        "bs" : "4k",
        "ioengine" : "libaio",
        "iodepth" : "16",
        "numjobs" : "64",
        "direct" : "1",
        "group_reporting" : "1",
        "invalidate" : "1",
        "loops" : "1",
        "write_bw_log" : "./fio-bench-07-04-2022--20-28-07-seq-gfs/seqrw/gfs/readwrite50/4k/readwrite-iodepth-16-numjobs-64",
        "write_lat_log" : "./fio-bench-07-04-2022--20-28-07-seq-gfs/seqrw/gfs/readwrite50/4k/readwrite-iodepth-16-numjobs-64",
        "write_iops_log" : "./fio-bench-07-04-2022--20-28-07-seq-gfs/seqrw/gfs/readwrite50/4k/readwrite-iodepth-16-numjobs-64",
        "log_avg_msec" : "500"
      },
      "read" : {
        "io_bytes" : 159404032,
        "io_kbytes" : 155668,
        "bw_bytes" : 2651916,
        "bw" : 2589,
        "iops" : 647.440483,
        "runtime" : 60109,
        "total_ios" : 38917,
        "short_ios" : 0,
        "drop_ios" : 0,
        "slat_ns" : {
          "min" : 3003,
          "max" : 157359772,
          "mean" : 48558588.555259,
          "stddev" : 12190012.426499,
          "N" : 38917
        },
        "clat_ns" : {
          "min" : 4777227,
          "max" : 935824855,
          "mean" : 731179906.698230,
          "stddev" : 64500467.120770,
          "N" : 38917,
          "percentile" : {
            "1.000000" : 549453824,
            "5.000000" : 658505728,
            "10.000000" : 675282944,
            "20.000000" : 700448768,
            "30.000000" : 717225984,
            "40.000000" : 725614592,
            "50.000000" : 734003200,
            "60.000000" : 742391808,
            "70.000000" : 759169024,
            "80.000000" : 767557632,
            "90.000000" : 792723456,
            "95.000000" : 809500672,
            "99.000000" : 843055104,
            "99.500000" : 859832320,
            "99.900000" : 893386752,
            "99.950000" : 910163968,
            "99.990000" : 926941184
          }
        },
        "lat_ns" : {
          "min" : 56333021,
          "max" : 994128314,
          "mean" : 779743010.925714,
          "stddev" : 66333742.625762,
          "N" : 38917
        },
        "bw_min" : 655,
        "bw_max" : 4688,
        "bw_agg" : 99.738906,
        "bw_mean" : 2583.440508,
        "bw_dev" : 12.978821,
        "bw_samples" : 7604,
        "iops_min" : 157,
        "iops_max" : 1172,
        "iops_mean" : 645.199125,
        "iops_stddev" : 3.249809,
        "iops_samples" : 7604
      },
      "write" : {
        "io_bytes" : 160071680,
        "io_kbytes" : 156320,
        "bw_bytes" : 2663023,
        "bw" : 2600,
        "iops" : 650.152223,
        "runtime" : 60109,
        "total_ios" : 39080,
        "short_ios" : 0,
        "drop_ios" : 0,
        "slat_ns" : {
          "min" : 69422,
          "max" : 160638687,
          "mean" : 49903536.251100,
          "stddev" : 10145823.499111,
          "N" : 39080
        },
        "clat_ns" : {
          "min" : 3978800,
          "max" : 976151614,
          "mean" : 738422587.204990,
          "stddev" : 64052641.200671,
          "N" : 39080,
          "percentile" : {
            "1.000000" : 583008256,
            "5.000000" : 666894336,
            "10.000000" : 683671552,
            "20.000000" : 708837376,
            "30.000000" : 717225984,
            "40.000000" : 734003200,
            "50.000000" : 742391808,
            "60.000000" : 750780416,
            "70.000000" : 759169024,
            "80.000000" : 775946240,
            "90.000000" : 801112064,
            "95.000000" : 817889280,
            "99.000000" : 859832320,
            "99.500000" : 868220928,
            "99.900000" : 910163968,
            "99.950000" : 918552576,
            "99.990000" : 952107008
          }
        },
        "lat_ns" : {
          "min" : 55228058,
          "max" : 1026901787,
          "mean" : 788330707.343398,
          "stddev" : 65003314.086689,
          "N" : 39080
        },
        "bw_min" : 642,
        "bw_max" : 4751,
        "bw_agg" : 99.784343,
        "bw_mean" : 2595.174833,
        "bw_dev" : 12.903742,
        "bw_samples" : 7610,
        "iops_min" : 156,
        "iops_max" : 1187,
        "iops_mean" : 648.137231,
        "iops_stddev" : 3.230626,
        "iops_samples" : 7610
      },
      "trim" : {
        "io_bytes" : 0,
        "io_kbytes" : 0,
        "bw_bytes" : 0,
        "bw" : 0,
        "iops" : 0.000000,
        "runtime" : 0,
        "total_ios" : 0,
        "short_ios" : 0,
        "drop_ios" : 0,
        "slat_ns" : {
          "min" : 0,
          "max" : 0,
          "mean" : 0.000000,
          "stddev" : 0.000000,
          "N" : 0
        },
        "clat_ns" : {
          "min" : 0,
          "max" : 0,
          "mean" : 0.000000,
          "stddev" : 0.000000,
          "N" : 0
        },
        "lat_ns" : {
          "min" : 0,
          "max" : 0,
          "mean" : 0.000000,
          "stddev" : 0.000000,
          "N" : 0
        },
        "bw_min" : 0,
        "bw_max" : 0,
        "bw_agg" : 0.000000,
        "bw_mean" : 0.000000,
        "bw_dev" : 0.000000,
        "bw_samples" : 0,
        "iops_min" : 0,
        "iops_max" : 0,
        "iops_mean" : 0.000000,
        "iops_stddev" : 0.000000,
        "iops_samples" : 0
      },
      "sync" : {
        "total_ios" : 0,
        "lat_ns" : {
          "min" : 0,
          "max" : 0,
          "mean" : 0.000000,
          "stddev" : 0.000000,
          "N" : 0
        }
      },
      "job_runtime" : 3844244,
      "usr_cpu" : 0.042297,
      "sys_cpu" : 0.043780,
      "ctx" : 117264,
      "majf" : 0,
      "minf" : 2799,
      "iodepth_level" : {
        "1" : 0.100000,
        "2" : 0.164109,
        "4" : 0.328218,
        "8" : 0.656436,
        "16" : 98.769183,
        "32" : 0.000000,
        ">=64" : 0.000000
      },
      "iodepth_submit" : {
        "0" : 0.000000,
        "4" : 100.000000,
        "8" : 0.000000,
        "16" : 0.000000,
        "32" : 0.000000,
        "64" : 0.000000,
        ">=64" : 0.000000
      },
      "iodepth_complete" : {
        "0" : 0.000000,
        "4" : 99.916992,
        "8" : 0.000000,
        "16" : 0.100000,
        "32" : 0.000000,
        "64" : 0.000000,
        ">=64" : 0.000000
      },
      "latency_ns" : {
        "2" : 0.000000,
        "4" : 0.000000,
        "10" : 0.000000,
        "20" : 0.000000,
        "50" : 0.000000,
        "100" : 0.000000,
        "250" : 0.000000,
        "500" : 0.000000,
        "750" : 0.000000,
        "1000" : 0.000000
      },
      "latency_us" : {
        "2" : 0.000000,
        "4" : 0.000000,
        "10" : 0.000000,
        "20" : 0.000000,
        "50" : 0.000000,
        "100" : 0.000000,
        "250" : 0.000000,
        "500" : 0.000000,
        "750" : 0.000000,
        "1000" : 0.000000
      },
      "latency_ms" : {
        "2" : 0.000000,
        "4" : 0.010000,
        "10" : 0.010000,
        "20" : 0.011539,
        "50" : 0.032053,
        "100" : 0.082054,
        "250" : 0.248728,
        "500" : 0.464120,
        "750" : 60.157442,
        "1000" : 38.995090,
        "2000" : 0.000000,
        ">=2000" : 0.000000
      },
      "latency_depth" : 16,
      "latency_target" : 0,
      "latency_percentile" : 100.000000,
      "latency_window" : 0
    }
  ]
}
