{
  "fio version" : "fio-3.29-112-gc3773",
  "timestamp" : 1649371455,
  "timestamp_ms" : 1649371455405,
  "time" : "Thu Apr  7 22:44:15 2022",
  "global options" : {
    "size" : "50M",
    "runtime" : "60",
    "rwmixread" : "50",
    "directory" : "/mnt/gfs"
  },
  "jobs" : [
    {
      "jobname" : "iotest",
      "groupid" : 0,
      "error" : 0,
      "eta" : 0,
      "elapsed" : 61,
      "job options" : {
        "rw" : "readwrite",
        "bs" : "4k",
        "ioengine" : "libaio",
        "iodepth" : "1",
        "numjobs" : "32",
        "direct" : "1",
        "group_reporting" : "1",
        "invalidate" : "1",
        "loops" : "1",
        "write_bw_log" : "./fio-bench-07-04-2022--20-28-07-seq-gfs/seqrw/gfs/readwrite50/4k/readwrite-iodepth-1-numjobs-32",
        "write_lat_log" : "./fio-bench-07-04-2022--20-28-07-seq-gfs/seqrw/gfs/readwrite50/4k/readwrite-iodepth-1-numjobs-32",
        "write_iops_log" : "./fio-bench-07-04-2022--20-28-07-seq-gfs/seqrw/gfs/readwrite50/4k/readwrite-iodepth-1-numjobs-32",
        "log_avg_msec" : "500"
      },
      "read" : {
        "io_bytes" : 159920128,
        "io_kbytes" : 156172,
        "bw_bytes" : 2664225,
        "bw" : 2601,
        "iops" : 650.445648,
        "runtime" : 60025,
        "total_ios" : 39043,
        "short_ios" : 0,
        "drop_ios" : 0,
        "slat_ns" : {
          "min" : 4749,
          "max" : 69981,
          "mean" : 9086.910919,
          "stddev" : 1701.489038,
          "N" : 39043
        },
        "clat_ns" : {
          "min" : 2248892,
          "max" : 488100828,
          "mean" : 19732142.306098,
          "stddev" : 9073264.013088,
          "N" : 39043,
          "percentile" : {
            "1.000000" : 4227072,
            "5.000000" : 7241728,
            "10.000000" : 8978432,
            "20.000000" : 11993088,
            "30.000000" : 14483456,
            "40.000000" : 16449536,
            "50.000000" : 18481152,
            "60.000000" : 20840448,
            "70.000000" : 23724032,
            "80.000000" : 27131904,
            "90.000000" : 32112640,
            "95.000000" : 35913728,
            "99.000000" : 42205184,
            "99.500000" : 44302336,
            "99.900000" : 50069504,
            "99.950000" : 51118080,
            "99.990000" : 53215232
          }
        },
        "lat_ns" : {
          "min" : 2257692,
          "max" : 488112421,
          "mean" : 19744066.626950,
          "stddev" : 9073431.147644,
          "N" : 39043
        },
        "bw_min" : 960,
        "bw_max" : 4488,
        "bw_agg" : 100.000000,
        "bw_mean" : 2602.513725,
        "bw_dev" : 22.314450,
        "bw_samples" : 3835,
        "iops_min" : 240,
        "iops_max" : 1122,
        "iops_mean" : 650.578431,
        "iops_stddev" : 5.578416,
        "iops_samples" : 3835
      },
      "write" : {
        "io_bytes" : 160825344,
        "io_kbytes" : 157056,
        "bw_bytes" : 2679306,
        "bw" : 2616,
        "iops" : 654.127447,
        "runtime" : 60025,
        "total_ios" : 39264,
        "short_ios" : 0,
        "drop_ios" : 0,
        "slat_ns" : {
          "min" : 18577,
          "max" : 9054165,
          "mean" : 55111.470482,
          "stddev" : 119744.052280,
          "N" : 39264
        },
        "clat_ns" : {
          "min" : 5250186,
          "max" : 131663755,
          "mean" : 29196365.960116,
          "stddev" : 9837880.863408,
          "N" : 39264,
          "percentile" : {
            "1.000000" : 8847360,
            "5.000000" : 13303808,
            "10.000000" : 16056320,
            "20.000000" : 19529728,
            "30.000000" : 23199744,
            "40.000000" : 26607616,
            "50.000000" : 29753344,
            "60.000000" : 32374784,
            "70.000000" : 35389440,
            "80.000000" : 38010880,
            "90.000000" : 41680896,
            "95.000000" : 44302336,
            "99.000000" : 50069504,
            "99.500000" : 51118080,
            "99.900000" : 60030976,
            "99.950000" : 71827456,
            "99.990000" : 98041856
          }
        },
        "lat_ns" : {
          "min" : 5287760,
          "max" : 131702587,
          "mean" : 29254560.392471,
          "stddev" : 9838148.786724,
          "N" : 39264
        },
        "bw_min" : 1366,
        "bw_max" : 3712,
        "bw_agg" : 99.980517,
        "bw_mean" : 2616.118768,
        "bw_dev" : 14.702259,
        "bw_samples" : 3835,
        "iops_min" : 340,
        "iops_max" : 928,
        "iops_mean" : 653.979692,
        "iops_stddev" : 3.677790,
        "iops_samples" : 3835
      },
      "trim" : {
        "io_bytes" : 0,
        "io_kbytes" : 0,
        "bw_bytes" : 0,
        "bw" : 0,
        "iops" : 0.000000,
        "runtime" : 0,
        "total_ios" : 0,
        "short_ios" : 0,
        "drop_ios" : 0,
        "slat_ns" : {
          "min" : 0,
          "max" : 0,
          "mean" : 0.000000,
          "stddev" : 0.000000,
          "N" : 0
        },
        "clat_ns" : {
          "min" : 0,
          "max" : 0,
          "mean" : 0.000000,
          "stddev" : 0.000000,
          "N" : 0
        },
        "lat_ns" : {
          "min" : 0,
          "max" : 0,
          "mean" : 0.000000,
          "stddev" : 0.000000,
          "N" : 0
        },
        "bw_min" : 0,
        "bw_max" : 0,
        "bw_agg" : 0.000000,
        "bw_mean" : 0.000000,
        "bw_dev" : 0.000000,
        "bw_samples" : 0,
        "iops_min" : 0,
        "iops_max" : 0,
        "iops_mean" : 0.000000,
        "iops_stddev" : 0.000000,
        "iops_samples" : 0
      },
      "sync" : {
        "total_ios" : 0,
        "lat_ns" : {
          "min" : 0,
          "max" : 0,
          "mean" : 0.000000,
          "stddev" : 0.000000,
          "N" : 0
        }
      },
      "job_runtime" : 1920360,
      "usr_cpu" : 0.061030,
      "sys_cpu" : 0.094357,
      "ctx" : 117774,
      "majf" : 0,
      "minf" : 1263,
      "iodepth_level" : {
        "1" : 100.000000,
        "2" : 0.000000,
        "4" : 0.000000,
        "8" : 0.000000,
        "16" : 0.000000,
        "32" : 0.000000,
        ">=64" : 0.000000
      },
      "iodepth_submit" : {
        "0" : 0.000000,
        "4" : 100.000000,
        "8" : 0.000000,
        "16" : 0.000000,
        "32" : 0.000000,
        "64" : 0.000000,
        ">=64" : 0.000000
      },
      "iodepth_complete" : {
        "0" : 0.000000,
        "4" : 100.000000,
        "8" : 0.000000,
        "16" : 0.000000,
        "32" : 0.000000,
        "64" : 0.000000,
        ">=64" : 0.000000
      },
      "latency_ns" : {
        "2" : 0.000000,
        "4" : 0.000000,
        "10" : 0.000000,
        "20" : 0.000000,
        "50" : 0.000000,
        "100" : 0.000000,
        "250" : 0.000000,
        "500" : 0.000000,
        "750" : 0.000000,
        "1000" : 0.000000
      },
      "latency_us" : {
        "2" : 0.000000,
        "4" : 0.000000,
        "10" : 0.000000,
        "20" : 0.000000,
        "50" : 0.000000,
        "100" : 0.000000,
        "250" : 0.000000,
        "500" : 0.000000,
        "750" : 0.000000,
        "1000" : 0.000000
      },
      "latency_ms" : {
        "2" : 0.000000,
        "4" : 0.381830,
        "10" : 7.212637,
        "20" : 31.119823,
        "50" : 60.776176,
        "100" : 0.505702,
        "250" : 0.010000,
        "500" : 0.010000,
        "750" : 0.000000,
        "1000" : 0.000000,
        "2000" : 0.000000,
        ">=2000" : 0.000000
      },
      "latency_depth" : 1,
      "latency_target" : 0,
      "latency_percentile" : 100.000000,
      "latency_window" : 0
    }
  ]
}
