{
  "fio version" : "fio-3.29-112-gc3773",
  "timestamp" : 1649373457,
  "timestamp_ms" : 1649373457898,
  "time" : "Thu Apr  7 23:17:37 2022",
  "global options" : {
    "size" : "50M",
    "runtime" : "60",
    "rwmixread" : "50",
    "directory" : "/mnt/gfs"
  },
  "jobs" : [
    {
      "jobname" : "iotest",
      "groupid" : 0,
      "error" : 0,
      "eta" : 0,
      "elapsed" : 61,
      "job options" : {
        "rw" : "readwrite",
        "bs" : "4k",
        "ioengine" : "libaio",
        "iodepth" : "8",
        "numjobs" : "8",
        "direct" : "1",
        "group_reporting" : "1",
        "invalidate" : "1",
        "loops" : "1",
        "write_bw_log" : "./fio-bench-07-04-2022--20-28-07-seq-gfs/seqrw/gfs/readwrite50/4k/readwrite-iodepth-8-numjobs-8",
        "write_lat_log" : "./fio-bench-07-04-2022--20-28-07-seq-gfs/seqrw/gfs/readwrite50/4k/readwrite-iodepth-8-numjobs-8",
        "write_iops_log" : "./fio-bench-07-04-2022--20-28-07-seq-gfs/seqrw/gfs/readwrite50/4k/readwrite-iodepth-8-numjobs-8",
        "log_avg_msec" : "500"
      },
      "read" : {
        "io_bytes" : 158994432,
        "io_kbytes" : 155268,
        "bw_bytes" : 2648185,
        "bw" : 2586,
        "iops" : 646.529756,
        "runtime" : 60039,
        "total_ios" : 38817,
        "short_ios" : 0,
        "drop_ios" : 0,
        "slat_ns" : {
          "min" : 3213,
          "max" : 56921,
          "mean" : 8759.373728,
          "stddev" : 1830.389487,
          "N" : 38817
        },
        "clat_ns" : {
          "min" : 2197633,
          "max" : 188118662,
          "mean" : 43743827.188191,
          "stddev" : 17065209.481672,
          "N" : 38817,
          "percentile" : {
            "1.000000" : 6782976,
            "5.000000" : 14745600,
            "10.000000" : 20840448,
            "20.000000" : 28704768,
            "30.000000" : 34340864,
            "40.000000" : 39059456,
            "50.000000" : 43778048,
            "60.000000" : 48496640,
            "70.000000" : 53739520,
            "80.000000" : 59506688,
            "90.000000" : 65798144,
            "95.000000" : 70778880,
            "99.000000" : 79167488,
            "99.500000" : 82313216,
            "99.900000" : 90701824,
            "99.950000" : 96993280,
            "99.990000" : 166723584
          }
        },
        "lat_ns" : {
          "min" : 2206642,
          "max" : 188132421,
          "mean" : 43755409.209805,
          "stddev" : 17065260.367096,
          "N" : 38817
        },
        "bw_min" : 1576,
        "bw_max" : 3720,
        "bw_agg" : 99.995431,
        "bw_mean" : 2586.283333,
        "bw_dev" : 54.788315,
        "bw_samples" : 960,
        "iops_min" : 394,
        "iops_max" : 930,
        "iops_mean" : 646.566667,
        "iops_stddev" : 13.695933,
        "iops_samples" : 960
      },
      "write" : {
        "io_bytes" : 160841728,
        "io_kbytes" : 157072,
        "bw_bytes" : 2678954,
        "bw" : 2616,
        "iops" : 654.041540,
        "runtime" : 60039,
        "total_ios" : 39268,
        "short_ios" : 0,
        "drop_ios" : 0,
        "slat_ns" : {
          "min" : 16832,
          "max" : 13300756,
          "mean" : 59500.837680,
          "stddev" : 146004.957161,
          "N" : 39268
        },
        "clat_ns" : {
          "min" : 7360457,
          "max" : 182873704,
          "mean" : 54499924.403204,
          "stddev" : 14495879.989894,
          "N" : 39268,
          "percentile" : {
            "1.000000" : 23461888,
            "5.000000" : 30801920,
            "10.000000" : 34865152,
            "20.000000" : 41156608,
            "30.000000" : 45875200,
            "40.000000" : 50593792,
            "50.000000" : 55312384,
            "60.000000" : 59506688,
            "70.000000" : 63700992,
            "80.000000" : 67633152,
            "90.000000" : 72876032,
            "95.000000" : 77070336,
            "99.000000" : 84410368,
            "99.500000" : 86507520,
            "99.900000" : 92798976,
            "99.950000" : 94896128,
            "99.990000" : 137363456
          }
        },
        "lat_ns" : {
          "min" : 7450133,
          "max" : 182912536,
          "mean" : 54562442.942880,
          "stddev" : 14492410.680326,
          "N" : 39268
        },
        "bw_min" : 2024,
        "bw_max" : 3160,
        "bw_agg" : 99.955430,
        "bw_mean" : 2615.266667,
        "bw_dev" : 27.716816,
        "bw_samples" : 960,
        "iops_min" : 506,
        "iops_max" : 790,
        "iops_mean" : 653.816667,
        "iops_stddev" : 6.929204,
        "iops_samples" : 960
      },
      "trim" : {
        "io_bytes" : 0,
        "io_kbytes" : 0,
        "bw_bytes" : 0,
        "bw" : 0,
        "iops" : 0.000000,
        "runtime" : 0,
        "total_ios" : 0,
        "short_ios" : 0,
        "drop_ios" : 0,
        "slat_ns" : {
          "min" : 0,
          "max" : 0,
          "mean" : 0.000000,
          "stddev" : 0.000000,
          "N" : 0
        },
        "clat_ns" : {
          "min" : 0,
          "max" : 0,
          "mean" : 0.000000,
          "stddev" : 0.000000,
          "N" : 0
        },
        "lat_ns" : {
          "min" : 0,
          "max" : 0,
          "mean" : 0.000000,
          "stddev" : 0.000000,
          "N" : 0
        },
        "bw_min" : 0,
        "bw_max" : 0,
        "bw_agg" : 0.000000,
        "bw_mean" : 0.000000,
        "bw_dev" : 0.000000,
        "bw_samples" : 0,
        "iops_min" : 0,
        "iops_max" : 0,
        "iops_mean" : 0.000000,
        "iops_stddev" : 0.000000,
        "iops_samples" : 0
      },
      "sync" : {
        "total_ios" : 0,
        "lat_ns" : {
          "min" : 0,
          "max" : 0,
          "mean" : 0.000000,
          "stddev" : 0.000000,
          "N" : 0
        }
      },
      "job_runtime" : 480267,
      "usr_cpu" : 0.210924,
      "sys_cpu" : 0.374583,
      "ctx" : 116458,
      "majf" : 0,
      "minf" : 329,
      "iodepth_level" : {
        "1" : 0.100000,
        "2" : 0.100000,
        "4" : 0.100000,
        "8" : 99.928283,
        "16" : 0.000000,
        "32" : 0.000000,
        ">=64" : 0.000000
      },
      "iodepth_submit" : {
        "0" : 0.000000,
        "4" : 100.000000,
        "8" : 0.000000,
        "16" : 0.000000,
        "32" : 0.000000,
        "64" : 0.000000,
        ">=64" : 0.000000
      },
      "iodepth_complete" : {
        "0" : 0.000000,
        "4" : 99.989748,
        "8" : 0.100000,
        "16" : 0.000000,
        "32" : 0.000000,
        "64" : 0.000000,
        ">=64" : 0.000000
      },
      "latency_ns" : {
        "2" : 0.000000,
        "4" : 0.000000,
        "10" : 0.000000,
        "20" : 0.000000,
        "50" : 0.000000,
        "100" : 0.000000,
        "250" : 0.000000,
        "500" : 0.000000,
        "750" : 0.000000,
        "1000" : 0.000000
      },
      "latency_us" : {
        "2" : 0.000000,
        "4" : 0.000000,
        "10" : 0.000000,
        "20" : 0.000000,
        "50" : 0.000000,
        "100" : 0.000000,
        "250" : 0.000000,
        "500" : 0.000000,
        "750" : 0.000000,
        "1000" : 0.000000
      },
      "latency_ms" : {
        "2" : 0.000000,
        "4" : 0.142153,
        "10" : 1.016841,
        "20" : 3.674201,
        "50" : 45.654095,
        "100" : 49.480694,
        "250" : 0.032016,
        "500" : 0.000000,
        "750" : 0.000000,
        "1000" : 0.000000,
        "2000" : 0.000000,
        ">=2000" : 0.000000
      },
      "latency_depth" : 8,
      "latency_target" : 0,
      "latency_percentile" : 100.000000,
      "latency_window" : 0
    }
  ]
}
