{
  "fio version" : "fio-3.29-112-gc3773",
  "timestamp" : 1649370810,
  "timestamp_ms" : 1649370810211,
  "time" : "Thu Apr  7 22:33:30 2022",
  "global options" : {
    "size" : "50M",
    "runtime" : "60",
    "rwmixread" : "50",
    "directory" : "/mnt/gfs"
  },
  "jobs" : [
    {
      "jobname" : "iotest",
      "groupid" : 0,
      "error" : 0,
      "eta" : 0,
      "elapsed" : 61,
      "job options" : {
        "rw" : "readwrite",
        "bs" : "4k",
        "ioengine" : "libaio",
        "iodepth" : "1",
        "numjobs" : "16",
        "direct" : "1",
        "group_reporting" : "1",
        "invalidate" : "1",
        "loops" : "1",
        "write_bw_log" : "./fio-bench-07-04-2022--20-28-07-seq-gfs/seqrw/gfs/readwrite50/4k/readwrite-iodepth-1-numjobs-16",
        "write_lat_log" : "./fio-bench-07-04-2022--20-28-07-seq-gfs/seqrw/gfs/readwrite50/4k/readwrite-iodepth-1-numjobs-16",
        "write_iops_log" : "./fio-bench-07-04-2022--20-28-07-seq-gfs/seqrw/gfs/readwrite50/4k/readwrite-iodepth-1-numjobs-16",
        "log_avg_msec" : "500"
      },
      "read" : {
        "io_bytes" : 158367744,
        "io_kbytes" : 154656,
        "bw_bytes" : 2638758,
        "bw" : 2576,
        "iops" : 644.228206,
        "runtime" : 60016,
        "total_ios" : 38664,
        "short_ios" : 0,
        "drop_ios" : 0,
        "slat_ns" : {
          "min" : 3981,
          "max" : 74172,
          "mean" : 8430.321333,
          "stddev" : 1632.132762,
          "N" : 38664
        },
        "clat_ns" : {
          "min" : 1672005,
          "max" : 56503231,
          "mean" : 10412148.986965,
          "stddev" : 4900506.543614,
          "N" : 38664,
          "percentile" : {
            "1.000000" : 2736128,
            "5.000000" : 3620864,
            "10.000000" : 4423680,
            "20.000000" : 5734400,
            "30.000000" : 7503872,
            "40.000000" : 8716288,
            "50.000000" : 9633792,
            "60.000000" : 10944512,
            "70.000000" : 12779520,
            "80.000000" : 14483456,
            "90.000000" : 17170432,
            "95.000000" : 19005440,
            "99.000000" : 23199744,
            "99.500000" : 25296896,
            "99.900000" : 32112640,
            "99.950000" : 36962304,
            "99.990000" : 44302336
          }
        },
        "lat_ns" : {
          "min" : 1689186,
          "max" : 56511751,
          "mean" : 10423344.071255,
          "stddev" : 4900535.304586,
          "N" : 38664
        },
        "bw_min" : 1367,
        "bw_max" : 3928,
        "bw_agg" : 100.000000,
        "bw_mean" : 2577.434384,
        "bw_dev" : 32.216862,
        "bw_samples" : 1919,
        "iops_min" : 341,
        "iops_max" : 982,
        "iops_mean" : 644.339846,
        "iops_stddev" : 8.055257,
        "iops_samples" : 1919
      },
      "write" : {
        "io_bytes" : 159465472,
        "io_kbytes" : 155728,
        "bw_bytes" : 2657049,
        "bw" : 2594,
        "iops" : 648.693682,
        "runtime" : 60016,
        "total_ios" : 38932,
        "short_ios" : 0,
        "drop_ios" : 0,
        "slat_ns" : {
          "min" : 16134,
          "max" : 10065066,
          "mean" : 52459.975265,
          "stddev" : 107439.532622,
          "N" : 38932
        },
        "clat_ns" : {
          "min" : 3438576,
          "max" : 122801172,
          "mean" : 14236478.357418,
          "stddev" : 6186295.132945,
          "N" : 38932,
          "percentile" : {
            "1.000000" : 3981312,
            "5.000000" : 4751360,
            "10.000000" : 6258688,
            "20.000000" : 8716288,
            "30.000000" : 10289152,
            "40.000000" : 12517376,
            "50.000000" : 13959168,
            "60.000000" : 15794176,
            "70.000000" : 17432576,
            "80.000000" : 19529728,
            "90.000000" : 22151168,
            "95.000000" : 24248320,
            "99.000000" : 27656192,
            "99.500000" : 29229056,
            "99.900000" : 41156608,
            "99.950000" : 69730304,
            "99.990000" : 104333312
          }
        },
        "lat_ns" : {
          "min" : 3485858,
          "max" : 122833718,
          "mean" : 14291908.354824,
          "stddev" : 6188888.755609,
          "N" : 38932
        },
        "bw_min" : 1752,
        "bw_max" : 3536,
        "bw_agg" : 99.970155,
        "bw_mean" : 2594.710574,
        "bw_dev" : 22.056525,
        "bw_samples" : 1919,
        "iops_min" : 438,
        "iops_max" : 884,
        "iops_mean" : 648.658894,
        "iops_stddev" : 5.514434,
        "iops_samples" : 1919
      },
      "trim" : {
        "io_bytes" : 0,
        "io_kbytes" : 0,
        "bw_bytes" : 0,
        "bw" : 0,
        "iops" : 0.000000,
        "runtime" : 0,
        "total_ios" : 0,
        "short_ios" : 0,
        "drop_ios" : 0,
        "slat_ns" : {
          "min" : 0,
          "max" : 0,
          "mean" : 0.000000,
          "stddev" : 0.000000,
          "N" : 0
        },
        "clat_ns" : {
          "min" : 0,
          "max" : 0,
          "mean" : 0.000000,
          "stddev" : 0.000000,
          "N" : 0
        },
        "lat_ns" : {
          "min" : 0,
          "max" : 0,
          "mean" : 0.000000,
          "stddev" : 0.000000,
          "N" : 0
        },
        "bw_min" : 0,
        "bw_max" : 0,
        "bw_agg" : 0.000000,
        "bw_mean" : 0.000000,
        "bw_dev" : 0.000000,
        "bw_samples" : 0,
        "iops_min" : 0,
        "iops_max" : 0,
        "iops_mean" : 0.000000,
        "iops_stddev" : 0.000000,
        "iops_samples" : 0
      },
      "sync" : {
        "total_ios" : 0,
        "lat_ns" : {
          "min" : 0,
          "max" : 0,
          "mean" : 0.000000,
          "stddev" : 0.000000,
          "N" : 0
        }
      },
      "job_runtime" : 960107,
      "usr_cpu" : 0.102593,
      "sys_cpu" : 0.180501,
      "ctx" : 116677,
      "majf" : 0,
      "minf" : 634,
      "iodepth_level" : {
        "1" : 100.000000,
        "2" : 0.000000,
        "4" : 0.000000,
        "8" : 0.000000,
        "16" : 0.000000,
        "32" : 0.000000,
        ">=64" : 0.000000
      },
      "iodepth_submit" : {
        "0" : 0.000000,
        "4" : 100.000000,
        "8" : 0.000000,
        "16" : 0.000000,
        "32" : 0.000000,
        "64" : 0.000000,
        ">=64" : 0.000000
      },
      "iodepth_complete" : {
        "0" : 0.000000,
        "4" : 100.000000,
        "8" : 0.000000,
        "16" : 0.000000,
        "32" : 0.000000,
        "64" : 0.000000,
        ">=64" : 0.000000
      },
      "latency_ns" : {
        "2" : 0.000000,
        "4" : 0.000000,
        "10" : 0.000000,
        "20" : 0.000000,
        "50" : 0.000000,
        "100" : 0.000000,
        "250" : 0.000000,
        "500" : 0.000000,
        "750" : 0.000000,
        "1000" : 0.000000
      },
      "latency_us" : {
        "2" : 0.000000,
        "4" : 0.000000,
        "10" : 0.000000,
        "20" : 0.000000,
        "50" : 0.000000,
        "100" : 0.000000,
        "250" : 0.000000,
        "500" : 0.000000,
        "750" : 0.000000,
        "1000" : 0.000000
      },
      "latency_ms" : {
        "2" : 0.010000,
        "4" : 4.533739,
        "10" : 36.655240,
        "20" : 48.217692,
        "50" : 10.553379,
        "100" : 0.030929,
        "250" : 0.010000,
        "500" : 0.000000,
        "750" : 0.000000,
        "1000" : 0.000000,
        "2000" : 0.000000,
        ">=2000" : 0.000000
      },
      "latency_depth" : 1,
      "latency_target" : 0,
      "latency_percentile" : 100.000000,
      "latency_window" : 0
    }
  ]
}
