{
  "fio version" : "fio-3.29-112-gc3773",
  "timestamp" : 1649374574,
  "timestamp_ms" : 1649374574665,
  "time" : "Thu Apr  7 23:36:14 2022",
  "global options" : {
    "size" : "50M",
    "runtime" : "60",
    "rwmixread" : "50",
    "directory" : "/mnt/gfs"
  },
  "jobs" : [
    {
      "jobname" : "iotest",
      "groupid" : 0,
      "error" : 0,
      "eta" : 0,
      "elapsed" : 61,
      "job options" : {
        "rw" : "readwrite",
        "bs" : "4k",
        "ioengine" : "libaio",
        "iodepth" : "64",
        "numjobs" : "64",
        "direct" : "1",
        "group_reporting" : "1",
        "invalidate" : "1",
        "loops" : "1",
        "write_bw_log" : "./fio-bench-07-04-2022--20-28-07-seq-gfs/seqrw/gfs/readwrite50/4k/readwrite-iodepth-64-numjobs-64",
        "write_lat_log" : "./fio-bench-07-04-2022--20-28-07-seq-gfs/seqrw/gfs/readwrite50/4k/readwrite-iodepth-64-numjobs-64",
        "write_iops_log" : "./fio-bench-07-04-2022--20-28-07-seq-gfs/seqrw/gfs/readwrite50/4k/readwrite-iodepth-64-numjobs-64",
        "log_avg_msec" : "500"
      },
      "read" : {
        "io_bytes" : 159244288,
        "io_kbytes" : 155512,
        "bw_bytes" : 2649479,
        "bw" : 2587,
        "iops" : 646.845468,
        "runtime" : 60104,
        "total_ios" : 38878,
        "short_ios" : 0,
        "drop_ios" : 0,
        "slat_ns" : {
          "min" : 2723,
          "max" : 164430005,
          "mean" : 48681195.179562,
          "stddev" : 11931996.597441,
          "N" : 38878
        },
        "clat_ns" : {
          "min" : 3284435,
          "max" : 3512708929,
          "mean" : 3022584221.456737,
          "stddev" : 404761485.950348,
          "N" : 38878,
          "percentile" : {
            "1.000000" : 633339904,
            "5.000000" : 2835349504,
            "10.000000" : 2969567232,
            "20.000000" : 3003121664,
            "30.000000" : 3036676096,
            "40.000000" : 3070230528,
            "50.000000" : 3103784960,
            "60.000000" : 3137339392,
            "70.000000" : 3137339392,
            "80.000000" : 3170893824,
            "90.000000" : 3204448256,
            "95.000000" : 3238002688,
            "99.000000" : 3338665984,
            "99.500000" : 3338665984,
            "99.900000" : 3405774848,
            "99.950000" : 3439329280,
            "99.990000" : 3506438144
          }
        },
        "lat_ns" : {
          "min" : 50515985,
          "max" : 3605062136,
          "mean" : 3071269964.810253,
          "stddev" : 405124142.533451,
          "N" : 38878
        },
        "bw_min" : 717,
        "bw_max" : 4647,
        "bw_agg" : 99.714699,
        "bw_mean" : 2580.895052,
        "bw_dev" : 12.906329,
        "bw_samples" : 7300,
        "iops_min" : 177,
        "iops_max" : 1161,
        "iops_mean" : 644.296567,
        "iops_stddev" : 3.228190,
        "iops_samples" : 7300
      },
      "write" : {
        "io_bytes" : 160108544,
        "io_kbytes" : 156356,
        "bw_bytes" : 2663858,
        "bw" : 2601,
        "iops" : 650.356050,
        "runtime" : 60104,
        "total_ios" : 39089,
        "short_ios" : 0,
        "drop_ios" : 0,
        "slat_ns" : {
          "min" : 60203,
          "max" : 162045967,
          "mean" : 49810426.296426,
          "stddev" : 9938749.278660,
          "N" : 39089
        },
        "clat_ns" : {
          "min" : 4051503,
          "max" : 3555973710,
          "mean" : 3031063420.893602,
          "stddev" : 407258141.246171,
          "N" : 39089,
          "percentile" : {
            "1.000000" : 599785472,
            "5.000000" : 2868903936,
            "10.000000" : 2969567232,
            "20.000000" : 3003121664,
            "30.000000" : 3036676096,
            "40.000000" : 3070230528,
            "50.000000" : 3103784960,
            "60.000000" : 3137339392,
            "70.000000" : 3137339392,
            "80.000000" : 3170893824,
            "90.000000" : 3238002688,
            "95.000000" : 3271557120,
            "99.000000" : 3338665984,
            "99.500000" : 3372220416,
            "99.900000" : 3439329280,
            "99.950000" : 3472883712,
            "99.990000" : 3506438144
          }
        },
        "lat_ns" : {
          "min" : 50791580,
          "max" : 3603539941,
          "mean" : 3080878470.154620,
          "stddev" : 407337497.851233,
          "N" : 39089
        },
        "bw_min" : 684,
        "bw_max" : 4639,
        "bw_agg" : 99.945267,
        "bw_mean" : 2600.261064,
        "bw_dev" : 12.939231,
        "bw_samples" : 7291,
        "iops_min" : 168,
        "iops_max" : 1159,
        "iops_mean" : 649.136984,
        "iops_stddev" : 3.238623,
        "iops_samples" : 7291
      },
      "trim" : {
        "io_bytes" : 0,
        "io_kbytes" : 0,
        "bw_bytes" : 0,
        "bw" : 0,
        "iops" : 0.000000,
        "runtime" : 0,
        "total_ios" : 0,
        "short_ios" : 0,
        "drop_ios" : 0,
        "slat_ns" : {
          "min" : 0,
          "max" : 0,
          "mean" : 0.000000,
          "stddev" : 0.000000,
          "N" : 0
        },
        "clat_ns" : {
          "min" : 0,
          "max" : 0,
          "mean" : 0.000000,
          "stddev" : 0.000000,
          "N" : 0
        },
        "lat_ns" : {
          "min" : 0,
          "max" : 0,
          "mean" : 0.000000,
          "stddev" : 0.000000,
          "N" : 0
        },
        "bw_min" : 0,
        "bw_max" : 0,
        "bw_agg" : 0.000000,
        "bw_mean" : 0.000000,
        "bw_dev" : 0.000000,
        "bw_samples" : 0,
        "iops_min" : 0,
        "iops_max" : 0,
        "iops_mean" : 0.000000,
        "iops_stddev" : 0.000000,
        "iops_samples" : 0
      },
      "sync" : {
        "total_ios" : 0,
        "lat_ns" : {
          "min" : 0,
          "max" : 0,
          "mean" : 0.000000,
          "stddev" : 0.000000,
          "N" : 0
        }
      },
      "job_runtime" : 3844227,
      "usr_cpu" : 0.040866,
      "sys_cpu" : 0.044456,
      "ctx" : 117250,
      "majf" : 0,
      "minf" : 2630,
      "iodepth_level" : {
        "1" : 0.100000,
        "2" : 0.164172,
        "4" : 0.328344,
        "8" : 0.656688,
        "16" : 1.313376,
        "32" : 2.626752,
        ">=64" : 94.828581
      },
      "iodepth_submit" : {
        "0" : 0.000000,
        "4" : 100.000000,
        "8" : 0.000000,
        "16" : 0.000000,
        "32" : 0.000000,
        "64" : 0.000000,
        ">=64" : 0.000000
      },
      "iodepth_complete" : {
        "0" : 0.000000,
        "4" : 99.913512,
        "8" : 0.000000,
        "16" : 0.000000,
        "32" : 0.000000,
        "64" : 0.100000,
        ">=64" : 0.000000
      },
      "latency_ns" : {
        "2" : 0.000000,
        "4" : 0.000000,
        "10" : 0.000000,
        "20" : 0.000000,
        "50" : 0.000000,
        "100" : 0.000000,
        "250" : 0.000000,
        "500" : 0.000000,
        "750" : 0.000000,
        "1000" : 0.000000
      },
      "latency_us" : {
        "2" : 0.000000,
        "4" : 0.000000,
        "10" : 0.000000,
        "20" : 0.000000,
        "50" : 0.000000,
        "100" : 0.000000,
        "250" : 0.000000,
        "500" : 0.000000,
        "750" : 0.000000,
        "1000" : 0.000000
      },
      "latency_ms" : {
        "2" : 0.000000,
        "4" : 0.010000,
        "10" : 0.015391,
        "20" : 0.010000,
        "50" : 0.028217,
        "100" : 0.089782,
        "250" : 0.215476,
        "500" : 0.401452,
        "750" : 0.446343,
        "1000" : 0.423256,
        "2000" : 1.709698,
        ">=2000" : 96.665256
      },
      "latency_depth" : 64,
      "latency_target" : 0,
      "latency_percentile" : 100.000000,
      "latency_window" : 0
    }
  ]
}
