{
  "fio version" : "fio-3.29-112-gc3773",
  "timestamp" : 1649373145,
  "timestamp_ms" : 1649373145700,
  "time" : "Thu Apr  7 23:12:25 2022",
  "global options" : {
    "size" : "50M",
    "runtime" : "60",
    "rwmixread" : "50",
    "directory" : "/mnt/gfs"
  },
  "jobs" : [
    {
      "jobname" : "iotest",
      "groupid" : 0,
      "error" : 0,
      "eta" : 0,
      "elapsed" : 61,
      "job options" : {
        "rw" : "readwrite",
        "bs" : "4k",
        "ioengine" : "libaio",
        "iodepth" : "4",
        "numjobs" : "8",
        "direct" : "1",
        "group_reporting" : "1",
        "invalidate" : "1",
        "loops" : "1",
        "write_bw_log" : "./fio-bench-07-04-2022--20-28-07-seq-gfs/seqrw/gfs/readwrite50/4k/readwrite-iodepth-4-numjobs-8",
        "write_lat_log" : "./fio-bench-07-04-2022--20-28-07-seq-gfs/seqrw/gfs/readwrite50/4k/readwrite-iodepth-4-numjobs-8",
        "write_iops_log" : "./fio-bench-07-04-2022--20-28-07-seq-gfs/seqrw/gfs/readwrite50/4k/readwrite-iodepth-4-numjobs-8",
        "log_avg_msec" : "500"
      },
      "read" : {
        "io_bytes" : 159019008,
        "io_kbytes" : 155292,
        "bw_bytes" : 2649301,
        "bw" : 2587,
        "iops" : 646.802059,
        "runtime" : 60023,
        "total_ios" : 38823,
        "short_ios" : 0,
        "drop_ios" : 0,
        "slat_ns" : {
          "min" : 3003,
          "max" : 170203,
          "mean" : 8476.523272,
          "stddev" : 1891.891019,
          "N" : 38823
        },
        "clat_ns" : {
          "min" : 2393470,
          "max" : 107803851,
          "mean" : 21561742.465858,
          "stddev" : 8341605.748647,
          "N" : 38823,
          "percentile" : {
            "1.000000" : 4947968,
            "5.000000" : 8454144,
            "10.000000" : 10682368,
            "20.000000" : 14221312,
            "30.000000" : 16711680,
            "40.000000" : 18743296,
            "50.000000" : 21364736,
            "60.000000" : 23461888,
            "70.000000" : 26083328,
            "80.000000" : 28966912,
            "90.000000" : 32636928,
            "95.000000" : 35913728,
            "99.000000" : 41156608,
            "99.500000" : 42729472,
            "99.900000" : 48496640,
            "99.950000" : 52166656,
            "99.990000" : 62652416
          }
        },
        "lat_ns" : {
          "min" : 2402270,
          "max" : 107815794,
          "mean" : 21573153.422662,
          "stddev" : 8341583.957822,
          "N" : 38823
        },
        "bw_min" : 1480,
        "bw_max" : 3656,
        "bw_agg" : 99.991960,
        "bw_mean" : 2587.358333,
        "bw_dev" : 53.842238,
        "bw_samples" : 960,
        "iops_min" : 370,
        "iops_max" : 914,
        "iops_mean" : 646.833333,
        "iops_stddev" : 13.459273,
        "iops_samples" : 960
      },
      "write" : {
        "io_bytes" : 160735232,
        "io_kbytes" : 156968,
        "bw_bytes" : 2677894,
        "bw" : 2615,
        "iops" : 653.782717,
        "runtime" : 60023,
        "total_ios" : 39242,
        "short_ios" : 0,
        "drop_ios" : 0,
        "slat_ns" : {
          "min" : 15574,
          "max" : 11773260,
          "mean" : 59075.433082,
          "stddev" : 167235.825399,
          "N" : 39242
        },
        "clat_ns" : {
          "min" : 5402035,
          "max" : 98447809,
          "mean" : 27517161.819403,
          "stddev" : 8134258.852408,
          "N" : 39242,
          "percentile" : {
            "1.000000" : 9502720,
            "5.000000" : 14221312,
            "10.000000" : 16908288,
            "20.000000" : 20316160,
            "30.000000" : 22937600,
            "40.000000" : 25296896,
            "50.000000" : 27394048,
            "60.000000" : 29753344,
            "70.000000" : 31850496,
            "80.000000" : 34340864,
            "90.000000" : 38010880,
            "95.000000" : 41156608,
            "99.000000" : 45875200,
            "99.500000" : 47448064,
            "99.900000" : 51118080,
            "99.950000" : 53215232,
            "99.990000" : 60555264
          }
        },
        "lat_ns" : {
          "min" : 5429203,
          "max" : 98488107,
          "mean" : 27579228.797819,
          "stddev" : 8131973.253914,
          "N" : 39242
        },
        "bw_min" : 2000,
        "bw_max" : 3176,
        "bw_agg" : 99.956757,
        "bw_mean" : 2614.866667,
        "bw_dev" : 26.726540,
        "bw_samples" : 960,
        "iops_min" : 500,
        "iops_max" : 794,
        "iops_mean" : 653.716667,
        "iops_stddev" : 6.681635,
        "iops_samples" : 960
      },
      "trim" : {
        "io_bytes" : 0,
        "io_kbytes" : 0,
        "bw_bytes" : 0,
        "bw" : 0,
        "iops" : 0.000000,
        "runtime" : 0,
        "total_ios" : 0,
        "short_ios" : 0,
        "drop_ios" : 0,
        "slat_ns" : {
          "min" : 0,
          "max" : 0,
          "mean" : 0.000000,
          "stddev" : 0.000000,
          "N" : 0
        },
        "clat_ns" : {
          "min" : 0,
          "max" : 0,
          "mean" : 0.000000,
          "stddev" : 0.000000,
          "N" : 0
        },
        "lat_ns" : {
          "min" : 0,
          "max" : 0,
          "mean" : 0.000000,
          "stddev" : 0.000000,
          "N" : 0
        },
        "bw_min" : 0,
        "bw_max" : 0,
        "bw_agg" : 0.000000,
        "bw_mean" : 0.000000,
        "bw_dev" : 0.000000,
        "bw_samples" : 0,
        "iops_min" : 0,
        "iops_max" : 0,
        "iops_mean" : 0.000000,
        "iops_stddev" : 0.000000,
        "iops_samples" : 0
      },
      "sync" : {
        "total_ios" : 0,
        "lat_ns" : {
          "min" : 0,
          "max" : 0,
          "mean" : 0.000000,
          "stddev" : 0.000000,
          "N" : 0
        }
      },
      "job_runtime" : 480157,
      "usr_cpu" : 0.210556,
      "sys_cpu" : 0.357383,
      "ctx" : 116411,
      "majf" : 0,
      "minf" : 324,
      "iodepth_level" : {
        "1" : 0.100000,
        "2" : 0.100000,
        "4" : 99.969256,
        "8" : 0.000000,
        "16" : 0.000000,
        "32" : 0.000000,
        ">=64" : 0.000000
      },
      "iodepth_submit" : {
        "0" : 0.000000,
        "4" : 100.000000,
        "8" : 0.000000,
        "16" : 0.000000,
        "32" : 0.000000,
        "64" : 0.000000,
        ">=64" : 0.000000
      },
      "iodepth_complete" : {
        "0" : 0.000000,
        "4" : 100.000000,
        "8" : 0.000000,
        "16" : 0.000000,
        "32" : 0.000000,
        "64" : 0.000000,
        ">=64" : 0.000000
      },
      "latency_ns" : {
        "2" : 0.000000,
        "4" : 0.000000,
        "10" : 0.000000,
        "20" : 0.000000,
        "50" : 0.000000,
        "100" : 0.000000,
        "250" : 0.000000,
        "500" : 0.000000,
        "750" : 0.000000,
        "1000" : 0.000000
      },
      "latency_us" : {
        "2" : 0.000000,
        "4" : 0.000000,
        "10" : 0.000000,
        "20" : 0.000000,
        "50" : 0.000000,
        "100" : 0.000000,
        "250" : 0.000000,
        "500" : 0.000000,
        "750" : 0.000000,
        "1000" : 0.000000
      },
      "latency_ms" : {
        "2" : 0.000000,
        "4" : 0.248511,
        "10" : 4.760136,
        "20" : 26.793057,
        "50" : 68.066355,
        "100" : 0.130660,
        "250" : 0.010000,
        "500" : 0.000000,
        "750" : 0.000000,
        "1000" : 0.000000,
        "2000" : 0.000000,
        ">=2000" : 0.000000
      },
      "latency_depth" : 4,
      "latency_target" : 0,
      "latency_percentile" : 100.000000,
      "latency_window" : 0
    }
  ]
}
