{
  "fio version" : "fio-3.29-112-gc3773",
  "timestamp" : 1649370456,
  "timestamp_ms" : 1649370456853,
  "time" : "Thu Apr  7 22:27:36 2022",
  "global options" : {
    "size" : "50M",
    "runtime" : "60",
    "rwmixread" : "50",
    "directory" : "/mnt/gfs"
  },
  "jobs" : [
    {
      "jobname" : "iotest",
      "groupid" : 0,
      "error" : 0,
      "eta" : 0,
      "elapsed" : 61,
      "job options" : {
        "rw" : "readwrite",
        "bs" : "4k",
        "ioengine" : "libaio",
        "iodepth" : "1",
        "numjobs" : "8",
        "direct" : "1",
        "group_reporting" : "1",
        "invalidate" : "1",
        "loops" : "1",
        "write_bw_log" : "./fio-bench-07-04-2022--20-28-07-seq-gfs/seqrw/gfs/readwrite50/4k/readwrite-iodepth-1-numjobs-8",
        "write_lat_log" : "./fio-bench-07-04-2022--20-28-07-seq-gfs/seqrw/gfs/readwrite50/4k/readwrite-iodepth-1-numjobs-8",
        "write_iops_log" : "./fio-bench-07-04-2022--20-28-07-seq-gfs/seqrw/gfs/readwrite50/4k/readwrite-iodepth-1-numjobs-8",
        "log_avg_msec" : "500"
      },
      "read" : {
        "io_bytes" : 152248320,
        "io_kbytes" : 148680,
        "bw_bytes" : 2537091,
        "bw" : 2477,
        "iops" : 619.407089,
        "runtime" : 60009,
        "total_ios" : 37170,
        "short_ios" : 0,
        "drop_ios" : 0,
        "slat_ns" : {
          "min" : 3842,
          "max" : 91353,
          "mean" : 8394.481356,
          "stddev" : 1563.066169,
          "N" : 37170
        },
        "clat_ns" : {
          "min" : 1252398,
          "max" : 67264978,
          "mean" : 5361370.433280,
          "stddev" : 2654213.958915,
          "N" : 37170,
          "percentile" : {
            "1.000000" : 1990656,
            "5.000000" : 2473984,
            "10.000000" : 2736128,
            "20.000000" : 3194880,
            "30.000000" : 3555328,
            "40.000000" : 4177920,
            "50.000000" : 4685824,
            "60.000000" : 5472256,
            "70.000000" : 6455296,
            "80.000000" : 7503872,
            "90.000000" : 8716288,
            "95.000000" : 9764864,
            "99.000000" : 12517376,
            "99.500000" : 13434880,
            "99.900000" : 24510464,
            "99.950000" : 29229056,
            "99.990000" : 55312384
          }
        },
        "lat_ns" : {
          "min" : 1264620,
          "max" : 67277410,
          "mean" : 5372563.567716,
          "stddev" : 2654270.353719,
          "N" : 37170
        },
        "bw_min" : 1568,
        "bw_max" : 3408,
        "bw_agg" : 99.974656,
        "bw_mean" : 2477.866667,
        "bw_dev" : 46.700186,
        "bw_samples" : 960,
        "iops_min" : 392,
        "iops_max" : 852,
        "iops_mean" : 619.466667,
        "iops_stddev" : 11.675046,
        "iops_samples" : 960
      },
      "write" : {
        "io_bytes" : 154460160,
        "io_kbytes" : 150840,
        "bw_bytes" : 2573949,
        "bw" : 2513,
        "iops" : 628.405739,
        "runtime" : 60009,
        "total_ios" : 37710,
        "short_ios" : 0,
        "drop_ios" : 0,
        "slat_ns" : {
          "min" : 16622,
          "max" : 11612686,
          "mean" : 51141.323760,
          "stddev" : 152155.758400,
          "N" : 37710
        },
        "clat_ns" : {
          "min" : 2554522,
          "max" : 42516922,
          "mean" : 7363053.677247,
          "stddev" : 2913671.074272,
          "N" : 37710,
          "percentile" : {
            "1.000000" : 2736128,
            "5.000000" : 3457024,
            "10.000000" : 3981312,
            "20.000000" : 4685824,
            "30.000000" : 5472256,
            "40.000000" : 6258688,
            "50.000000" : 7241728,
            "60.000000" : 7962624,
            "70.000000" : 8716288,
            "80.000000" : 9502720,
            "90.000000" : 11206656,
            "95.000000" : 12779520,
            "99.000000" : 15138816,
            "99.500000" : 16187392,
            "99.900000" : 18219008,
            "99.950000" : 21889024,
            "99.990000" : 36962304
          }
        },
        "lat_ns" : {
          "min" : 2627856,
          "max" : 42552820,
          "mean" : 7417151.942323,
          "stddev" : 2917884.326163,
          "N" : 37710
        },
        "bw_min" : 1816,
        "bw_max" : 3168,
        "bw_agg" : 99.975252,
        "bw_mean" : 2513.600000,
        "bw_dev" : 30.280570,
        "bw_samples" : 960,
        "iops_min" : 454,
        "iops_max" : 792,
        "iops_mean" : 628.400000,
        "iops_stddev" : 7.570142,
        "iops_samples" : 960
      },
      "trim" : {
        "io_bytes" : 0,
        "io_kbytes" : 0,
        "bw_bytes" : 0,
        "bw" : 0,
        "iops" : 0.000000,
        "runtime" : 0,
        "total_ios" : 0,
        "short_ios" : 0,
        "drop_ios" : 0,
        "slat_ns" : {
          "min" : 0,
          "max" : 0,
          "mean" : 0.000000,
          "stddev" : 0.000000,
          "N" : 0
        },
        "clat_ns" : {
          "min" : 0,
          "max" : 0,
          "mean" : 0.000000,
          "stddev" : 0.000000,
          "N" : 0
        },
        "lat_ns" : {
          "min" : 0,
          "max" : 0,
          "mean" : 0.000000,
          "stddev" : 0.000000,
          "N" : 0
        },
        "bw_min" : 0,
        "bw_max" : 0,
        "bw_agg" : 0.000000,
        "bw_mean" : 0.000000,
        "bw_dev" : 0.000000,
        "bw_samples" : 0,
        "iops_min" : 0,
        "iops_max" : 0,
        "iops_mean" : 0.000000,
        "iops_stddev" : 0.000000,
        "iops_samples" : 0
      },
      "sync" : {
        "total_ios" : 0,
        "lat_ns" : {
          "min" : 0,
          "max" : 0,
          "mean" : 0.000000,
          "stddev" : 0.000000,
          "N" : 0
        }
      },
      "job_runtime" : 480040,
      "usr_cpu" : 0.181652,
      "sys_cpu" : 0.360178,
      "ctx" : 112743,
      "majf" : 0,
      "minf" : 311,
      "iodepth_level" : {
        "1" : 100.000000,
        "2" : 0.000000,
        "4" : 0.000000,
        "8" : 0.000000,
        "16" : 0.000000,
        "32" : 0.000000,
        ">=64" : 0.000000
      },
      "iodepth_submit" : {
        "0" : 0.000000,
        "4" : 100.000000,
        "8" : 0.000000,
        "16" : 0.000000,
        "32" : 0.000000,
        "64" : 0.000000,
        ">=64" : 0.000000
      },
      "iodepth_complete" : {
        "0" : 0.000000,
        "4" : 100.000000,
        "8" : 0.000000,
        "16" : 0.000000,
        "32" : 0.000000,
        "64" : 0.000000,
        ">=64" : 0.000000
      },
      "latency_ns" : {
        "2" : 0.000000,
        "4" : 0.000000,
        "10" : 0.000000,
        "20" : 0.000000,
        "50" : 0.000000,
        "100" : 0.000000,
        "250" : 0.000000,
        "500" : 0.000000,
        "750" : 0.000000,
        "1000" : 0.000000
      },
      "latency_us" : {
        "2" : 0.000000,
        "4" : 0.000000,
        "10" : 0.000000,
        "20" : 0.000000,
        "50" : 0.000000,
        "100" : 0.000000,
        "250" : 0.000000,
        "500" : 0.000000,
        "750" : 0.000000,
        "1000" : 0.000000
      },
      "latency_ms" : {
        "2" : 0.635684,
        "4" : 24.460470,
        "10" : 64.504541,
        "20" : 10.291132,
        "50" : 0.102831,
        "100" : 0.010000,
        "250" : 0.000000,
        "500" : 0.000000,
        "750" : 0.000000,
        "1000" : 0.000000,
        "2000" : 0.000000,
        ">=2000" : 0.000000
      },
      "latency_depth" : 1,
      "latency_target" : 0,
      "latency_percentile" : 100.000000,
      "latency_window" : 0
    }
  ]
}
