{
  "fio version" : "fio-3.29-112-gc3773",
  "timestamp" : 1649372687,
  "timestamp_ms" : 1649372687807,
  "time" : "Thu Apr  7 23:04:47 2022",
  "global options" : {
    "size" : "50M",
    "runtime" : "60",
    "rwmixread" : "50",
    "directory" : "/mnt/gfs"
  },
  "jobs" : [
    {
      "jobname" : "iotest",
      "groupid" : 0,
      "error" : 0,
      "eta" : 0,
      "elapsed" : 61,
      "job options" : {
        "rw" : "readwrite",
        "bs" : "4k",
        "ioengine" : "libaio",
        "iodepth" : "1",
        "numjobs" : "64",
        "direct" : "1",
        "group_reporting" : "1",
        "invalidate" : "1",
        "loops" : "1",
        "write_bw_log" : "./fio-bench-07-04-2022--20-28-07-seq-gfs/seqrw/gfs/readwrite50/4k/readwrite-iodepth-1-numjobs-64",
        "write_lat_log" : "./fio-bench-07-04-2022--20-28-07-seq-gfs/seqrw/gfs/readwrite50/4k/readwrite-iodepth-1-numjobs-64",
        "write_iops_log" : "./fio-bench-07-04-2022--20-28-07-seq-gfs/seqrw/gfs/readwrite50/4k/readwrite-iodepth-1-numjobs-64",
        "log_avg_msec" : "500"
      },
      "read" : {
        "io_bytes" : 160858112,
        "io_kbytes" : 157088,
        "bw_bytes" : 2678691,
        "bw" : 2615,
        "iops" : 653.977452,
        "runtime" : 60051,
        "total_ios" : 39272,
        "short_ios" : 0,
        "drop_ios" : 0,
        "slat_ns" : {
          "min" : 5099,
          "max" : 79969,
          "mean" : 9986.997377,
          "stddev" : 1942.762703,
          "N" : 39272
        },
        "clat_ns" : {
          "min" : 2427968,
          "max" : 1173095452,
          "mean" : 38544429.791327,
          "stddev" : 21586338.719465,
          "N" : 39272,
          "percentile" : {
            "1.000000" : 4947968,
            "5.000000" : 9240576,
            "10.000000" : 13697024,
            "20.000000" : 20316160,
            "30.000000" : 26083328,
            "40.000000" : 31064064,
            "50.000000" : 35389440,
            "60.000000" : 40632320,
            "70.000000" : 48496640,
            "80.000000" : 58982400,
            "90.000000" : 67633152,
            "95.000000" : 72876032,
            "99.000000" : 82313216,
            "99.500000" : 84410368,
            "99.900000" : 90701824,
            "99.950000" : 93847552,
            "99.990000" : 122159104
          }
        },
        "lat_ns" : {
          "min" : 2437327,
          "max" : 1173109979,
          "mean" : 38557396.634345,
          "stddev" : 21586542.307291,
          "N" : 39272
        },
        "bw_min" : 639,
        "bw_max" : 5512,
        "bw_agg" : 100.000000,
        "bw_mean" : 2634.065366,
        "bw_dev" : 16.076858,
        "bw_samples" : 7621,
        "iops_min" : 159,
        "iops_max" : 1378,
        "iops_mean" : 658.428152,
        "iops_stddev" : 4.019768,
        "iops_samples" : 7621
      },
      "write" : {
        "io_bytes" : 160980992,
        "io_kbytes" : 157208,
        "bw_bytes" : 2680737,
        "bw" : 2617,
        "iops" : 654.477028,
        "runtime" : 60051,
        "total_ios" : 39302,
        "short_ios" : 0,
        "drop_ios" : 0,
        "slat_ns" : {
          "min" : 18718,
          "max" : 9172347,
          "mean" : 62549.220447,
          "stddev" : 206183.918174,
          "N" : 39302
        },
        "clat_ns" : {
          "min" : 11411324,
          "max" : 1161342883,
          "mean" : 59122707.457559,
          "stddev" : 17729761.741766,
          "N" : 39302,
          "percentile" : {
            "1.000000" : 25296896,
            "5.000000" : 31588352,
            "10.000000" : 35389440,
            "20.000000" : 41156608,
            "30.000000" : 47972352,
            "40.000000" : 57409536,
            "50.000000" : 62652416,
            "60.000000" : 66322432,
            "70.000000" : 69730304,
            "80.000000" : 73924608,
            "90.000000" : 79167488,
            "95.000000" : 82313216,
            "99.000000" : 89653248,
            "99.500000" : 91750400,
            "99.900000" : 100139008,
            "99.950000" : 115867648,
            "99.990000" : 185597952
          }
        },
        "lat_ns" : {
          "min" : 11518740,
          "max" : 1161383880,
          "mean" : 59188503.955549,
          "stddev" : 17734564.064699,
          "N" : 39302
        },
        "bw_min" : 958,
        "bw_max" : 4216,
        "bw_agg" : 100.000000,
        "bw_mean" : 2622.313037,
        "bw_dev" : 10.346146,
        "bw_samples" : 7659,
        "iops_min" : 238,
        "iops_max" : 1054,
        "iops_mean" : 655.490390,
        "iops_stddev" : 2.587309,
        "iops_samples" : 7659
      },
      "trim" : {
        "io_bytes" : 0,
        "io_kbytes" : 0,
        "bw_bytes" : 0,
        "bw" : 0,
        "iops" : 0.000000,
        "runtime" : 0,
        "total_ios" : 0,
        "short_ios" : 0,
        "drop_ios" : 0,
        "slat_ns" : {
          "min" : 0,
          "max" : 0,
          "mean" : 0.000000,
          "stddev" : 0.000000,
          "N" : 0
        },
        "clat_ns" : {
          "min" : 0,
          "max" : 0,
          "mean" : 0.000000,
          "stddev" : 0.000000,
          "N" : 0
        },
        "lat_ns" : {
          "min" : 0,
          "max" : 0,
          "mean" : 0.000000,
          "stddev" : 0.000000,
          "N" : 0
        },
        "bw_min" : 0,
        "bw_max" : 0,
        "bw_agg" : 0.000000,
        "bw_mean" : 0.000000,
        "bw_dev" : 0.000000,
        "bw_samples" : 0,
        "iops_min" : 0,
        "iops_max" : 0,
        "iops_mean" : 0.000000,
        "iops_stddev" : 0.000000,
        "iops_samples" : 0
      },
      "sync" : {
        "total_ios" : 0,
        "lat_ns" : {
          "min" : 0,
          "max" : 0,
          "mean" : 0.000000,
          "stddev" : 0.000000,
          "N" : 0
        }
      },
      "job_runtime" : 3841674,
      "usr_cpu" : 0.035427,
      "sys_cpu" : 0.051410,
      "ctx" : 118111,
      "majf" : 0,
      "minf" : 2724,
      "iodepth_level" : {
        "1" : 100.000000,
        "2" : 0.000000,
        "4" : 0.000000,
        "8" : 0.000000,
        "16" : 0.000000,
        "32" : 0.000000,
        ">=64" : 0.000000
      },
      "iodepth_submit" : {
        "0" : 0.000000,
        "4" : 100.000000,
        "8" : 0.000000,
        "16" : 0.000000,
        "32" : 0.000000,
        "64" : 0.000000,
        ">=64" : 0.000000
      },
      "iodepth_complete" : {
        "0" : 0.000000,
        "4" : 100.000000,
        "8" : 0.000000,
        "16" : 0.000000,
        "32" : 0.000000,
        "64" : 0.000000,
        ">=64" : 0.000000
      },
      "latency_ns" : {
        "2" : 0.000000,
        "4" : 0.000000,
        "10" : 0.000000,
        "20" : 0.000000,
        "50" : 0.000000,
        "100" : 0.000000,
        "250" : 0.000000,
        "500" : 0.000000,
        "750" : 0.000000,
        "1000" : 0.000000
      },
      "latency_us" : {
        "2" : 0.000000,
        "4" : 0.000000,
        "10" : 0.000000,
        "20" : 0.000000,
        "50" : 0.000000,
        "100" : 0.000000,
        "250" : 0.000000,
        "500" : 0.000000,
        "750" : 0.000000,
        "1000" : 0.000000
      },
      "latency_ms" : {
        "2" : 0.000000,
        "4" : 0.291445,
        "10" : 2.687912,
        "20" : 6.900501,
        "50" : 41.573549,
        "100" : 48.482959,
        "250" : 0.055998,
        "500" : 0.010000,
        "750" : 0.010000,
        "1000" : 0.000000,
        "2000" : 0.010000,
        ">=2000" : 0.000000
      },
      "latency_depth" : 1,
      "latency_target" : 0,
      "latency_percentile" : 100.000000,
      "latency_window" : 0
    }
  ]
}
