{
  "fio version" : "fio-3.29-112-gc3773",
  "timestamp" : 1649373206,
  "timestamp_ms" : 1649373206032,
  "time" : "Thu Apr  7 23:13:26 2022",
  "global options" : {
    "size" : "50M",
    "runtime" : "60",
    "rwmixread" : "50",
    "directory" : "/mnt/gfs"
  },
  "jobs" : [
    {
      "jobname" : "iotest",
      "groupid" : 0,
      "error" : 0,
      "eta" : 0,
      "elapsed" : 61,
      "job options" : {
        "rw" : "readwrite",
        "bs" : "4k",
        "ioengine" : "libaio",
        "iodepth" : "4",
        "numjobs" : "16",
        "direct" : "1",
        "group_reporting" : "1",
        "invalidate" : "1",
        "loops" : "1",
        "write_bw_log" : "./fio-bench-07-04-2022--20-28-07-seq-gfs/seqrw/gfs/readwrite50/4k/readwrite-iodepth-4-numjobs-16",
        "write_lat_log" : "./fio-bench-07-04-2022--20-28-07-seq-gfs/seqrw/gfs/readwrite50/4k/readwrite-iodepth-4-numjobs-16",
        "write_iops_log" : "./fio-bench-07-04-2022--20-28-07-seq-gfs/seqrw/gfs/readwrite50/4k/readwrite-iodepth-4-numjobs-16",
        "log_avg_msec" : "500"
      },
      "read" : {
        "io_bytes" : 160022528,
        "io_kbytes" : 156272,
        "bw_bytes" : 2664777,
        "bw" : 2602,
        "iops" : 650.580340,
        "runtime" : 60051,
        "total_ios" : 39068,
        "short_ios" : 0,
        "drop_ios" : 0,
        "slat_ns" : {
          "min" : 3282,
          "max" : 94985,
          "mean" : 8909.141164,
          "stddev" : 1818.964116,
          "N" : 39068
        },
        "clat_ns" : {
          "min" : 2466314,
          "max" : 134072843,
          "mean" : 42239612.514590,
          "stddev" : 21165873.284262,
          "N" : 39068,
          "percentile" : {
            "1.000000" : 6258688,
            "5.000000" : 12517376,
            "10.000000" : 16318464,
            "20.000000" : 21889024,
            "30.000000" : 26083328,
            "40.000000" : 30801920,
            "50.000000" : 38010880,
            "60.000000" : 51118080,
            "70.000000" : 58458112,
            "80.000000" : 63700992,
            "90.000000" : 70778880,
            "95.000000" : 76021760,
            "99.000000" : 84410368,
            "99.500000" : 86507520,
            "99.900000" : 93847552,
            "99.950000" : 96993280,
            "99.990000" : 109576192
          }
        },
        "lat_ns" : {
          "min" : 2477768,
          "max" : 134086602,
          "mean" : 42251344.825637,
          "stddev" : 21166037.673566,
          "N" : 39068
        },
        "bw_min" : 1232,
        "bw_max" : 4216,
        "bw_agg" : 99.987654,
        "bw_mean" : 2602.933333,
        "bw_dev" : 35.959199,
        "bw_samples" : 1920,
        "iops_min" : 308,
        "iops_max" : 1054,
        "iops_mean" : 650.733333,
        "iops_stddev" : 8.989800,
        "iops_samples" : 1920
      },
      "write" : {
        "io_bytes" : 160886784,
        "io_kbytes" : 157116,
        "bw_bytes" : 2679169,
        "bw" : 2616,
        "iops" : 654.094020,
        "runtime" : 60051,
        "total_ios" : 39279,
        "short_ios" : 0,
        "drop_ios" : 0,
        "slat_ns" : {
          "min" : 14877,
          "max" : 9171731,
          "mean" : 58287.968049,
          "stddev" : 152955.594361,
          "N" : 39279
        },
        "clat_ns" : {
          "min" : 6458386,
          "max" : 609622611,
          "mean" : 55701254.676723,
          "stddev" : 23109043.520433,
          "N" : 39279,
          "percentile" : {
            "1.000000" : 16318464,
            "5.000000" : 22675456,
            "10.000000" : 26345472,
            "20.000000" : 32374784,
            "30.000000" : 40108032,
            "40.000000" : 54788096,
            "50.000000" : 60555264,
            "60.000000" : 64749568,
            "70.000000" : 68681728,
            "80.000000" : 72876032,
            "90.000000" : 78118912,
            "95.000000" : 82313216,
            "99.000000" : 91750400,
            "99.500000" : 95944704,
            "99.900000" : 304087040,
            "99.950000" : 354418688,
            "99.990000" : 404750336
          }
        },
        "lat_ns" : {
          "min" : 6488418,
          "max" : 609656694,
          "mean" : 55762570.453601,
          "stddev" : 23108177.780580,
          "N" : 39279
        },
        "bw_min" : 1544,
        "bw_max" : 3448,
        "bw_agg" : 99.985630,
        "bw_mean" : 2616.066667,
        "bw_dev" : 22.354045,
        "bw_samples" : 1920,
        "iops_min" : 386,
        "iops_max" : 862,
        "iops_mean" : 654.016667,
        "iops_stddev" : 5.588511,
        "iops_samples" : 1920
      },
      "trim" : {
        "io_bytes" : 0,
        "io_kbytes" : 0,
        "bw_bytes" : 0,
        "bw" : 0,
        "iops" : 0.000000,
        "runtime" : 0,
        "total_ios" : 0,
        "short_ios" : 0,
        "drop_ios" : 0,
        "slat_ns" : {
          "min" : 0,
          "max" : 0,
          "mean" : 0.000000,
          "stddev" : 0.000000,
          "N" : 0
        },
        "clat_ns" : {
          "min" : 0,
          "max" : 0,
          "mean" : 0.000000,
          "stddev" : 0.000000,
          "N" : 0
        },
        "lat_ns" : {
          "min" : 0,
          "max" : 0,
          "mean" : 0.000000,
          "stddev" : 0.000000,
          "N" : 0
        },
        "bw_min" : 0,
        "bw_max" : 0,
        "bw_agg" : 0.000000,
        "bw_mean" : 0.000000,
        "bw_dev" : 0.000000,
        "bw_samples" : 0,
        "iops_min" : 0,
        "iops_max" : 0,
        "iops_mean" : 0.000000,
        "iops_stddev" : 0.000000,
        "iops_samples" : 0
      },
      "sync" : {
        "total_ios" : 0,
        "lat_ns" : {
          "min" : 0,
          "max" : 0,
          "mean" : 0.000000,
          "stddev" : 0.000000,
          "N" : 0
        }
      },
      "job_runtime" : 960578,
      "usr_cpu" : 0.113057,
      "sys_cpu" : 0.187179,
      "ctx" : 117323,
      "majf" : 0,
      "minf" : 623,
      "iodepth_level" : {
        "1" : 0.100000,
        "2" : 0.100000,
        "4" : 99.938734,
        "8" : 0.000000,
        "16" : 0.000000,
        "32" : 0.000000,
        ">=64" : 0.000000
      },
      "iodepth_submit" : {
        "0" : 0.000000,
        "4" : 100.000000,
        "8" : 0.000000,
        "16" : 0.000000,
        "32" : 0.000000,
        "64" : 0.000000,
        ">=64" : 0.000000
      },
      "iodepth_complete" : {
        "0" : 0.000000,
        "4" : 100.000000,
        "8" : 0.000000,
        "16" : 0.000000,
        "32" : 0.000000,
        "64" : 0.000000,
        ">=64" : 0.000000
      },
      "latency_ns" : {
        "2" : 0.000000,
        "4" : 0.000000,
        "10" : 0.000000,
        "20" : 0.000000,
        "50" : 0.000000,
        "100" : 0.000000,
        "250" : 0.000000,
        "500" : 0.000000,
        "750" : 0.000000,
        "1000" : 0.000000
      },
      "latency_us" : {
        "2" : 0.000000,
        "4" : 0.000000,
        "10" : 0.000000,
        "20" : 0.000000,
        "50" : 0.000000,
        "100" : 0.000000,
        "250" : 0.000000,
        "500" : 0.000000,
        "750" : 0.000000,
        "1000" : 0.000000
      },
      "latency_ms" : {
        "2" : 0.000000,
        "4" : 0.128914,
        "10" : 1.478040,
        "20" : 8.000306,
        "50" : 37.122034,
        "100" : 53.100948,
        "250" : 0.089346,
        "500" : 0.076582,
        "750" : 0.010000,
        "1000" : 0.000000,
        "2000" : 0.000000,
        ">=2000" : 0.000000
      },
      "latency_depth" : 4,
      "latency_target" : 0,
      "latency_percentile" : 100.000000,
      "latency_window" : 0
    }
  ]
}
