{
  "fio version" : "fio-3.29-112-gc3773",
  "timestamp" : 1649373960,
  "timestamp_ms" : 1649373960944,
  "time" : "Thu Apr  7 23:26:00 2022",
  "global options" : {
    "size" : "50M",
    "runtime" : "60",
    "rwmixread" : "50",
    "directory" : "/mnt/gfs"
  },
  "jobs" : [
    {
      "jobname" : "iotest",
      "groupid" : 0,
      "error" : 0,
      "eta" : 0,
      "elapsed" : 11,
      "job options" : {
        "rw" : "readwrite",
        "bs" : "4k",
        "ioengine" : "libaio",
        "iodepth" : "32",
        "numjobs" : "1",
        "direct" : "1",
        "group_reporting" : "1",
        "invalidate" : "1",
        "loops" : "1",
        "write_bw_log" : "./fio-bench-07-04-2022--20-28-07-seq-gfs/seqrw/gfs/readwrite50/4k/readwrite-iodepth-32-numjobs-1",
        "write_lat_log" : "./fio-bench-07-04-2022--20-28-07-seq-gfs/seqrw/gfs/readwrite50/4k/readwrite-iodepth-32-numjobs-1",
        "write_iops_log" : "./fio-bench-07-04-2022--20-28-07-seq-gfs/seqrw/gfs/readwrite50/4k/readwrite-iodepth-32-numjobs-1",
        "log_avg_msec" : "500"
      },
      "read" : {
        "io_bytes" : 26136576,
        "io_kbytes" : 25524,
        "bw_bytes" : 2635001,
        "bw" : 2573,
        "iops" : 643.310818,
        "runtime" : 9919,
        "total_ios" : 6381,
        "short_ios" : 0,
        "drop_ios" : 0,
        "slat_ns" : {
          "min" : 2934,
          "max" : 40718,
          "mean" : 7899.422661,
          "stddev" : 1894.823805,
          "N" : 6381
        },
        "clat_ns" : {
          "min" : 3629941,
          "max" : 41781408,
          "mean" : 24138850.305125,
          "stddev" : 4962842.436619,
          "N" : 6381,
          "percentile" : {
            "1.000000" : 11468800,
            "5.000000" : 15269888,
            "10.000000" : 17432576,
            "20.000000" : 20054016,
            "30.000000" : 21889024,
            "40.000000" : 23199744,
            "50.000000" : 24510464,
            "60.000000" : 25821184,
            "70.000000" : 26869760,
            "80.000000" : 28442624,
            "90.000000" : 30277632,
            "95.000000" : 31588352,
            "99.000000" : 33816576,
            "99.500000" : 35389440,
            "99.900000" : 36962304,
            "99.950000" : 40632320,
            "99.990000" : 41680896
          }
        },
        "lat_ns" : {
          "min" : 3641535,
          "max" : 41790208,
          "mean" : 24149520.378624,
          "stddev" : 4962804.528112,
          "N" : 6381
        },
        "bw_min" : 2248,
        "bw_max" : 2877,
        "bw_agg" : 99.368767,
        "bw_mean" : 2557.157895,
        "bw_dev" : 200.972155,
        "bw_samples" : 19,
        "iops_min" : 562,
        "iops_max" : 719,
        "iops_mean" : 639.263158,
        "iops_stddev" : 50.219343,
        "iops_samples" : 19
      },
      "write" : {
        "io_bytes" : 26292224,
        "io_kbytes" : 25676,
        "bw_bytes" : 2650693,
        "bw" : 2588,
        "iops" : 647.141849,
        "runtime" : 9919,
        "total_ios" : 6419,
        "short_ios" : 0,
        "drop_ios" : 0,
        "slat_ns" : {
          "min" : 16832,
          "max" : 4006107,
          "mean" : 69299.152360,
          "stddev" : 72779.204610,
          "N" : 6419
        },
        "clat_ns" : {
          "min" : 4212279,
          "max" : 50579269,
          "mean" : 25340777.343667,
          "stddev" : 5035259.696513,
          "N" : 6419,
          "percentile" : {
            "1.000000" : 11993088,
            "5.000000" : 16318464,
            "10.000000" : 18743296,
            "20.000000" : 21364736,
            "30.000000" : 23199744,
            "40.000000" : 24510464,
            "50.000000" : 25559040,
            "60.000000" : 26869760,
            "70.000000" : 27918336,
            "80.000000" : 29491200,
            "90.000000" : 31326208,
            "95.000000" : 32899072,
            "99.000000" : 35913728,
            "99.500000" : 37486592,
            "99.900000" : 43778048,
            "99.950000" : 47448064,
            "99.990000" : 50593792
          }
        },
        "lat_ns" : {
          "min" : 4921310,
          "max" : 50618870,
          "mean" : 25413064.693722,
          "stddev" : 5034697.729553,
          "N" : 6419
        },
        "bw_min" : 2424,
        "bw_max" : 2640,
        "bw_agg" : 99.939450,
        "bw_mean" : 2587.052632,
        "bw_dev" : 47.563377,
        "bw_samples" : 19,
        "iops_min" : 606,
        "iops_max" : 660,
        "iops_mean" : 646.736842,
        "iops_stddev" : 11.878281,
        "iops_samples" : 19
      },
      "trim" : {
        "io_bytes" : 0,
        "io_kbytes" : 0,
        "bw_bytes" : 0,
        "bw" : 0,
        "iops" : 0.000000,
        "runtime" : 0,
        "total_ios" : 0,
        "short_ios" : 0,
        "drop_ios" : 0,
        "slat_ns" : {
          "min" : 0,
          "max" : 0,
          "mean" : 0.000000,
          "stddev" : 0.000000,
          "N" : 0
        },
        "clat_ns" : {
          "min" : 0,
          "max" : 0,
          "mean" : 0.000000,
          "stddev" : 0.000000,
          "N" : 0
        },
        "lat_ns" : {
          "min" : 0,
          "max" : 0,
          "mean" : 0.000000,
          "stddev" : 0.000000,
          "N" : 0
        },
        "bw_min" : 0,
        "bw_max" : 0,
        "bw_agg" : 0.000000,
        "bw_mean" : 0.000000,
        "bw_dev" : 0.000000,
        "bw_samples" : 0,
        "iops_min" : 0,
        "iops_max" : 0,
        "iops_mean" : 0.000000,
        "iops_stddev" : 0.000000,
        "iops_samples" : 0
      },
      "sync" : {
        "total_ios" : 0,
        "lat_ns" : {
          "min" : 0,
          "max" : 0,
          "mean" : 0.000000,
          "stddev" : 0.000000,
          "N" : 0
        }
      },
      "job_runtime" : 9918,
      "usr_cpu" : 1.492236,
      "sys_cpu" : 2.772736,
      "ctx" : 17381,
      "majf" : 0,
      "minf" : 38,
      "iodepth_level" : {
        "1" : 0.100000,
        "2" : 0.100000,
        "4" : 0.100000,
        "8" : 0.100000,
        "16" : 0.125000,
        "32" : 99.757812,
        ">=64" : 0.000000
      },
      "iodepth_submit" : {
        "0" : 0.000000,
        "4" : 100.000000,
        "8" : 0.000000,
        "16" : 0.000000,
        "32" : 0.000000,
        "64" : 0.000000,
        ">=64" : 0.000000
      },
      "iodepth_complete" : {
        "0" : 0.000000,
        "4" : 99.992169,
        "8" : 0.000000,
        "16" : 0.000000,
        "32" : 0.100000,
        "64" : 0.000000,
        ">=64" : 0.000000
      },
      "latency_ns" : {
        "2" : 0.000000,
        "4" : 0.000000,
        "10" : 0.000000,
        "20" : 0.000000,
        "50" : 0.000000,
        "100" : 0.000000,
        "250" : 0.000000,
        "500" : 0.000000,
        "750" : 0.000000,
        "1000" : 0.000000
      },
      "latency_us" : {
        "2" : 0.000000,
        "4" : 0.000000,
        "10" : 0.000000,
        "20" : 0.000000,
        "50" : 0.000000,
        "100" : 0.000000,
        "250" : 0.000000,
        "500" : 0.000000,
        "750" : 0.000000,
        "1000" : 0.000000
      },
      "latency_ms" : {
        "2" : 0.000000,
        "4" : 0.015625,
        "10" : 0.453125,
        "20" : 16.609375,
        "50" : 82.914062,
        "100" : 0.010000,
        "250" : 0.000000,
        "500" : 0.000000,
        "750" : 0.000000,
        "1000" : 0.000000,
        "2000" : 0.000000,
        ">=2000" : 0.000000
      },
      "latency_depth" : 32,
      "latency_target" : 0,
      "latency_percentile" : 100.000000,
      "latency_window" : 0
    }
  ]
}
