{
  "fio version" : "fio-3.29-112-gc3773",
  "timestamp" : 1649369273,
  "timestamp_ms" : 1649369273139,
  "time" : "Thu Apr  7 22:07:53 2022",
  "global options" : {
    "size" : "50M",
    "runtime" : "60",
    "directory" : "/mnt/gfs"
  },
  "jobs" : [
    {
      "jobname" : "iotest",
      "groupid" : 0,
      "error" : 0,
      "eta" : 0,
      "elapsed" : 61,
      "job options" : {
        "rw" : "write",
        "bs" : "4k",
        "ioengine" : "libaio",
        "iodepth" : "16",
        "numjobs" : "64",
        "direct" : "1",
        "group_reporting" : "1",
        "invalidate" : "1",
        "loops" : "1",
        "write_bw_log" : "./fio-bench-07-04-2022--20-28-07-seq-gfs/seqwrite/gfs/4k/write-iodepth-16-numjobs-64",
        "write_lat_log" : "./fio-bench-07-04-2022--20-28-07-seq-gfs/seqwrite/gfs/4k/write-iodepth-16-numjobs-64",
        "write_iops_log" : "./fio-bench-07-04-2022--20-28-07-seq-gfs/seqwrite/gfs/4k/write-iodepth-16-numjobs-64",
        "log_avg_msec" : "500"
      },
      "read" : {
        "io_bytes" : 0,
        "io_kbytes" : 0,
        "bw_bytes" : 0,
        "bw" : 0,
        "iops" : 0.000000,
        "runtime" : 0,
        "total_ios" : 0,
        "short_ios" : 0,
        "drop_ios" : 0,
        "slat_ns" : {
          "min" : 0,
          "max" : 0,
          "mean" : 0.000000,
          "stddev" : 0.000000,
          "N" : 0
        },
        "clat_ns" : {
          "min" : 0,
          "max" : 0,
          "mean" : 0.000000,
          "stddev" : 0.000000,
          "N" : 0
        },
        "lat_ns" : {
          "min" : 0,
          "max" : 0,
          "mean" : 0.000000,
          "stddev" : 0.000000,
          "N" : 0
        },
        "bw_min" : 0,
        "bw_max" : 0,
        "bw_agg" : 0.000000,
        "bw_mean" : 0.000000,
        "bw_dev" : 0.000000,
        "bw_samples" : 0,
        "iops_min" : 0,
        "iops_max" : 0,
        "iops_mean" : 0.000000,
        "iops_stddev" : 0.000000,
        "iops_samples" : 0
      },
      "write" : {
        "io_bytes" : 163000320,
        "io_kbytes" : 159180,
        "bw_bytes" : 2707376,
        "bw" : 2643,
        "iops" : 660.980633,
        "runtime" : 60206,
        "total_ios" : 39795,
        "short_ios" : 0,
        "drop_ios" : 0,
        "slat_ns" : {
          "min" : 115030,
          "max" : 288426132,
          "mean" : 96555244.258374,
          "stddev" : 10304937.995580,
          "N" : 39795
        },
        "clat_ns" : {
          "min" : 3770754,
          "max" : 1653374679,
          "mean" : 1434222110.044553,
          "stddev" : 132455674.005915,
          "N" : 39795,
          "percentile" : {
            "1.000000" : 608174080,
            "5.000000" : 1350565888,
            "10.000000" : 1451229184,
            "20.000000" : 1451229184,
            "30.000000" : 1451229184,
            "40.000000" : 1451229184,
            "50.000000" : 1451229184,
            "60.000000" : 1451229184,
            "70.000000" : 1451229184,
            "80.000000" : 1451229184,
            "90.000000" : 1468006400,
            "95.000000" : 1551892480,
            "99.000000" : 1551892480,
            "99.500000" : 1551892480,
            "99.900000" : 1635778560,
            "99.950000" : 1652555776,
            "99.990000" : 1652555776
          }
        },
        "lat_ns" : {
          "min" : 101837111,
          "max" : 1751207349,
          "mean" : 1530781939.170197,
          "stddev" : 132812587.230566,
          "N" : 39795
        },
        "bw_min" : 1132,
        "bw_max" : 3264,
        "bw_agg" : 99.624729,
        "bw_mean" : 2634.156751,
        "bw_dev" : 4.147441,
        "bw_samples" : 7533,
        "iops_min" : 268,
        "iops_max" : 816,
        "iops_mean" : 658.353772,
        "iops_stddev" : 1.047874,
        "iops_samples" : 7533
      },
      "trim" : {
        "io_bytes" : 0,
        "io_kbytes" : 0,
        "bw_bytes" : 0,
        "bw" : 0,
        "iops" : 0.000000,
        "runtime" : 0,
        "total_ios" : 0,
        "short_ios" : 0,
        "drop_ios" : 0,
        "slat_ns" : {
          "min" : 0,
          "max" : 0,
          "mean" : 0.000000,
          "stddev" : 0.000000,
          "N" : 0
        },
        "clat_ns" : {
          "min" : 0,
          "max" : 0,
          "mean" : 0.000000,
          "stddev" : 0.000000,
          "N" : 0
        },
        "lat_ns" : {
          "min" : 0,
          "max" : 0,
          "mean" : 0.000000,
          "stddev" : 0.000000,
          "N" : 0
        },
        "bw_min" : 0,
        "bw_max" : 0,
        "bw_agg" : 0.000000,
        "bw_mean" : 0.000000,
        "bw_dev" : 0.000000,
        "bw_samples" : 0,
        "iops_min" : 0,
        "iops_max" : 0,
        "iops_mean" : 0.000000,
        "iops_stddev" : 0.000000,
        "iops_samples" : 0
      },
      "sync" : {
        "total_ios" : 0,
        "lat_ns" : {
          "min" : 0,
          "max" : 0,
          "mean" : 0.000000,
          "stddev" : 0.000000,
          "N" : 0
        }
      },
      "job_runtime" : 3847088,
      "usr_cpu" : 0.027007,
      "sys_cpu" : 0.022589,
      "ctx" : 79853,
      "majf" : 0,
      "minf" : 2507,
      "iodepth_level" : {
        "1" : 0.160824,
        "2" : 0.321648,
        "4" : 0.643297,
        "8" : 1.286594,
        "16" : 97.587637,
        "32" : 0.000000,
        ">=64" : 0.000000
      },
      "iodepth_submit" : {
        "0" : 0.000000,
        "4" : 100.000000,
        "8" : 0.000000,
        "16" : 0.000000,
        "32" : 0.000000,
        "64" : 0.000000,
        ">=64" : 0.000000
      },
      "iodepth_complete" : {
        "0" : 0.000000,
        "4" : 99.835471,
        "8" : 0.000000,
        "16" : 0.164529,
        "32" : 0.000000,
        "64" : 0.000000,
        ">=64" : 0.000000
      },
      "latency_ns" : {
        "2" : 0.000000,
        "4" : 0.000000,
        "10" : 0.000000,
        "20" : 0.000000,
        "50" : 0.000000,
        "100" : 0.000000,
        "250" : 0.000000,
        "500" : 0.000000,
        "750" : 0.000000,
        "1000" : 0.000000
      },
      "latency_us" : {
        "2" : 0.000000,
        "4" : 0.000000,
        "10" : 0.000000,
        "20" : 0.000000,
        "50" : 0.000000,
        "100" : 0.000000,
        "250" : 0.000000,
        "500" : 0.000000,
        "750" : 0.000000,
        "1000" : 0.000000
      },
      "latency_ms" : {
        "2" : 0.000000,
        "4" : 0.010000,
        "10" : 0.037693,
        "20" : 0.037693,
        "50" : 0.020103,
        "100" : 0.010000,
        "250" : 0.306571,
        "500" : 0.386983,
        "750" : 0.429702,
        "1000" : 0.437241,
        "2000" : 98.338987,
        ">=2000" : 0.000000
      },
      "latency_depth" : 16,
      "latency_target" : 0,
      "latency_percentile" : 100.000000,
      "latency_window" : 0
    }
  ]
}
