{
  "fio version" : "fio-3.29-112-gc3773",
  "timestamp" : 1649367949,
  "timestamp_ms" : 1649367949439,
  "time" : "Thu Apr  7 21:45:49 2022",
  "global options" : {
    "size" : "50M",
    "runtime" : "60",
    "directory" : "/mnt/gfs"
  },
  "jobs" : [
    {
      "jobname" : "iotest",
      "groupid" : 0,
      "error" : 0,
      "eta" : 0,
      "elapsed" : 61,
      "job options" : {
        "rw" : "write",
        "bs" : "4k",
        "ioengine" : "libaio",
        "iodepth" : "2",
        "numjobs" : "4",
        "direct" : "1",
        "group_reporting" : "1",
        "invalidate" : "1",
        "loops" : "1",
        "write_bw_log" : "./fio-bench-07-04-2022--20-28-07-seq-gfs/seqwrite/gfs/4k/write-iodepth-2-numjobs-4",
        "write_lat_log" : "./fio-bench-07-04-2022--20-28-07-seq-gfs/seqwrite/gfs/4k/write-iodepth-2-numjobs-4",
        "write_iops_log" : "./fio-bench-07-04-2022--20-28-07-seq-gfs/seqwrite/gfs/4k/write-iodepth-2-numjobs-4",
        "log_avg_msec" : "500"
      },
      "read" : {
        "io_bytes" : 0,
        "io_kbytes" : 0,
        "bw_bytes" : 0,
        "bw" : 0,
        "iops" : 0.000000,
        "runtime" : 0,
        "total_ios" : 0,
        "short_ios" : 0,
        "drop_ios" : 0,
        "slat_ns" : {
          "min" : 0,
          "max" : 0,
          "mean" : 0.000000,
          "stddev" : 0.000000,
          "N" : 0
        },
        "clat_ns" : {
          "min" : 0,
          "max" : 0,
          "mean" : 0.000000,
          "stddev" : 0.000000,
          "N" : 0
        },
        "lat_ns" : {
          "min" : 0,
          "max" : 0,
          "mean" : 0.000000,
          "stddev" : 0.000000,
          "N" : 0
        },
        "bw_min" : 0,
        "bw_max" : 0,
        "bw_agg" : 0.000000,
        "bw_mean" : 0.000000,
        "bw_dev" : 0.000000,
        "bw_samples" : 0,
        "iops_min" : 0,
        "iops_max" : 0,
        "iops_mean" : 0.000000,
        "iops_stddev" : 0.000000,
        "iops_samples" : 0
      },
      "write" : {
        "io_bytes" : 161816576,
        "io_kbytes" : 158024,
        "bw_bytes" : 2696673,
        "bw" : 2633,
        "iops" : 658.367497,
        "runtime" : 60006,
        "total_ios" : 39506,
        "short_ios" : 0,
        "drop_ios" : 0,
        "slat_ns" : {
          "min" : 20254,
          "max" : 8387884,
          "mean" : 40175.568926,
          "stddev" : 135692.022496,
          "N" : 39506
        },
        "clat_ns" : {
          "min" : 4196910,
          "max" : 63505675,
          "mean" : 11957934.214347,
          "stddev" : 4393827.294690,
          "N" : 39506,
          "percentile" : {
            "1.000000" : 5931008,
            "5.000000" : 8224768,
            "10.000000" : 8454144,
            "20.000000" : 8847360,
            "30.000000" : 8978432,
            "40.000000" : 8978432,
            "50.000000" : 9240576,
            "60.000000" : 9895936,
            "70.000000" : 16449536,
            "80.000000" : 17694720,
            "90.000000" : 18219008,
            "95.000000" : 19005440,
            "99.000000" : 20840448,
            "99.500000" : 21102592,
            "99.900000" : 22151168,
            "99.950000" : 29229056,
            "99.990000" : 53739520
          }
        },
        "lat_ns" : {
          "min" : 4229177,
          "max" : 63541364,
          "mean" : 12001034.105250,
          "stddev" : 4395149.806714,
          "N" : 39506
        },
        "bw_min" : 2440,
        "bw_max" : 4449,
        "bw_agg" : 100.000000,
        "bw_mean" : 2673.362393,
        "bw_dev" : 88.891621,
        "bw_samples" : 474,
        "iops_min" : 610,
        "iops_max" : 1112,
        "iops_mean" : 668.280769,
        "iops_stddev" : 22.223210,
        "iops_samples" : 474
      },
      "trim" : {
        "io_bytes" : 0,
        "io_kbytes" : 0,
        "bw_bytes" : 0,
        "bw" : 0,
        "iops" : 0.000000,
        "runtime" : 0,
        "total_ios" : 0,
        "short_ios" : 0,
        "drop_ios" : 0,
        "slat_ns" : {
          "min" : 0,
          "max" : 0,
          "mean" : 0.000000,
          "stddev" : 0.000000,
          "N" : 0
        },
        "clat_ns" : {
          "min" : 0,
          "max" : 0,
          "mean" : 0.000000,
          "stddev" : 0.000000,
          "N" : 0
        },
        "lat_ns" : {
          "min" : 0,
          "max" : 0,
          "mean" : 0.000000,
          "stddev" : 0.000000,
          "N" : 0
        },
        "bw_min" : 0,
        "bw_max" : 0,
        "bw_agg" : 0.000000,
        "bw_mean" : 0.000000,
        "bw_dev" : 0.000000,
        "bw_samples" : 0,
        "iops_min" : 0,
        "iops_max" : 0,
        "iops_mean" : 0.000000,
        "iops_stddev" : 0.000000,
        "iops_samples" : 0
      },
      "sync" : {
        "total_ios" : 0,
        "lat_ns" : {
          "min" : 0,
          "max" : 0,
          "mean" : 0.000000,
          "stddev" : 0.000000,
          "N" : 0
        }
      },
      "job_runtime" : 237226,
      "usr_cpu" : 0.241120,
      "sys_cpu" : 0.428284,
      "ctx" : 79041,
      "majf" : 0,
      "minf" : 147,
      "iodepth_level" : {
        "1" : 0.100000,
        "2" : 99.989875,
        "4" : 0.000000,
        "8" : 0.000000,
        "16" : 0.000000,
        "32" : 0.000000,
        ">=64" : 0.000000
      },
      "iodepth_submit" : {
        "0" : 0.000000,
        "4" : 100.000000,
        "8" : 0.000000,
        "16" : 0.000000,
        "32" : 0.000000,
        "64" : 0.000000,
        ">=64" : 0.000000
      },
      "iodepth_complete" : {
        "0" : 0.000000,
        "4" : 100.000000,
        "8" : 0.000000,
        "16" : 0.000000,
        "32" : 0.000000,
        "64" : 0.000000,
        ">=64" : 0.000000
      },
      "latency_ns" : {
        "2" : 0.000000,
        "4" : 0.000000,
        "10" : 0.000000,
        "20" : 0.000000,
        "50" : 0.000000,
        "100" : 0.000000,
        "250" : 0.000000,
        "500" : 0.000000,
        "750" : 0.000000,
        "1000" : 0.000000
      },
      "latency_us" : {
        "2" : 0.000000,
        "4" : 0.000000,
        "10" : 0.000000,
        "20" : 0.000000,
        "50" : 0.000000,
        "100" : 0.000000,
        "250" : 0.000000,
        "500" : 0.000000,
        "750" : 0.000000,
        "1000" : 0.000000
      },
      "latency_ms" : {
        "2" : 0.000000,
        "4" : 0.000000,
        "10" : 62.023490,
        "20" : 35.850251,
        "50" : 2.113603,
        "100" : 0.012656,
        "250" : 0.000000,
        "500" : 0.000000,
        "750" : 0.000000,
        "1000" : 0.000000,
        "2000" : 0.000000,
        ">=2000" : 0.000000
      },
      "latency_depth" : 2,
      "latency_target" : 0,
      "latency_percentile" : 100.000000,
      "latency_window" : 0
    }
  ]
}
