{
  "fio version" : "fio-3.29-112-gc3773",
  "timestamp" : 1649368191,
  "timestamp_ms" : 1649368191067,
  "time" : "Thu Apr  7 21:49:51 2022",
  "global options" : {
    "size" : "50M",
    "runtime" : "60",
    "directory" : "/mnt/gfs"
  },
  "jobs" : [
    {
      "jobname" : "iotest",
      "groupid" : 0,
      "error" : 0,
      "eta" : 0,
      "elapsed" : 61,
      "job options" : {
        "rw" : "write",
        "bs" : "4k",
        "ioengine" : "libaio",
        "iodepth" : "2",
        "numjobs" : "64",
        "direct" : "1",
        "group_reporting" : "1",
        "invalidate" : "1",
        "loops" : "1",
        "write_bw_log" : "./fio-bench-07-04-2022--20-28-07-seq-gfs/seqwrite/gfs/4k/write-iodepth-2-numjobs-64",
        "write_lat_log" : "./fio-bench-07-04-2022--20-28-07-seq-gfs/seqwrite/gfs/4k/write-iodepth-2-numjobs-64",
        "write_iops_log" : "./fio-bench-07-04-2022--20-28-07-seq-gfs/seqwrite/gfs/4k/write-iodepth-2-numjobs-64",
        "log_avg_msec" : "500"
      },
      "read" : {
        "io_bytes" : 0,
        "io_kbytes" : 0,
        "bw_bytes" : 0,
        "bw" : 0,
        "iops" : 0.000000,
        "runtime" : 0,
        "total_ios" : 0,
        "short_ios" : 0,
        "drop_ios" : 0,
        "slat_ns" : {
          "min" : 0,
          "max" : 0,
          "mean" : 0.000000,
          "stddev" : 0.000000,
          "N" : 0
        },
        "clat_ns" : {
          "min" : 0,
          "max" : 0,
          "mean" : 0.000000,
          "stddev" : 0.000000,
          "N" : 0
        },
        "lat_ns" : {
          "min" : 0,
          "max" : 0,
          "mean" : 0.000000,
          "stddev" : 0.000000,
          "N" : 0
        },
        "bw_min" : 0,
        "bw_max" : 0,
        "bw_agg" : 0.000000,
        "bw_mean" : 0.000000,
        "bw_dev" : 0.000000,
        "bw_samples" : 0,
        "iops_min" : 0,
        "iops_max" : 0,
        "iops_mean" : 0.000000,
        "iops_stddev" : 0.000000,
        "iops_samples" : 0
      },
      "write" : {
        "io_bytes" : 162996224,
        "io_kbytes" : 159176,
        "bw_bytes" : 2708793,
        "bw" : 2645,
        "iops" : 661.326509,
        "runtime" : 60173,
        "total_ios" : 39794,
        "short_ios" : 0,
        "drop_ios" : 0,
        "slat_ns" : {
          "min" : 19485,
          "max" : 159582869,
          "mean" : 75197736.391943,
          "stddev" : 8900074.866064,
          "N" : 39794
        },
        "clat_ns" : {
          "min" : 3727576,
          "max" : 799664220,
          "mean" : 118024359.517038,
          "stddev" : 42818341.579148,
          "N" : 39794,
          "percentile" : {
            "1.000000" : 71827456,
            "5.000000" : 73924608,
            "10.000000" : 74973184,
            "20.000000" : 76021760,
            "30.000000" : 91750400,
            "40.000000" : 124256256,
            "50.000000" : 129499136,
            "60.000000" : 133693440,
            "70.000000" : 137363456,
            "80.000000" : 139460608,
            "90.000000" : 141557760,
            "95.000000" : 143654912,
            "99.000000" : 158334976,
            "99.500000" : 196083712,
            "99.900000" : 767557632,
            "99.950000" : 775946240,
            "99.990000" : 792723456
          }
        },
        "lat_ns" : {
          "min" : 14602092,
          "max" : 875949686,
          "mean" : 193226907.243705,
          "stddev" : 43474865.671402,
          "N" : 39794
        },
        "bw_min" : 1725,
        "bw_max" : 3136,
        "bw_agg" : 100.000000,
        "bw_mean" : 2651.208870,
        "bw_dev" : 4.442512,
        "bw_samples" : 7659,
        "iops_min" : 429,
        "iops_max" : 784,
        "iops_mean" : 662.752112,
        "iops_stddev" : 1.111322,
        "iops_samples" : 7659
      },
      "trim" : {
        "io_bytes" : 0,
        "io_kbytes" : 0,
        "bw_bytes" : 0,
        "bw" : 0,
        "iops" : 0.000000,
        "runtime" : 0,
        "total_ios" : 0,
        "short_ios" : 0,
        "drop_ios" : 0,
        "slat_ns" : {
          "min" : 0,
          "max" : 0,
          "mean" : 0.000000,
          "stddev" : 0.000000,
          "N" : 0
        },
        "clat_ns" : {
          "min" : 0,
          "max" : 0,
          "mean" : 0.000000,
          "stddev" : 0.000000,
          "N" : 0
        },
        "lat_ns" : {
          "min" : 0,
          "max" : 0,
          "mean" : 0.000000,
          "stddev" : 0.000000,
          "N" : 0
        },
        "bw_min" : 0,
        "bw_max" : 0,
        "bw_agg" : 0.000000,
        "bw_mean" : 0.000000,
        "bw_dev" : 0.000000,
        "bw_samples" : 0,
        "iops_min" : 0,
        "iops_max" : 0,
        "iops_mean" : 0.000000,
        "iops_stddev" : 0.000000,
        "iops_samples" : 0
      },
      "sync" : {
        "total_ios" : 0,
        "lat_ns" : {
          "min" : 0,
          "max" : 0,
          "mean" : 0.000000,
          "stddev" : 0.000000,
          "N" : 0
        }
      },
      "job_runtime" : 3847467,
      "usr_cpu" : 0.024458,
      "sys_cpu" : 0.030592,
      "ctx" : 104968,
      "majf" : 0,
      "minf" : 2464,
      "iodepth_level" : {
        "1" : 0.160828,
        "2" : 99.839172,
        "4" : 0.000000,
        "8" : 0.000000,
        "16" : 0.000000,
        "32" : 0.000000,
        ">=64" : 0.000000
      },
      "iodepth_submit" : {
        "0" : 0.000000,
        "4" : 100.000000,
        "8" : 0.000000,
        "16" : 0.000000,
        "32" : 0.000000,
        "64" : 0.000000,
        ">=64" : 0.000000
      },
      "iodepth_complete" : {
        "0" : 0.000000,
        "4" : 100.000000,
        "8" : 0.000000,
        "16" : 0.000000,
        "32" : 0.000000,
        "64" : 0.000000,
        ">=64" : 0.000000
      },
      "latency_ns" : {
        "2" : 0.000000,
        "4" : 0.000000,
        "10" : 0.000000,
        "20" : 0.000000,
        "50" : 0.000000,
        "100" : 0.000000,
        "250" : 0.000000,
        "500" : 0.000000,
        "750" : 0.000000,
        "1000" : 0.000000
      },
      "latency_us" : {
        "2" : 0.000000,
        "4" : 0.000000,
        "10" : 0.000000,
        "20" : 0.000000,
        "50" : 0.000000,
        "100" : 0.000000,
        "250" : 0.000000,
        "500" : 0.000000,
        "750" : 0.000000,
        "1000" : 0.000000
      },
      "latency_ms" : {
        "2" : 0.000000,
        "4" : 0.050259,
        "10" : 0.198522,
        "20" : 0.037694,
        "50" : 0.032668,
        "100" : 29.795949,
        "250" : 69.631100,
        "500" : 0.012565,
        "750" : 0.075388,
        "1000" : 0.165854,
        "2000" : 0.000000,
        ">=2000" : 0.000000
      },
      "latency_depth" : 2,
      "latency_target" : 0,
      "latency_percentile" : 100.000000,
      "latency_window" : 0
    }
  ]
}
