{
  "fio version" : "fio-3.29-112-gc3773",
  "timestamp" : 1649369152,
  "timestamp_ms" : 1649369152011,
  "time" : "Thu Apr  7 22:05:52 2022",
  "global options" : {
    "size" : "50M",
    "runtime" : "60",
    "directory" : "/mnt/gfs"
  },
  "jobs" : [
    {
      "jobname" : "iotest",
      "groupid" : 0,
      "error" : 0,
      "eta" : 0,
      "elapsed" : 61,
      "job options" : {
        "rw" : "write",
        "bs" : "4k",
        "ioengine" : "libaio",
        "iodepth" : "16",
        "numjobs" : "16",
        "direct" : "1",
        "group_reporting" : "1",
        "invalidate" : "1",
        "loops" : "1",
        "write_bw_log" : "./fio-bench-07-04-2022--20-28-07-seq-gfs/seqwrite/gfs/4k/write-iodepth-16-numjobs-16",
        "write_lat_log" : "./fio-bench-07-04-2022--20-28-07-seq-gfs/seqwrite/gfs/4k/write-iodepth-16-numjobs-16",
        "write_iops_log" : "./fio-bench-07-04-2022--20-28-07-seq-gfs/seqwrite/gfs/4k/write-iodepth-16-numjobs-16",
        "log_avg_msec" : "500"
      },
      "read" : {
        "io_bytes" : 0,
        "io_kbytes" : 0,
        "bw_bytes" : 0,
        "bw" : 0,
        "iops" : 0.000000,
        "runtime" : 0,
        "total_ios" : 0,
        "short_ios" : 0,
        "drop_ios" : 0,
        "slat_ns" : {
          "min" : 0,
          "max" : 0,
          "mean" : 0.000000,
          "stddev" : 0.000000,
          "N" : 0
        },
        "clat_ns" : {
          "min" : 0,
          "max" : 0,
          "mean" : 0.000000,
          "stddev" : 0.000000,
          "N" : 0
        },
        "lat_ns" : {
          "min" : 0,
          "max" : 0,
          "mean" : 0.000000,
          "stddev" : 0.000000,
          "N" : 0
        },
        "bw_min" : 0,
        "bw_max" : 0,
        "bw_agg" : 0.000000,
        "bw_mean" : 0.000000,
        "bw_dev" : 0.000000,
        "bw_samples" : 0,
        "iops_min" : 0,
        "iops_max" : 0,
        "iops_mean" : 0.000000,
        "iops_stddev" : 0.000000,
        "iops_samples" : 0
      },
      "write" : {
        "io_bytes" : 161939456,
        "io_kbytes" : 158144,
        "bw_bytes" : 2693693,
        "bw" : 2630,
        "iops" : 657.639975,
        "runtime" : 60118,
        "total_ios" : 39536,
        "short_ios" : 0,
        "drop_ios" : 0,
        "slat_ns" : {
          "min" : 170484,
          "max" : 55568024,
          "mean" : 24270645.924347,
          "stddev" : 1946977.052374,
          "N" : 39536
        },
        "clat_ns" : {
          "min" : 3997884,
          "max" : 454631771,
          "mean" : 363941667.587389,
          "stddev" : 15583872.412842,
          "N" : 39536,
          "percentile" : {
            "1.000000" : 341835776,
            "5.000000" : 362807296,
            "10.000000" : 362807296,
            "20.000000" : 362807296,
            "30.000000" : 362807296,
            "40.000000" : 362807296,
            "50.000000" : 367001600,
            "60.000000" : 367001600,
            "70.000000" : 367001600,
            "80.000000" : 367001600,
            "90.000000" : 367001600,
            "95.000000" : 367001600,
            "99.000000" : 387973120,
            "99.500000" : 387973120,
            "99.900000" : 396361728,
            "99.950000" : 408944640,
            "99.990000" : 446693376
          }
        },
        "lat_ns" : {
          "min" : 28493001,
          "max" : 478652523,
          "mean" : 388215809.766516,
          "stddev" : 15783271.148192,
          "N" : 39536
        },
        "bw_min" : 1190,
        "bw_max" : 2792,
        "bw_agg" : 99.522551,
        "bw_mean" : 2618.716667,
        "bw_dev" : 9.357438,
        "bw_samples" : 1920,
        "iops_min" : 296,
        "iops_max" : 698,
        "iops_mean" : 654.683333,
        "iops_stddev" : 2.348533,
        "iops_samples" : 1920
      },
      "trim" : {
        "io_bytes" : 0,
        "io_kbytes" : 0,
        "bw_bytes" : 0,
        "bw" : 0,
        "iops" : 0.000000,
        "runtime" : 0,
        "total_ios" : 0,
        "short_ios" : 0,
        "drop_ios" : 0,
        "slat_ns" : {
          "min" : 0,
          "max" : 0,
          "mean" : 0.000000,
          "stddev" : 0.000000,
          "N" : 0
        },
        "clat_ns" : {
          "min" : 0,
          "max" : 0,
          "mean" : 0.000000,
          "stddev" : 0.000000,
          "N" : 0
        },
        "lat_ns" : {
          "min" : 0,
          "max" : 0,
          "mean" : 0.000000,
          "stddev" : 0.000000,
          "N" : 0
        },
        "bw_min" : 0,
        "bw_max" : 0,
        "bw_agg" : 0.000000,
        "bw_mean" : 0.000000,
        "bw_dev" : 0.000000,
        "bw_samples" : 0,
        "iops_min" : 0,
        "iops_max" : 0,
        "iops_mean" : 0.000000,
        "iops_stddev" : 0.000000,
        "iops_samples" : 0
      },
      "sync" : {
        "total_ios" : 0,
        "lat_ns" : {
          "min" : 0,
          "max" : 0,
          "mean" : 0.000000,
          "stddev" : 0.000000,
          "N" : 0
        }
      },
      "job_runtime" : 960983,
      "usr_cpu" : 0.080126,
      "sys_cpu" : 0.092718,
      "ctx" : 79333,
      "majf" : 0,
      "minf" : 610,
      "iodepth_level" : {
        "1" : 0.100000,
        "2" : 0.100000,
        "4" : 0.161878,
        "8" : 0.323756,
        "16" : 99.392958,
        "32" : 0.000000,
        ">=64" : 0.000000
      },
      "iodepth_submit" : {
        "0" : 0.000000,
        "4" : 100.000000,
        "8" : 0.000000,
        "16" : 0.000000,
        "32" : 0.000000,
        "64" : 0.000000,
        ">=64" : 0.000000
      },
      "iodepth_complete" : {
        "0" : 0.000000,
        "4" : 99.959300,
        "8" : 0.000000,
        "16" : 0.100000,
        "32" : 0.000000,
        "64" : 0.000000,
        ">=64" : 0.000000
      },
      "latency_ns" : {
        "2" : 0.000000,
        "4" : 0.000000,
        "10" : 0.000000,
        "20" : 0.000000,
        "50" : 0.000000,
        "100" : 0.000000,
        "250" : 0.000000,
        "500" : 0.000000,
        "750" : 0.000000,
        "1000" : 0.000000
      },
      "latency_us" : {
        "2" : 0.000000,
        "4" : 0.000000,
        "10" : 0.000000,
        "20" : 0.000000,
        "50" : 0.000000,
        "100" : 0.000000,
        "250" : 0.000000,
        "500" : 0.000000,
        "750" : 0.000000,
        "1000" : 0.000000
      },
      "latency_ms" : {
        "2" : 0.000000,
        "4" : 0.010000,
        "10" : 0.020235,
        "20" : 0.000000,
        "50" : 0.022764,
        "100" : 0.048057,
        "250" : 0.268110,
        "500" : 99.638304,
        "750" : 0.000000,
        "1000" : 0.000000,
        "2000" : 0.000000,
        ">=2000" : 0.000000
      },
      "latency_depth" : 16,
      "latency_target" : 0,
      "latency_percentile" : 100.000000,
      "latency_window" : 0
    }
  ]
}
