{
  "fio version" : "fio-3.29-112-gc3773",
  "timestamp" : 1649369633,
  "timestamp_ms" : 1649369633747,
  "time" : "Thu Apr  7 22:13:53 2022",
  "global options" : {
    "size" : "50M",
    "runtime" : "60",
    "directory" : "/mnt/gfs"
  },
  "jobs" : [
    {
      "jobname" : "iotest",
      "groupid" : 0,
      "error" : 0,
      "eta" : 0,
      "elapsed" : 61,
      "job options" : {
        "rw" : "write",
        "bs" : "4k",
        "ioengine" : "libaio",
        "iodepth" : "32",
        "numjobs" : "64",
        "direct" : "1",
        "group_reporting" : "1",
        "invalidate" : "1",
        "loops" : "1",
        "write_bw_log" : "./fio-bench-07-04-2022--20-28-07-seq-gfs/seqwrite/gfs/4k/write-iodepth-32-numjobs-64",
        "write_lat_log" : "./fio-bench-07-04-2022--20-28-07-seq-gfs/seqwrite/gfs/4k/write-iodepth-32-numjobs-64",
        "write_iops_log" : "./fio-bench-07-04-2022--20-28-07-seq-gfs/seqwrite/gfs/4k/write-iodepth-32-numjobs-64",
        "log_avg_msec" : "500"
      },
      "read" : {
        "io_bytes" : 0,
        "io_kbytes" : 0,
        "bw_bytes" : 0,
        "bw" : 0,
        "iops" : 0.000000,
        "runtime" : 0,
        "total_ios" : 0,
        "short_ios" : 0,
        "drop_ios" : 0,
        "slat_ns" : {
          "min" : 0,
          "max" : 0,
          "mean" : 0.000000,
          "stddev" : 0.000000,
          "N" : 0
        },
        "clat_ns" : {
          "min" : 0,
          "max" : 0,
          "mean" : 0.000000,
          "stddev" : 0.000000,
          "N" : 0
        },
        "lat_ns" : {
          "min" : 0,
          "max" : 0,
          "mean" : 0.000000,
          "stddev" : 0.000000,
          "N" : 0
        },
        "bw_min" : 0,
        "bw_max" : 0,
        "bw_agg" : 0.000000,
        "bw_mean" : 0.000000,
        "bw_dev" : 0.000000,
        "bw_samples" : 0,
        "iops_min" : 0,
        "iops_max" : 0,
        "iops_mean" : 0.000000,
        "iops_stddev" : 0.000000,
        "iops_samples" : 0
      },
      "write" : {
        "io_bytes" : 162934784,
        "io_kbytes" : 159116,
        "bw_bytes" : 2705883,
        "bw" : 2642,
        "iops" : 660.616126,
        "runtime" : 60215,
        "total_ios" : 39779,
        "short_ios" : 0,
        "drop_ios" : 0,
        "slat_ns" : {
          "min" : 88978,
          "max" : 287974719,
          "mean" : 96593218.479273,
          "stddev" : 11122067.701864,
          "N" : 39779
        },
        "clat_ns" : {
          "min" : 3991656,
          "max" : 3296088037,
          "mean" : 2926914543.909098,
          "stddev" : 380590614.005897,
          "N" : 39779,
          "percentile" : {
            "1.000000" : 608174080,
            "5.000000" : 2801795072,
            "10.000000" : 2902458368,
            "20.000000" : 3003121664,
            "30.000000" : 3003121664,
            "40.000000" : 3003121664,
            "50.000000" : 3003121664,
            "60.000000" : 3003121664,
            "70.000000" : 3003121664,
            "80.000000" : 3003121664,
            "90.000000" : 3103784960,
            "95.000000" : 3103784960,
            "99.000000" : 3103784960,
            "99.500000" : 3204448256,
            "99.900000" : 3204448256,
            "99.950000" : 3271557120,
            "99.990000" : 3305111552
          }
        },
        "lat_ns" : {
          "min" : 101326603,
          "max" : 3393156612,
          "mean" : 3023512466.907539,
          "stddev" : 380703042.735900,
          "N" : 39779
        },
        "bw_min" : 1861,
        "bw_max" : 3360,
        "bw_agg" : 99.944602,
        "bw_mean" : 2641.251771,
        "bw_dev" : 3.672977,
        "bw_samples" : 7311,
        "iops_min" : 463,
        "iops_max" : 840,
        "iops_mean" : 660.155499,
        "iops_stddev" : 0.921383,
        "iops_samples" : 7311
      },
      "trim" : {
        "io_bytes" : 0,
        "io_kbytes" : 0,
        "bw_bytes" : 0,
        "bw" : 0,
        "iops" : 0.000000,
        "runtime" : 0,
        "total_ios" : 0,
        "short_ios" : 0,
        "drop_ios" : 0,
        "slat_ns" : {
          "min" : 0,
          "max" : 0,
          "mean" : 0.000000,
          "stddev" : 0.000000,
          "N" : 0
        },
        "clat_ns" : {
          "min" : 0,
          "max" : 0,
          "mean" : 0.000000,
          "stddev" : 0.000000,
          "N" : 0
        },
        "lat_ns" : {
          "min" : 0,
          "max" : 0,
          "mean" : 0.000000,
          "stddev" : 0.000000,
          "N" : 0
        },
        "bw_min" : 0,
        "bw_max" : 0,
        "bw_agg" : 0.000000,
        "bw_mean" : 0.000000,
        "bw_dev" : 0.000000,
        "bw_samples" : 0,
        "iops_min" : 0,
        "iops_max" : 0,
        "iops_mean" : 0.000000,
        "iops_stddev" : 0.000000,
        "iops_samples" : 0
      },
      "sync" : {
        "total_ios" : 0,
        "lat_ns" : {
          "min" : 0,
          "max" : 0,
          "mean" : 0.000000,
          "stddev" : 0.000000,
          "N" : 0
        }
      },
      "job_runtime" : 3847425,
      "usr_cpu" : 0.024406,
      "sys_cpu" : 0.025056,
      "ctx" : 79843,
      "majf" : 0,
      "minf" : 2524,
      "iodepth_level" : {
        "1" : 0.160889,
        "2" : 0.321778,
        "4" : 0.643556,
        "8" : 1.287111,
        "16" : 2.574223,
        "32" : 95.012444,
        ">=64" : 0.000000
      },
      "iodepth_submit" : {
        "0" : 0.000000,
        "4" : 100.000000,
        "8" : 0.000000,
        "16" : 0.000000,
        "32" : 0.000000,
        "64" : 0.000000,
        ">=64" : 0.000000
      },
      "iodepth_complete" : {
        "0" : 0.000000,
        "4" : 99.830952,
        "8" : 0.000000,
        "16" : 0.000000,
        "32" : 0.169048,
        "64" : 0.000000,
        ">=64" : 0.000000
      },
      "latency_ns" : {
        "2" : 0.000000,
        "4" : 0.000000,
        "10" : 0.000000,
        "20" : 0.000000,
        "50" : 0.000000,
        "100" : 0.000000,
        "250" : 0.000000,
        "500" : 0.000000,
        "750" : 0.000000,
        "1000" : 0.000000
      },
      "latency_us" : {
        "2" : 0.000000,
        "4" : 0.000000,
        "10" : 0.000000,
        "20" : 0.000000,
        "50" : 0.000000,
        "100" : 0.000000,
        "250" : 0.000000,
        "500" : 0.000000,
        "750" : 0.000000,
        "1000" : 0.000000
      },
      "latency_ms" : {
        "2" : 0.000000,
        "4" : 0.010000,
        "10" : 0.040222,
        "20" : 0.030167,
        "50" : 0.025139,
        "100" : 0.000000,
        "250" : 0.294125,
        "500" : 0.414792,
        "750" : 0.414792,
        "1000" : 0.437417,
        "2000" : 1.641570,
        ">=2000" : 96.699263
      },
      "latency_depth" : 32,
      "latency_target" : 0,
      "latency_percentile" : 100.000000,
      "latency_window" : 0
    }
  ]
}
