{
  "fio version" : "fio-3.29-112-gc3773",
  "timestamp" : 1649368370,
  "timestamp_ms" : 1649368370182,
  "time" : "Thu Apr  7 21:52:50 2022",
  "global options" : {
    "size" : "50M",
    "runtime" : "60",
    "directory" : "/mnt/gfs"
  },
  "jobs" : [
    {
      "jobname" : "iotest",
      "groupid" : 0,
      "error" : 0,
      "eta" : 0,
      "elapsed" : 61,
      "job options" : {
        "rw" : "write",
        "bs" : "4k",
        "ioengine" : "libaio",
        "iodepth" : "4",
        "numjobs" : "8",
        "direct" : "1",
        "group_reporting" : "1",
        "invalidate" : "1",
        "loops" : "1",
        "write_bw_log" : "./fio-bench-07-04-2022--20-28-07-seq-gfs/seqwrite/gfs/4k/write-iodepth-4-numjobs-8",
        "write_lat_log" : "./fio-bench-07-04-2022--20-28-07-seq-gfs/seqwrite/gfs/4k/write-iodepth-4-numjobs-8",
        "write_iops_log" : "./fio-bench-07-04-2022--20-28-07-seq-gfs/seqwrite/gfs/4k/write-iodepth-4-numjobs-8",
        "log_avg_msec" : "500"
      },
      "read" : {
        "io_bytes" : 0,
        "io_kbytes" : 0,
        "bw_bytes" : 0,
        "bw" : 0,
        "iops" : 0.000000,
        "runtime" : 0,
        "total_ios" : 0,
        "short_ios" : 0,
        "drop_ios" : 0,
        "slat_ns" : {
          "min" : 0,
          "max" : 0,
          "mean" : 0.000000,
          "stddev" : 0.000000,
          "N" : 0
        },
        "clat_ns" : {
          "min" : 0,
          "max" : 0,
          "mean" : 0.000000,
          "stddev" : 0.000000,
          "N" : 0
        },
        "lat_ns" : {
          "min" : 0,
          "max" : 0,
          "mean" : 0.000000,
          "stddev" : 0.000000,
          "N" : 0
        },
        "bw_min" : 0,
        "bw_max" : 0,
        "bw_agg" : 0.000000,
        "bw_mean" : 0.000000,
        "bw_dev" : 0.000000,
        "bw_samples" : 0,
        "iops_min" : 0,
        "iops_max" : 0,
        "iops_mean" : 0.000000,
        "iops_stddev" : 0.000000,
        "iops_samples" : 0
      },
      "write" : {
        "io_bytes" : 163897344,
        "io_kbytes" : 160056,
        "bw_bytes" : 2729938,
        "bw" : 2665,
        "iops" : 666.488998,
        "runtime" : 60037,
        "total_ios" : 40014,
        "short_ios" : 0,
        "drop_ios" : 0,
        "slat_ns" : {
          "min" : 18647,
          "max" : 9529022,
          "mean" : 38896.808117,
          "stddev" : 93026.145852,
          "N" : 40014
        },
        "clat_ns" : {
          "min" : 6920375,
          "max" : 224947094,
          "mean" : 47950536.872870,
          "stddev" : 9658289.945992,
          "N" : 40014,
          "percentile" : {
            "1.000000" : 34340864,
            "5.000000" : 35389440,
            "10.000000" : 35389440,
            "20.000000" : 35913728,
            "30.000000" : 38010880,
            "40.000000" : 53215232,
            "50.000000" : 53215232,
            "60.000000" : 53215232,
            "70.000000" : 53215232,
            "80.000000" : 54788096,
            "90.000000" : 55836672,
            "95.000000" : 55836672,
            "99.000000" : 56885248,
            "99.500000" : 57933824,
            "99.900000" : 82313216,
            "99.950000" : 185597952,
            "99.990000" : 212860928
          }
        },
        "lat_ns" : {
          "min" : 6962350,
          "max" : 224986344,
          "mean" : 47992355.891013,
          "stddev" : 9656705.885221,
          "N" : 40014
        },
        "bw_min" : 2392,
        "bw_max" : 2896,
        "bw_agg" : 99.964175,
        "bw_mean" : 2665.733333,
        "bw_dev" : 8.546050,
        "bw_samples" : 960,
        "iops_min" : 598,
        "iops_max" : 724,
        "iops_mean" : 666.433333,
        "iops_stddev" : 2.136512,
        "iops_samples" : 960
      },
      "trim" : {
        "io_bytes" : 0,
        "io_kbytes" : 0,
        "bw_bytes" : 0,
        "bw" : 0,
        "iops" : 0.000000,
        "runtime" : 0,
        "total_ios" : 0,
        "short_ios" : 0,
        "drop_ios" : 0,
        "slat_ns" : {
          "min" : 0,
          "max" : 0,
          "mean" : 0.000000,
          "stddev" : 0.000000,
          "N" : 0
        },
        "clat_ns" : {
          "min" : 0,
          "max" : 0,
          "mean" : 0.000000,
          "stddev" : 0.000000,
          "N" : 0
        },
        "lat_ns" : {
          "min" : 0,
          "max" : 0,
          "mean" : 0.000000,
          "stddev" : 0.000000,
          "N" : 0
        },
        "bw_min" : 0,
        "bw_max" : 0,
        "bw_agg" : 0.000000,
        "bw_mean" : 0.000000,
        "bw_dev" : 0.000000,
        "bw_samples" : 0,
        "iops_min" : 0,
        "iops_max" : 0,
        "iops_mean" : 0.000000,
        "iops_stddev" : 0.000000,
        "iops_samples" : 0
      },
      "sync" : {
        "total_ios" : 0,
        "lat_ns" : {
          "min" : 0,
          "max" : 0,
          "mean" : 0.000000,
          "stddev" : 0.000000,
          "N" : 0
        }
      },
      "job_runtime" : 480231,
      "usr_cpu" : 0.142015,
      "sys_cpu" : 0.194282,
      "ctx" : 80110,
      "majf" : 0,
      "minf" : 306,
      "iodepth_level" : {
        "1" : 0.100000,
        "2" : 0.100000,
        "4" : 99.940021,
        "8" : 0.000000,
        "16" : 0.000000,
        "32" : 0.000000,
        ">=64" : 0.000000
      },
      "iodepth_submit" : {
        "0" : 0.000000,
        "4" : 100.000000,
        "8" : 0.000000,
        "16" : 0.000000,
        "32" : 0.000000,
        "64" : 0.000000,
        ">=64" : 0.000000
      },
      "iodepth_complete" : {
        "0" : 0.000000,
        "4" : 100.000000,
        "8" : 0.000000,
        "16" : 0.000000,
        "32" : 0.000000,
        "64" : 0.000000,
        ">=64" : 0.000000
      },
      "latency_ns" : {
        "2" : 0.000000,
        "4" : 0.000000,
        "10" : 0.000000,
        "20" : 0.000000,
        "50" : 0.000000,
        "100" : 0.000000,
        "250" : 0.000000,
        "500" : 0.000000,
        "750" : 0.000000,
        "1000" : 0.000000
      },
      "latency_us" : {
        "2" : 0.000000,
        "4" : 0.000000,
        "10" : 0.000000,
        "20" : 0.000000,
        "50" : 0.000000,
        "100" : 0.000000,
        "250" : 0.000000,
        "500" : 0.000000,
        "750" : 0.000000,
        "1000" : 0.000000
      },
      "latency_ms" : {
        "2" : 0.000000,
        "4" : 0.000000,
        "10" : 0.010000,
        "20" : 0.079972,
        "50" : 34.093067,
        "100" : 65.719498,
        "250" : 0.099965,
        "500" : 0.000000,
        "750" : 0.000000,
        "1000" : 0.000000,
        "2000" : 0.000000,
        ">=2000" : 0.000000
      },
      "latency_depth" : 4,
      "latency_target" : 0,
      "latency_percentile" : 100.000000,
      "latency_window" : 0
    }
  ]
}
