{
  "fio version" : "fio-3.29-112-gc3773",
  "timestamp" : 1649369512,
  "timestamp_ms" : 1649369512624,
  "time" : "Thu Apr  7 22:11:52 2022",
  "global options" : {
    "size" : "50M",
    "runtime" : "60",
    "directory" : "/mnt/gfs"
  },
  "jobs" : [
    {
      "jobname" : "iotest",
      "groupid" : 0,
      "error" : 0,
      "eta" : 0,
      "elapsed" : 61,
      "job options" : {
        "rw" : "write",
        "bs" : "4k",
        "ioengine" : "libaio",
        "iodepth" : "32",
        "numjobs" : "16",
        "direct" : "1",
        "group_reporting" : "1",
        "invalidate" : "1",
        "loops" : "1",
        "write_bw_log" : "./fio-bench-07-04-2022--20-28-07-seq-gfs/seqwrite/gfs/4k/write-iodepth-32-numjobs-16",
        "write_lat_log" : "./fio-bench-07-04-2022--20-28-07-seq-gfs/seqwrite/gfs/4k/write-iodepth-32-numjobs-16",
        "write_iops_log" : "./fio-bench-07-04-2022--20-28-07-seq-gfs/seqwrite/gfs/4k/write-iodepth-32-numjobs-16",
        "log_avg_msec" : "500"
      },
      "read" : {
        "io_bytes" : 0,
        "io_kbytes" : 0,
        "bw_bytes" : 0,
        "bw" : 0,
        "iops" : 0.000000,
        "runtime" : 0,
        "total_ios" : 0,
        "short_ios" : 0,
        "drop_ios" : 0,
        "slat_ns" : {
          "min" : 0,
          "max" : 0,
          "mean" : 0.000000,
          "stddev" : 0.000000,
          "N" : 0
        },
        "clat_ns" : {
          "min" : 0,
          "max" : 0,
          "mean" : 0.000000,
          "stddev" : 0.000000,
          "N" : 0
        },
        "lat_ns" : {
          "min" : 0,
          "max" : 0,
          "mean" : 0.000000,
          "stddev" : 0.000000,
          "N" : 0
        },
        "bw_min" : 0,
        "bw_max" : 0,
        "bw_agg" : 0.000000,
        "bw_mean" : 0.000000,
        "bw_dev" : 0.000000,
        "bw_samples" : 0,
        "iops_min" : 0,
        "iops_max" : 0,
        "iops_mean" : 0.000000,
        "iops_stddev" : 0.000000,
        "iops_samples" : 0
      },
      "write" : {
        "io_bytes" : 161980416,
        "io_kbytes" : 158184,
        "bw_bytes" : 2694509,
        "bw" : 2631,
        "iops" : 657.839142,
        "runtime" : 60115,
        "total_ios" : 39546,
        "short_ios" : 0,
        "drop_ios" : 0,
        "slat_ns" : {
          "min" : 143036,
          "max" : 53533126,
          "mean" : 24263334.887549,
          "stddev" : 2117432.313699,
          "N" : 39546
        },
        "clat_ns" : {
          "min" : 4288415,
          "max" : 845636808,
          "mean" : 749553671.361377,
          "stddev" : 46219821.148654,
          "N" : 39546,
          "percentile" : {
            "1.000000" : 641728512,
            "5.000000" : 734003200,
            "10.000000" : 750780416,
            "20.000000" : 750780416,
            "30.000000" : 750780416,
            "40.000000" : 750780416,
            "50.000000" : 750780416,
            "60.000000" : 750780416,
            "70.000000" : 759169024,
            "80.000000" : 759169024,
            "90.000000" : 759169024,
            "95.000000" : 759169024,
            "99.000000" : 775946240,
            "99.500000" : 775946240,
            "99.900000" : 801112064,
            "99.950000" : 801112064,
            "99.990000" : 834666496
          }
        },
        "lat_ns" : {
          "min" : 28280061,
          "max" : 869402517,
          "mean" : 773820519.749608,
          "stddev" : 46291991.335449,
          "N" : 39546
        },
        "bw_min" : 1776,
        "bw_max" : 2800,
        "bw_agg" : 99.720431,
        "bw_mean" : 2624.336134,
        "bw_dev" : 6.754898,
        "bw_samples" : 1904,
        "iops_min" : 444,
        "iops_max" : 700,
        "iops_mean" : 656.084034,
        "iops_stddev" : 1.688725,
        "iops_samples" : 1904
      },
      "trim" : {
        "io_bytes" : 0,
        "io_kbytes" : 0,
        "bw_bytes" : 0,
        "bw" : 0,
        "iops" : 0.000000,
        "runtime" : 0,
        "total_ios" : 0,
        "short_ios" : 0,
        "drop_ios" : 0,
        "slat_ns" : {
          "min" : 0,
          "max" : 0,
          "mean" : 0.000000,
          "stddev" : 0.000000,
          "N" : 0
        },
        "clat_ns" : {
          "min" : 0,
          "max" : 0,
          "mean" : 0.000000,
          "stddev" : 0.000000,
          "N" : 0
        },
        "lat_ns" : {
          "min" : 0,
          "max" : 0,
          "mean" : 0.000000,
          "stddev" : 0.000000,
          "N" : 0
        },
        "bw_min" : 0,
        "bw_max" : 0,
        "bw_agg" : 0.000000,
        "bw_mean" : 0.000000,
        "bw_dev" : 0.000000,
        "bw_samples" : 0,
        "iops_min" : 0,
        "iops_max" : 0,
        "iops_mean" : 0.000000,
        "iops_stddev" : 0.000000,
        "iops_samples" : 0
      },
      "sync" : {
        "total_ios" : 0,
        "lat_ns" : {
          "min" : 0,
          "max" : 0,
          "mean" : 0.000000,
          "stddev" : 0.000000,
          "N" : 0
        }
      },
      "job_runtime" : 960931,
      "usr_cpu" : 0.074719,
      "sys_cpu" : 0.098134,
      "ctx" : 79311,
      "majf" : 0,
      "minf" : 640,
      "iodepth_level" : {
        "1" : 0.100000,
        "2" : 0.100000,
        "4" : 0.161837,
        "8" : 0.323674,
        "16" : 0.647347,
        "32" : 98.745764,
        ">=64" : 0.000000
      },
      "iodepth_submit" : {
        "0" : 0.000000,
        "4" : 100.000000,
        "8" : 0.000000,
        "16" : 0.000000,
        "32" : 0.000000,
        "64" : 0.000000,
        ">=64" : 0.000000
      },
      "iodepth_complete" : {
        "0" : 0.000000,
        "4" : 99.959044,
        "8" : 0.000000,
        "16" : 0.000000,
        "32" : 0.100000,
        "64" : 0.000000,
        ">=64" : 0.000000
      },
      "latency_ns" : {
        "2" : 0.000000,
        "4" : 0.000000,
        "10" : 0.000000,
        "20" : 0.000000,
        "50" : 0.000000,
        "100" : 0.000000,
        "250" : 0.000000,
        "500" : 0.000000,
        "750" : 0.000000,
        "1000" : 0.000000
      },
      "latency_us" : {
        "2" : 0.000000,
        "4" : 0.000000,
        "10" : 0.000000,
        "20" : 0.000000,
        "50" : 0.000000,
        "100" : 0.000000,
        "250" : 0.000000,
        "500" : 0.000000,
        "750" : 0.000000,
        "1000" : 0.000000
      },
      "latency_ms" : {
        "2" : 0.000000,
        "4" : 0.000000,
        "10" : 0.020230,
        "20" : 0.010000,
        "50" : 0.022758,
        "100" : 0.053103,
        "250" : 0.252870,
        "500" : 0.427350,
        "750" : 7.844030,
        "1000" : 91.377130,
        "2000" : 0.000000,
        ">=2000" : 0.000000
      },
      "latency_depth" : 32,
      "latency_target" : 0,
      "latency_percentile" : 100.000000,
      "latency_window" : 0
    }
  ]
}
