{
  "fio version" : "fio-3.29-112-gc3773",
  "timestamp" : 1649367829,
  "timestamp_ms" : 1649367829781,
  "time" : "Thu Apr  7 21:43:49 2022",
  "global options" : {
    "size" : "50M",
    "runtime" : "60",
    "directory" : "/mnt/gfs"
  },
  "jobs" : [
    {
      "jobname" : "iotest",
      "groupid" : 0,
      "error" : 0,
      "eta" : 0,
      "elapsed" : 61,
      "job options" : {
        "rw" : "write",
        "bs" : "4k",
        "ioengine" : "libaio",
        "iodepth" : "1",
        "numjobs" : "64",
        "direct" : "1",
        "group_reporting" : "1",
        "invalidate" : "1",
        "loops" : "1",
        "write_bw_log" : "./fio-bench-07-04-2022--20-28-07-seq-gfs/seqwrite/gfs/4k/write-iodepth-1-numjobs-64",
        "write_lat_log" : "./fio-bench-07-04-2022--20-28-07-seq-gfs/seqwrite/gfs/4k/write-iodepth-1-numjobs-64",
        "write_iops_log" : "./fio-bench-07-04-2022--20-28-07-seq-gfs/seqwrite/gfs/4k/write-iodepth-1-numjobs-64",
        "log_avg_msec" : "500"
      },
      "read" : {
        "io_bytes" : 0,
        "io_kbytes" : 0,
        "bw_bytes" : 0,
        "bw" : 0,
        "iops" : 0.000000,
        "runtime" : 0,
        "total_ios" : 0,
        "short_ios" : 0,
        "drop_ios" : 0,
        "slat_ns" : {
          "min" : 0,
          "max" : 0,
          "mean" : 0.000000,
          "stddev" : 0.000000,
          "N" : 0
        },
        "clat_ns" : {
          "min" : 0,
          "max" : 0,
          "mean" : 0.000000,
          "stddev" : 0.000000,
          "N" : 0
        },
        "lat_ns" : {
          "min" : 0,
          "max" : 0,
          "mean" : 0.000000,
          "stddev" : 0.000000,
          "N" : 0
        },
        "bw_min" : 0,
        "bw_max" : 0,
        "bw_agg" : 0.000000,
        "bw_mean" : 0.000000,
        "bw_dev" : 0.000000,
        "bw_samples" : 0,
        "iops_min" : 0,
        "iops_max" : 0,
        "iops_mean" : 0.000000,
        "iops_stddev" : 0.000000,
        "iops_samples" : 0
      },
      "write" : {
        "io_bytes" : 163938304,
        "io_kbytes" : 160096,
        "bw_bytes" : 2727804,
        "bw" : 2663,
        "iops" : 665.967820,
        "runtime" : 60099,
        "total_ios" : 40024,
        "short_ios" : 0,
        "drop_ios" : 0,
        "slat_ns" : {
          "min" : 21791,
          "max" : 8012835,
          "mean" : 46899.710848,
          "stddev" : 178009.844101,
          "N" : 40024
        },
        "clat_ns" : {
          "min" : 9201257,
          "max" : 398749464,
          "mean" : 95952410.132695,
          "stddev" : 21968518.454989,
          "N" : 40024,
          "percentile" : {
            "1.000000" : 58982400,
            "5.000000" : 65798144,
            "10.000000" : 66846720,
            "20.000000" : 67633152,
            "30.000000" : 68681728,
            "40.000000" : 107479040,
            "50.000000" : 107479040,
            "60.000000" : 108527616,
            "70.000000" : 111673344,
            "80.000000" : 112721920,
            "90.000000" : 112721920,
            "95.000000" : 113770496,
            "99.000000" : 114819072,
            "99.500000" : 114819072,
            "99.900000" : 154140672,
            "99.950000" : 333447168,
            "99.990000" : 375390208
          }
        },
        "lat_ns" : {
          "min" : 9460997,
          "max" : 398790880,
          "mean" : 96002391.543224,
          "stddev" : 21967910.378577,
          "N" : 40024
        },
        "bw_min" : 1948,
        "bw_max" : 3144,
        "bw_agg" : 99.967300,
        "bw_mean" : 2663.770798,
        "bw_dev" : 4.427645,
        "bw_samples" : 7679,
        "iops_min" : 472,
        "iops_max" : 786,
        "iops_mean" : 665.748950,
        "iops_stddev" : 1.111186,
        "iops_samples" : 7679
      },
      "trim" : {
        "io_bytes" : 0,
        "io_kbytes" : 0,
        "bw_bytes" : 0,
        "bw" : 0,
        "iops" : 0.000000,
        "runtime" : 0,
        "total_ios" : 0,
        "short_ios" : 0,
        "drop_ios" : 0,
        "slat_ns" : {
          "min" : 0,
          "max" : 0,
          "mean" : 0.000000,
          "stddev" : 0.000000,
          "N" : 0
        },
        "clat_ns" : {
          "min" : 0,
          "max" : 0,
          "mean" : 0.000000,
          "stddev" : 0.000000,
          "N" : 0
        },
        "lat_ns" : {
          "min" : 0,
          "max" : 0,
          "mean" : 0.000000,
          "stddev" : 0.000000,
          "N" : 0
        },
        "bw_min" : 0,
        "bw_max" : 0,
        "bw_agg" : 0.000000,
        "bw_mean" : 0.000000,
        "bw_dev" : 0.000000,
        "bw_samples" : 0,
        "iops_min" : 0,
        "iops_max" : 0,
        "iops_mean" : 0.000000,
        "iops_stddev" : 0.000000,
        "iops_samples" : 0
      },
      "sync" : {
        "total_ios" : 0,
        "lat_ns" : {
          "min" : 0,
          "max" : 0,
          "mean" : 0.000000,
          "stddev" : 0.000000,
          "N" : 0
        }
      },
      "job_runtime" : 3843149,
      "usr_cpu" : 0.024901,
      "sys_cpu" : 0.024771,
      "ctx" : 80237,
      "majf" : 0,
      "minf" : 2436,
      "iodepth_level" : {
        "1" : 100.000000,
        "2" : 0.000000,
        "4" : 0.000000,
        "8" : 0.000000,
        "16" : 0.000000,
        "32" : 0.000000,
        ">=64" : 0.000000
      },
      "iodepth_submit" : {
        "0" : 0.000000,
        "4" : 100.000000,
        "8" : 0.000000,
        "16" : 0.000000,
        "32" : 0.000000,
        "64" : 0.000000,
        ">=64" : 0.000000
      },
      "iodepth_complete" : {
        "0" : 0.000000,
        "4" : 100.000000,
        "8" : 0.000000,
        "16" : 0.000000,
        "32" : 0.000000,
        "64" : 0.000000,
        ">=64" : 0.000000
      },
      "latency_ns" : {
        "2" : 0.000000,
        "4" : 0.000000,
        "10" : 0.000000,
        "20" : 0.000000,
        "50" : 0.000000,
        "100" : 0.000000,
        "250" : 0.000000,
        "500" : 0.000000,
        "750" : 0.000000,
        "1000" : 0.000000
      },
      "latency_us" : {
        "2" : 0.000000,
        "4" : 0.000000,
        "10" : 0.000000,
        "20" : 0.000000,
        "50" : 0.000000,
        "100" : 0.000000,
        "250" : 0.000000,
        "500" : 0.000000,
        "750" : 0.000000,
        "1000" : 0.000000
      },
      "latency_ms" : {
        "2" : 0.000000,
        "4" : 0.000000,
        "10" : 0.010000,
        "20" : 0.029982,
        "50" : 0.204877,
        "100" : 33.237557,
        "250" : 66.442634,
        "500" : 0.079952,
        "750" : 0.000000,
        "1000" : 0.000000,
        "2000" : 0.000000,
        ">=2000" : 0.000000
      },
      "latency_depth" : 1,
      "latency_target" : 0,
      "latency_percentile" : 100.000000,
      "latency_window" : 0
    }
  ]
}
