{
  "fio version" : "fio-3.29-112-gc3773",
  "timestamp" : 1649369994,
  "timestamp_ms" : 1649369994301,
  "time" : "Thu Apr  7 22:19:54 2022",
  "global options" : {
    "size" : "50M",
    "runtime" : "60",
    "directory" : "/mnt/gfs"
  },
  "jobs" : [
    {
      "jobname" : "iotest",
      "groupid" : 0,
      "error" : 0,
      "eta" : 0,
      "elapsed" : 61,
      "job options" : {
        "rw" : "write",
        "bs" : "4k",
        "ioengine" : "libaio",
        "iodepth" : "64",
        "numjobs" : "64",
        "direct" : "1",
        "group_reporting" : "1",
        "invalidate" : "1",
        "loops" : "1",
        "write_bw_log" : "./fio-bench-07-04-2022--20-28-07-seq-gfs/seqwrite/gfs/4k/write-iodepth-64-numjobs-64",
        "write_lat_log" : "./fio-bench-07-04-2022--20-28-07-seq-gfs/seqwrite/gfs/4k/write-iodepth-64-numjobs-64",
        "write_iops_log" : "./fio-bench-07-04-2022--20-28-07-seq-gfs/seqwrite/gfs/4k/write-iodepth-64-numjobs-64",
        "log_avg_msec" : "500"
      },
      "read" : {
        "io_bytes" : 0,
        "io_kbytes" : 0,
        "bw_bytes" : 0,
        "bw" : 0,
        "iops" : 0.000000,
        "runtime" : 0,
        "total_ios" : 0,
        "short_ios" : 0,
        "drop_ios" : 0,
        "slat_ns" : {
          "min" : 0,
          "max" : 0,
          "mean" : 0.000000,
          "stddev" : 0.000000,
          "N" : 0
        },
        "clat_ns" : {
          "min" : 0,
          "max" : 0,
          "mean" : 0.000000,
          "stddev" : 0.000000,
          "N" : 0
        },
        "lat_ns" : {
          "min" : 0,
          "max" : 0,
          "mean" : 0.000000,
          "stddev" : 0.000000,
          "N" : 0
        },
        "bw_min" : 0,
        "bw_max" : 0,
        "bw_agg" : 0.000000,
        "bw_mean" : 0.000000,
        "bw_dev" : 0.000000,
        "bw_samples" : 0,
        "iops_min" : 0,
        "iops_max" : 0,
        "iops_mean" : 0.000000,
        "iops_stddev" : 0.000000,
        "iops_samples" : 0
      },
      "write" : {
        "io_bytes" : 162926592,
        "io_kbytes" : 159108,
        "bw_bytes" : 2706331,
        "bw" : 2642,
        "iops" : 660.725557,
        "runtime" : 60202,
        "total_ios" : 39777,
        "short_ios" : 0,
        "drop_ios" : 0,
        "slat_ns" : {
          "min" : 38902,
          "max" : 381314332,
          "mean" : 96602446.746939,
          "stddev" : 10770285.444045,
          "N" : 39777
        },
        "clat_ns" : {
          "min" : 3775215,
          "max" : 6584819925,
          "mean" : 5792952914.895944,
          "stddev" : 1077168326.352962,
          "N" : 39777,
          "percentile" : {
            "1.000000" : 599785472,
            "5.000000" : 3036676096,
            "10.000000" : 5804916736,
            "20.000000" : 6006243328,
            "30.000000" : 6073352192,
            "40.000000" : 6073352192,
            "50.000000" : 6073352192,
            "60.000000" : 6140461056,
            "70.000000" : 6140461056,
            "80.000000" : 6140461056,
            "90.000000" : 6207569920,
            "95.000000" : 6207569920,
            "99.000000" : 6274678784,
            "99.500000" : 6274678784,
            "99.900000" : 6476005376,
            "99.950000" : 6610223104,
            "99.990000" : 6610223104
          }
        },
        "lat_ns" : {
          "min" : 100580260,
          "max" : 6681126587,
          "mean" : 5889560152.358073,
          "stddev" : 1077182687.919581,
          "N" : 39777
        },
        "bw_min" : 1690,
        "bw_max" : 3264,
        "bw_agg" : 99.701034,
        "bw_mean" : 2635.107954,
        "bw_dev" : 3.755694,
        "bw_samples" : 6931,
        "iops_min" : 388,
        "iops_max" : 816,
        "iops_mean" : 658.319862,
        "iops_stddev" : 0.961509,
        "iops_samples" : 6931
      },
      "trim" : {
        "io_bytes" : 0,
        "io_kbytes" : 0,
        "bw_bytes" : 0,
        "bw" : 0,
        "iops" : 0.000000,
        "runtime" : 0,
        "total_ios" : 0,
        "short_ios" : 0,
        "drop_ios" : 0,
        "slat_ns" : {
          "min" : 0,
          "max" : 0,
          "mean" : 0.000000,
          "stddev" : 0.000000,
          "N" : 0
        },
        "clat_ns" : {
          "min" : 0,
          "max" : 0,
          "mean" : 0.000000,
          "stddev" : 0.000000,
          "N" : 0
        },
        "lat_ns" : {
          "min" : 0,
          "max" : 0,
          "mean" : 0.000000,
          "stddev" : 0.000000,
          "N" : 0
        },
        "bw_min" : 0,
        "bw_max" : 0,
        "bw_agg" : 0.000000,
        "bw_mean" : 0.000000,
        "bw_dev" : 0.000000,
        "bw_samples" : 0,
        "iops_min" : 0,
        "iops_max" : 0,
        "iops_mean" : 0.000000,
        "iops_stddev" : 0.000000,
        "iops_samples" : 0
      },
      "sync" : {
        "total_ios" : 0,
        "lat_ns" : {
          "min" : 0,
          "max" : 0,
          "mean" : 0.000000,
          "stddev" : 0.000000,
          "N" : 0
        }
      },
      "job_runtime" : 3847422,
      "usr_cpu" : 0.023418,
      "sys_cpu" : 0.025861,
      "ctx" : 79869,
      "majf" : 0,
      "minf" : 2684,
      "iodepth_level" : {
        "1" : 0.160897,
        "2" : 0.321794,
        "4" : 0.643588,
        "8" : 1.287176,
        "16" : 2.574352,
        "32" : 5.148704,
        ">=64" : 89.863489
      },
      "iodepth_submit" : {
        "0" : 0.000000,
        "4" : 100.000000,
        "8" : 0.000000,
        "16" : 0.000000,
        "32" : 0.000000,
        "64" : 0.000000,
        ">=64" : 0.000000
      },
      "iodepth_complete" : {
        "0" : 0.000000,
        "4" : 99.821274,
        "8" : 0.000000,
        "16" : 0.000000,
        "32" : 0.000000,
        "64" : 0.178726,
        ">=64" : 0.000000
      },
      "latency_ns" : {
        "2" : 0.000000,
        "4" : 0.000000,
        "10" : 0.000000,
        "20" : 0.000000,
        "50" : 0.000000,
        "100" : 0.000000,
        "250" : 0.000000,
        "500" : 0.000000,
        "750" : 0.000000,
        "1000" : 0.000000
      },
      "latency_us" : {
        "2" : 0.000000,
        "4" : 0.000000,
        "10" : 0.000000,
        "20" : 0.000000,
        "50" : 0.000000,
        "100" : 0.000000,
        "250" : 0.000000,
        "500" : 0.000000,
        "750" : 0.000000,
        "1000" : 0.000000
      },
      "latency_ms" : {
        "2" : 0.000000,
        "4" : 0.010000,
        "10" : 0.022626,
        "20" : 0.065364,
        "50" : 0.010000,
        "100" : 0.010000,
        "250" : 0.311738,
        "500" : 0.364532,
        "750" : 0.447495,
        "1000" : 0.437439,
        "2000" : 1.656736,
        ">=2000" : 96.681499
      },
      "latency_depth" : 64,
      "latency_target" : 0,
      "latency_percentile" : 100.000000,
      "latency_window" : 0
    }
  ]
}
