{
  "fio version" : "fio-3.29-112-gc3773",
  "timestamp" : 1649368851,
  "timestamp_ms" : 1649368851847,
  "time" : "Thu Apr  7 22:00:51 2022",
  "global options" : {
    "size" : "50M",
    "runtime" : "60",
    "directory" : "/mnt/gfs"
  },
  "jobs" : [
    {
      "jobname" : "iotest",
      "groupid" : 0,
      "error" : 0,
      "eta" : 0,
      "elapsed" : 61,
      "job options" : {
        "rw" : "write",
        "bs" : "4k",
        "ioengine" : "libaio",
        "iodepth" : "8",
        "numjobs" : "32",
        "direct" : "1",
        "group_reporting" : "1",
        "invalidate" : "1",
        "loops" : "1",
        "write_bw_log" : "./fio-bench-07-04-2022--20-28-07-seq-gfs/seqwrite/gfs/4k/write-iodepth-8-numjobs-32",
        "write_lat_log" : "./fio-bench-07-04-2022--20-28-07-seq-gfs/seqwrite/gfs/4k/write-iodepth-8-numjobs-32",
        "write_iops_log" : "./fio-bench-07-04-2022--20-28-07-seq-gfs/seqwrite/gfs/4k/write-iodepth-8-numjobs-32",
        "log_avg_msec" : "500"
      },
      "read" : {
        "io_bytes" : 0,
        "io_kbytes" : 0,
        "bw_bytes" : 0,
        "bw" : 0,
        "iops" : 0.000000,
        "runtime" : 0,
        "total_ios" : 0,
        "short_ios" : 0,
        "drop_ios" : 0,
        "slat_ns" : {
          "min" : 0,
          "max" : 0,
          "mean" : 0.000000,
          "stddev" : 0.000000,
          "N" : 0
        },
        "clat_ns" : {
          "min" : 0,
          "max" : 0,
          "mean" : 0.000000,
          "stddev" : 0.000000,
          "N" : 0
        },
        "lat_ns" : {
          "min" : 0,
          "max" : 0,
          "mean" : 0.000000,
          "stddev" : 0.000000,
          "N" : 0
        },
        "bw_min" : 0,
        "bw_max" : 0,
        "bw_agg" : 0.000000,
        "bw_mean" : 0.000000,
        "bw_dev" : 0.000000,
        "bw_samples" : 0,
        "iops_min" : 0,
        "iops_max" : 0,
        "iops_mean" : 0.000000,
        "iops_stddev" : 0.000000,
        "iops_samples" : 0
      },
      "write" : {
        "io_bytes" : 162467840,
        "io_kbytes" : 158660,
        "bw_bytes" : 2701044,
        "bw" : 2637,
        "iops" : 659.434746,
        "runtime" : 60150,
        "total_ios" : 39665,
        "short_ios" : 0,
        "drop_ios" : 0,
        "slat_ns" : {
          "min" : 144083,
          "max" : 101156620,
          "mean" : 48406768.009202,
          "stddev" : 5371880.759116,
          "N" : 39665
        },
        "clat_ns" : {
          "min" : 3971881,
          "max" : 437146034,
          "mean" : 338695415.882390,
          "stddev" : 18395096.341079,
          "N" : 39665,
          "percentile" : {
            "1.000000" : 291504128,
            "5.000000" : 337641472,
            "10.000000" : 337641472,
            "20.000000" : 337641472,
            "30.000000" : 337641472,
            "40.000000" : 337641472,
            "50.000000" : 341835776,
            "60.000000" : 341835776,
            "70.000000" : 341835776,
            "80.000000" : 341835776,
            "90.000000" : 341835776,
            "95.000000" : 341835776,
            "99.000000" : 387973120,
            "99.500000" : 387973120,
            "99.900000" : 392167424,
            "99.950000" : 404750336,
            "99.990000" : 434110464
          }
        },
        "lat_ns" : {
          "min" : 52513196,
          "max" : 484901005,
          "mean" : 387106260.793092,
          "stddev" : 19176094.588877,
          "N" : 39665
        },
        "bw_min" : 1259,
        "bw_max" : 3032,
        "bw_agg" : 99.592898,
        "bw_mean" : 2627.358333,
        "bw_dev" : 5.898223,
        "bw_samples" : 3840,
        "iops_min" : 311,
        "iops_max" : 758,
        "iops_mean" : 656.808333,
        "iops_stddev" : 1.482132,
        "iops_samples" : 3840
      },
      "trim" : {
        "io_bytes" : 0,
        "io_kbytes" : 0,
        "bw_bytes" : 0,
        "bw" : 0,
        "iops" : 0.000000,
        "runtime" : 0,
        "total_ios" : 0,
        "short_ios" : 0,
        "drop_ios" : 0,
        "slat_ns" : {
          "min" : 0,
          "max" : 0,
          "mean" : 0.000000,
          "stddev" : 0.000000,
          "N" : 0
        },
        "clat_ns" : {
          "min" : 0,
          "max" : 0,
          "mean" : 0.000000,
          "stddev" : 0.000000,
          "N" : 0
        },
        "lat_ns" : {
          "min" : 0,
          "max" : 0,
          "mean" : 0.000000,
          "stddev" : 0.000000,
          "N" : 0
        },
        "bw_min" : 0,
        "bw_max" : 0,
        "bw_agg" : 0.000000,
        "bw_mean" : 0.000000,
        "bw_dev" : 0.000000,
        "bw_samples" : 0,
        "iops_min" : 0,
        "iops_max" : 0,
        "iops_mean" : 0.000000,
        "iops_stddev" : 0.000000,
        "iops_samples" : 0
      },
      "sync" : {
        "total_ios" : 0,
        "lat_ns" : {
          "min" : 0,
          "max" : 0,
          "mean" : 0.000000,
          "stddev" : 0.000000,
          "N" : 0
        }
      },
      "job_runtime" : 1922471,
      "usr_cpu" : 0.044422,
      "sys_cpu" : 0.049416,
      "ctx" : 79517,
      "majf" : 0,
      "minf" : 1245,
      "iodepth_level" : {
        "1" : 0.100000,
        "2" : 0.161351,
        "4" : 0.322703,
        "8" : 99.435270,
        "16" : 0.000000,
        "32" : 0.000000,
        ">=64" : 0.000000
      },
      "iodepth_submit" : {
        "0" : 0.000000,
        "4" : 100.000000,
        "8" : 0.000000,
        "16" : 0.000000,
        "32" : 0.000000,
        "64" : 0.000000,
        ">=64" : 0.000000
      },
      "iodepth_complete" : {
        "0" : 0.000000,
        "4" : 99.918932,
        "8" : 0.100000,
        "16" : 0.000000,
        "32" : 0.000000,
        "64" : 0.000000,
        ">=64" : 0.000000
      },
      "latency_ns" : {
        "2" : 0.000000,
        "4" : 0.000000,
        "10" : 0.000000,
        "20" : 0.000000,
        "50" : 0.000000,
        "100" : 0.000000,
        "250" : 0.000000,
        "500" : 0.000000,
        "750" : 0.000000,
        "1000" : 0.000000
      },
      "latency_us" : {
        "2" : 0.000000,
        "4" : 0.000000,
        "10" : 0.000000,
        "20" : 0.000000,
        "50" : 0.000000,
        "100" : 0.000000,
        "250" : 0.000000,
        "500" : 0.000000,
        "750" : 0.000000,
        "1000" : 0.000000
      },
      "latency_ms" : {
        "2" : 0.000000,
        "4" : 0.010000,
        "10" : 0.027732,
        "20" : 0.015127,
        "50" : 0.000000,
        "100" : 0.050422,
        "250" : 0.340350,
        "500" : 99.561326,
        "750" : 0.000000,
        "1000" : 0.000000,
        "2000" : 0.000000,
        ">=2000" : 0.000000
      },
      "latency_depth" : 8,
      "latency_target" : 0,
      "latency_percentile" : 100.000000,
      "latency_window" : 0
    }
  ]
}
