{
  "fio version" : "fio-3.29-112-gc3773",
  "timestamp" : 1649369212,
  "timestamp_ms" : 1649369212504,
  "time" : "Thu Apr  7 22:06:52 2022",
  "global options" : {
    "size" : "50M",
    "runtime" : "60",
    "directory" : "/mnt/gfs"
  },
  "jobs" : [
    {
      "jobname" : "iotest",
      "groupid" : 0,
      "error" : 0,
      "eta" : 0,
      "elapsed" : 61,
      "job options" : {
        "rw" : "write",
        "bs" : "4k",
        "ioengine" : "libaio",
        "iodepth" : "16",
        "numjobs" : "32",
        "direct" : "1",
        "group_reporting" : "1",
        "invalidate" : "1",
        "loops" : "1",
        "write_bw_log" : "./fio-bench-07-04-2022--20-28-07-seq-gfs/seqwrite/gfs/4k/write-iodepth-16-numjobs-32",
        "write_lat_log" : "./fio-bench-07-04-2022--20-28-07-seq-gfs/seqwrite/gfs/4k/write-iodepth-16-numjobs-32",
        "write_iops_log" : "./fio-bench-07-04-2022--20-28-07-seq-gfs/seqwrite/gfs/4k/write-iodepth-16-numjobs-32",
        "log_avg_msec" : "500"
      },
      "read" : {
        "io_bytes" : 0,
        "io_kbytes" : 0,
        "bw_bytes" : 0,
        "bw" : 0,
        "iops" : 0.000000,
        "runtime" : 0,
        "total_ios" : 0,
        "short_ios" : 0,
        "drop_ios" : 0,
        "slat_ns" : {
          "min" : 0,
          "max" : 0,
          "mean" : 0.000000,
          "stddev" : 0.000000,
          "N" : 0
        },
        "clat_ns" : {
          "min" : 0,
          "max" : 0,
          "mean" : 0.000000,
          "stddev" : 0.000000,
          "N" : 0
        },
        "lat_ns" : {
          "min" : 0,
          "max" : 0,
          "mean" : 0.000000,
          "stddev" : 0.000000,
          "N" : 0
        },
        "bw_min" : 0,
        "bw_max" : 0,
        "bw_agg" : 0.000000,
        "bw_mean" : 0.000000,
        "bw_dev" : 0.000000,
        "bw_samples" : 0,
        "iops_min" : 0,
        "iops_max" : 0,
        "iops_mean" : 0.000000,
        "iops_stddev" : 0.000000,
        "iops_samples" : 0
      },
      "write" : {
        "io_bytes" : 162742272,
        "io_kbytes" : 158928,
        "bw_bytes" : 2705517,
        "bw" : 2642,
        "iops" : 660.526666,
        "runtime" : 60152,
        "total_ios" : 39732,
        "short_ios" : 0,
        "drop_ios" : 0,
        "slat_ns" : {
          "min" : 141080,
          "max" : 113335351,
          "mean" : 48322695.373855,
          "stddev" : 4907899.803830,
          "N" : 39732
        },
        "clat_ns" : {
          "min" : 4227660,
          "max" : 822722197,
          "mean" : 722298757.236107,
          "stddev" : 46544795.339164,
          "N" : 39732,
          "percentile" : {
            "1.000000" : 591396864,
            "5.000000" : 683671552,
            "10.000000" : 725614592,
            "20.000000" : 725614592,
            "30.000000" : 725614592,
            "40.000000" : 725614592,
            "50.000000" : 725614592,
            "60.000000" : 725614592,
            "70.000000" : 725614592,
            "80.000000" : 725614592,
            "90.000000" : 734003200,
            "95.000000" : 734003200,
            "99.000000" : 775946240,
            "99.500000" : 775946240,
            "99.900000" : 792723456,
            "99.950000" : 817889280,
            "99.990000" : 817889280
          }
        },
        "lat_ns" : {
          "min" : 53998563,
          "max" : 871725331,
          "mean" : 770625597.260042,
          "stddev" : 46889886.021842,
          "N" : 39732
        },
        "bw_min" : 1767,
        "bw_max" : 3000,
        "bw_agg" : 99.768880,
        "bw_mean" : 2636.183521,
        "bw_dev" : 5.094004,
        "bw_samples" : 3808,
        "iops_min" : 441,
        "iops_max" : 750,
        "iops_mean" : 658.951289,
        "iops_stddev" : 1.275028,
        "iops_samples" : 3808
      },
      "trim" : {
        "io_bytes" : 0,
        "io_kbytes" : 0,
        "bw_bytes" : 0,
        "bw" : 0,
        "iops" : 0.000000,
        "runtime" : 0,
        "total_ios" : 0,
        "short_ios" : 0,
        "drop_ios" : 0,
        "slat_ns" : {
          "min" : 0,
          "max" : 0,
          "mean" : 0.000000,
          "stddev" : 0.000000,
          "N" : 0
        },
        "clat_ns" : {
          "min" : 0,
          "max" : 0,
          "mean" : 0.000000,
          "stddev" : 0.000000,
          "N" : 0
        },
        "lat_ns" : {
          "min" : 0,
          "max" : 0,
          "mean" : 0.000000,
          "stddev" : 0.000000,
          "N" : 0
        },
        "bw_min" : 0,
        "bw_max" : 0,
        "bw_agg" : 0.000000,
        "bw_mean" : 0.000000,
        "bw_dev" : 0.000000,
        "bw_samples" : 0,
        "iops_min" : 0,
        "iops_max" : 0,
        "iops_mean" : 0.000000,
        "iops_stddev" : 0.000000,
        "iops_samples" : 0
      },
      "sync" : {
        "total_ios" : 0,
        "lat_ns" : {
          "min" : 0,
          "max" : 0,
          "mean" : 0.000000,
          "stddev" : 0.000000,
          "N" : 0
        }
      },
      "job_runtime" : 1922475,
      "usr_cpu" : 0.042497,
      "sys_cpu" : 0.052224,
      "ctx" : 79658,
      "majf" : 0,
      "minf" : 1267,
      "iodepth_level" : {
        "1" : 0.100000,
        "2" : 0.161079,
        "4" : 0.322158,
        "8" : 0.644317,
        "16" : 98.791906,
        "32" : 0.000000,
        ">=64" : 0.000000
      },
      "iodepth_submit" : {
        "0" : 0.000000,
        "4" : 100.000000,
        "8" : 0.000000,
        "16" : 0.000000,
        "32" : 0.000000,
        "64" : 0.000000,
        ">=64" : 0.000000
      },
      "iodepth_complete" : {
        "0" : 0.000000,
        "4" : 99.918542,
        "8" : 0.000000,
        "16" : 0.100000,
        "32" : 0.000000,
        "64" : 0.000000,
        ">=64" : 0.000000
      },
      "latency_ns" : {
        "2" : 0.000000,
        "4" : 0.000000,
        "10" : 0.000000,
        "20" : 0.000000,
        "50" : 0.000000,
        "100" : 0.000000,
        "250" : 0.000000,
        "500" : 0.000000,
        "750" : 0.000000,
        "1000" : 0.000000
      },
      "latency_us" : {
        "2" : 0.000000,
        "4" : 0.000000,
        "10" : 0.000000,
        "20" : 0.000000,
        "50" : 0.000000,
        "100" : 0.000000,
        "250" : 0.000000,
        "500" : 0.000000,
        "750" : 0.000000,
        "1000" : 0.000000
      },
      "latency_ms" : {
        "2" : 0.000000,
        "4" : 0.000000,
        "10" : 0.017618,
        "20" : 0.020135,
        "50" : 0.010067,
        "100" : 0.047820,
        "250" : 0.254203,
        "500" : 0.442968,
        "750" : 94.830363,
        "1000" : 4.376825,
        "2000" : 0.000000,
        ">=2000" : 0.000000
      },
      "latency_depth" : 16,
      "latency_target" : 0,
      "latency_percentile" : 100.000000,
      "latency_window" : 0
    }
  ]
}
