{
  "fio version" : "fio-3.29-112-gc3773",
  "timestamp" : 1649369391,
  "timestamp_ms" : 1649369391866,
  "time" : "Thu Apr  7 22:09:51 2022",
  "global options" : {
    "size" : "50M",
    "runtime" : "60",
    "directory" : "/mnt/gfs"
  },
  "jobs" : [
    {
      "jobname" : "iotest",
      "groupid" : 0,
      "error" : 0,
      "eta" : 0,
      "elapsed" : 61,
      "job options" : {
        "rw" : "write",
        "bs" : "4k",
        "ioengine" : "libaio",
        "iodepth" : "32",
        "numjobs" : "4",
        "direct" : "1",
        "group_reporting" : "1",
        "invalidate" : "1",
        "loops" : "1",
        "write_bw_log" : "./fio-bench-07-04-2022--20-28-07-seq-gfs/seqwrite/gfs/4k/write-iodepth-32-numjobs-4",
        "write_lat_log" : "./fio-bench-07-04-2022--20-28-07-seq-gfs/seqwrite/gfs/4k/write-iodepth-32-numjobs-4",
        "write_iops_log" : "./fio-bench-07-04-2022--20-28-07-seq-gfs/seqwrite/gfs/4k/write-iodepth-32-numjobs-4",
        "log_avg_msec" : "500"
      },
      "read" : {
        "io_bytes" : 0,
        "io_kbytes" : 0,
        "bw_bytes" : 0,
        "bw" : 0,
        "iops" : 0.000000,
        "runtime" : 0,
        "total_ios" : 0,
        "short_ios" : 0,
        "drop_ios" : 0,
        "slat_ns" : {
          "min" : 0,
          "max" : 0,
          "mean" : 0.000000,
          "stddev" : 0.000000,
          "N" : 0
        },
        "clat_ns" : {
          "min" : 0,
          "max" : 0,
          "mean" : 0.000000,
          "stddev" : 0.000000,
          "N" : 0
        },
        "lat_ns" : {
          "min" : 0,
          "max" : 0,
          "mean" : 0.000000,
          "stddev" : 0.000000,
          "N" : 0
        },
        "bw_min" : 0,
        "bw_max" : 0,
        "bw_agg" : 0.000000,
        "bw_mean" : 0.000000,
        "bw_dev" : 0.000000,
        "bw_samples" : 0,
        "iops_min" : 0,
        "iops_max" : 0,
        "iops_mean" : 0.000000,
        "iops_stddev" : 0.000000,
        "iops_samples" : 0
      },
      "write" : {
        "io_bytes" : 162086912,
        "io_kbytes" : 158288,
        "bw_bytes" : 2696908,
        "bw" : 2633,
        "iops" : 658.424985,
        "runtime" : 60101,
        "total_ios" : 39572,
        "short_ios" : 0,
        "drop_ios" : 0,
        "slat_ns" : {
          "min" : 28565,
          "max" : 23763208,
          "mean" : 5169287.483473,
          "stddev" : 1220515.605773,
          "N" : 39572
        },
        "clat_ns" : {
          "min" : 4242951,
          "max" : 818139615,
          "mean" : 188965365.079677,
          "stddev" : 48202679.139286,
          "N" : 39572,
          "percentile" : {
            "1.000000" : 139460608,
            "5.000000" : 145752064,
            "10.000000" : 149946368,
            "20.000000" : 156237824,
            "30.000000" : 160432128,
            "40.000000" : 164626432,
            "50.000000" : 166723584,
            "60.000000" : 175112192,
            "70.000000" : 219152384,
            "80.000000" : 225443840,
            "90.000000" : 238026752,
            "95.000000" : 252706816,
            "99.000000" : 270532608,
            "99.500000" : 274726912,
            "99.900000" : 750780416,
            "99.950000" : 809500672,
            "99.990000" : 817889280
          }
        },
        "lat_ns" : {
          "min" : 8237825,
          "max" : 821679331,
          "mean" : 194137673.832963,
          "stddev" : 48260926.456339,
          "N" : 39572
        },
        "bw_min" : 1497,
        "bw_max" : 3234,
        "bw_agg" : 99.859543,
        "bw_mean" : 2630.216667,
        "bw_dev" : 54.366360,
        "bw_samples" : 480,
        "iops_min" : 374,
        "iops_max" : 808,
        "iops_mean" : 657.416667,
        "iops_stddev" : 13.584948,
        "iops_samples" : 480
      },
      "trim" : {
        "io_bytes" : 0,
        "io_kbytes" : 0,
        "bw_bytes" : 0,
        "bw" : 0,
        "iops" : 0.000000,
        "runtime" : 0,
        "total_ios" : 0,
        "short_ios" : 0,
        "drop_ios" : 0,
        "slat_ns" : {
          "min" : 0,
          "max" : 0,
          "mean" : 0.000000,
          "stddev" : 0.000000,
          "N" : 0
        },
        "clat_ns" : {
          "min" : 0,
          "max" : 0,
          "mean" : 0.000000,
          "stddev" : 0.000000,
          "N" : 0
        },
        "lat_ns" : {
          "min" : 0,
          "max" : 0,
          "mean" : 0.000000,
          "stddev" : 0.000000,
          "N" : 0
        },
        "bw_min" : 0,
        "bw_max" : 0,
        "bw_agg" : 0.000000,
        "bw_mean" : 0.000000,
        "bw_dev" : 0.000000,
        "bw_samples" : 0,
        "iops_min" : 0,
        "iops_max" : 0,
        "iops_mean" : 0.000000,
        "iops_stddev" : 0.000000,
        "iops_samples" : 0
      },
      "sync" : {
        "total_ios" : 0,
        "lat_ns" : {
          "min" : 0,
          "max" : 0,
          "mean" : 0.000000,
          "stddev" : 0.000000,
          "N" : 0
        }
      },
      "job_runtime" : 240214,
      "usr_cpu" : 0.246447,
      "sys_cpu" : 0.413381,
      "ctx" : 87685,
      "majf" : 0,
      "minf" : 154,
      "iodepth_level" : {
        "1" : 0.100000,
        "2" : 0.100000,
        "4" : 0.100000,
        "8" : 0.100000,
        "16" : 0.161731,
        "32" : 99.686647,
        ">=64" : 0.000000
      },
      "iodepth_submit" : {
        "0" : 0.000000,
        "4" : 100.000000,
        "8" : 0.000000,
        "16" : 0.000000,
        "32" : 0.000000,
        "64" : 0.000000,
        ">=64" : 0.000000
      },
      "iodepth_complete" : {
        "0" : 0.000000,
        "4" : 99.989861,
        "8" : 0.000000,
        "16" : 0.000000,
        "32" : 0.100000,
        "64" : 0.000000,
        ">=64" : 0.000000
      },
      "latency_ns" : {
        "2" : 0.000000,
        "4" : 0.000000,
        "10" : 0.000000,
        "20" : 0.000000,
        "50" : 0.000000,
        "100" : 0.000000,
        "250" : 0.000000,
        "500" : 0.000000,
        "750" : 0.000000,
        "1000" : 0.000000
      },
      "latency_us" : {
        "2" : 0.000000,
        "4" : 0.000000,
        "10" : 0.000000,
        "20" : 0.000000,
        "50" : 0.000000,
        "100" : 0.000000,
        "250" : 0.000000,
        "500" : 0.000000,
        "750" : 0.000000,
        "1000" : 0.000000
      },
      "latency_ms" : {
        "2" : 0.000000,
        "4" : 0.000000,
        "10" : 0.010108,
        "20" : 0.010108,
        "50" : 0.030324,
        "100" : 0.073284,
        "250" : 93.606591,
        "500" : 5.946124,
        "750" : 0.227434,
        "1000" : 0.096027,
        "2000" : 0.000000,
        ">=2000" : 0.000000
      },
      "latency_depth" : 32,
      "latency_target" : 0,
      "latency_percentile" : 100.000000,
      "latency_window" : 0
    }
  ]
}
