{
  "fio version" : "fio-3.29-112-gc3773",
  "timestamp" : 1649367525,
  "timestamp_ms" : 1649367525269,
  "time" : "Thu Apr  7 21:38:45 2022",
  "global options" : {
    "size" : "50M",
    "runtime" : "60",
    "directory" : "/mnt/gfs"
  },
  "jobs" : [
    {
      "jobname" : "iotest",
      "groupid" : 0,
      "error" : 0,
      "eta" : 0,
      "elapsed" : 40,
      "job options" : {
        "rw" : "write",
        "bs" : "4k",
        "ioengine" : "libaio",
        "iodepth" : "1",
        "numjobs" : "2",
        "direct" : "1",
        "group_reporting" : "1",
        "invalidate" : "1",
        "loops" : "1",
        "write_bw_log" : "./fio-bench-07-04-2022--20-28-07-seq-gfs/seqwrite/gfs/4k/write-iodepth-1-numjobs-2",
        "write_lat_log" : "./fio-bench-07-04-2022--20-28-07-seq-gfs/seqwrite/gfs/4k/write-iodepth-1-numjobs-2",
        "write_iops_log" : "./fio-bench-07-04-2022--20-28-07-seq-gfs/seqwrite/gfs/4k/write-iodepth-1-numjobs-2",
        "log_avg_msec" : "500"
      },
      "read" : {
        "io_bytes" : 0,
        "io_kbytes" : 0,
        "bw_bytes" : 0,
        "bw" : 0,
        "iops" : 0.000000,
        "runtime" : 0,
        "total_ios" : 0,
        "short_ios" : 0,
        "drop_ios" : 0,
        "slat_ns" : {
          "min" : 0,
          "max" : 0,
          "mean" : 0.000000,
          "stddev" : 0.000000,
          "N" : 0
        },
        "clat_ns" : {
          "min" : 0,
          "max" : 0,
          "mean" : 0.000000,
          "stddev" : 0.000000,
          "N" : 0
        },
        "lat_ns" : {
          "min" : 0,
          "max" : 0,
          "mean" : 0.000000,
          "stddev" : 0.000000,
          "N" : 0
        },
        "bw_min" : 0,
        "bw_max" : 0,
        "bw_agg" : 0.000000,
        "bw_mean" : 0.000000,
        "bw_dev" : 0.000000,
        "bw_samples" : 0,
        "iops_min" : 0,
        "iops_max" : 0,
        "iops_mean" : 0.000000,
        "iops_stddev" : 0.000000,
        "iops_samples" : 0
      },
      "write" : {
        "io_bytes" : 104857600,
        "io_kbytes" : 102400,
        "bw_bytes" : 2655362,
        "bw" : 2593,
        "iops" : 648.281800,
        "runtime" : 39489,
        "total_ios" : 25600,
        "short_ios" : 0,
        "drop_ios" : 0,
        "slat_ns" : {
          "min" : 19835,
          "max" : 4368790,
          "mean" : 32840.103125,
          "stddev" : 36890.353095,
          "N" : 25600
        },
        "clat_ns" : {
          "min" : 2564786,
          "max" : 74352395,
          "mean" : 3037458.052344,
          "stddev" : 785520.006847,
          "N" : 25600,
          "percentile" : {
            "1.000000" : 2703360,
            "5.000000" : 2932736,
            "10.000000" : 2965504,
            "20.000000" : 2965504,
            "30.000000" : 2965504,
            "40.000000" : 2965504,
            "50.000000" : 2965504,
            "60.000000" : 2965504,
            "70.000000" : 2965504,
            "80.000000" : 3194880,
            "90.000000" : 3194880,
            "95.000000" : 3227648,
            "99.000000" : 3227648,
            "99.500000" : 3719168,
            "99.900000" : 9502720,
            "99.950000" : 10813440,
            "99.990000" : 51118080
          }
        },
        "lat_ns" : {
          "min" : 2599218,
          "max" : 74383963,
          "mean" : 3073139.181602,
          "stddev" : 787548.638185,
          "N" : 25600
        },
        "bw_min" : 2304,
        "bw_max" : 2626,
        "bw_agg" : 100.000000,
        "bw_mean" : 2596.487179,
        "bw_dev" : 27.759007,
        "bw_samples" : 156,
        "iops_min" : 576,
        "iops_max" : 656,
        "iops_mean" : 649.025641,
        "iops_stddev" : 6.941562,
        "iops_samples" : 156
      },
      "trim" : {
        "io_bytes" : 0,
        "io_kbytes" : 0,
        "bw_bytes" : 0,
        "bw" : 0,
        "iops" : 0.000000,
        "runtime" : 0,
        "total_ios" : 0,
        "short_ios" : 0,
        "drop_ios" : 0,
        "slat_ns" : {
          "min" : 0,
          "max" : 0,
          "mean" : 0.000000,
          "stddev" : 0.000000,
          "N" : 0
        },
        "clat_ns" : {
          "min" : 0,
          "max" : 0,
          "mean" : 0.000000,
          "stddev" : 0.000000,
          "N" : 0
        },
        "lat_ns" : {
          "min" : 0,
          "max" : 0,
          "mean" : 0.000000,
          "stddev" : 0.000000,
          "N" : 0
        },
        "bw_min" : 0,
        "bw_max" : 0,
        "bw_agg" : 0.000000,
        "bw_mean" : 0.000000,
        "bw_dev" : 0.000000,
        "bw_samples" : 0,
        "iops_min" : 0,
        "iops_max" : 0,
        "iops_mean" : 0.000000,
        "iops_stddev" : 0.000000,
        "iops_samples" : 0
      },
      "sync" : {
        "total_ios" : 0,
        "lat_ns" : {
          "min" : 0,
          "max" : 0,
          "mean" : 0.000000,
          "stddev" : 0.000000,
          "N" : 0
        }
      },
      "job_runtime" : 78880,
      "usr_cpu" : 0.385396,
      "sys_cpu" : 0.879817,
      "ctx" : 51235,
      "majf" : 0,
      "minf" : 74,
      "iodepth_level" : {
        "1" : 100.000000,
        "2" : 0.000000,
        "4" : 0.000000,
        "8" : 0.000000,
        "16" : 0.000000,
        "32" : 0.000000,
        ">=64" : 0.000000
      },
      "iodepth_submit" : {
        "0" : 0.000000,
        "4" : 100.000000,
        "8" : 0.000000,
        "16" : 0.000000,
        "32" : 0.000000,
        "64" : 0.000000,
        ">=64" : 0.000000
      },
      "iodepth_complete" : {
        "0" : 0.000000,
        "4" : 100.000000,
        "8" : 0.000000,
        "16" : 0.000000,
        "32" : 0.000000,
        "64" : 0.000000,
        ">=64" : 0.000000
      },
      "latency_ns" : {
        "2" : 0.000000,
        "4" : 0.000000,
        "10" : 0.000000,
        "20" : 0.000000,
        "50" : 0.000000,
        "100" : 0.000000,
        "250" : 0.000000,
        "500" : 0.000000,
        "750" : 0.000000,
        "1000" : 0.000000
      },
      "latency_us" : {
        "2" : 0.000000,
        "4" : 0.000000,
        "10" : 0.000000,
        "20" : 0.000000,
        "50" : 0.000000,
        "100" : 0.000000,
        "250" : 0.000000,
        "500" : 0.000000,
        "750" : 0.000000,
        "1000" : 0.000000
      },
      "latency_ms" : {
        "2" : 0.000000,
        "4" : 99.648438,
        "10" : 0.269531,
        "20" : 0.062500,
        "50" : 0.010000,
        "100" : 0.011719,
        "250" : 0.000000,
        "500" : 0.000000,
        "750" : 0.000000,
        "1000" : 0.000000,
        "2000" : 0.000000,
        ">=2000" : 0.000000
      },
      "latency_depth" : 1,
      "latency_target" : 0,
      "latency_percentile" : 100.000000,
      "latency_window" : 0
    }
  ]
}
