{
  "fio version" : "fio-3.29-112-gc3773",
  "timestamp" : 1649369873,
  "timestamp_ms" : 1649369873207,
  "time" : "Thu Apr  7 22:17:53 2022",
  "global options" : {
    "size" : "50M",
    "runtime" : "60",
    "directory" : "/mnt/gfs"
  },
  "jobs" : [
    {
      "jobname" : "iotest",
      "groupid" : 0,
      "error" : 0,
      "eta" : 0,
      "elapsed" : 61,
      "job options" : {
        "rw" : "write",
        "bs" : "4k",
        "ioengine" : "libaio",
        "iodepth" : "64",
        "numjobs" : "16",
        "direct" : "1",
        "group_reporting" : "1",
        "invalidate" : "1",
        "loops" : "1",
        "write_bw_log" : "./fio-bench-07-04-2022--20-28-07-seq-gfs/seqwrite/gfs/4k/write-iodepth-64-numjobs-16",
        "write_lat_log" : "./fio-bench-07-04-2022--20-28-07-seq-gfs/seqwrite/gfs/4k/write-iodepth-64-numjobs-16",
        "write_iops_log" : "./fio-bench-07-04-2022--20-28-07-seq-gfs/seqwrite/gfs/4k/write-iodepth-64-numjobs-16",
        "log_avg_msec" : "500"
      },
      "read" : {
        "io_bytes" : 0,
        "io_kbytes" : 0,
        "bw_bytes" : 0,
        "bw" : 0,
        "iops" : 0.000000,
        "runtime" : 0,
        "total_ios" : 0,
        "short_ios" : 0,
        "drop_ios" : 0,
        "slat_ns" : {
          "min" : 0,
          "max" : 0,
          "mean" : 0.000000,
          "stddev" : 0.000000,
          "N" : 0
        },
        "clat_ns" : {
          "min" : 0,
          "max" : 0,
          "mean" : 0.000000,
          "stddev" : 0.000000,
          "N" : 0
        },
        "lat_ns" : {
          "min" : 0,
          "max" : 0,
          "mean" : 0.000000,
          "stddev" : 0.000000,
          "N" : 0
        },
        "bw_min" : 0,
        "bw_max" : 0,
        "bw_agg" : 0.000000,
        "bw_mean" : 0.000000,
        "bw_dev" : 0.000000,
        "bw_samples" : 0,
        "iops_min" : 0,
        "iops_max" : 0,
        "iops_mean" : 0.000000,
        "iops_stddev" : 0.000000,
        "iops_samples" : 0
      },
      "write" : {
        "io_bytes" : 162091008,
        "io_kbytes" : 158292,
        "bw_bytes" : 2696124,
        "bw" : 2632,
        "iops" : 658.233533,
        "runtime" : 60120,
        "total_ios" : 39573,
        "short_ios" : 0,
        "drop_ios" : 0,
        "slat_ns" : {
          "min" : 86044,
          "max" : 58798978,
          "mean" : 24247119.555480,
          "stddev" : 2389271.122037,
          "N" : 39573
        },
        "clat_ns" : {
          "min" : 3728980,
          "max" : 1640901226,
          "mean" : 1512469035.250953,
          "stddev" : 135545222.479815,
          "N" : 39573,
          "percentile" : {
            "1.000000" : 641728512,
            "5.000000" : 1501560832,
            "10.000000" : 1501560832,
            "20.000000" : 1535115264,
            "30.000000" : 1535115264,
            "40.000000" : 1535115264,
            "50.000000" : 1535115264,
            "60.000000" : 1535115264,
            "70.000000" : 1535115264,
            "80.000000" : 1535115264,
            "90.000000" : 1551892480,
            "95.000000" : 1551892480,
            "99.000000" : 1568669696,
            "99.500000" : 1585446912,
            "99.900000" : 1585446912,
            "99.950000" : 1602224128,
            "99.990000" : 1619001344
          }
        },
        "lat_ns" : {
          "min" : 26771802,
          "max" : 1665633166,
          "mean" : 1536719691.370329,
          "stddev" : 135566437.985060,
          "N" : 39573
        },
        "bw_min" : 624,
        "bw_max" : 2808,
        "bw_agg" : 99.356855,
        "bw_mean" : 2616.685499,
        "bw_dev" : 12.986407,
        "bw_samples" : 1884,
        "iops_min" : 156,
        "iops_max" : 702,
        "iops_mean" : 654.171375,
        "iops_stddev" : 3.246602,
        "iops_samples" : 1884
      },
      "trim" : {
        "io_bytes" : 0,
        "io_kbytes" : 0,
        "bw_bytes" : 0,
        "bw" : 0,
        "iops" : 0.000000,
        "runtime" : 0,
        "total_ios" : 0,
        "short_ios" : 0,
        "drop_ios" : 0,
        "slat_ns" : {
          "min" : 0,
          "max" : 0,
          "mean" : 0.000000,
          "stddev" : 0.000000,
          "N" : 0
        },
        "clat_ns" : {
          "min" : 0,
          "max" : 0,
          "mean" : 0.000000,
          "stddev" : 0.000000,
          "N" : 0
        },
        "lat_ns" : {
          "min" : 0,
          "max" : 0,
          "mean" : 0.000000,
          "stddev" : 0.000000,
          "N" : 0
        },
        "bw_min" : 0,
        "bw_max" : 0,
        "bw_agg" : 0.000000,
        "bw_mean" : 0.000000,
        "bw_dev" : 0.000000,
        "bw_samples" : 0,
        "iops_min" : 0,
        "iops_max" : 0,
        "iops_mean" : 0.000000,
        "iops_stddev" : 0.000000,
        "iops_samples" : 0
      },
      "sync" : {
        "total_ios" : 0,
        "lat_ns" : {
          "min" : 0,
          "max" : 0,
          "mean" : 0.000000,
          "stddev" : 0.000000,
          "N" : 0
        }
      },
      "job_runtime" : 960975,
      "usr_cpu" : 0.072426,
      "sys_cpu" : 0.100835,
      "ctx" : 79325,
      "majf" : 0,
      "minf" : 650,
      "iodepth_level" : {
        "1" : 0.100000,
        "2" : 0.100000,
        "4" : 0.161726,
        "8" : 0.323453,
        "16" : 0.646906,
        "32" : 1.293811,
        ">=64" : 97.452809
      },
      "iodepth_submit" : {
        "0" : 0.000000,
        "4" : 100.000000,
        "8" : 0.000000,
        "16" : 0.000000,
        "32" : 0.000000,
        "64" : 0.000000,
        ">=64" : 0.000000
      },
      "iodepth_complete" : {
        "0" : 0.000000,
        "4" : 99.958529,
        "8" : 0.000000,
        "16" : 0.000000,
        "32" : 0.000000,
        "64" : 0.100000,
        ">=64" : 0.000000
      },
      "latency_ns" : {
        "2" : 0.000000,
        "4" : 0.000000,
        "10" : 0.000000,
        "20" : 0.000000,
        "50" : 0.000000,
        "100" : 0.000000,
        "250" : 0.000000,
        "500" : 0.000000,
        "750" : 0.000000,
        "1000" : 0.000000
      },
      "latency_us" : {
        "2" : 0.000000,
        "4" : 0.000000,
        "10" : 0.000000,
        "20" : 0.000000,
        "50" : 0.000000,
        "100" : 0.000000,
        "250" : 0.000000,
        "500" : 0.000000,
        "750" : 0.000000,
        "1000" : 0.000000
      },
      "latency_ms" : {
        "2" : 0.000000,
        "4" : 0.010000,
        "10" : 0.017689,
        "20" : 0.010000,
        "50" : 0.022743,
        "100" : 0.053066,
        "250" : 0.257751,
        "500" : 0.422005,
        "750" : 0.404316,
        "1000" : 0.416951,
        "2000" : 98.400425,
        ">=2000" : 0.000000
      },
      "latency_depth" : 64,
      "latency_target" : 0,
      "latency_percentile" : 100.000000,
      "latency_window" : 0
    }
  ]
}
