{
  "fio version" : "fio-3.29-112-gc3773",
  "timestamp" : 1649369812,
  "timestamp_ms" : 1649369812817,
  "time" : "Thu Apr  7 22:16:52 2022",
  "global options" : {
    "size" : "50M",
    "runtime" : "60",
    "directory" : "/mnt/gfs"
  },
  "jobs" : [
    {
      "jobname" : "iotest",
      "groupid" : 0,
      "error" : 0,
      "eta" : 0,
      "elapsed" : 61,
      "job options" : {
        "rw" : "write",
        "bs" : "4k",
        "ioengine" : "libaio",
        "iodepth" : "64",
        "numjobs" : "8",
        "direct" : "1",
        "group_reporting" : "1",
        "invalidate" : "1",
        "loops" : "1",
        "write_bw_log" : "./fio-bench-07-04-2022--20-28-07-seq-gfs/seqwrite/gfs/4k/write-iodepth-64-numjobs-8",
        "write_lat_log" : "./fio-bench-07-04-2022--20-28-07-seq-gfs/seqwrite/gfs/4k/write-iodepth-64-numjobs-8",
        "write_iops_log" : "./fio-bench-07-04-2022--20-28-07-seq-gfs/seqwrite/gfs/4k/write-iodepth-64-numjobs-8",
        "log_avg_msec" : "500"
      },
      "read" : {
        "io_bytes" : 0,
        "io_kbytes" : 0,
        "bw_bytes" : 0,
        "bw" : 0,
        "iops" : 0.000000,
        "runtime" : 0,
        "total_ios" : 0,
        "short_ios" : 0,
        "drop_ios" : 0,
        "slat_ns" : {
          "min" : 0,
          "max" : 0,
          "mean" : 0.000000,
          "stddev" : 0.000000,
          "N" : 0
        },
        "clat_ns" : {
          "min" : 0,
          "max" : 0,
          "mean" : 0.000000,
          "stddev" : 0.000000,
          "N" : 0
        },
        "lat_ns" : {
          "min" : 0,
          "max" : 0,
          "mean" : 0.000000,
          "stddev" : 0.000000,
          "N" : 0
        },
        "bw_min" : 0,
        "bw_max" : 0,
        "bw_agg" : 0.000000,
        "bw_mean" : 0.000000,
        "bw_dev" : 0.000000,
        "bw_samples" : 0,
        "iops_min" : 0,
        "iops_max" : 0,
        "iops_mean" : 0.000000,
        "iops_stddev" : 0.000000,
        "iops_samples" : 0
      },
      "write" : {
        "io_bytes" : 163074048,
        "io_kbytes" : 159252,
        "bw_bytes" : 2713288,
        "bw" : 2649,
        "iops" : 662.423879,
        "runtime" : 60102,
        "total_ios" : 39813,
        "short_ios" : 0,
        "drop_ios" : 0,
        "slat_ns" : {
          "min" : 49448,
          "max" : 27238068,
          "mean" : 12042677.167533,
          "stddev" : 1404669.814684,
          "N" : 39813
        },
        "clat_ns" : {
          "min" : 3994937,
          "max" : 849684651,
          "mean" : 756580031.822119,
          "stddev" : 44813227.423968,
          "N" : 39813,
          "percentile" : {
            "1.000000" : 641728512,
            "5.000000" : 750780416,
            "10.000000" : 750780416,
            "20.000000" : 759169024,
            "30.000000" : 759169024,
            "40.000000" : 759169024,
            "50.000000" : 759169024,
            "60.000000" : 759169024,
            "70.000000" : 759169024,
            "80.000000" : 759169024,
            "90.000000" : 767557632,
            "95.000000" : 775946240,
            "99.000000" : 784334848,
            "99.500000" : 784334848,
            "99.900000" : 792723456,
            "99.950000" : 801112064,
            "99.990000" : 834666496
          }
        },
        "lat_ns" : {
          "min" : 15757094,
          "max" : 859940185,
          "mean" : 768625918.207419,
          "stddev" : 44850577.920285,
          "N" : 39813
        },
        "bw_min" : 1712,
        "bw_max" : 2768,
        "bw_agg" : 99.709577,
        "bw_mean" : 2642.218487,
        "bw_dev" : 12.490054,
        "bw_samples" : 952,
        "iops_min" : 428,
        "iops_max" : 692,
        "iops_mean" : 660.554622,
        "iops_stddev" : 3.122514,
        "iops_samples" : 952
      },
      "trim" : {
        "io_bytes" : 0,
        "io_kbytes" : 0,
        "bw_bytes" : 0,
        "bw" : 0,
        "iops" : 0.000000,
        "runtime" : 0,
        "total_ios" : 0,
        "short_ios" : 0,
        "drop_ios" : 0,
        "slat_ns" : {
          "min" : 0,
          "max" : 0,
          "mean" : 0.000000,
          "stddev" : 0.000000,
          "N" : 0
        },
        "clat_ns" : {
          "min" : 0,
          "max" : 0,
          "mean" : 0.000000,
          "stddev" : 0.000000,
          "N" : 0
        },
        "lat_ns" : {
          "min" : 0,
          "max" : 0,
          "mean" : 0.000000,
          "stddev" : 0.000000,
          "N" : 0
        },
        "bw_min" : 0,
        "bw_max" : 0,
        "bw_agg" : 0.000000,
        "bw_mean" : 0.000000,
        "bw_dev" : 0.000000,
        "bw_samples" : 0,
        "iops_min" : 0,
        "iops_max" : 0,
        "iops_mean" : 0.000000,
        "iops_stddev" : 0.000000,
        "iops_samples" : 0
      },
      "sync" : {
        "total_ios" : 0,
        "lat_ns" : {
          "min" : 0,
          "max" : 0,
          "mean" : 0.000000,
          "stddev" : 0.000000,
          "N" : 0
        }
      },
      "job_runtime" : 480536,
      "usr_cpu" : 0.130063,
      "sys_cpu" : 0.204563,
      "ctx" : 79794,
      "majf" : 0,
      "minf" : 313,
      "iodepth_level" : {
        "1" : 0.100000,
        "2" : 0.100000,
        "4" : 0.100000,
        "8" : 0.160752,
        "16" : 0.321503,
        "32" : 0.643006,
        ">=64" : 98.734082
      },
      "iodepth_submit" : {
        "0" : 0.000000,
        "4" : 100.000000,
        "8" : 0.000000,
        "16" : 0.000000,
        "32" : 0.000000,
        "64" : 0.000000,
        ">=64" : 0.000000
      },
      "iodepth_complete" : {
        "0" : 0.000000,
        "4" : 99.979653,
        "8" : 0.000000,
        "16" : 0.000000,
        "32" : 0.000000,
        "64" : 0.100000,
        ">=64" : 0.000000
      },
      "latency_ns" : {
        "2" : 0.000000,
        "4" : 0.000000,
        "10" : 0.000000,
        "20" : 0.000000,
        "50" : 0.000000,
        "100" : 0.000000,
        "250" : 0.000000,
        "500" : 0.000000,
        "750" : 0.000000,
        "1000" : 0.000000
      },
      "latency_us" : {
        "2" : 0.000000,
        "4" : 0.000000,
        "10" : 0.000000,
        "20" : 0.000000,
        "50" : 0.000000,
        "100" : 0.000000,
        "250" : 0.000000,
        "500" : 0.000000,
        "750" : 0.000000,
        "1000" : 0.000000
      },
      "latency_ms" : {
        "2" : 0.000000,
        "4" : 0.010000,
        "10" : 0.010000,
        "20" : 0.010000,
        "50" : 0.010047,
        "100" : 0.057770,
        "250" : 0.246151,
        "500" : 0.419461,
        "750" : 6.588300,
        "1000" : 92.668224,
        "2000" : 0.000000,
        ">=2000" : 0.000000
      },
      "latency_depth" : 64,
      "latency_target" : 0,
      "latency_percentile" : 100.000000,
      "latency_window" : 0
    }
  ]
}
