{
  "fio version" : "fio-3.29-112-gc3773",
  "timestamp" : 1649369573,
  "timestamp_ms" : 1649369573087,
  "time" : "Thu Apr  7 22:12:53 2022",
  "global options" : {
    "size" : "50M",
    "runtime" : "60",
    "directory" : "/mnt/gfs"
  },
  "jobs" : [
    {
      "jobname" : "iotest",
      "groupid" : 0,
      "error" : 0,
      "eta" : 0,
      "elapsed" : 61,
      "job options" : {
        "rw" : "write",
        "bs" : "4k",
        "ioengine" : "libaio",
        "iodepth" : "32",
        "numjobs" : "32",
        "direct" : "1",
        "group_reporting" : "1",
        "invalidate" : "1",
        "loops" : "1",
        "write_bw_log" : "./fio-bench-07-04-2022--20-28-07-seq-gfs/seqwrite/gfs/4k/write-iodepth-32-numjobs-32",
        "write_lat_log" : "./fio-bench-07-04-2022--20-28-07-seq-gfs/seqwrite/gfs/4k/write-iodepth-32-numjobs-32",
        "write_iops_log" : "./fio-bench-07-04-2022--20-28-07-seq-gfs/seqwrite/gfs/4k/write-iodepth-32-numjobs-32",
        "log_avg_msec" : "500"
      },
      "read" : {
        "io_bytes" : 0,
        "io_kbytes" : 0,
        "bw_bytes" : 0,
        "bw" : 0,
        "iops" : 0.000000,
        "runtime" : 0,
        "total_ios" : 0,
        "short_ios" : 0,
        "drop_ios" : 0,
        "slat_ns" : {
          "min" : 0,
          "max" : 0,
          "mean" : 0.000000,
          "stddev" : 0.000000,
          "N" : 0
        },
        "clat_ns" : {
          "min" : 0,
          "max" : 0,
          "mean" : 0.000000,
          "stddev" : 0.000000,
          "N" : 0
        },
        "lat_ns" : {
          "min" : 0,
          "max" : 0,
          "mean" : 0.000000,
          "stddev" : 0.000000,
          "N" : 0
        },
        "bw_min" : 0,
        "bw_max" : 0,
        "bw_agg" : 0.000000,
        "bw_mean" : 0.000000,
        "bw_dev" : 0.000000,
        "bw_samples" : 0,
        "iops_min" : 0,
        "iops_max" : 0,
        "iops_mean" : 0.000000,
        "iops_stddev" : 0.000000,
        "iops_samples" : 0
      },
      "write" : {
        "io_bytes" : 162426880,
        "io_kbytes" : 158620,
        "bw_bytes" : 2700318,
        "bw" : 2637,
        "iops" : 659.257535,
        "runtime" : 60151,
        "total_ios" : 39655,
        "short_ios" : 0,
        "drop_ios" : 0,
        "slat_ns" : {
          "min" : 118311,
          "max" : 100550976,
          "mean" : 48419171.033161,
          "stddev" : 5066914.071174,
          "N" : 39655
        },
        "clat_ns" : {
          "min" : 3979365,
          "max" : 1622660820,
          "mean" : 1486083072.280848,
          "stddev" : 134739173.241364,
          "N" : 39655,
          "percentile" : {
            "1.000000" : 641728512,
            "5.000000" : 1451229184,
            "10.000000" : 1468006400,
            "20.000000" : 1501560832,
            "30.000000" : 1501560832,
            "40.000000" : 1501560832,
            "50.000000" : 1501560832,
            "60.000000" : 1501560832,
            "70.000000" : 1501560832,
            "80.000000" : 1518338048,
            "90.000000" : 1518338048,
            "95.000000" : 1551892480,
            "99.000000" : 1551892480,
            "99.500000" : 1585446912,
            "99.900000" : 1602224128,
            "99.950000" : 1602224128,
            "99.990000" : 1602224128
          }
        },
        "lat_ns" : {
          "min" : 52057071,
          "max" : 1671661762,
          "mean" : 1534506457.739276,
          "stddev" : 134847961.824378,
          "N" : 39655
        },
        "bw_min" : 568,
        "bw_max" : 3040,
        "bw_agg" : 99.354224,
        "bw_mean" : 2620.514559,
        "bw_dev" : 7.457253,
        "bw_samples" : 3774,
        "iops_min" : 142,
        "iops_max" : 760,
        "iops_mean" : 655.128640,
        "iops_stddev" : 1.864313,
        "iops_samples" : 3774
      },
      "trim" : {
        "io_bytes" : 0,
        "io_kbytes" : 0,
        "bw_bytes" : 0,
        "bw" : 0,
        "iops" : 0.000000,
        "runtime" : 0,
        "total_ios" : 0,
        "short_ios" : 0,
        "drop_ios" : 0,
        "slat_ns" : {
          "min" : 0,
          "max" : 0,
          "mean" : 0.000000,
          "stddev" : 0.000000,
          "N" : 0
        },
        "clat_ns" : {
          "min" : 0,
          "max" : 0,
          "mean" : 0.000000,
          "stddev" : 0.000000,
          "N" : 0
        },
        "lat_ns" : {
          "min" : 0,
          "max" : 0,
          "mean" : 0.000000,
          "stddev" : 0.000000,
          "N" : 0
        },
        "bw_min" : 0,
        "bw_max" : 0,
        "bw_agg" : 0.000000,
        "bw_mean" : 0.000000,
        "bw_dev" : 0.000000,
        "bw_samples" : 0,
        "iops_min" : 0,
        "iops_max" : 0,
        "iops_mean" : 0.000000,
        "iops_stddev" : 0.000000,
        "iops_samples" : 0
      },
      "sync" : {
        "total_ios" : 0,
        "lat_ns" : {
          "min" : 0,
          "max" : 0,
          "mean" : 0.000000,
          "stddev" : 0.000000,
          "N" : 0
        }
      },
      "job_runtime" : 1922599,
      "usr_cpu" : 0.040986,
      "sys_cpu" : 0.053521,
      "ctx" : 79464,
      "majf" : 0,
      "minf" : 1244,
      "iodepth_level" : {
        "1" : 0.100000,
        "2" : 0.161392,
        "4" : 0.322784,
        "8" : 0.645568,
        "16" : 1.291136,
        "32" : 97.498424,
        ">=64" : 0.000000
      },
      "iodepth_submit" : {
        "0" : 0.000000,
        "4" : 100.000000,
        "8" : 0.000000,
        "16" : 0.000000,
        "32" : 0.000000,
        "64" : 0.000000,
        ">=64" : 0.000000
      },
      "iodepth_complete" : {
        "0" : 0.000000,
        "4" : 99.917302,
        "8" : 0.000000,
        "16" : 0.000000,
        "32" : 0.100000,
        "64" : 0.000000,
        ">=64" : 0.000000
      },
      "latency_ns" : {
        "2" : 0.000000,
        "4" : 0.000000,
        "10" : 0.000000,
        "20" : 0.000000,
        "50" : 0.000000,
        "100" : 0.000000,
        "250" : 0.000000,
        "500" : 0.000000,
        "750" : 0.000000,
        "1000" : 0.000000
      },
      "latency_us" : {
        "2" : 0.000000,
        "4" : 0.000000,
        "10" : 0.000000,
        "20" : 0.000000,
        "50" : 0.000000,
        "100" : 0.000000,
        "250" : 0.000000,
        "500" : 0.000000,
        "750" : 0.000000,
        "1000" : 0.000000
      },
      "latency_ms" : {
        "2" : 0.000000,
        "4" : 0.010000,
        "10" : 0.012609,
        "20" : 0.030261,
        "50" : 0.000000,
        "100" : 0.047913,
        "250" : 0.249653,
        "500" : 0.441306,
        "750" : 0.421132,
        "1000" : 0.421132,
        "2000" : 98.370949,
        ">=2000" : 0.000000
      },
      "latency_depth" : 32,
      "latency_target" : 0,
      "latency_percentile" : 100.000000,
      "latency_window" : 0
    }
  ]
}
