{
  "fio version" : "fio-3.29-112-gc3773",
  "timestamp" : 1649369933,
  "timestamp_ms" : 1649369933672,
  "time" : "Thu Apr  7 22:18:53 2022",
  "global options" : {
    "size" : "50M",
    "runtime" : "60",
    "directory" : "/mnt/gfs"
  },
  "jobs" : [
    {
      "jobname" : "iotest",
      "groupid" : 0,
      "error" : 0,
      "eta" : 0,
      "elapsed" : 61,
      "job options" : {
        "rw" : "write",
        "bs" : "4k",
        "ioengine" : "libaio",
        "iodepth" : "64",
        "numjobs" : "32",
        "direct" : "1",
        "group_reporting" : "1",
        "invalidate" : "1",
        "loops" : "1",
        "write_bw_log" : "./fio-bench-07-04-2022--20-28-07-seq-gfs/seqwrite/gfs/4k/write-iodepth-64-numjobs-32",
        "write_lat_log" : "./fio-bench-07-04-2022--20-28-07-seq-gfs/seqwrite/gfs/4k/write-iodepth-64-numjobs-32",
        "write_iops_log" : "./fio-bench-07-04-2022--20-28-07-seq-gfs/seqwrite/gfs/4k/write-iodepth-64-numjobs-32",
        "log_avg_msec" : "500"
      },
      "read" : {
        "io_bytes" : 0,
        "io_kbytes" : 0,
        "bw_bytes" : 0,
        "bw" : 0,
        "iops" : 0.000000,
        "runtime" : 0,
        "total_ios" : 0,
        "short_ios" : 0,
        "drop_ios" : 0,
        "slat_ns" : {
          "min" : 0,
          "max" : 0,
          "mean" : 0.000000,
          "stddev" : 0.000000,
          "N" : 0
        },
        "clat_ns" : {
          "min" : 0,
          "max" : 0,
          "mean" : 0.000000,
          "stddev" : 0.000000,
          "N" : 0
        },
        "lat_ns" : {
          "min" : 0,
          "max" : 0,
          "mean" : 0.000000,
          "stddev" : 0.000000,
          "N" : 0
        },
        "bw_min" : 0,
        "bw_max" : 0,
        "bw_agg" : 0.000000,
        "bw_mean" : 0.000000,
        "bw_dev" : 0.000000,
        "bw_samples" : 0,
        "iops_min" : 0,
        "iops_max" : 0,
        "iops_mean" : 0.000000,
        "iops_stddev" : 0.000000,
        "iops_samples" : 0
      },
      "write" : {
        "io_bytes" : 162377728,
        "io_kbytes" : 158572,
        "bw_bytes" : 2699411,
        "bw" : 2636,
        "iops" : 659.036125,
        "runtime" : 60153,
        "total_ios" : 39643,
        "short_ios" : 0,
        "drop_ios" : 0,
        "slat_ns" : {
          "min" : 36387,
          "max" : 106055709,
          "mean" : 48431240.081023,
          "stddev" : 5566145.114210,
          "N" : 39643
        },
        "clat_ns" : {
          "min" : 4933677,
          "max" : 3253699896,
          "mean" : 2981854654.442222,
          "stddev" : 386868893.105305,
          "N" : 39643,
          "percentile" : {
            "1.000000" : 641728512,
            "5.000000" : 2902458368,
            "10.000000" : 2969567232,
            "20.000000" : 3003121664,
            "30.000000" : 3070230528,
            "40.000000" : 3070230528,
            "50.000000" : 3070230528,
            "60.000000" : 3070230528,
            "70.000000" : 3070230528,
            "80.000000" : 3070230528,
            "90.000000" : 3103784960,
            "95.000000" : 3103784960,
            "99.000000" : 3170893824,
            "99.500000" : 3170893824,
            "99.900000" : 3204448256,
            "99.950000" : 3204448256,
            "99.990000" : 3238002688
          }
        },
        "lat_ns" : {
          "min" : 53261649,
          "max" : 3302467733,
          "mean" : 3030290171.706707,
          "stddev" : 386890201.347847,
          "N" : 39643
        },
        "bw_min" : 1288,
        "bw_max" : 3032,
        "bw_agg" : 99.577278,
        "bw_mean" : 2625.704348,
        "bw_dev" : 6.449597,
        "bw_samples" : 3665,
        "iops_min" : 322,
        "iops_max" : 758,
        "iops_mean" : 656.426087,
        "iops_stddev" : 1.612399,
        "iops_samples" : 3665
      },
      "trim" : {
        "io_bytes" : 0,
        "io_kbytes" : 0,
        "bw_bytes" : 0,
        "bw" : 0,
        "iops" : 0.000000,
        "runtime" : 0,
        "total_ios" : 0,
        "short_ios" : 0,
        "drop_ios" : 0,
        "slat_ns" : {
          "min" : 0,
          "max" : 0,
          "mean" : 0.000000,
          "stddev" : 0.000000,
          "N" : 0
        },
        "clat_ns" : {
          "min" : 0,
          "max" : 0,
          "mean" : 0.000000,
          "stddev" : 0.000000,
          "N" : 0
        },
        "lat_ns" : {
          "min" : 0,
          "max" : 0,
          "mean" : 0.000000,
          "stddev" : 0.000000,
          "N" : 0
        },
        "bw_min" : 0,
        "bw_max" : 0,
        "bw_agg" : 0.000000,
        "bw_mean" : 0.000000,
        "bw_dev" : 0.000000,
        "bw_samples" : 0,
        "iops_min" : 0,
        "iops_max" : 0,
        "iops_mean" : 0.000000,
        "iops_stddev" : 0.000000,
        "iops_samples" : 0
      },
      "sync" : {
        "total_ios" : 0,
        "lat_ns" : {
          "min" : 0,
          "max" : 0,
          "mean" : 0.000000,
          "stddev" : 0.000000,
          "N" : 0
        }
      },
      "job_runtime" : 1922432,
      "usr_cpu" : 0.043851,
      "sys_cpu" : 0.050769,
      "ctx" : 79456,
      "majf" : 0,
      "minf" : 1294,
      "iodepth_level" : {
        "1" : 0.100000,
        "2" : 0.161441,
        "4" : 0.322882,
        "8" : 0.645763,
        "16" : 1.291527,
        "32" : 2.583054,
        ">=64" : 94.914613
      },
      "iodepth_submit" : {
        "0" : 0.000000,
        "4" : 100.000000,
        "8" : 0.000000,
        "16" : 0.000000,
        "32" : 0.000000,
        "64" : 0.000000,
        ">=64" : 0.000000
      },
      "iodepth_complete" : {
        "0" : 0.000000,
        "4" : 99.915027,
        "8" : 0.000000,
        "16" : 0.000000,
        "32" : 0.000000,
        "64" : 0.100000,
        ">=64" : 0.000000
      },
      "latency_ns" : {
        "2" : 0.000000,
        "4" : 0.000000,
        "10" : 0.000000,
        "20" : 0.000000,
        "50" : 0.000000,
        "100" : 0.000000,
        "250" : 0.000000,
        "500" : 0.000000,
        "750" : 0.000000,
        "1000" : 0.000000
      },
      "latency_us" : {
        "2" : 0.000000,
        "4" : 0.000000,
        "10" : 0.000000,
        "20" : 0.000000,
        "50" : 0.000000,
        "100" : 0.000000,
        "250" : 0.000000,
        "500" : 0.000000,
        "750" : 0.000000,
        "1000" : 0.000000
      },
      "latency_ms" : {
        "2" : 0.000000,
        "4" : 0.000000,
        "10" : 0.037838,
        "20" : 0.010090,
        "50" : 0.000000,
        "100" : 0.045405,
        "250" : 0.252251,
        "500" : 0.443962,
        "750" : 0.416215,
        "1000" : 0.423782,
        "2000" : 1.621976,
        ">=2000" : 96.748480
      },
      "latency_depth" : 64,
      "latency_target" : 0,
      "latency_percentile" : 100.000000,
      "latency_window" : 0
    }
  ]
}
