{
  "fio version" : "fio-3.29-112-gc3773",
  "timestamp" : 1649368912,
  "timestamp_ms" : 1649368912462,
  "time" : "Thu Apr  7 22:01:52 2022",
  "global options" : {
    "size" : "50M",
    "runtime" : "60",
    "directory" : "/mnt/gfs"
  },
  "jobs" : [
    {
      "jobname" : "iotest",
      "groupid" : 0,
      "error" : 0,
      "eta" : 0,
      "elapsed" : 61,
      "job options" : {
        "rw" : "write",
        "bs" : "4k",
        "ioengine" : "libaio",
        "iodepth" : "8",
        "numjobs" : "64",
        "direct" : "1",
        "group_reporting" : "1",
        "invalidate" : "1",
        "loops" : "1",
        "write_bw_log" : "./fio-bench-07-04-2022--20-28-07-seq-gfs/seqwrite/gfs/4k/write-iodepth-8-numjobs-64",
        "write_lat_log" : "./fio-bench-07-04-2022--20-28-07-seq-gfs/seqwrite/gfs/4k/write-iodepth-8-numjobs-64",
        "write_iops_log" : "./fio-bench-07-04-2022--20-28-07-seq-gfs/seqwrite/gfs/4k/write-iodepth-8-numjobs-64",
        "log_avg_msec" : "500"
      },
      "read" : {
        "io_bytes" : 0,
        "io_kbytes" : 0,
        "bw_bytes" : 0,
        "bw" : 0,
        "iops" : 0.000000,
        "runtime" : 0,
        "total_ios" : 0,
        "short_ios" : 0,
        "drop_ios" : 0,
        "slat_ns" : {
          "min" : 0,
          "max" : 0,
          "mean" : 0.000000,
          "stddev" : 0.000000,
          "N" : 0
        },
        "clat_ns" : {
          "min" : 0,
          "max" : 0,
          "mean" : 0.000000,
          "stddev" : 0.000000,
          "N" : 0
        },
        "lat_ns" : {
          "min" : 0,
          "max" : 0,
          "mean" : 0.000000,
          "stddev" : 0.000000,
          "N" : 0
        },
        "bw_min" : 0,
        "bw_max" : 0,
        "bw_agg" : 0.000000,
        "bw_mean" : 0.000000,
        "bw_dev" : 0.000000,
        "bw_samples" : 0,
        "iops_min" : 0,
        "iops_max" : 0,
        "iops_mean" : 0.000000,
        "iops_stddev" : 0.000000,
        "iops_samples" : 0
      },
      "write" : {
        "io_bytes" : 162832384,
        "io_kbytes" : 159016,
        "bw_bytes" : 2704452,
        "bw" : 2641,
        "iops" : 660.266738,
        "runtime" : 60209,
        "total_ios" : 39754,
        "short_ios" : 0,
        "drop_ios" : 0,
        "slat_ns" : {
          "min" : 136610,
          "max" : 287721249,
          "mean" : 96654411.645696,
          "stddev" : 10829997.747869,
          "N" : 39754
        },
        "clat_ns" : {
          "min" : 3733163,
          "max" : 873896906,
          "mean" : 674251229.403356,
          "stddev" : 48129978.611714,
          "N" : 39754,
          "percentile" : {
            "1.000000" : 505413632,
            "5.000000" : 650117120,
            "10.000000" : 675282944,
            "20.000000" : 675282944,
            "30.000000" : 675282944,
            "40.000000" : 675282944,
            "50.000000" : 675282944,
            "60.000000" : 675282944,
            "70.000000" : 683671552,
            "80.000000" : 683671552,
            "90.000000" : 683671552,
            "95.000000" : 683671552,
            "99.000000" : 775946240,
            "99.500000" : 775946240,
            "99.900000" : 784334848,
            "99.950000" : 784334848,
            "99.990000" : 868220928
          }
        },
        "lat_ns" : {
          "min" : 101067851,
          "max" : 970223084,
          "mean" : 770910251.131786,
          "stddev" : 49327313.149899,
          "N" : 39754
        },
        "bw_min" : 1951,
        "bw_max" : 3288,
        "bw_agg" : 99.883895,
        "bw_mean" : 2638.033613,
        "bw_dev" : 3.588682,
        "bw_samples" : 7616,
        "iops_min" : 469,
        "iops_max" : 822,
        "iops_mean" : 659.344538,
        "iops_stddev" : 0.905678,
        "iops_samples" : 7616
      },
      "trim" : {
        "io_bytes" : 0,
        "io_kbytes" : 0,
        "bw_bytes" : 0,
        "bw" : 0,
        "iops" : 0.000000,
        "runtime" : 0,
        "total_ios" : 0,
        "short_ios" : 0,
        "drop_ios" : 0,
        "slat_ns" : {
          "min" : 0,
          "max" : 0,
          "mean" : 0.000000,
          "stddev" : 0.000000,
          "N" : 0
        },
        "clat_ns" : {
          "min" : 0,
          "max" : 0,
          "mean" : 0.000000,
          "stddev" : 0.000000,
          "N" : 0
        },
        "lat_ns" : {
          "min" : 0,
          "max" : 0,
          "mean" : 0.000000,
          "stddev" : 0.000000,
          "N" : 0
        },
        "bw_min" : 0,
        "bw_max" : 0,
        "bw_agg" : 0.000000,
        "bw_mean" : 0.000000,
        "bw_dev" : 0.000000,
        "bw_samples" : 0,
        "iops_min" : 0,
        "iops_max" : 0,
        "iops_mean" : 0.000000,
        "iops_stddev" : 0.000000,
        "iops_samples" : 0
      },
      "sync" : {
        "total_ios" : 0,
        "lat_ns" : {
          "min" : 0,
          "max" : 0,
          "mean" : 0.000000,
          "stddev" : 0.000000,
          "N" : 0
        }
      },
      "job_runtime" : 3847539,
      "usr_cpu" : 0.025185,
      "sys_cpu" : 0.024405,
      "ctx" : 79767,
      "majf" : 0,
      "minf" : 2588,
      "iodepth_level" : {
        "1" : 0.160990,
        "2" : 0.321980,
        "4" : 0.643960,
        "8" : 98.873069,
        "16" : 0.000000,
        "32" : 0.000000,
        ">=64" : 0.000000
      },
      "iodepth_submit" : {
        "0" : 0.000000,
        "4" : 100.000000,
        "8" : 0.000000,
        "16" : 0.000000,
        "32" : 0.000000,
        "64" : 0.000000,
        ">=64" : 0.000000
      },
      "iodepth_complete" : {
        "0" : 0.000000,
        "4" : 99.837440,
        "8" : 0.162560,
        "16" : 0.000000,
        "32" : 0.000000,
        "64" : 0.000000,
        ">=64" : 0.000000
      },
      "latency_ns" : {
        "2" : 0.000000,
        "4" : 0.000000,
        "10" : 0.000000,
        "20" : 0.000000,
        "50" : 0.000000,
        "100" : 0.000000,
        "250" : 0.000000,
        "500" : 0.000000,
        "750" : 0.000000,
        "1000" : 0.000000
      },
      "latency_us" : {
        "2" : 0.000000,
        "4" : 0.000000,
        "10" : 0.000000,
        "20" : 0.000000,
        "50" : 0.000000,
        "100" : 0.000000,
        "250" : 0.000000,
        "500" : 0.000000,
        "750" : 0.000000,
        "1000" : 0.000000
      },
      "latency_ms" : {
        "2" : 0.000000,
        "4" : 0.010000,
        "10" : 0.032701,
        "20" : 0.025155,
        "50" : 0.035217,
        "100" : 0.000000,
        "250" : 0.299341,
        "500" : 0.583589,
        "750" : 95.965186,
        "1000" : 3.053781,
        "2000" : 0.000000,
        ">=2000" : 0.000000
      },
      "latency_depth" : 8,
      "latency_target" : 0,
      "latency_percentile" : 100.000000,
      "latency_window" : 0
    }
  ]
}
