{
  "fio version" : "fio-3.29-112-gc3773",
  "timestamp" : 1649368970,
  "timestamp_ms" : 1649368970946,
  "time" : "Thu Apr  7 22:02:50 2022",
  "global options" : {
    "size" : "50M",
    "runtime" : "60",
    "directory" : "/mnt/gfs"
  },
  "jobs" : [
    {
      "jobname" : "iotest",
      "groupid" : 0,
      "error" : 0,
      "eta" : 0,
      "elapsed" : 39,
      "job options" : {
        "rw" : "write",
        "bs" : "4k",
        "ioengine" : "libaio",
        "iodepth" : "16",
        "numjobs" : "2",
        "direct" : "1",
        "group_reporting" : "1",
        "invalidate" : "1",
        "loops" : "1",
        "write_bw_log" : "./fio-bench-07-04-2022--20-28-07-seq-gfs/seqwrite/gfs/4k/write-iodepth-16-numjobs-2",
        "write_lat_log" : "./fio-bench-07-04-2022--20-28-07-seq-gfs/seqwrite/gfs/4k/write-iodepth-16-numjobs-2",
        "write_iops_log" : "./fio-bench-07-04-2022--20-28-07-seq-gfs/seqwrite/gfs/4k/write-iodepth-16-numjobs-2",
        "log_avg_msec" : "500"
      },
      "read" : {
        "io_bytes" : 0,
        "io_kbytes" : 0,
        "bw_bytes" : 0,
        "bw" : 0,
        "iops" : 0.000000,
        "runtime" : 0,
        "total_ios" : 0,
        "short_ios" : 0,
        "drop_ios" : 0,
        "slat_ns" : {
          "min" : 0,
          "max" : 0,
          "mean" : 0.000000,
          "stddev" : 0.000000,
          "N" : 0
        },
        "clat_ns" : {
          "min" : 0,
          "max" : 0,
          "mean" : 0.000000,
          "stddev" : 0.000000,
          "N" : 0
        },
        "lat_ns" : {
          "min" : 0,
          "max" : 0,
          "mean" : 0.000000,
          "stddev" : 0.000000,
          "N" : 0
        },
        "bw_min" : 0,
        "bw_max" : 0,
        "bw_agg" : 0.000000,
        "bw_mean" : 0.000000,
        "bw_dev" : 0.000000,
        "bw_samples" : 0,
        "iops_min" : 0,
        "iops_max" : 0,
        "iops_mean" : 0.000000,
        "iops_stddev" : 0.000000,
        "iops_samples" : 0
      },
      "write" : {
        "io_bytes" : 104857600,
        "io_kbytes" : 102400,
        "bw_bytes" : 2716870,
        "bw" : 2653,
        "iops" : 663.298355,
        "runtime" : 38595,
        "total_ios" : 25600,
        "short_ios" : 0,
        "drop_ios" : 0,
        "slat_ns" : {
          "min" : 18648,
          "max" : 7746530,
          "mean" : 38456.611641,
          "stddev" : 75210.931613,
          "N" : 25600
        },
        "clat_ns" : {
          "min" : 6536666,
          "max" : 77750105,
          "mean" : 48170782.255352,
          "stddev" : 2053174.103407,
          "N" : 25600,
          "percentile" : {
            "1.000000" : 43778048,
            "5.000000" : 45350912,
            "10.000000" : 46399488,
            "20.000000" : 46923776,
            "30.000000" : 47448064,
            "40.000000" : 47972352,
            "50.000000" : 48496640,
            "60.000000" : 48496640,
            "70.000000" : 49020928,
            "80.000000" : 49545216,
            "90.000000" : 50069504,
            "95.000000" : 50593792,
            "99.000000" : 51642368,
            "99.500000" : 52690944,
            "99.900000" : 58982400,
            "99.950000" : 64225280,
            "99.990000" : 73924608
          }
        },
        "lat_ns" : {
          "min" : 6590584,
          "max" : 77789915,
          "mean" : 48212142.908281,
          "stddev" : 2048405.264704,
          "N" : 25600
        },
        "bw_min" : 2608,
        "bw_max" : 2680,
        "bw_agg" : 99.917331,
        "bw_mean" : 2651.948052,
        "bw_dev" : 6.296631,
        "bw_samples" : 154,
        "iops_min" : 652,
        "iops_max" : 670,
        "iops_mean" : 662.857143,
        "iops_stddev" : 1.587020,
        "iops_samples" : 154
      },
      "trim" : {
        "io_bytes" : 0,
        "io_kbytes" : 0,
        "bw_bytes" : 0,
        "bw" : 0,
        "iops" : 0.000000,
        "runtime" : 0,
        "total_ios" : 0,
        "short_ios" : 0,
        "drop_ios" : 0,
        "slat_ns" : {
          "min" : 0,
          "max" : 0,
          "mean" : 0.000000,
          "stddev" : 0.000000,
          "N" : 0
        },
        "clat_ns" : {
          "min" : 0,
          "max" : 0,
          "mean" : 0.000000,
          "stddev" : 0.000000,
          "N" : 0
        },
        "lat_ns" : {
          "min" : 0,
          "max" : 0,
          "mean" : 0.000000,
          "stddev" : 0.000000,
          "N" : 0
        },
        "bw_min" : 0,
        "bw_max" : 0,
        "bw_agg" : 0.000000,
        "bw_mean" : 0.000000,
        "bw_dev" : 0.000000,
        "bw_samples" : 0,
        "iops_min" : 0,
        "iops_max" : 0,
        "iops_mean" : 0.000000,
        "iops_stddev" : 0.000000,
        "iops_samples" : 0
      },
      "sync" : {
        "total_ios" : 0,
        "lat_ns" : {
          "min" : 0,
          "max" : 0,
          "mean" : 0.000000,
          "stddev" : 0.000000,
          "N" : 0
        }
      },
      "job_runtime" : 77157,
      "usr_cpu" : 0.550825,
      "sys_cpu" : 0.771155,
      "ctx" : 50951,
      "majf" : 0,
      "minf" : 77,
      "iodepth_level" : {
        "1" : 0.100000,
        "2" : 0.100000,
        "4" : 0.100000,
        "8" : 0.100000,
        "16" : 99.882812,
        "32" : 0.000000,
        ">=64" : 0.000000
      },
      "iodepth_submit" : {
        "0" : 0.000000,
        "4" : 100.000000,
        "8" : 0.000000,
        "16" : 0.000000,
        "32" : 0.000000,
        "64" : 0.000000,
        ">=64" : 0.000000
      },
      "iodepth_complete" : {
        "0" : 0.000000,
        "4" : 99.992179,
        "8" : 0.000000,
        "16" : 0.100000,
        "32" : 0.000000,
        "64" : 0.000000,
        ">=64" : 0.000000
      },
      "latency_ns" : {
        "2" : 0.000000,
        "4" : 0.000000,
        "10" : 0.000000,
        "20" : 0.000000,
        "50" : 0.000000,
        "100" : 0.000000,
        "250" : 0.000000,
        "500" : 0.000000,
        "750" : 0.000000,
        "1000" : 0.000000
      },
      "latency_us" : {
        "2" : 0.000000,
        "4" : 0.000000,
        "10" : 0.000000,
        "20" : 0.000000,
        "50" : 0.000000,
        "100" : 0.000000,
        "250" : 0.000000,
        "500" : 0.000000,
        "750" : 0.000000,
        "1000" : 0.000000
      },
      "latency_ms" : {
        "2" : 0.000000,
        "4" : 0.000000,
        "10" : 0.010000,
        "20" : 0.046875,
        "50" : 90.152344,
        "100" : 9.796875,
        "250" : 0.000000,
        "500" : 0.000000,
        "750" : 0.000000,
        "1000" : 0.000000,
        "2000" : 0.000000,
        ">=2000" : 0.000000
      },
      "latency_depth" : 16,
      "latency_target" : 0,
      "latency_percentile" : 100.000000,
      "latency_window" : 0
    }
  ]
}
