{
  "fio version" : "fio-3.29-112-gc3773",
  "timestamp" : 1649367767,
  "timestamp_ms" : 1649367767751,
  "time" : "Thu Apr  7 21:42:47 2022",
  "global options" : {
    "size" : "50M",
    "runtime" : "60",
    "directory" : "/mnt/gfs"
  },
  "jobs" : [
    {
      "jobname" : "iotest",
      "groupid" : 0,
      "error" : 0,
      "eta" : 0,
      "elapsed" : 61,
      "job options" : {
        "rw" : "write",
        "bs" : "4k",
        "ioengine" : "libaio",
        "iodepth" : "1",
        "numjobs" : "32",
        "direct" : "1",
        "group_reporting" : "1",
        "invalidate" : "1",
        "loops" : "1",
        "write_bw_log" : "./fio-bench-07-04-2022--20-28-07-seq-gfs/seqwrite/gfs/4k/write-iodepth-1-numjobs-32",
        "write_lat_log" : "./fio-bench-07-04-2022--20-28-07-seq-gfs/seqwrite/gfs/4k/write-iodepth-1-numjobs-32",
        "write_iops_log" : "./fio-bench-07-04-2022--20-28-07-seq-gfs/seqwrite/gfs/4k/write-iodepth-1-numjobs-32",
        "log_avg_msec" : "500"
      },
      "read" : {
        "io_bytes" : 0,
        "io_kbytes" : 0,
        "bw_bytes" : 0,
        "bw" : 0,
        "iops" : 0.000000,
        "runtime" : 0,
        "total_ios" : 0,
        "short_ios" : 0,
        "drop_ios" : 0,
        "slat_ns" : {
          "min" : 0,
          "max" : 0,
          "mean" : 0.000000,
          "stddev" : 0.000000,
          "N" : 0
        },
        "clat_ns" : {
          "min" : 0,
          "max" : 0,
          "mean" : 0.000000,
          "stddev" : 0.000000,
          "N" : 0
        },
        "lat_ns" : {
          "min" : 0,
          "max" : 0,
          "mean" : 0.000000,
          "stddev" : 0.000000,
          "N" : 0
        },
        "bw_min" : 0,
        "bw_max" : 0,
        "bw_agg" : 0.000000,
        "bw_mean" : 0.000000,
        "bw_dev" : 0.000000,
        "bw_samples" : 0,
        "iops_min" : 0,
        "iops_max" : 0,
        "iops_mean" : 0.000000,
        "iops_stddev" : 0.000000,
        "iops_samples" : 0
      },
      "write" : {
        "io_bytes" : 163885056,
        "io_kbytes" : 160044,
        "bw_bytes" : 2729006,
        "bw" : 2665,
        "iops" : 666.261469,
        "runtime" : 60053,
        "total_ios" : 40011,
        "short_ios" : 0,
        "drop_ios" : 0,
        "slat_ns" : {
          "min" : 20464,
          "max" : 8580087,
          "mean" : 43243.171878,
          "stddev" : 175488.817839,
          "N" : 40011
        },
        "clat_ns" : {
          "min" : 6665454,
          "max" : 310889322,
          "mean" : 47948647.687111,
          "stddev" : 13387629.875575,
          "N" : 40011,
          "percentile" : {
            "1.000000" : 29229056,
            "5.000000" : 29753344,
            "10.000000" : 30015488,
            "20.000000" : 32112640,
            "30.000000" : 32374784,
            "40.000000" : 53215232,
            "50.000000" : 53215232,
            "60.000000" : 55836672,
            "70.000000" : 56885248,
            "80.000000" : 58458112,
            "90.000000" : 58982400,
            "95.000000" : 58982400,
            "99.000000" : 59506688,
            "99.500000" : 60030976,
            "99.900000" : 88604672,
            "99.950000" : 250609664,
            "99.990000" : 295698432
          }
        },
        "lat_ns" : {
          "min" : 6727473,
          "max" : 310927874,
          "mean" : 47994889.279173,
          "stddev" : 13387253.248676,
          "N" : 40011
        },
        "bw_min" : 2186,
        "bw_max" : 2944,
        "bw_agg" : 99.998314,
        "bw_mean" : 2665.075140,
        "bw_dev" : 4.410465,
        "bw_samples" : 3839,
        "iops_min" : 542,
        "iops_max" : 736,
        "iops_mean" : 666.112535,
        "iops_stddev" : 1.107914,
        "iops_samples" : 3839
      },
      "trim" : {
        "io_bytes" : 0,
        "io_kbytes" : 0,
        "bw_bytes" : 0,
        "bw" : 0,
        "iops" : 0.000000,
        "runtime" : 0,
        "total_ios" : 0,
        "short_ios" : 0,
        "drop_ios" : 0,
        "slat_ns" : {
          "min" : 0,
          "max" : 0,
          "mean" : 0.000000,
          "stddev" : 0.000000,
          "N" : 0
        },
        "clat_ns" : {
          "min" : 0,
          "max" : 0,
          "mean" : 0.000000,
          "stddev" : 0.000000,
          "N" : 0
        },
        "lat_ns" : {
          "min" : 0,
          "max" : 0,
          "mean" : 0.000000,
          "stddev" : 0.000000,
          "N" : 0
        },
        "bw_min" : 0,
        "bw_max" : 0,
        "bw_agg" : 0.000000,
        "bw_mean" : 0.000000,
        "bw_dev" : 0.000000,
        "bw_samples" : 0,
        "iops_min" : 0,
        "iops_max" : 0,
        "iops_mean" : 0.000000,
        "iops_stddev" : 0.000000,
        "iops_samples" : 0
      },
      "sync" : {
        "total_ios" : 0,
        "lat_ns" : {
          "min" : 0,
          "max" : 0,
          "mean" : 0.000000,
          "stddev" : 0.000000,
          "N" : 0
        }
      },
      "job_runtime" : 1920792,
      "usr_cpu" : 0.036652,
      "sys_cpu" : 0.055342,
      "ctx" : 80139,
      "majf" : 0,
      "minf" : 1279,
      "iodepth_level" : {
        "1" : 100.000000,
        "2" : 0.000000,
        "4" : 0.000000,
        "8" : 0.000000,
        "16" : 0.000000,
        "32" : 0.000000,
        ">=64" : 0.000000
      },
      "iodepth_submit" : {
        "0" : 0.000000,
        "4" : 100.000000,
        "8" : 0.000000,
        "16" : 0.000000,
        "32" : 0.000000,
        "64" : 0.000000,
        ">=64" : 0.000000
      },
      "iodepth_complete" : {
        "0" : 0.000000,
        "4" : 100.000000,
        "8" : 0.000000,
        "16" : 0.000000,
        "32" : 0.000000,
        "64" : 0.000000,
        ">=64" : 0.000000
      },
      "latency_ns" : {
        "2" : 0.000000,
        "4" : 0.000000,
        "10" : 0.000000,
        "20" : 0.000000,
        "50" : 0.000000,
        "100" : 0.000000,
        "250" : 0.000000,
        "500" : 0.000000,
        "750" : 0.000000,
        "1000" : 0.000000
      },
      "latency_us" : {
        "2" : 0.000000,
        "4" : 0.000000,
        "10" : 0.000000,
        "20" : 0.000000,
        "50" : 0.000000,
        "100" : 0.000000,
        "250" : 0.000000,
        "500" : 0.000000,
        "750" : 0.000000,
        "1000" : 0.000000
      },
      "latency_ms" : {
        "2" : 0.000000,
        "4" : 0.000000,
        "10" : 0.014996,
        "20" : 0.059984,
        "50" : 34.907900,
        "100" : 64.927145,
        "250" : 0.037490,
        "500" : 0.052486,
        "750" : 0.000000,
        "1000" : 0.000000,
        "2000" : 0.000000,
        ">=2000" : 0.000000
      },
      "latency_depth" : 1,
      "latency_target" : 0,
      "latency_percentile" : 100.000000,
      "latency_window" : 0
    }
  ]
}
