{
  "fio version" : "fio-3.29-112-gc3773",
  "timestamp" : 1649368551,
  "timestamp_ms" : 1649368551678,
  "time" : "Thu Apr  7 21:55:51 2022",
  "global options" : {
    "size" : "50M",
    "runtime" : "60",
    "directory" : "/mnt/gfs"
  },
  "jobs" : [
    {
      "jobname" : "iotest",
      "groupid" : 0,
      "error" : 0,
      "eta" : 0,
      "elapsed" : 61,
      "job options" : {
        "rw" : "write",
        "bs" : "4k",
        "ioengine" : "libaio",
        "iodepth" : "4",
        "numjobs" : "64",
        "direct" : "1",
        "group_reporting" : "1",
        "invalidate" : "1",
        "loops" : "1",
        "write_bw_log" : "./fio-bench-07-04-2022--20-28-07-seq-gfs/seqwrite/gfs/4k/write-iodepth-4-numjobs-64",
        "write_lat_log" : "./fio-bench-07-04-2022--20-28-07-seq-gfs/seqwrite/gfs/4k/write-iodepth-4-numjobs-64",
        "write_iops_log" : "./fio-bench-07-04-2022--20-28-07-seq-gfs/seqwrite/gfs/4k/write-iodepth-4-numjobs-64",
        "log_avg_msec" : "500"
      },
      "read" : {
        "io_bytes" : 0,
        "io_kbytes" : 0,
        "bw_bytes" : 0,
        "bw" : 0,
        "iops" : 0.000000,
        "runtime" : 0,
        "total_ios" : 0,
        "short_ios" : 0,
        "drop_ios" : 0,
        "slat_ns" : {
          "min" : 0,
          "max" : 0,
          "mean" : 0.000000,
          "stddev" : 0.000000,
          "N" : 0
        },
        "clat_ns" : {
          "min" : 0,
          "max" : 0,
          "mean" : 0.000000,
          "stddev" : 0.000000,
          "N" : 0
        },
        "lat_ns" : {
          "min" : 0,
          "max" : 0,
          "mean" : 0.000000,
          "stddev" : 0.000000,
          "N" : 0
        },
        "bw_min" : 0,
        "bw_max" : 0,
        "bw_agg" : 0.000000,
        "bw_mean" : 0.000000,
        "bw_dev" : 0.000000,
        "bw_samples" : 0,
        "iops_min" : 0,
        "iops_max" : 0,
        "iops_mean" : 0.000000,
        "iops_stddev" : 0.000000,
        "iops_samples" : 0
      },
      "write" : {
        "io_bytes" : 163053568,
        "io_kbytes" : 159232,
        "bw_bytes" : 2708126,
        "bw" : 2644,
        "iops" : 661.163613,
        "runtime" : 60209,
        "total_ios" : 39808,
        "short_ios" : 0,
        "drop_ios" : 0,
        "slat_ns" : {
          "min" : 48610,
          "max" : 290678404,
          "mean" : 96480779.043886,
          "stddev" : 10945433.254654,
          "N" : 39808
        },
        "clat_ns" : {
          "min" : 3955468,
          "max" : 484652789,
          "mean" : 289487295.190037,
          "stddev" : 20934905.424780,
          "N" : 39808,
          "percentile" : {
            "1.000000" : 193986560,
            "5.000000" : 287309824,
            "10.000000" : 287309824,
            "20.000000" : 291504128,
            "30.000000" : 291504128,
            "40.000000" : 291504128,
            "50.000000" : 291504128,
            "60.000000" : 291504128,
            "70.000000" : 291504128,
            "80.000000" : 291504128,
            "90.000000" : 291504128,
            "95.000000" : 291504128,
            "99.000000" : 383778816,
            "99.500000" : 387973120,
            "99.900000" : 387973120,
            "99.950000" : 392167424,
            "99.990000" : 480247808
          }
        },
        "lat_ns" : {
          "min" : 12615244,
          "max" : 581199456,
          "mean" : 385972641.047378,
          "stddev" : 23695775.511522,
          "N" : 39808
        },
        "bw_min" : 1429,
        "bw_max" : 3327,
        "bw_agg" : 99.634951,
        "bw_mean" : 2635.599230,
        "bw_dev" : 3.895150,
        "bw_samples" : 7679,
        "iops_min" : 349,
        "iops_max" : 831,
        "iops_mean" : 657.737045,
        "iops_stddev" : 0.988678,
        "iops_samples" : 7679
      },
      "trim" : {
        "io_bytes" : 0,
        "io_kbytes" : 0,
        "bw_bytes" : 0,
        "bw" : 0,
        "iops" : 0.000000,
        "runtime" : 0,
        "total_ios" : 0,
        "short_ios" : 0,
        "drop_ios" : 0,
        "slat_ns" : {
          "min" : 0,
          "max" : 0,
          "mean" : 0.000000,
          "stddev" : 0.000000,
          "N" : 0
        },
        "clat_ns" : {
          "min" : 0,
          "max" : 0,
          "mean" : 0.000000,
          "stddev" : 0.000000,
          "N" : 0
        },
        "lat_ns" : {
          "min" : 0,
          "max" : 0,
          "mean" : 0.000000,
          "stddev" : 0.000000,
          "N" : 0
        },
        "bw_min" : 0,
        "bw_max" : 0,
        "bw_agg" : 0.000000,
        "bw_mean" : 0.000000,
        "bw_dev" : 0.000000,
        "bw_samples" : 0,
        "iops_min" : 0,
        "iops_max" : 0,
        "iops_mean" : 0.000000,
        "iops_stddev" : 0.000000,
        "iops_samples" : 0
      },
      "sync" : {
        "total_ios" : 0,
        "lat_ns" : {
          "min" : 0,
          "max" : 0,
          "mean" : 0.000000,
          "stddev" : 0.000000,
          "N" : 0
        }
      },
      "job_runtime" : 3846869,
      "usr_cpu" : 0.023994,
      "sys_cpu" : 0.025605,
      "ctx" : 79932,
      "majf" : 0,
      "minf" : 2583,
      "iodepth_level" : {
        "1" : 0.160772,
        "2" : 0.321543,
        "4" : 99.517685,
        "8" : 0.000000,
        "16" : 0.000000,
        "32" : 0.000000,
        ">=64" : 0.000000
      },
      "iodepth_submit" : {
        "0" : 0.000000,
        "4" : 100.000000,
        "8" : 0.000000,
        "16" : 0.000000,
        "32" : 0.000000,
        "64" : 0.000000,
        ">=64" : 0.000000
      },
      "iodepth_complete" : {
        "0" : 0.000000,
        "4" : 100.000000,
        "8" : 0.000000,
        "16" : 0.000000,
        "32" : 0.000000,
        "64" : 0.000000,
        ">=64" : 0.000000
      },
      "latency_ns" : {
        "2" : 0.000000,
        "4" : 0.000000,
        "10" : 0.000000,
        "20" : 0.000000,
        "50" : 0.000000,
        "100" : 0.000000,
        "250" : 0.000000,
        "500" : 0.000000,
        "750" : 0.000000,
        "1000" : 0.000000
      },
      "latency_us" : {
        "2" : 0.000000,
        "4" : 0.000000,
        "10" : 0.000000,
        "20" : 0.000000,
        "50" : 0.000000,
        "100" : 0.000000,
        "250" : 0.000000,
        "500" : 0.000000,
        "750" : 0.000000,
        "1000" : 0.000000
      },
      "latency_ms" : {
        "2" : 0.000000,
        "4" : 0.010000,
        "10" : 0.047729,
        "20" : 0.050241,
        "50" : 0.010000,
        "100" : 0.015072,
        "250" : 2.127713,
        "500" : 97.746684,
        "750" : 0.000000,
        "1000" : 0.000000,
        "2000" : 0.000000,
        ">=2000" : 0.000000
      },
      "latency_depth" : 4,
      "latency_target" : 0,
      "latency_percentile" : 100.000000,
      "latency_window" : 0
    }
  ]
}
